meta.code,th
meta.name,Thai
meta.nativeName,ไทย
meta.version,2
meta.author,Killian 2
# ---- ข้อความที่มีคีย์ (ใช้กับ data-i18n ใน index.html ด้วย) ----,
ui.ai.assistantTitle,✨ AI ผู้ช่วยเขียน
ui.ai.callFail,เรียก AI ไม่สำเร็จ
ui.ai.charA,ตัวละคร A: 
ui.ai.charADesc,"คำอธิบายตัวละคร A (บุคลิก, พูดจา, เป้าหมาย…)"
ui.ai.charB,ตัวละคร B: 
ui.ai.charBDesc,คำอธิบายตัวละคร B
ui.ai.chatPlaceholder,ถามเกี่ยวกับเรื่องของคุณ…
ui.ai.collecting,กำลังรวบรวมข้อมูล…
ui.ai.collectingScenes,กำลังรวบรวมข้อมูลฉาก…
ui.ai.consistTitle,🎭 ตรวจสอบความสม่ำเสมอ — 
ui.ai.consistWorking,🎭 กำลังตรวจสอบความสม่ำเสมอ…
ui.ai.ctxLabel,บริบท: 
ui.ai.description,คำอธิบาย
ui.ai.detailLabel,รายละเอียด:
ui.ai.dialogueCtx,"บริบทของบทสนทนา (สถานการณ์, สถานที่, เป้าหมาย…)"
ui.ai.dialogueLabel,บทสนทนา:
ui.ai.dialogueTitle,💬 สร้างบทสนทนา
ui.ai.dialogueWorking,กำลังสร้างบทสนทนา…
ui.ai.entityReadFail,อ่านไฟล์เอนทิตี้ไม่สำเร็จ
ui.ai.entityUnnamed,เอนทิตี้ไม่มีชื่อ
ui.ai.error,เกิดข้อผิดพลาด
ui.ai.errorMark,❌ เกิดข้อผิดพลาด
ui.ai.errorRetry,เกิดข้อผิดพลาด กรุณาลองใหม่
ui.ai.evidenceLabel,หลักฐาน: 
ui.ai.extraHint,คำแนะนำเพิ่มเติม (ถ้ามี)
ui.ai.formatLabel,รูปแบบ: 
ui.ai.freeform,สร้างตามจินตนาการ
ui.ai.genSynopsis,ให้ AI เขียนให้
ui.ai.general,ทั่วไป
ui.ai.generating,กำลังให้ AI เขียน…
ui.ai.greeting,สวัสดี! ถามอะไรเกี่ยวกับเรื่องของคุณได้เลย เช่น
ui.ai.inputLabel,ข้อความที่จะประมวลผล
ui.ai.insertedDialogue,แทรกบทสนทนาลงฉากแล้ว
ui.ai.insertedResult,แทรกผลลัพธ์ AI ลงฉากแล้ว
ui.ai.kindLabel,ประเภท: 
ui.ai.needBothChars,❌ กรุณาใส่ชื่อตัวละครทั้งสอง
ui.ai.needSetup,ตั้งค่า AI ที่ ไฟล์ → ตั้งค่า AI ก่อน
ui.ai.noAnswer,(ไม่มีคำตอบ)
ui.ai.noInconsist,✅ ไม่พบความไม่สม่ำเสมอ
ui.ai.noPlotHoles,✅ ไม่พบจุดบกพร่องของพล็อต
ui.ai.noProject,ยังไม่ได้เปิดโปรเจกต์
ui.ai.noScenes,(ไม่พบฉากในโปรเจกต์นี้)
ui.ai.opContinue,เขียนต่อ
ui.ai.opExpand,ขยายความ
ui.ai.opLabel,คำสั่ง: 
ui.ai.opRewrite,เขียนใหม่
ui.ai.opSummarize,สรุปความ
ui.ai.opTone,เปลี่ยนโทน
ui.ai.openProjectFirst,เปิดโปรเจกต์ก่อน
ui.ai.orWord,หรือ
ui.ai.pickEntity,เลือกเอนทิตี้ (ตัวละคร) ก่อน
ui.ai.plotTitle,🔍 ตรวจสอบ Plot Hole
ui.ai.plotWorking,🔍 กำลังตรวจสอบ Plot Holes…
ui.ai.readFail,❌ อ่านไฟล์ไม่สำเร็จ: 
ui.ai.resultLabel,ผลลัพธ์:
ui.ai.sample1,เรื่องนี้มีตัวละครอะไรบ้าง
ui.ai.sample2,ช่วยสรุปฉากที่มีไฟต์ให้หน่อย
ui.ai.savedToWiki,บันทึกลง Wiki แล้ว: 
ui.ai.sceneLabel,ฉาก: 
ui.ai.searchingProject,กำลังค้นข้อมูลในโปรเจกต์…
ui.ai.sendingToAi,กำลังส่งให้ AI วิเคราะห์…
ui.ai.sources,📎 อ้างอิง: 
ui.ai.speakerLabel,ผู้พูด: 
ui.ai.textLabel,ข้อความ:
ui.ai.toneCasual,กันเอง
ui.ai.toneConcise,กระชับ
ui.ai.toneDark,มืดหม่น
ui.ai.toneDetailed,บรรยายละเอียด
ui.ai.toneFormal,ทางการ
ui.ai.toneFunny,ตลก
ui.ai.toneLabel, โทน: 
ui.ai.toneRomantic,โรแมนติก
ui.ai.toneTense,ระทึก
ui.ai.wCity,เมือง
ui.ai.wCulture,วัฒนธรรม
ui.ai.wEconomy,เศรษฐกิจ
ui.ai.wFaction,กลุ่ม/ฝ่าย
ui.ai.wMagic,ระบบเวทมนตร์
ui.ai.wReligion,ศาสนา
ui.ai.working,กำลังประมวลผล…
ui.ai.worldPrompt,"อธิบายสิ่งที่ต้องการสร้าง (เช่น ""ระบบเวทมนตร์ที่ใช้เลือดเป็นต้นทุน"")"
ui.ai.worldTitle,🌍 สร้างโลก
ui.aia.foot,ระหว่างนี้ใช้ของที่ทำงานจริงได้แล้ว: เครื่องมือ → ตรวจหาคำซ้ำ · AI → ตรวจ Plot Hole · AI → ตรวจความสอดคล้อง
ui.aia.lead,ชุดเครื่องมือวิเคราะห์ต้นฉบับด้วย AI ที่กำลังจะมา ตอนนี้แสดงเป็นตัวอย่างหน้าตาเพื่อให้เห็นว่าแต่ละหัวข้อจะบอกอะไรบ้าง
ui.aia.mockup,ตัวอย่างหน้าตา — ยังไม่เปิดใช้งาน
ui.aia.run,วิเคราะห์
ui.allShortcutsTitle,⌨ ปุ่มลัดทั้งหมด
ui.app.chapterProps,คุณสมบัติบท…
ui.app.home,หน้าแรก
ui.app.loading,กำลังโหลด…
ui.app.newProject,สร้างโปรเจกต์ใหม่…
ui.app.openProject,เปิดโปรเจกต์…
ui.app.project,โปรเจกต์
ui.app.ready,พร้อม
ui.app.saveAll,บันทึกทั้งหมด
ui.app.saved,บันทึกแล้ว
ui.app.saving,กำลังบันทึก…
ui.app.searching,กำลังค้นหา…
ui.app.sectionProps,คุณสมบัติเล่ม…
ui.app.title,Killian 2
ui.branch.add,เพิ่ม
ui.branch.addChoice,เพิ่มทางเลือก:
ui.branch.addChoiceBtn,เพิ่มทางเลือก
ui.branch.addToThis,เพิ่มทางเลือกให้ฉากนี้
ui.branch.addToThisHint,สร้างทางเลือกใหม่ พร้อมแทรก [ข้อความ] ลงท้ายฉากให้ด้วย
ui.branch.added,เพิ่มทางเลือกแล้ว
ui.branch.addedFromText,เพิ่มทางเลือกจากข้อความ 
ui.branch.addedFromTextTail, รายการ — ไปกำหนดปลายทางที่ผังแตกสาย
ui.branch.allLinked,ทางเลือกในฉากนี้ผูกครบแล้ว (
ui.branch.allPaths,เส้นทางที่เป็นไปได้
ui.branch.brokenHint,ฉากปลายทางถูกลบหรือย้ายออกไปแล้ว — เลือกฉากต้นทางเพื่อไปแก้ปลายทางใหม่ หรือลบทางเลือกทิ้ง
ui.branch.brokenTitle,ทางเลือกที่ชี้ไปฉากที่ไม่มีแล้ว
ui.branch.cardColor,สีการ์ดฉาก
ui.branch.chapterOf,บท: 
ui.branch.choiceCount,ทางเลือก: 
ui.branch.choiceEg,เช่น ไปตลาด
ui.branch.choiceText,ข้อความทางเลือก
ui.branch.choiceTextPh,"ข้อความทางเลือก เช่น ""เปิดประตู"""
ui.branch.close,ปิด
ui.branch.colorClear,ล้างสีการ์ดแล้ว
ui.branch.colorNone,ไม่กำหนดสี
ui.branch.colorSet,เปลี่ยนสีการ์ดแล้ว
ui.branch.copied,คัดลอกแล้ว
ui.branch.copyFail,คัดลอกไม่สำเร็จ
ui.branch.copyPaths,คัดลอกทั้งหมด
ui.branch.delChoice,ลบทางเลือกนี้
ui.branch.docChoices,ทางเลือกในเนื้อฉาก
ui.branch.docHint,พิมพ์ [ข้อความ] ในฉากตรงจุดที่เรื่องแตกสาย เช่น [ไปตลาด] แล้วกดผูกที่นี่
ui.branch.docInsert,แทรกลงฉาก
ui.branch.docInserted,แทรกลงท้ายฉากแล้ว
ui.branch.docLink,ผูกเป็นทางเลือก
ui.branch.docLinkAll,ผูกทั้งหมด
ui.branch.docLinked,ผูกกับข้อความแล้ว
ui.branch.docLinked1,ผูกเป็นทางเลือกแล้ว
ui.branch.docLinkedAll,ผูกทางเลือกจากข้อความครบแล้ว
ui.branch.docMissing,พบในข้อความแต่ยังไม่เป็นทางเลือก
ui.branch.docNone,ฉากนี้ยังไม่มี [ข้อความ] ทางเลือกในเนื้อเรื่อง
ui.branch.docOrphan,เป็นทางเลือกแต่ไม่มีข้อความในฉาก
ui.branch.dragChoice,ลากไปวางบนฉากอื่นเพื่อย้ายทางเลือกนี้
ui.branch.dragHint,ลากแถบ ⠿ ไปวางบนการ์ดฉากอื่น = ย้ายทางเลือกไปฉากนั้น
ui.branch.emptyGraph,ยังไม่มีฉากที่มีทางเลือก
ui.branch.emptyHint,"ยังไม่มีฉากที่มีทางเลือก — เพิ่มได้ที่แถบ ""เพิ่มทางเลือก"" ด้านบน แล้วผังจะขึ้นทันที"
ui.branch.expDone,ส่งออกผังแล้ว: 
ui.branch.expHtml,HTML tree (คลิกได้ · มีเนื้อฉากย่อ)
ui.branch.expJson,JSON (โครงสร้างล้วน — เข้าเครื่องมืออื่น)
ui.branch.expMd,Markdown outline (รายการย่อหน้า)
ui.branch.expPng,PNG (ภาพผัง — ส่งในแชต/สไลด์)
ui.branch.expSvg,SVG (ภาพผังแบบเวกเตอร์)
ui.branch.exportHint,ส่งออกผัง — HTML / Markdown / JSON / SVG / PNG
ui.branch.filterPaths,กรองเส้นทาง — พิมพ์ชื่อฉากที่ต้องมีในเส้นทาง
ui.branch.findHint,พิมพ์เพื่อเน้นเฉพาะฉากที่ตรง — ที่เหลือจะจางลง
ui.branch.findPlaceholder,ค้นชื่อฉาก / ทางเลือก / แท็ก
ui.branch.fixIt,ไปแก้
ui.branch.fromScenes,จาก
ui.branch.goTo,ไปยัง: 
ui.branch.goneScene,ฉากหาย
ui.branch.hideSide,ซ่อนแผงทางเลือก
ui.branch.hideThis,ซ่อนแผงนี้
ui.branch.insertedDirty,แทรกในไฟล์แล้ว — ฉากที่เปิดอยู่ยังไม่บันทึก กดบันทึกทับได้เลยถ้าไม่ต้องการ
ui.branch.inspector,ทางเลือกของฉาก
ui.branch.items,รายการ
ui.branch.labelClick,คลิกเพื่อเปิดฉากต้นทาง
ui.branch.lineColor,สีเส้นของทางเลือกนี้
ui.branch.lineColorClear,ล้างสีเส้นแล้ว
ui.branch.lineColorSet,เปลี่ยนสีเส้นแล้ว
ui.branch.loopBack,วนกลับ
ui.branch.mergeAsk,รวมทางเลือกที่ซ้ำกัน
ui.branch.mergeDupHint,รวมทางเลือกที่ซ้ำกัน
ui.branch.mergeNote,ข้อความเดียวกันแต่ไปคนละฉากจะไม่ถูกยุบ
ui.branch.mergeOk,รวมเลย
ui.branch.mergedDone,รวมทางเลือกซ้ำแล้ว
ui.branch.moved,ย้ายการ์ดแล้ว — กด ⟲ เพื่อจัดผังใหม่อัตโนมัติ
ui.branch.movedChoice,ย้ายทางเลือก
ui.branch.needFromText,เลือกฉากและใส่ข้อความทางเลือกก่อน
ui.branch.needScene,เปิดฉากก่อน แล้วพิมพ์ทางเลือกในวงเล็บเหลี่ยม เช่น [ไปตลาด]
ui.branch.needTreeView,เปิดมุมมองผังก่อนจึงส่งออกรูปได้
ui.branch.noChoice,ฉากนี้ยังไม่มีทางเลือก — เป็นตอนจบสายหนึ่ง
ui.branch.noDup,ไม่มีทางเลือกซ้ำให้รวม
ui.branch.noFile,ฉากนี้ยังไม่มีไฟล์
ui.branch.noMarker,ไม่พบทางเลือกในฉากนี้ — พิมพ์ [ข้อความ] ตรงจุดที่เรื่องแตกสาย
ui.branch.noMatch,ไม่พบ
ui.branch.noTarget,ทางเลือกนี้ยังไม่ระบุปลายทาง
ui.branch.nodeHelp,คลิก = เลือก · ลาก = ย้ายตำแหน่ง · ดับเบิลคลิก = เปิดฉาก
ui.branch.openBranchToFix,เปิดผังแตกสายเพื่อแก้
ui.branch.openEnd,ยังไม่ระบุปลายทาง
ui.branch.openEndDash,— ยังไม่ระบุ —
ui.branch.openEndParen,(ยังไม่ระบุปลายทาง)
ui.branch.openScene,เปิดฉาก
ui.branch.openSplit,เปิดคู่กับผัง
ui.branch.openSplitHint,เปิดฉากในพื้นที่เขียน โดยยังเห็นผังเป็นแผงข้าง ๆ
ui.branch.pastChoices,เคยเลือกที่ฉากนี้
ui.branch.pathFromStart,เส้นทางจากจุดเริ่มมาที่นี่
ui.branch.pathTrunc,เรื่องแตกสายมากกว่า
ui.branch.pathTruncHint,แสดงเท่าที่ไล่ไหว
ui.branch.paths,เส้นทาง
ui.branch.pathsFrom,เส้นทางจากฉากนี้
ui.branch.pickNode,คลิกกล่องฉากบนผังเพื่อดู/แก้ทางเลือกของฉากนั้น
ui.branch.pickNodeEmpty,ยังไม่มีฉากในผัง — เพิ่มทางเลือกให้ฉากสักฉากก่อน
ui.branch.playFrom,เล่นจากที่นี่
ui.branch.playFromHint,เปิดโหมดทดลองเล่นโดยเริ่มที่ฉากนี้
ui.branch.playHint,ทดลองเล่น — อ่านเรื่องแล้วกดเลือกทางไปเรื่อย ๆ
ui.branch.pngFail,ส่งออก PNG ไม่สำเร็จ: 
ui.branch.pngSaved,บันทึกรูปผังลงคลังรูปแล้ว: 
ui.branch.reading,กำลังอ่านฉาก…
ui.branch.relayout,จัดผังใหม่อัตโนมัติ (ลืมตำแหน่งที่ลากเอง)
ui.branch.relayoutDone,จัดผังใหม่แล้ว
ui.branch.reload,อ่าน scenes.json ใหม่
ui.branch.roleEnd,ตอนจบ
ui.branch.roleEndFull,ตอนจบ (ไม่มีทางเลือกออก)
ui.branch.roleLoop,อยู่ในวงวนซ้ำ
ui.branch.roleLoopShort,วนซ้ำ
ui.branch.roleLost,เดินจากจุดเริ่มมาไม่ถึง
ui.branch.roleLostShort,เข้าไม่ถึง
ui.branch.roleRoot,จุดเริ่ม
ui.branch.scanAsk,ผูกทั้งหมดเป็นทางเลือกเลยไหม (ปลายทางเว้นว่างไว้ก่อน) ?
ui.branch.scanClean,สแกนครบแล้ว — ทุก [ข้อความ] ในฉากถูกผูกเป็นทางเลือกหมดแล้ว
ui.branch.scanDone,ผูกทางเลือกจากข้อความแล้ว
ui.branch.scanFound,พบทางเลือกในข้อความที่ยังไม่ผูก
ui.branch.scanHint,สแกนทุกฉากหา [ข้อความ] ทางเลือกที่ยังไม่ได้ผูก
ui.branch.scanOk,ผูกทั้งหมด
ui.branch.seeAll,ดูทั้งหมด
ui.branch.showSide,แสดงแผงทางเลือก
ui.branch.splitDone,แยกจอแล้ว: ผังซ้าย · ฉากขวา
ui.branch.spots,จุด
ui.branch.steps,ฉาก
ui.branch.sumChoices,ทางเลือก
ui.branch.sumEndings,ตอนจบ
ui.branch.sumRoots,จุดเริ่ม
ui.branch.sumScenes,ฉากในผัง
ui.branch.targetChanged,เปลี่ยนปลายทางแล้ว
ui.branch.textEdited,แก้ข้อความทางเลือกแล้ว
ui.branch.title,ผังแตกสาย
ui.branch.titleFull,ผังแตกสาย (Non-linear)
ui.branch.truncWarn,แสดงแค่
ui.branch.truncWarnTail,"ยังมีมากกว่านี้ กด ""ดูทั้งหมด"""
ui.branch.viewList,รายการ
ui.branch.viewTree,ผัง
ui.branch.walkChoice,เดินตามทางเลือกนี้ (บันทึกลงประวัติการตัดสินใจ)
ui.branch.warnBroken,ทางเลือกชี้ไปฉากที่ไม่มีแล้ว
ui.branch.warnLoop,ฉากอยู่ในวงวนซ้ำ
ui.branch.warnLost,ฉากเดินไปไม่ถึง
ui.branch.warnOpen,ทางเลือกยังไม่ระบุปลายทาง
ui.branch.zoomFit,พอดีจอ
ui.branch.zoomIn,ขยายผัง
ui.branch.zoomOut,ย่อผัง
ui.cantCompare,เปิด 2 ไฟล์ก่อนจึงจะเทียบได้
ui.characters,ตน
ui.cmt.addFail,เพิ่มคอมเมนต์ไม่สำเร็จ
ui.cmt.added,เพิ่มคอมเมนต์แล้ว
ui.cmt.anchorHint,คอมเมนต์ที่เพิ่มจะผูกกับข้อความที่เลือกไว้
ui.cmt.anchorLost,📍✕ (ข้อความถูกลบไปแล้ว) 
ui.cmt.anchorLostHint,ไม่พบข้อความที่คอมเมนต์นี้ผูกไว้แล้ว
ui.cmt.anchorMissing,ไม่พบข้อความที่คอมเมนต์ผูกไว้ (อาจถูกแก้/ลบไปแล้ว)
ui.cmt.anchorOkHint,ชี้เพื่อไฮไลต์ในฉาก · คลิกเพื่อเลื่อนไปหา
ui.cmt.cancel,ยกเลิก
ui.cmt.delete,ลบคอมเมนต์
ui.cmt.deleteConfirm,ลบคอมเมนต์นี้ (พร้อมเธรดตอบกลับทั้งหมด) ?
ui.cmt.deleteHint,ลบคอมเมนต์นี้ (พร้อมเธรดตอบกลับ)
ui.cmt.deleted,ลบคอมเมนต์แล้ว
ui.cmt.edit,แก้ไขข้อความ
ui.cmt.edited, (แก้ไขแล้ว)
ui.cmt.editedDone,แก้ไขคอมเมนต์แล้ว
ui.cmt.emptyAll,(ยังไม่มีคอมเมนต์ในฉากนี้)
ui.cmt.emptyOpen,(ไม่มีคอมเมนต์ที่ยังไม่ปิด)
ui.cmt.filterAll,🔽 ทั้งหมด
ui.cmt.filterHint,สลับกรองคอมเมนต์ที่ปิดเรื่องแล้ว
ui.cmt.filterOpen,🔽 เฉพาะที่ยังไม่ปิด
ui.cmt.needScene,(เปิดฉากก่อนจึงจะคอมเมนต์ได้)
ui.cmt.placeholder,พิมพ์คอมเมนต์…
ui.cmt.placeholderSel,คอมเมนต์เกี่ยวกับข้อความที่เลือก…
ui.cmt.readFail,(อ่านคอมเมนต์ไม่ได้)
ui.cmt.readFailLog,อ่านคอมเมนต์ไม่ได้
ui.cmt.reopen,เปิดเรื่องนี้อีกครั้ง
ui.cmt.reopened,เปิดคอมเมนต์อีกครั้ง
ui.cmt.replied,ตอบกลับแล้ว
ui.cmt.reply,ตอบกลับ
ui.cmt.replyPlaceholder,ตอบกลับ…
ui.cmt.resolve,ปิดเรื่องนี้ (resolve)
ui.cmt.resolved,ปิดเรื่องคอมเมนต์แล้ว
ui.csv.exportTitle,ส่งออกภาษาเป็น CSV
ui.csv.importTitle,นำเข้าภาษาจาก CSV
ui.csv.noKeys,ไม่พบคีย์ในไฟล์ CSV นี้
ui.csv.noLangFiles,ไม่พบไฟล์ภาษา (languages/th.json · en.json)
ui.dialogs.apply,ใช้
ui.dialogs.cancel,ยกเลิก
ui.dialogs.close,ปิด
ui.dialogs.confirm,ยืนยัน
ui.dialogs.copy,คัดลอก
ui.dialogs.delete,ลบ
ui.dialogs.edit,แก้
ui.dialogs.no,ไม่
ui.dialogs.ok,ตกลง
ui.dialogs.openFolder,เปิดโฟลเดอร์
ui.dialogs.refresh,รีเฟรช
ui.dialogs.reset,รีเซ็ต
ui.dialogs.restore,กู้คืน
ui.dialogs.save,บันทึก
ui.dialogs.view,ดู
ui.dialogs.yes,ใช่
ui.errors.aiFailed,คำขอ AI ล้มเหลว
ui.errors.aiNoKey,กรุณาตั้งค่า API Key ในไฟล์ → ตั้งค่า AI
ui.errors.aiSettingsFirst,ตั้งค่า AI ที่ ไฟล์ → ตั้งค่า AI ก่อน
ui.errors.cannotEditLocked,ล็อกฉากแล้ว (แก้ไม่ได้จนปลดล็อก)
ui.errors.fileExists,มีไฟล์ชื่อนี้อยู่แล้ว
ui.errors.invalidJSON,JSON ไม่ถูกต้อง
ui.errors.languageNotFound,"ไม่พบภาษา ""%s"" ใช้ภาษาอังกฤษแทน"
ui.errors.loadFailed,โหลดไม่สำเร็จ
ui.errors.moveCrossDraft,ย้ายข้ามฉบับร่างยังไม่รองรับ
ui.errors.nameRequired,ต้องตั้งชื่อ
ui.errors.needScene,เปิดฉากก่อน
ui.errors.noChapters,ยังไม่มีบท
ui.errors.noDraft,ยังไม่มีฉบับร่าง
ui.errors.noFile,ไม่พบไฟล์
ui.errors.noOpenProject,ยังไม่ได้เปิดโปรเจกต์
ui.errors.noOtherChapter,ไม่มีบทอื่นให้ย้ายไป
ui.errors.noProject,ยังไม่ได้เปิดโปรเจกต์
ui.errors.noScenes,ยังไม่มีฉาก
ui.errors.notKillianProject,โฟลเดอร์นี้ไม่ใช่โปรเจกต์ Killian (ไม่พบ project.khn.json)
ui.errors.openProjectFirst,เปิดโปรเจกต์ก่อนจึงจะตั้งค่าได้
ui.errors.pressShortcut,กดปุ่มลัด…
ui.errors.requiresCtrl,ต้องมี Ctrl/⌘
ui.errors.saveFailed,บันทึกไม่สำเร็จ
ui.filterCommands,🔍 กรองคำสั่ง…
ui.home.close,✕ ปิด
ui.home.export,📤 ส่งออก
ui.home.import,📥 นำเข้า
ui.home.importDone,นำเข้าโปรเจกต์แล้ว
ui.home.newProject,➕ สร้างโปรเจกต์ใหม่
ui.home.openProject,📂 เปิดโปรเจกต์
ui.imp.chapters,บท: 
ui.imp.failed,นำเข้าไม่สำเร็จ: 
ui.imp.filesToCreate,ไฟล์ที่จะสร้าง: 
ui.imp.overwrite,โฟลเดอร์ปลายทางมีโปรเจกต์อยู่แล้ว — เขียนทับไหม?
ui.imp.projectName,ชื่อโปรเจกต์: 
ui.imp.scenes,   ·  ฉาก: 
ui.imp.untitled,(ไม่มีชื่อ)
ui.imp.warnPrefix,⚠ คำเตือน 
ui.imp.warnSuffix, รายการ (ดูใน Log)
ui.imp.working,กำลังนำเข้า…
ui.kanban.deleteColumn,ลบคอลัมน์
ui.kanban.moveScenesFirst,ย้ายฉากออกจากคอลัมน์นี้ก่อน
ui.kanban.newColumn,ชื่อคอลัมน์ใหม่
ui.kanban.newColumnHint,เช่น รอรีวิว
ui.kanban.sceneNotFound,ไม่พบไฟล์ฉาก: 
ui.locations,ที่
ui.maps.notPlaced,ยังไม่ได้ปักตำแหน่ง
ui.maps.placeIt,ไปปักตำแหน่ง
ui.maps.placeItHint,"เปิดแผงผังพื้นที่ แล้วกด ""ปักตำแหน่งฉากนี้"""
ui.maps.sceneWhere,ตำแหน่งบนแผนที่
ui.maps.showOnMap,ดูบนแผนที่
ui.maps.showOnMapHint,เปิดแผงแผนที่แล้วเลื่อนไปที่ตำแหน่งของฉากนี้
ui.md.codesOff,ซ่อนรหัสนำหน้าบรรทัด: ปิด (เห็นรหัสครบ)
ui.md.codesOn,ซ่อนรหัสนำหน้าบรรทัด: เปิด
ui.md.codesTitle,ซ่อนรหัสนำหน้าบรรทัด (. @ > $shot # …)
ui.menu.ai,AI
ui.menu.edit,แก้ไข
ui.menu.file,ไฟล์
ui.menu.format,รูปแบบ
ui.menu.help,ช่วยเหลือ
ui.menu.script,บท
ui.menu.view,มุมมอง
ui.noDraftToExport,ยังไม่มีฉบับร่างให้ส่งออก
ui.openSceneFirst,เปิดฉากก่อนจึงจะดู Markdown ได้
ui.openSceneFirstSwitch,เปิดฉากก่อนจึงจะสลับโหมดได้
ui.panel.aiAnalyzerTitle,🧠 AI วิเคราะห์
ui.panel.aiChatTitle,💬 AI ผู้ช่วยเขียน
ui.panel.archiveToggle,ซ่อน/แสดงฉากที่เก็บถาวร
ui.panel.beatsToggle,แสดง/ซ่อนย่อหน้า
ui.panel.beforeRestore,ก่อนกู้คืน
ui.panel.booksTitle,จัดการเล่ม
ui.panel.branchTitle,🌿 ผังแตกสาย
ui.panel.changelogNotFound,ไม่พบไฟล์ changelog
ui.panel.changelogTitle,บันทึกการเปลี่ยนแปลง — Killian 2
ui.panel.chooseVersion,เลือกเวอร์ชันเพื่อดูตัวอย่าง
ui.panel.closePanel,ปิดแผง (เปิดกลับที่เมนู มุมมอง → แผง)
ui.panel.codexTitle,📚 สารานุกรม
ui.panel.collapse,ย่อ/ขยายแผง
ui.panel.commentsTitle,คอมเมนต์
ui.panel.confirmDelete,ลบเวอร์ชันนี้?
ui.panel.confirmDeleteEntity,"ลบ ""%s"" ถาวร ? (กู้คืนไม่ได้อีก)"
ui.panel.confirmDeleteFolder,"ลบโฟลเดอร์ ""%s"" ทั้งหมด ?"
ui.panel.confirmDeleteStatus,"ลบสถานะ ""%s"" ?"
ui.panel.confirmDeleteTemplate,"ลบเทมเพลต ""%s""?"
ui.panel.confirmDeleteWorkflow,"ลบเวิร์กโฟลว์ ""%s"" ?"
ui.panel.confirmRestore,กู้คืนเวอร์ชันนี้ทับของปัจจุบัน?
ui.panel.dashboardTitle,แดชบอร์ด
ui.panel.desc_ai_analyzer,ชุดเครื่องมือวิเคราะห์ต้นฉบับด้วย AI — จังหวะเรื่อง · ส่วนโค้งตัวละคร · คำซ้ำ · ความขัดแย้ง · ความยาวฉาก (ยังเป็นตัวอย่างหน้าตา)
ui.panel.desc_books,จัดการเล่มและฉบับร่าง — ปก · คำโปรย · สถานะ · สถิติรายเล่ม · ลากสลับลำดับเล่ม
ui.panel.desc_branch,ผังเรื่องแบบแตกสาย — กล่องฉากต่อกันด้วยเส้นทางเลือก · ลากย้ายการ์ดได้ · เลือกสีการ์ด/เส้นได้ · เตือนทางตัน วงวนซ้ำ และทางเลือกที่ยังไม่ระบุปลายทาง · ส่งออกเป็น HTML/Markdown/JSON/รูปได้
ui.panel.desc_comments,คอมเมนต์ของฉากที่เปิดอยู่ — ตอบกลับเป็นเธรด ปิดงานได้ · เก็บท้ายไฟล์ .md จึงติดไปกับไฟล์เสมอ
ui.panel.desc_dashboard,ภาพรวมความคืบหน้า — จำนวนคำเทียบเป้าหมาย · สัดส่วนฉากตามสถานะ · ความยาวของแต่ละบท
ui.panel.desc_docs,พื้นที่เขียนหลัก — แท็บทุกใบที่เปิดอยู่ ทั้งฉาก บทภาพยนตร์ และหน้า Wiki (ปิดไม่ได้)
ui.panel.desc_gallery,รูปทั้งหมดในโฟลเดอร์ Images ของโปรเจกต์ — ลากลงเอกสารเพื่อแทรก หรือเลือกเป็นปก/รูปประจำตัวใน Wiki
ui.panel.desc_kanban,กระดานฉากเรียงตามสถานะ — ลากการ์ดข้ามคอลัมน์เพื่อเปลี่ยนสถานะฉากนั้นทันที
ui.panel.desc_log,บันทึกการทำงานของโปรแกรม — ใช้ตอนหาสาเหตุเมื่อมีอะไรไม่เป็นอย่างที่คาด
ui.panel.desc_maps,แผนที่ของโลกในเรื่อง — ปักหมุดบนรูป เชื่อมหมุดเข้ากับฉาก/สถานที่ · หมุดประตูพาลงไปแผนที่ย่อยได้
ui.panel.desc_notes,ที่จดความคิดชั่วคราวโดยไม่ปนต้นฉบับ — โน้ตผูกกับฉากที่เปิดอยู่ตอนจด
ui.panel.desc_outline,"เค้าโครงหัวข้อของ ""ไฟล์ที่เปิดอยู่"" — คลิกหัวข้อเพื่อกระโดดไปตำแหน่งนั้นในเอกสาร"
ui.panel.desc_player,อ่านเรื่องแบบผู้เล่น — เนื้อฉากอ่านอย่างเดียว แล้วกดปุ่มทางเลือกเดินต่อไปเรื่อย ๆ · ย้อนกลับได้ · เก็บเส้นทางแต่ละรอบไว้ดูย้อนหลัง
ui.panel.desc_props,คุณสมบัติของฉากที่เลือก — เรื่องย่อ · มุมมอง · อารมณ์ · ความขัดแย้ง · สถานะ · สี · แท็ก · บันทึกอัตโนมัติขณะพิมพ์
ui.panel.desc_search,ค้นข้อความทั้งโปรเจกต์ — ทุกฉาก ทุกเล่ม และหน้า Wiki · คลิกผลลัพธ์เพื่อเปิดไฟล์ที่บรรทัดนั้น
ui.panel.desc_statusbar,ข้อมูลย่อของงานที่เปิดอยู่ — จำนวนคำ/หน้า · ข้อผิดพลาดในบท · แถบซูมหน้ากระดาษ
ui.panel.desc_timeline,"ลำดับเหตุการณ์ตาม ""เวลาในเรื่อง"" — สลับมุมมองการ์ด/Gantt ได้ · ฉากที่ตั้ง storyDate ไว้จะขึ้นเอง"
ui.panel.desc_toolbar,ปุ่มจัดรูปแบบและสวิตช์โหมดทั้งหมด — ตัวหนา/เอียง · จัดหน้า · โหมดอ่าน/โฟกัส · เปิด-ปิดแผงอื่น
ui.panel.desc_tree,สารบัญของผลงานทั้งเล่ม — เล่ม → บท → ฉาก พร้อม Wiki คลังรูป และถังขยะ · ลากสลับลำดับได้ · ช่องค้นหาด้านบนกรองได้ทั้งชื่อ แท็ก และสถานะ
ui.panel.draftExportTitle,ส่งออกฉบับร่าง
ui.panel.dragHandle,ลากเพื่อย้ายแถบ
ui.panel.emptyContent,(ว่าง)
ui.panel.fab,สร้างใหม่
ui.panel.fabChapter,สร้างบท
ui.panel.fabCharacter,สร้างตัวละคร
ui.panel.fabLocation,สร้างสถานที่
ui.panel.fabMemo,สร้าง Memo
ui.panel.fabNote,สร้างโน้ต
ui.panel.fabScene,สร้างฉาก
ui.panel.float,ลอยแผงออกมา / ผนึกกลับ
ui.panel.galleryBoardTitle,กระดานอารมณ์
ui.panel.galleryTitle,คลังรูปภาพ
ui.panel.historyTitle,🕘 ประวัติการทำงาน
ui.panel.jumpedInMain,กระโดดไปตำแหน่งนั้นที่หน้าต่างหลักแล้ว
ui.panel.kanbanTitle,Kanban
ui.panel.layoutReset,รีเซ็ตการจัดวางแผงแล้ว
ui.panel.logEmpty,(ยังไม่มีบันทึก)
ui.panel.logTitle,บันทึกการทำงานของโปรแกรม (Log)
ui.panel.manage,📐 จัดการแผง
ui.panel.mapsTitle,แผนที่
ui.panel.navigation,Navigation
ui.panel.noVersions,ยังไม่มีเวอร์ชันที่บันทึกไว้
ui.panel.outline,เค้าโครง
ui.panel.playerTitle,▶️ ทดลองเล่น
ui.panel.project,โปรเจกต์
ui.panel.properties,คุณสมบัติ
ui.panel.recordTitle,🗒 บันทึกประจำวัน
ui.panel.reloadedFromPanelWin,อัปเดตเนื้อฉากจากหน้าต่างแผงแล้ว
ui.panel.resetAll,⟲ รีเซ็ตการจัดวางแผงทั้งหมด
ui.panel.sceneGuard,⏸ หน้าต่างหลักยังไม่ได้บันทึก
ui.panel.sceneGuard2,ดูได้อย่างเดียวจนกว่าจะกดบันทึกที่นั่น
ui.panel.searchPlaceholder,🔍 ค้นหา / กรอง — เช่น status:กำลังเขียน tag:บู๊
ui.panel.searchToggle,เปิด/ปิดช่องค้นหา
ui.panel.selectScene,เลือกฉากเพื่อดูคุณสมบัติ
ui.panel.sortBy,เรียงตาม
ui.panel.sortDefault,เรียงตามค่าเริ่มต้น
ui.panel.sortModified,เวลาแก้ไข
ui.panel.sortName,ชื่อ
ui.panel.sortStatus,สถานะ
ui.panel.sortWords,จำนวนคำ
ui.panel.spaceAll,ซ่อนแผงทั้งหมด — เหลือแต่พื้นที่เขียน (กดซ้ำเพื่อเรียกกลับ)
ui.panel.spaceHideAll,⬒ ซ่อนแผงทั้งหมด (เหลือแต่พื้นที่เขียน)
ui.panel.spaceHideLeft,◨ ซ่อนแผงฝั่งซ้าย
ui.panel.spaceHideRight,⬓ ซ่อนแผงฝั่งขวา
ui.panel.spaceNone,ไม่มีแผงให้ซ่อนแล้ว
ui.panel.spaceRestored,คืนแผงที่ซ่อนไว้แล้ว
ui.panel.spaceShow,⬒ คืนแผงที่ซ่อนไว้
ui.panel.spaceSide,ซ่อนแผงฝั่ง
ui.panel.thisScene,ฉากนี้
ui.panel.timelineTitle,เส้นเวลา
ui.panel.trayRestorePost,""" กลับมา"
ui.panel.trayRestorePre,"คลิกเพื่อเรียกแผง """
ui.panel.unreadable,(อ่านไม่ได้)
ui.panel.versionHistoryTitle,ประวัติเวอร์ชัน — 
ui.panel.waitingMain,(กำลังรอข้อมูลจากหน้าต่างหลัก…)
ui.panel.whatIsThis,❔ นี่คืออะไร
ui.panel.wsApplied,สลับเวิร์กสเปซ: 
ui.panel.wsBuiltin,ชื่อนี้เป็นชุดสำเร็จรูป ตั้งซ้ำไม่ได้
ui.panel.wsDelAsk,ลบเวิร์กสเปซ “
ui.panel.wsDelete,🗑 ลบเวิร์กสเปซ…
ui.panel.wsDeleted,ลบเวิร์กสเปซแล้ว: 
ui.panel.wsMenu,🗂 เวิร์กสเปซ…
ui.panel.wsName,ตั้งชื่อเวิร์กสเปซ
ui.panel.wsNameHint,เช่น เขียนตอนเช้า / ตรวจงาน
ui.panel.wsPick,🗂 เวิร์กสเปซ — สลับชุดการจัดวางแผง
ui.panel.wsSave,＋ บันทึกการจัดวางตอนนี้เป็นเวิร์กสเปซ…
ui.panel.wsSaved,บันทึกเวิร์กสเปซแล้ว: 
ui.percentGoal,% เป้าหมาย
ui.player.aChoice,ทางเลือก
ui.player.atEnd,ตอนจบ
ui.player.atStart,จุดเริ่ม
ui.player.back,ย้อนกลับ
ui.player.backHint,ถอยหนึ่งก้าว (ทางเลือกล่าสุดถูกถอนออกจากเส้นทาง)
ui.player.clearRuns,ล้าง
ui.player.cleared,ล้างรอบการเล่นแล้ว
ui.player.close,ปิด
ui.player.deadHint,ทางเลือกนี้ยังไม่มีปลายทาง — ไปกำหนดที่ผังแตกสาย
ui.player.editScene,แก้ฉากนี้
ui.player.editSceneHint,เปิดฉากนี้ในพื้นที่เขียน
ui.player.empty,ยังไม่มีเรื่องแตกสายให้เล่น — เพิ่มทางเลือกให้ฉากสักฉากที่ผังแตกสาย (🌿) ก่อน
ui.player.emptyScene,(ฉากนี้ยังไม่มีเนื้อเรื่อง)
ui.player.exportRuns,ส่งออก
ui.player.exported,ส่งออกรอบการเล่นแล้ว: 
ui.player.goneScene,ฉากหาย
ui.player.history,ประวัติ
ui.player.historyHint,รอบการเล่นทั้งหมดที่ผ่านมา
ui.player.jumpBack,คลิกเพื่อย้อนกลับมาที่นี่
ui.player.loadFail,อ่านฉากไม่สำเร็จ
ui.player.loading,กำลังอ่านเรื่อง…
ui.player.noFile,ฉากนี้ยังไม่มีไฟล์
ui.player.noRuns,ยังไม่มีรอบการเล่น — กดทางเลือกในโหมดทดลองเล่นแล้วจะถูกบันทึกที่นี่
ui.player.noTarget,ยังไม่ระบุปลายทาง
ui.player.pickStart,เริ่มเล่นจากฉากไหน
ui.player.reload,อ่านเนื้อเรื่องใหม่จากไฟล์
ui.player.restart,เริ่มใหม่
ui.player.restartHint,เริ่มเล่นรอบใหม่จากฉากเริ่มเดิม
ui.player.runsTitle,รอบการเล่นที่ผ่านมา
ui.player.scenesUnit,ฉาก
ui.player.showOnMap,ดูบนผัง
ui.player.step,ก้าวที่
ui.player.theEnd,จบสายนี้แล้ว
ui.player.walked,เดินมาทั้งหมด
ui.player.youWill,คุณจะ…
ui.plugin.failed,ปลั๊กอินพัง — ปิดไว้ชั่วคราว
ui.plugin.loaded,โหลดปลั๊กอิน
ui.plugin.needsNewer,ต้องใช้ Killian รุ่นใหม่กว่านี้
ui.projectCreated,สร้างโปรเจกต์ใหม่แล้ว: 
ui.projectExists,มีโปรเจกต์นี้อยู่แล้ว — เปิดให้แทน
ui.scenes,ฉาก
ui.settings.author,ผู้เขียน
ui.settings.autoBackup,สำรองเวอร์ชันอัตโนมัติเมื่อบันทึก
ui.settings.autoMention,จับชื่อ Wiki อัตโนมัติ
ui.settings.autoMentionHint,ไฮไลต์ชื่อจากคลัง Wiki ในเนื้อเรื่อง
ui.settings.autoSaveHint,0 = ปิดบันทึกอัตโนมัติ
ui.settings.autoSaveMinutes,บันทึกอัตโนมัติทุก ๆ (นาที)
ui.settings.autoSync,Auto-sync
ui.settings.autoSyncHint,อัปเดตชื่อเอนทิตี้ในทุกไฟล์โดยอัตโนมัติ
ui.settings.automation,อัตโนมัติ
ui.settings.dailyGoal,เป้าหมายคำต่อวัน
ui.settings.downloadLanguage,ดาวน์โหลดภาษาเพิ่ม…
ui.settings.focusDim,ความจางของบรรทัดอื่น (โหมดโฟกัส)
ui.settings.focusDimHint,0.05 = จางมาก · 0.8 = เกือบไม่จาง
ui.settings.fontFamily,แบบอักษร
ui.settings.fontFamilyHint,เลือกฟอนต์สำหรับตัวแก้ไข (เพิ่มฟอนต์ในโฟลเดอร์ Fonts ในโปรเจกต์)
ui.settings.fontSize,ขนาดตัวอักษรตัวแก้ไข
ui.settings.fontSizeHint,ปรับเพิ่ม/ลดจากขนาดปกติ
ui.settings.general,ทั่วไป
ui.settings.language,ภาษา
ui.settings.languageSelect,ภาษาของอินเทอร์เฟซ
ui.settings.lineNumbers,แสดงเลขบรรทัด
ui.settings.lineNumbersHint,นับตามย่อหน้า/บล็อก
ui.settings.maxBackups,จำนวนเวอร์ชันอัตโนมัติสูงสุด
ui.settings.maxBackupsHint,เวอร์ชันที่ตั้งชื่อเองไม่ถูกลบ
ui.settings.projectGoal,เป้าหมายคำทั้งโปรเจกต์
ui.settings.projectName,ชื่อโปรเจกต์
ui.settings.recycleDays,ล้างถังขยะที่เก่ากว่า (วัน)
ui.settings.recycleDaysHint,0 = ไม่ล้างอัตโนมัติ
ui.settings.shortcuts,ปุ่มลัด
ui.settings.shortcutsHint,"คลิก ""แก้"" แล้วกดปุ่มลัดชุดใหม่ (ต้องมี Ctrl/⌘) · ปุ่มลัดที่ซ้ำกันจะถูกเตือน"
ui.settings.spFontFamily,แบบอักษรบทหนัง
ui.settings.spFontFamilyHint,ฟอนต์เฉพาะโหมดบทภาพยนตร์ (ค่าเริ่มต้น Courier New ตามมาตรฐานบท)
ui.settings.spellCheck,ตรวจคำผิด
ui.settings.spellCheckDict,ตรวจคำผิดด้วยพจนานุกรม (ไทย+อังกฤษ)
ui.settings.spellCheckDictHint,คลังคำออฟไลน์
ui.settings.spellCheckHint,ขีดเส้นใต้คำสะกดผิด
ui.settings.title,ตั้งค่าโปรเจกต์
ui.settings.uiScale,ขนาด UI
ui.settings.uiScaleHint,ย่อ/ขยายแถบเครื่องมือ แผง แท็บ และกล่องโต้ตอบ (75–200%)
ui.settings.writing,การเขียน
ui.shortcutCategories.edit,✏️ แก้ไข
ui.shortcutCategories.file,📂 ไฟล์
ui.shortcutCategories.format,🎨 รูปแบบ
ui.shortcutCategories.navigation,🔄 การนำทาง
ui.shortcutCategories.view,👁 มุมมอง
ui.shortcuts.alignCenter,กึ่งกลาง
ui.shortcuts.alignLeft,ชิดซ้าย
ui.shortcuts.alignRight,ชิดขวา
ui.shortcuts.bodyText,ข้อความปกติ
ui.shortcuts.bold,ตัวหนา
ui.shortcuts.bulletList,รายการหัวข้อย่อย
ui.shortcuts.clearFormatting,ล้างรูปแบบ
ui.shortcuts.closeTab,ปิดแท็บ
ui.shortcuts.compile,ส่งออกด้วยเวิร์กโฟลว์
ui.shortcuts.exportBlog,ส่งออกเป็น HTML สำหรับบล็อก
ui.shortcuts.find,ค้นหา
ui.shortcuts.findError,ตรวจหาข้อผิดพลาดถัดไป
ui.shortcuts.focusMode,โหมดโฟกัส
ui.shortcuts.format:align:center,กึ่งกลาง
ui.shortcuts.format:align:justify,เต็มบรรทัด
ui.shortcuts.format:align:left,ชิดซ้าย
ui.shortcuts.format:align:right,ชิดขวา
ui.shortcuts.format:heading,หัวข้อ
ui.shortcuts.format:ol,รายการตัวเลข
ui.shortcuts.format:paragraph,ข้อความปกติ
ui.shortcuts.format:quote,คำพูดยกมา
ui.shortcuts.format:ul,รายการหัวข้อย่อย
ui.shortcuts.gallery,คลังรูปภาพ
ui.shortcuts.globalSearch,ค้นหาทั้งโปรเจกต์
ui.shortcuts.goto,ไปที่หน้า/ฉาก
ui.shortcuts.heading1,หัวข้อ 1
ui.shortcuts.heading2,หัวข้อ 2
ui.shortcuts.heading3,หัวข้อ 3
ui.shortcuts.italic,ตัวเอียง
ui.shortcuts.justify,เต็มบรรทัด
ui.shortcuts.kanban,กระดาน Kanban
ui.shortcuts.nbsp,ช่องว่างไม่ตัดคำ
ui.shortcuts.newProject,สร้างโปรเจกต์ใหม่
ui.shortcuts.numberedList,รายการตัวเลข
ui.shortcuts.openProject,เปิดโปรเจกต์
ui.shortcuts.panelsHideAll,ซ่อนแผงทั้งหมด (เหลือแต่พื้นที่เขียน)
ui.shortcuts.panelsHideLeft,ซ่อนแผงฝั่งซ้าย
ui.shortcuts.panelsHideRight,ซ่อนแผงฝั่งขวา
ui.shortcuts.paperMode,โหมดหน้ากระดาษ
ui.shortcuts.print,พิมพ์
ui.shortcuts.quickOpen,เปิดไฟล์ด่วน
ui.shortcuts.redo,ทำซ้ำ
ui.shortcuts.save,บันทึก
ui.shortcuts.saveAll,บันทึกทั้งหมด
ui.shortcuts.saveAs,บันทึกเป็น…
ui.shortcuts.selectScene,เลือกทั้งฉาก
ui.shortcuts.settings,ตั้งค่าโปรเจกต์
ui.shortcuts.splitView,แยกหน้าจอ
ui.shortcuts.strikethrough,ขีดฆ่า
ui.shortcuts.toggleFormat,สลับโหมดเอกสาร
ui.shortcuts.typewriter,โหมดเครื่องพิมพ์ดีด
ui.shortcuts.underline,ขีดเส้นใต้
ui.shortcuts.undo,เลิกทำ
ui.shortcuts.workspaceMenu,เวิร์กสเปซ (ชุดการจัดวางแผง)
ui.split.closePane,✕ ปิดช่องนี้
ui.split.closePaneHint,ปิดช่องนี้ (แท็บยังเปิดอยู่)
ui.split.closed,ยกเลิกแยกหน้าจอแล้ว
ui.split.dragResize,ลากเพื่อปรับสัดส่วน (ดับเบิลคลิก = 50%)
ui.split.emptyPane,ช่องว่าง — ลากหัวแท็บมาวางที่นี่
ui.split.emptyPaneHint,หรือคลิกช่องนี้แล้วเลือกแท็บด้านบน
ui.split.openedEmpty,เปิดช่องว่างแล้ว — ลากหัวแท็บมาวางในช่อง หรือคลิกช่องแล้วเลือกแท็บ
ui.split.removeFromPane,เอาออกจากช่องนี้ (แท็บยังเปิดอยู่)
ui.split.statusPrefix,แยกหน้าจอ: 
ui.status.addedToDictionary,เพิ่มลงพจนานุกรมแล้ว: 
ui.status.allSaved,บันทึกทุกไฟล์แล้ว
ui.status.backupFailed,สำรองโปรเจกต์ล้มเหลว
ui.status.backupOK,สำรองโปรเจกต์แล้ว
ui.status.chapterMoved,ย้ายฉากไปบท: 
ui.status.closeWithoutSaving,ปิดโดยไม่บันทึก
ui.status.copied,คัดลอกแล้ว
ui.status.deletedPermanently,ลบถาวรแล้ว: 
ui.status.dirtyClose,แท็บที่ยังไม่ได้บันทึก
ui.status.exportedTo,ส่งออกแล้ว: 
ui.status.focusOff,โหมดโฟกัส: ปิด
ui.status.focusOn,โหมดโฟกัส: เปิด
ui.status.formatBarReset,รีเซ็ตตำแหน่งแถบรูปแบบแล้ว
ui.status.loading,กำลังโหลด…
ui.status.lockOff,ปลดล็อกฉากแล้ว
ui.status.lockOn,ล็อกฉากแล้ว (แก้ไม่ได้จนปลดล็อก)
ui.status.logCopied,คัดลอก log แล้ว
ui.status.movedScene,ย้ายฉากไป
ui.status.movedToMemo,ย้ายไปที่ MEMO แล้ว
ui.status.noteMoved,ย้ายโน้ตเข้าบท: 
ui.status.nothingToSave,ไม่มีงานค้างให้บันทึก
ui.status.opened,เปิดโปรเจกต์: 
ui.status.paperOff,โหมดหน้ากระดาษ: ปิด
ui.status.paperOn,โหมดหน้ากระดาษ: เปิด
ui.status.pluginError,ปลั๊กอิน: 
ui.status.ready,พร้อม
ui.status.replacedN,แทนที่ %d แห่ง
ui.status.restoredFromTrash,กู้คืนจากถังขยะแล้ว: 
ui.status.saveAllAndClose,บันทึกทั้งหมดแล้วปิด
ui.status.saved,บันทึกแล้ว
ui.status.savedAll,บันทึกทั้งหมดแล้ว
ui.status.savedTo,บันทึกแล้ว: 
ui.status.saving,กำลังบันทึก…
ui.status.searching,กำลังค้นหา…
ui.status.settingsSaved,บันทึกการตั้งค่าแล้ว
ui.status.switchedToProse,สลับเป็นโหมดนิยาย
ui.status.switchedToScreenplay,สลับเป็นโหมดบทหนัง
ui.status.typewriterOff,โหมดเครื่องพิมพ์ดีด: ปิด
ui.status.typewriterOn,โหมดเครื่องพิมพ์ดีด: เปิด
ui.status.uiScale,ขนาด UI
ui.status.versionRestored,กู้คืนเวอร์ชันแล้ว
ui.status.versionSaved,บันทึกเวอร์ชันแล้ว
ui.status.zoom,ซูม
ui.status.zoomReset,รีเซ็ตซูมแล้ว
ui.task.failedSuffix, พัง
ui.task.jobFailed,auto-task: งาน 
ui.thes.copied,คัดลอก: 
ui.thes.notFound,"ไม่พบคำพ้อง/คำตรงข้ามสำหรับ """
ui.toolbar.aiAssistant,เครื่องมือ AI (ขยาย · สรุป · เขียนใหม่)
ui.toolbar.aiChat,AI ผู้ช่วยเขียน (กดซ้ำ = ปิดแผง)
ui.toolbar.alignCenter,กึ่งกลาง
ui.toolbar.alignJustify,เต็มบรรทัด
ui.toolbar.alignLeft,ชิดซ้าย
ui.toolbar.alignRight,ชิดขวา
ui.toolbar.blockquote,คำพูดยกมา
ui.toolbar.bold,ตัวหนา
ui.toolbar.bulletList,รายการหัวข้อย่อย
ui.toolbar.close,ปิด
ui.toolbar.findBar,ค้นหา…
ui.toolbar.findNext,ถัดไป
ui.toolbar.findPrev,ก่อนหน้า
ui.toolbar.globalSearch,ค้นหาทั้งโปรเจกต์
ui.toolbar.heading1,หัวข้อ 1
ui.toolbar.heading2,หัวข้อ 2
ui.toolbar.heading3,หัวข้อ 3
ui.toolbar.heading4,หัวข้อ 4
ui.toolbar.heading5,หัวข้อ 5
ui.toolbar.heading6,หัวข้อ 6
ui.toolbar.insertImage,แทรกรูป
ui.toolbar.italic,ตัวเอียง
ui.toolbar.kanban,Kanban ตามสถานะ
ui.toolbar.normalText,ข้อความปกติ
ui.toolbar.numberList,รายการตัวเลข
ui.toolbar.paperMode,โหมดหน้ากระดาษ
ui.toolbar.plugins,คำสั่งจากปลั๊กอิน
ui.toolbar.quote,คำพูดยกมา
ui.toolbar.readingMode,โหมดอ่าน
ui.toolbar.replace,แทนที่
ui.toolbar.replaceAll,ทั้งหมด
ui.toolbar.replaceWith,แทนที่ด้วย…
ui.toolbar.strike,ขีดฆ่า
ui.toolbar.toggleMode,สลับโหมดเอกสาร
ui.toolbar.underline,ขีดเส้นใต้
ui.toolbar.viewSource,ดู Markdown ดิบ
ui.wiki.backlinksDone,อัปเดตดัชนี “ฉากที่กล่าวถึง” แล้ว
ui.wiki.backlinksEmpty,(ยังไม่มีฉากที่กล่าวถึงเอนทิตี้นี้)
ui.wiki.backlinksRefresh,สร้างดัชนีเชื่อมโยงใหม่ทั้งโปรเจกต์
ui.wiki.backlinksScanning,กำลังสแกนฉากทั้งโปรเจกต์…
ui.wiki.backlinksTitle,ฉากที่กล่าวถึง
ui.words,คำ
# ---- ข้อความจากซอร์ส · คีย์ = ประโยคภาษาไทยต้นฉบับ ----,
 ← {0} ฉาก: , ← {0} ฉาก: 
 → ถูกซ่อน!, → ถูกซ่อน!
↑↓ เลือก · Enter เปิด · Esc ปิด · Ctrl+R สแกนใหม่,↑↓ เลือก · Enter เปิด · Esc ปิด · Ctrl+R สแกนใหม่
↑ ยกขึ้นหนึ่งชั้น,↑ ยกขึ้นหนึ่งชั้น
"↑ ยกขึ้นหนึ่งชั้น <span style=""opacity:.55"">Ctrl+]</span>","↑ ยกขึ้นหนึ่งชั้น <span style=""opacity:.55"">Ctrl+]</span>"
↓ ดึงจาก Wiki,↓ ดึงจาก Wiki
↓ ลดลงหนึ่งชั้น,↓ ลดลงหนึ่งชั้น
"↓ ลดลงหนึ่งชั้น <span style=""opacity:.55"">Ctrl+[</span>","↓ ลดลงหนึ่งชั้น <span style=""opacity:.55"">Ctrl+[</span>"
↕ กระจายแนวตั้ง,↕ กระจายแนวตั้ง
↗ แชร์ (คัดลอกเป็น Markdown),↗ แชร์ (คัดลอกเป็น Markdown)
↩ กลับไปยังเวอร์ชันล่าสุดที่บันทึก,↩ กลับไปยังเวอร์ชันล่าสุดที่บันทึก
↩ กลับไปเวอร์ชันล่าสุด (Revert),↩ กลับไปเวอร์ชันล่าสุด (Revert)
↩ จำอีกครั้ง,↩ จำอีกครั้ง
↩ ถอยจุดล่าสุด,↩ ถอยจุดล่าสุด
↩ ผลคำสั่งที่ส่งกลับให้โมเดล,↩ ผลคำสั่งที่ส่งกลับให้โมเดล
↩ ย้อนมาที่นี่,↩ ย้อนมาที่นี่
↩ ย้ายกลับเข้าบท…,↩ ย้ายกลับเข้าบท…
↩ เลิกจำเอง,↩ เลิกจำเอง
↳ {0} การตอบกลับ,↳ {0} การตอบกลับ
↶ ย้อนกลับ,↶ ย้อนกลับ
↷ ทำซ้ำ,↷ ทำซ้ำ
↺ ค่าเริ่มต้น,↺ ค่าเริ่มต้น
↻ เริ่มใหม่ (ล้างบทสนทนา),↻ เริ่มใหม่ (ล้างบทสนทนา)
↻ ลองใหม่,↻ ลองใหม่
↻ โหลดไฟล์ภาษาใหม่,↻ โหลดไฟล์ภาษาใหม่
⇄ สลับทิศ,⇄ สลับทิศ
⇋ เทียบกับแผนอื่น…,⇋ เทียบกับแผนอื่น…
⇋ เทียบด้านขวา,⇋ เทียบด้านขวา
⇋ เทียบแผน — ,⇋ เทียบแผน — 
⇋ เทียบเวอร์ชัน…,⇋ เทียบเวอร์ชัน…
⇋ เทียบเวอร์ชัน,⇋ เทียบเวอร์ชัน
⇋ เปิดเทียบด้านขวา,⇋ เปิดเทียบด้านขวา
⇤ ซ้าย,⇤ ซ้าย
⇥ ขวา,⇥ ขวา
⇳ กลางแนวตั้ง,⇳ กลางแนวตั้ง
⇹ กลางแนวนอน,⇹ กลางแนวนอน
⇿ กระจายแนวนอน,⇿ กระจายแนวนอน
 (+{0} ฉาก/บท), (+{0} ฉาก/บท)
＋ กระดานใหม่…,＋ กระดานใหม่…
+ เพิ่ม,+ เพิ่ม
+ เพิ่มคอลัมน์,+ เพิ่มคอลัมน์
＋ เพิ่มฉาก…,＋ เพิ่มฉาก…
+ เพิ่มตัวละคร,+ เพิ่มตัวละคร
＋ เพิ่มบท…,＋ เพิ่มบท…
＋ เพิ่มแผนที่…,＋ เพิ่มแผนที่…
＋ เพิ่มแผนที่,＋ เพิ่มแผนที่
+ เพิ่มฟิลด์,+ เพิ่มฟิลด์
＋ เพิ่มไฟล์งานวิจัย…,＋ เพิ่มไฟล์งานวิจัย…
＋ เพิ่มรูป…,＋ เพิ่มรูป…
＋ เพิ่มรูปใหม่…,＋ เพิ่มรูปใหม่…
＋ เพิ่มเล่ม…,＋ เพิ่มเล่ม…
＋ เพิ่มเล่ม,＋ เพิ่มเล่ม
＋ เพิ่มเล่มใหม่…,＋ เพิ่มเล่มใหม่…
+ เพิ่มสถานะ,+ เพิ่มสถานะ
+ เพิ่มส่วน,+ เพิ่มส่วน
＋ เพิ่มเหตุการณ์,＋ เพิ่มเหตุการณ์
＋ สร้างกระดานแรก…,＋ สร้างกระดานแรก…
+ สร้างเทมเพลตใหม่,+ สร้างเทมเพลตใหม่
+ สร้างเปล่า,+ สร้างเปล่า
＋ สร้างแผนที่แรก…,＋ สร้างแผนที่แรก…
＋ สร้างแผนแรก…,＋ สร้างแผนแรก…
+ สร้างโฟลเดอร์ Research,+ สร้างโฟลเดอร์ Research
＋ สร้างร่างใหม่,＋ สร้างร่างใหม่
＋ สร้างอัลบั้มใหม่…,＋ สร้างอัลบั้มใหม่…
＋ เส้นทางใหม่,＋ เส้นทางใหม่
＋ อัลบั้มย่อยใหม่…,＋ อัลบั้มย่อยใหม่…
+ อ้างอิงเอกสาร/โน้ต…,+ อ้างอิงเอกสาร/โน้ต…
 +อีก {0}, +อีก {0}
+ อีก {0} รายการ,+ อีก {0} รายการ
+ อีก {0} เหตุการณ์ไม่มีเวลาเป็นตัวเลข (ดูในมุมมองการ์ด),+ อีก {0} เหตุการณ์ไม่มีเวลาเป็นตัวเลข (ดูในมุมมองการ์ด)
<!-- ขึ้นหน้าใหม่ -->,<!-- ขึ้นหน้าใหม่ -->
"<article><h1>{0}</h1><p class=""d"">{1} รายการ</p></article><div class=""sec"">{2}</div>","<article><h1>{0}</h1><p class=""d"">{1} รายการ</p></article><div class=""sec"">{2}</div>"
<b>{0} ฉากที่กล่าวถึง “{1}”</b>,<b>{0} ฉากที่กล่าวถึง “{1}”</b>
<b>รูปนี้ถูกใช้ใน</b>,<b>รูปนี้ถูกใช้ใน</b>
"
    <button id=""plp-link"" title=""ลากจากจุดสีส้มรอบการ์ดก็ได้"">🔗 เชื่อมเส้น</button>
    <button id=""plp-center"">🎯 เลื่อนไปหา</button>
    <button id=""plp-reveal"">📂 ในเอกสาร</button>
  ","
    <button id=""plp-link"" title=""ลากจากจุดสีส้มรอบการ์ดก็ได้"">🔗 เชื่อมเส้น</button>
    <button id=""plp-center"">🎯 เลื่อนไปหา</button>
    <button id=""plp-reveal"">📂 ในเอกสาร</button>
  "
"<div class=""aka"">หรือรู้จักในชื่อ: {0}</div>","<div class=""aka"">หรือรู้จักในชื่อ: {0}</div>"
"
        <div class=""home-empty-icon"">📚</div>
        <h2>ยังไม่มีโปรเจกต์</h2>
        <p>สร้างโปรเจกต์แรกของคุณ แล้วเริ่มเขียนนิยายหรือบทภาพยนตร์ได้เลย</p>
      ","
        <div class=""home-empty-icon"">📚</div>
        <h2>ยังไม่มีโปรเจกต์</h2>
        <p>สร้างโปรเจกต์แรกของคุณ แล้วเริ่มเขียนนิยายหรือบทภาพยนตร์ได้เลย</p>
      "
"<div class=""k-dialog"" style=""max-width:95vw;max-height:90vh;overflow:auto;padding:16px"">
    <div class=""k-dlg-title"">เปรียบเทียบ</div>
    <div style=""max-height:75vh;overflow:auto;border:1px solid #ccc;margin:8px 0"">{0}</div>
    <div style=""text-align:right""><button class=""k-ok"">ปิด</button></div>
  </div>","<div class=""k-dialog"" style=""max-width:95vw;max-height:90vh;overflow:auto;padding:16px"">
    <div class=""k-dlg-title"">เปรียบเทียบ</div>
    <div style=""max-height:75vh;overflow:auto;border:1px solid #ccc;margin:8px 0"">{0}</div>
    <div style=""text-align:right""><button class=""k-ok"">ปิด</button></div>
  </div>"
"<div class=""k-dlg-title""></div>
      <div class=""k-dlg-btns""><button class=""k-cancel"">ยกเลิก</button>
      <button class=""k-ok k-danger""></button></div>","<div class=""k-dlg-title""></div>
      <div class=""k-dlg-btns""><button class=""k-cancel"">ยกเลิก</button>
      <button class=""k-ok k-danger""></button></div>"
"<div class=""k-dlg-title""></div>
      <input class=""k-dlg-input"">
      <div class=""k-dlg-btns""><button class=""k-cancel"">ยกเลิก</button>
      <button class=""k-ok""></button></div>","<div class=""k-dlg-title""></div>
      <input class=""k-dlg-input"">
      <div class=""k-dlg-btns""><button class=""k-cancel"">ยกเลิก</button>
      <button class=""k-ok""></button></div>"
"
      <div class=""k-dlg-title"">{0}</div>
      <div class=""k-row"" style=""flex-direction:column;align-items:stretch;gap:6px;margin:6px 0"">
        <label>ชื่อหมวด</label><input type=""text"" class=""k-dlg-input"" id=""cat-label"">
      </div>
      <div class=""k-row"" style=""flex-direction:column;align-items:stretch;gap:6px;margin:10px 0 2px"">
        <label>ไอคอน (อีโมจิ)</label><input type=""text"" class=""k-dlg-input"" id=""cat-icon"" maxlength=""4"">
      </div>
      <div class=""k-dlg-btns""><button class=""k-cancel"">ยกเลิก</button><button class=""k-ok"">ตกลง</button></div>","
      <div class=""k-dlg-title"">{0}</div>
      <div class=""k-row"" style=""flex-direction:column;align-items:stretch;gap:6px;margin:6px 0"">
        <label>ชื่อหมวด</label><input type=""text"" class=""k-dlg-input"" id=""cat-label"">
      </div>
      <div class=""k-row"" style=""flex-direction:column;align-items:stretch;gap:6px;margin:10px 0 2px"">
        <label>ไอคอน (อีโมจิ)</label><input type=""text"" class=""k-dlg-input"" id=""cat-icon"" maxlength=""4"">
      </div>
      <div class=""k-dlg-btns""><button class=""k-cancel"">ยกเลิก</button><button class=""k-ok"">ตกลง</button></div>"
"
    <div class=""k-dlg-title"">{0} <span style=""font-weight:normal;font-size:0.7em;color:#666"">// [alpha.60 ข้อ 94] 🌐 = ระดับผู้ใช้ (ใช้ร่วมทุกโปรเจกต์) · 📁 = ระดับโปรเจกต์ (เฉพาะโปรเจกต์นี้)</span></div>
    <div class=""k-set-tabs"">
      <div class=""k-set-tab on"" data-p=""gen"">🌐 {1}</div>
      <div class=""k-set-tab"" data-p=""write"">🌐 {2}</div>
      <div class=""k-set-tab"" data-p=""auto"">🌐 {3}</div>
      <div class=""k-set-tab"" data-p=""setup"">📁 ข้อมูลผลงาน</div>
      <div class=""k-set-tab"" data-p=""page"">📁 หน้ากระดาษ</div>
      <div class=""k-set-tab"" data-p=""prose"">📁 รูปแบบนิยาย</div>
      <div class=""k-set-tab"" data-p=""spfmt"">📁 รูปแบบบท</div>
      <div class=""k-set-tab"" data-p=""sp"">📁 ปุ่มบทหนัง</div>
      <div class=""k-set-tab"" data-p=""fonts"">📁 ฟอนต์ตามภาษา</div>
      <div class=""k-set-tab"" data-p=""lang"">🌐 {4}</div>
      <div class=""k-set-tab"" data-p=""keys"">🌐 {5}</div>
      <div class=""k-set-tab"" data-p=""netcol"">📁 Story Network</div>
    </div>
    <div class=""k-set-page k-set-2col on"" data-p=""gen"">
      <div class=""k-row""><label>{6}</label><input type=""text"" id=""st-title""></div>
      <div class=""k-row""><label>{7}</label><input type=""text"" id=""st-author""></div>
      <div class=""k-row""><label>{8}<span class=""k-hint"">{9}</span></label><input type=""number"" id=""st-auto"" min=""0"" max=""120""></div>
      <div class=""k-row""><label>{10}</label><input type=""checkbox"" id=""st-backup""></div>
      <div class=""k-row""><label>{11}<span class=""k-hint"">{12}</span></label><input type=""number"" id=""st-maxbak"" min=""1"" max=""200""></div>
      <div class=""k-row""><label>{13}</label><input type=""number"" id=""st-daily"" min=""0""></div>
      <div class=""k-row""><label>{14}</label><input type=""number"" id=""st-proj"" min=""0""></div>
      <div class=""k-set-sub k-full"">// [alpha.60r ข้อ 1] พฤติกรรมตอนเปิดโปรเจกต์</div>
      <div class=""k-row""><label>แสดงหน้าแรกเมื่อเปิดโปรเจกต์<span class=""k-hint"">ปิด = เปิดโปรเจกต์ล่าสุดโดยไม่ถาม</span></label><input type=""checkbox"" id=""st-showhome""></div>
      <div class=""k-set-sub k-full"">// [alpha.69] ประวัติการทำงาน (แผง 🕘)</div>
      <div class=""k-row""><label>เก็บประวัติย้อนหลัง (ครั้ง)<span class=""k-hint"">ยิ่งมากยิ่งย้อนได้ไกล แต่กินที่ใน .k2history/ · 4–500 · ค่าเริ่มต้น 32</span></label><input type=""number"" id=""st-histlimit"" min=""4"" max=""500""></div>
      <div class=""k-row""><label>ปิดการจดประวัติ<span class=""k-hint"">ปิดแล้วแผงประวัติจะไม่มีอะไรใหม่เพิ่ม (ของเดิมยังอยู่)</span></label><input type=""checkbox"" id=""st-histoff""></div>
    </div>
    <div class=""k-set-page k-set-2col"" data-p=""write"">
      <div class=""k-row""><label>{15}<span class=""k-hint"">{16}</span></label><select id=""st-fontfamily"" class=""k-dlg-select"" style=""width:100%""></select></div>
      <div class=""k-row""><label>{17}<span class=""k-hint"">{18}</span></label><select id=""st-spfontfamily"" class=""k-dlg-select"" style=""width:100%""></select></div>
      <div class=""k-row""><label>ขนาดฟอนต์นิยาย (pt)<span class=""k-hint"">มาตรฐานต้นฉบับ = 12pt · รูปแบบอื่น ๆ ดูที่แท็บ ""📖 รูปแบบนิยาย""</span></label><input type=""number"" id=""st-edpt"" class=""k-narrow"" min=""6"" max=""48"" step=""0.5""></div>
      <div class=""k-row""><label>ขนาดฟอนต์บทภาพยนตร์ (pt)<span class=""k-hint"">มาตรฐานบท = 12pt ทุกภาษา</span></label><input type=""number"" id=""st-sppt"" class=""k-narrow"" min=""6"" max=""48"" step=""0.5""></div>
      <div class=""k-row""><label>ขนาดตัวอักษรของ UI<span class=""k-hint"">[บั๊ก 14] ปรับจากค่าเริ่มต้น 14px — มีผลกับเปลือกโปรแกรมเท่านั้น ไม่แตะเอกสาร</span></label><input type=""number"" id=""st-font"" min=""-6"" max=""16"" step=""1""></div>
      <div class=""k-row""><label>ขนาดการ์ดหน้าแรก (px)<span class=""k-hint"">ความกว้างการ์ด 4 คอลัมน์บนหน้าแรก</span></label><input type=""number"" id=""st-homethumb"" class=""k-narrow"" min=""120"" max=""400"" step=""10""></div>
      <div class=""k-row""><label>{19}<span class=""k-hint"">{20}</span></label><input type=""checkbox"" id=""st-ln""></div>
      <div class=""k-row""><label>ปุ่มลอยมุมขวาล่าง (FAB)<span class=""k-hint"">[60r2 ข้อ 9] ปิดแล้วปุ่ม + และเมนูของมันจะหายไปทั้งชุด</span></label><input type=""checkbox"" id=""st-fab""></div>
      <div class=""k-row""><label>{21}<span class=""k-hint"">{22}</span></label><input type=""checkbox"" id=""st-spell""></div>
      <div class=""k-row""><label>{23}<span class=""k-hint"">{24}</span></label><input type=""checkbox"" id=""st-spelldict""></div>
      <div class=""k-row""><label>{25}<span class=""k-hint"">{26}</span></label><input type=""checkbox"" id=""st-mention""></div>
      <div class=""k-row""><label>{27}<span class=""k-hint"">{28}</span></label><input type=""number"" id=""st-recycle"" min=""0"" max=""3650""></div>
      <div class=""k-row""><label>{29}<span class=""k-hint"">{30}</span></label><input type=""range"" id=""st-fmdim"" min=""0.05"" max=""0.8"" step=""0.05""><span id=""st-fmdim-lbl"" class=""k-hint""></span></div>
      <div class=""k-row""><label>{31}<span class=""k-hint"">{32}</span></label><input type=""range"" id=""st-uiscale"" min=""0.75"" max=""2"" step=""0.05""><span id=""st-uiscale-lbl"" class=""k-hint""></span></div>
      <div class=""k-set-sub k-full"">🔊 เสียงเครื่องพิมพ์ดีด</div>
      <div class=""k-row""><label>เปิดเสียงขณะพิมพ์<span class=""k-hint"">เคาะแป้น · วรรค · ลบ · กระดิ่งตอนขึ้นบรรทัด</span></label><input type=""checkbox"" id=""st-typesnd""></div>
      <div class=""k-row""><label>เล่นเมื่อไร<span class=""k-hint"">[60r2 ข้อ 4] ค่าเริ่มต้น = ดังตลอด · เดิมต้องเปิดสวิตช์ที่สองด้วยจึงจะได้ยิน</span></label><select id=""st-typesnd-mode"" class=""k-dlg-select""><option value=""always"">ดังตลอดเวลาที่พิมพ์</option><option value=""typewriter"">เฉพาะโหมดเครื่องพิมพ์ดีด (Ctrl+Shift+T)</option></select></div>
      <div class=""k-row""><label>ระดับเสียง</label><input type=""range"" id=""st-typesnd-vol"" min=""0"" max=""1"" step=""0.05""><span id=""st-typesnd-lbl"" class=""k-hint""></span></div>
      <div class=""k-row""><label>ลองฟัง</label><span><button id=""st-typesnd-test"" class=""k-key-btn"">เคาะ</button> <button id=""st-typesnd-test2"" class=""k-key-btn"">ขึ้นบรรทัด</button></span></div>
    </div>
    <div class=""k-set-page"" data-p=""auto"">
      <div class=""k-row""><label>{33} {34}<span class=""k-hint"">{35}</span></label><input type=""checkbox"" id=""st-autosync""></div>
      <div class=""k-set-sub k-full"">// [alpha.60 ข้อ 96] ปรับหน้าใหม่อัตโนมัติสำหรับบทภาพยนตร์</div>
      <div class=""k-row""><label>คำนวณจำนวนหน้าใหม่หลังหยุดพิมพ์<span class=""k-hint"">ทำงานหลังจากหยุดพักตามช่วงเวลาที่ตั้ง · ใช้กับบทภาพยนตร์เท่านั้น</span></label><input type=""checkbox"" id=""st-autopag""></div>
      <div class=""k-row""><label>รอหลังหยุดพิมพ์ (วินาที)<span class=""k-hint"">1–60 วินาที ก่อนคำนวณหน้าใหม่ · ยิ่งสั้นยิ่งใช้ CPU มาก</span></label><input type=""number"" id=""st-pagintv"" min=""1"" max=""60"" step=""1"" class=""k-narrow""></div>
    </div>
    <div class=""k-set-page k-set-2col"" data-p=""setup"">
      <div class=""k-hint"" style=""margin-bottom:10px"">[98] ข้อมูลบนหน้าปกบท/ต้นฉบับ — ใช้ตอนพิมพ์และส่งออก</div>
      <div class=""k-set-sub"">ผู้เขียน</div>
      <div class=""k-row""><label>อีเมลผู้เขียน</label><input type=""text"" id=""st-email""></div>
      <div class=""k-row""><label>ข้อมูลติดต่อ (Contact information)</label><input type=""text"" id=""st-contact""></div>
      <div class=""k-row""><label>โทรศัพท์ (Phone)</label><input type=""text"" id=""st-phone""></div>
      <div class=""k-set-sub"">เครดิตบท</div>
      <div class=""k-row""><label>Screenplay By</label><input type=""text"" id=""st-spby""></div>
      <div class=""k-row""><label>Based On</label><input type=""text"" id=""st-basedon""></div>
      <div class=""k-row""><label>Revisions by</label><input type=""text"" id=""st-revby""></div>
      <div class=""k-set-sub"">ตัวแทน (Agent)</div>
      <div class=""k-row""><label>Agent's Name</label><input type=""text"" id=""st-agname""></div>
      <div class=""k-row""><label>Agent's Address</label><input type=""text"" id=""st-agaddr""></div>
      <div class=""k-row""><label>Agent's Phone</label><input type=""text"" id=""st-agphone""></div>
      <div class=""k-row""><label>Agent's Email</label><input type=""text"" id=""st-agemail""></div>
      <div class=""k-set-sub"">ลิขสิทธิ์</div>
      <div class=""k-row""><label>Copyright by</label><input type=""text"" id=""st-copyright""></div>
    </div>
    <div class=""k-set-page k-set-2col"" data-p=""page"">
      <div class=""k-hint"" style=""margin-bottom:10px"">[85] ขนาดกระดาษและระยะขอบ — ใช้ร่วมกันทั้งโหมดนิยายและโหมดบทภาพยนตร์</div>
      <div class=""k-row""><label>ขนาดกระดาษ</label><select id=""st-paper"" class=""k-dlg-select""></select></div>
      <div class=""k-row k-full"" id=""st-paper-custom""><label>กว้าง × สูง (นิ้ว)</label>
        <span><input type=""number"" id=""st-paper-w"" class=""k-narrow"" min=""3"" max=""30"" step=""0.01"">
        × <input type=""number"" id=""st-paper-h"" class=""k-narrow"" min=""3"" max=""40"" step=""0.01""></span></div>
      <div class=""k-set-sub"">ระยะขอบ (นิ้ว)</div>
      <!-- [alpha.60r2 ข้อ 6] ชุดสำเร็จรูป — เลือกแล้วเติมช่องทั้งสี่ให้ทันที (ค่าอยู่ใน src/margin-presets.json) -->
      <div class=""k-row k-full""><label>ชุดสำเร็จรูป<span class=""k-hint"">เลือกแล้วเติมค่าทั้งสี่ด้านให้ · แก้ตัวเลขเองได้ต่อ</span></label><select id=""st-mg-preset"" class=""k-dlg-select""></select></div>
      <div class=""k-set-grid2"">
        <div class=""k-row""><label>บน (Top)</label><input type=""number"" id=""st-mg-top"" class=""k-narrow"" min=""0"" max=""5"" step=""0.05""></div>
        <div class=""k-row""><label>ล่าง (Bottom)</label><input type=""number"" id=""st-mg-bottom"" class=""k-narrow"" min=""0"" max=""5"" step=""0.05""></div>
        <div class=""k-row""><label>ซ้าย (Left)</label><input type=""number"" id=""st-mg-left"" class=""k-narrow"" min=""0"" max=""5"" step=""0.05""></div>
        <div class=""k-row""><label>ขวา (Right)</label><input type=""number"" id=""st-mg-right"" class=""k-narrow"" min=""0"" max=""5"" step=""0.05""></div>
      </div>
      <div class=""k-row""><label>ช่วงบรรทัดบทภาพยนตร์<span class=""k-hint"">มาตรฐาน = 1 (6 บรรทัด/นิ้ว) · เปลี่ยนแล้วจำนวนบรรทัดต่อหน้าเปลี่ยนตาม</span></label><input type=""number"" id=""st-splh"" class=""k-narrow"" min=""0.8"" max=""2.5"" step=""0.05""></div>
      <div class=""k-row""><label>ช่องว่างระหว่างหน้าในโหมดจัดหน้า (px)</label><input type=""number"" id=""st-sppagegap"" class=""k-narrow"" min=""8"" max=""120"" step=""2""></div>
      <div class=""k-hint k-full"" id=""st-page-info"" style=""margin-top:8px""></div>
      <div class=""k-set-sub k-full"">เลขฉาก (Scene Number)</div>
      <div class=""k-row""><label>แสดงเลขฉากข้างหัวฉาก<span class=""k-hint"">เลขจะอยู่ทั้งซ้ายและขวาของบรรทัดหัวฉาก</span></label><input type=""checkbox"" id=""st-sn-show""></div>
      <div class=""k-row""><label>ท้ายเลข<span class=""k-hint"">เช่น ว่าง หรือ "".""</span></label><input type=""text"" id=""st-sn-suffix"" class=""k-narrow""></div>
      <div class=""k-row""><label>ซ้าย: ระยะจากขอบกระดาษซ้าย (นิ้ว)</label><input type=""number"" id=""st-sn-left"" class=""k-narrow"" min=""0"" max=""5"" step=""0.05""></div>
      <div class=""k-row""><label>ขวา: ระยะจากขอบกระดาษขวา (นิ้ว)</label><input type=""number"" id=""st-sn-right"" class=""k-narrow"" min=""0"" max=""5"" step=""0.05""></div>
      <div class=""k-set-sub k-full"">เลขหน้า (Page Number)</div>
      <div class=""k-row""><label>แสดงเลขหน้า<span class=""k-hint"">มีเฉพาะไฟล์ที่เป็นฉาก · เลขเริ่มต้นตั้งรายไฟล์ที่ ""คุณสมบัติฉาก""</span></label><input type=""checkbox"" id=""st-pn-show""></div>
      <div class=""k-row""><label>ใส่เลขบนหน้าแรกด้วย<span class=""k-hint"">ธรรมเนียมบท: หน้าแรกไม่ใส่เลข</span></label><input type=""checkbox"" id=""st-pn-first""></div>
      <div class=""k-row""><label>ระยะจากขอบขวา (นิ้ว)</label><input type=""number"" id=""st-pn-right"" class=""k-narrow"" min=""0"" max=""5"" step=""0.05""></div>
      <div class=""k-row""><label>ระยะจากขอบบน (นิ้ว)</label><input type=""number"" id=""st-pn-top"" class=""k-narrow"" min=""0"" max=""5"" step=""0.05""></div>
      <div class=""k-row""><label>ท้ายเลข</label><input type=""text"" id=""st-pn-suffix"" class=""k-narrow""></div>
      <div class=""k-set-sub"">[84] กฎการตัดหน้า (widow / orphan)</div>
      <div class=""k-set-grid2"">
        <div class=""k-row""><label>บรรยาย: เหลือท้ายหน้าอย่างน้อย</label><input type=""number"" id=""st-pb-ab"" class=""k-narrow"" min=""0"" max=""20""></div>
        <div class=""k-row""><label>บรรยาย: ยกไปหน้าใหม่อย่างน้อย</label><input type=""number"" id=""st-pb-at"" class=""k-narrow"" min=""0"" max=""20""></div>
        <div class=""k-row""><label>บทพูด: เหลือท้ายหน้าอย่างน้อย</label><input type=""number"" id=""st-pb-db"" class=""k-narrow"" min=""0"" max=""20""></div>
        <div class=""k-row""><label>บทพูด: ยกไปหน้าใหม่อย่างน้อย</label><input type=""number"" id=""st-pb-dt"" class=""k-narrow"" min=""0"" max=""20""></div>
        <div class=""k-row""><label>ขีดท้ายบรรทัดติดกันไม่เกิน</label><input type=""number"" id=""st-pb-hy"" class=""k-narrow"" min=""0"" max=""10""></div>
        <div class=""k-row""><label>หัวฉากท้ายหน้าต้องมีเนื้อตาม</label><input type=""number"" id=""st-pb-ks"" class=""k-narrow"" min=""0"" max=""20""></div>
      </div>
      <div class=""k-set-sub"">[92] ข้อความมาตรฐาน</div>
      <div class=""k-row""><label>ท้ายหน้าเมื่อฉากต่อเนื่อง</label><input type=""text"" id=""st-str-cb""></div>
      <div class=""k-row""><label>ต้นหน้าเมื่อฉากต่อเนื่อง</label><input type=""text"" id=""st-str-ct""></div>
      <div class=""k-row""><label>บทพูดยังไม่จบ (MORE)</label><input type=""text"" id=""st-str-more""></div>
      <div class=""k-row""><label>ทวนชื่อตัวละคร (cont'd)</label><input type=""text"" id=""st-str-contd""></div>
      <div class=""k-row""><label>หัวข้อ Scene / Time (หน้ารายชื่อ)</label>
        <span><input type=""text"" id=""st-str-scene"" style=""width:46%""> <input type=""text"" id=""st-str-time"" style=""width:46%""></span></div>
      <div class=""k-full"" style=""margin-top:12px; text-align:right""><button id=""st-page-reset"" class=""k-reset-btn"">↺ คืนค่าเริ่มต้น</button></div>
    </div>
    <div class=""k-set-page k-set-2col"" data-p=""prose"">
      <div class=""k-hint k-full"" style=""margin-bottom:10px"">
        [16–24] รูปแบบของ ""เนื้อเรื่องนิยาย"" — ย่อหน้าบรรทัดแรก · ช่วงบรรทัด · หัวข้อ · ยกคำพูด
        · ค่าที่ตั้งที่นี่ใช้ทั้งบนจอและตอนส่งออก HTML (WYSIWYG)</div>
      <div class=""k-set-sub k-full"">เนื้อเรื่อง</div>
      <div class=""k-row""><label>ฟอนต์นิยาย<span class=""k-hint"">ว่าง = ตัวพิมพ์สัดส่วนมาตรฐาน (Sarabun/Georgia) ไม่ใช่ Courier ของบท</span></label><select id=""st-pr-font"" class=""k-dlg-select"" style=""width:100%""></select></div>
      <div class=""k-row""><label>ขนาด (pt)</label><input type=""number"" id=""st-pr-pt"" class=""k-narrow"" min=""6"" max=""48"" step=""0.5""></div>
      <div class=""k-row""><label>ช่วงบรรทัด<span class=""k-hint"">1.0 = ชิด · 1.75 = ปกติ · 2.0 = เว้นบรรทัดคู่</span></label><input type=""number"" id=""st-pr-lh"" class=""k-narrow"" min=""0.8"" max=""4"" step=""0.05""></div>
      <div class=""k-row""><label>ระยะระหว่างย่อหน้า (em)<span class=""k-hint"">นิยายมาตรฐาน = 0 (ใช้ย่อหน้าแทนการเว้นบรรทัด)</span></label><input type=""number"" id=""st-pr-para"" class=""k-narrow"" min=""0"" max=""4"" step=""0.05""></div>
      <div class=""k-row""><label>ย่อหน้าบรรทัดแรก (นิ้ว)<span class=""k-hint"">มาตรฐาน 0.3–0.5 นิ้ว · 0 = ไม่ย่อ</span></label><input type=""number"" id=""st-pr-indent"" class=""k-narrow"" min=""0"" max=""3"" step=""0.05""></div>
      <div class=""k-row""><label>ย่อหน้าแรกหลังหัวข้อด้วย<span class=""k-hint"">ธรรมเนียมสากล: ย่อหน้าแรกของบทไม่ย่อ</span></label><input type=""checkbox"" id=""st-pr-indent-h""></div>
      <div class=""k-row""><label>จัดหน้าเริ่มต้น</label><select id=""st-pr-align"" class=""k-dlg-select""><option value=""left"">ชิดซ้าย</option><option value=""justify"">เต็มบรรทัด</option></select></div>
      <div class=""k-set-sub k-full"">หัวข้อ (h1–h6)</div>
      <div class=""k-row""><label>ฟอนต์หัวข้อ<span class=""k-hint"">ว่าง = เหมือนเนื้อเรื่อง</span></label><select id=""st-pr-hfont"" class=""k-dlg-select"" style=""width:100%""></select></div>
      <div class=""k-row""><label>สีหัวข้อ<span class=""k-hint"">ว่าง = ใช้สีของธีม</span></label><input type=""text"" id=""st-pr-hcolor"" class=""k-narrow"" placeholder=""#c8792f""></div>
      <div class=""k-full""><table class=""k-sp-cycle-tbl"" id=""st-pr-heads"">
        <thead><tr><th>ระดับ</th><th>ขนาด (เท่า)</th><th>หนา</th><th>เอียง</th><th>เว้นก่อน (em)</th><th>เว้นหลัง (em)</th><th>จัดหน้า</th></tr></thead>
        <tbody></tbody></table></div>
      <div class=""k-row""><label>เติมเลขบทอัตโนมัติ<span class=""k-hint"">วาดด้วย CSS — ไม่เขียนตัวเลขลงไฟล์</span></label><input type=""checkbox"" id=""st-pr-hnum""></div>
      <div class=""k-row""><label>รูปแบบเลขบท<span class=""k-hint"">ใช้ {{n}}</span></label><input type=""text"" id=""st-pr-hnumfmt""></div>
      <div class=""k-row""><label>ใส่เลขให้หัวข้อระดับ</label><input type=""number"" id=""st-pr-hnumlv"" class=""k-narrow"" min=""1"" max=""6""></div>
      <div class=""k-set-sub k-full"">ยกคำพูด (Blockquote)</div>
      <div class=""k-row""><label>ตัวเอียง</label><input type=""checkbox"" id=""st-pr-qi""></div>
      <div class=""k-row""><label>มีเส้นขอบซ้าย</label><input type=""checkbox"" id=""st-pr-qb""></div>
      <div class=""k-row""><label>ระยะเยื้อง (นิ้ว)</label><input type=""number"" id=""st-pr-qind"" class=""k-narrow"" min=""0"" max=""3"" step=""0.05""></div>
      <div class=""k-row""><label>สีตัวอักษร<span class=""k-hint"">ว่าง = ใช้สีของธีม</span></label><input type=""text"" id=""st-pr-qcolor"" class=""k-narrow"" placeholder=""#c8792f""></div>
      <div class=""k-set-sub k-full"">เลขหน้า (มุมมองหน้ากระดาษของนิยาย)</div>
      <div class=""k-row""><label>แสดงเลขหน้า</label><input type=""checkbox"" id=""st-pr-pgnum""></div>
      <div class=""k-row""><label>ใส่เลขบนหน้าแรกด้วย</label><input type=""checkbox"" id=""st-pr-pgfirst""></div>
      <div class=""k-hint k-full"" id=""st-pr-info"" style=""margin-top:8px""></div>
      <div class=""k-full"" style=""margin-top:12px; display:flex; gap:8px; justify-content:flex-end; flex-wrap:wrap"">
        <button id=""st-pr-preset-novel"" class=""k-key-btn"">📖 ตั้งเป็นแบบนิยายมาตรฐาน</button>
        <button id=""st-pr-preset-ms"" class=""k-key-btn"">📄 ต้นฉบับส่งสำนักพิมพ์ (เว้นบรรทัดคู่)</button>
        <button id=""st-pr-reset"" class=""k-reset-btn"">↺ คืนค่าเริ่มต้น</button>
      </div>
    </div>
    <div class=""k-set-page"" data-p=""spfmt"">
      <div class=""k-hint"" style=""margin-bottom:10px"">[81][82][83] ระยะเยื้อง (วัดจากขอบกระดาษ) · ความกว้าง · ระยะเว้นบรรทัด (10 = 1 บรรทัด) · ตัวอักษรบนจอ / ตอนพิมพ์</div>
      <div class=""k-spfmt-scroll"">
        <table class=""k-spfmt-tbl"" id=""st-spfmt"">
          <thead><tr>
            <th rowspan=""2"">Element</th><th rowspan=""2"">เยื้อง""</th><th rowspan=""2"">กว้าง""</th>
            <th rowspan=""2"">เว้นก่อน</th><th rowspan=""2"">ระยะบรรทัด</th>
            <th colspan=""4"">บนจอ</th><th colspan=""4"">ตอนพิมพ์</th>
          </tr><tr>
            <th>ใหญ่</th><th>หนา</th><th>เอียง</th><th>ขีด</th>
            <th>ใหญ่</th><th>หนา</th><th>เอียง</th><th>ขีด</th>
          </tr></thead><tbody></tbody>
        </table>
      </div>
      <div style=""margin-top:12px; text-align:right""><button id=""st-spfmt-reset"" class=""k-reset-btn"">↺ คืนค่าเริ่มต้น</button></div>
    </div>
    <div class=""k-set-page"" data-p=""sp"">
      <div class=""k-row""><label>เปิดระบบปุ่มสลับ element<span class=""k-hint"">ปิด = Enter ขึ้นบรรทัดใหม่ชนิดเดิม · ปุ่มอื่นไม่ทำงาน</span></label><input type=""checkbox"" id=""st-spcycle-on""></div>
      <div class=""k-set-sub"">ปุ่มที่ใช้ (กด ""เปลี่ยน"" แล้วกดปุ่มใหม่)</div>
      <div id=""st-spkeys""></div>
      <div class=""k-hint"" style=""margin:12px 0"">ควบคุมว่าปุ่มแต่ละตัวจะสร้างหรือสลับเป็น element ใด</div>
      <table class=""k-sp-cycle-tbl"" id=""st-spcycle""><thead><tr><th>Element</th><th id=""st-hd-enter"">Enter →</th><th id=""st-hd-tab"">Tab →</th><th id=""st-hd-stab"">Shift+Tab →</th></tr></thead><tbody></tbody></table>
      <div style=""margin-top:12px; text-align:right""><button id=""st-spcycle-reset"" class=""k-reset-btn"">↺ คืนค่าเริ่มต้น</button></div>
    </div>
    <div class=""k-set-page"" data-p=""fonts"">
      <div class=""k-hint"" style=""margin-bottom:10px"">
        ฟอนต์บทมาตรฐาน (Courier) ไม่มีอักษรไทย — กำหนดเองได้ว่า ""ช่วงอักขระไหน ใช้ฟอนต์อะไร""
        เพิ่มได้ไม่จำกัด · ใช้ได้ทั้งโหมดนิยายและบทภาพยนตร์ · แถวบนสุดมีลำดับก่อน</div>
      <div id=""st-fonts-list""></div>
      <div style=""margin-top:12px; display:flex; gap:8px; flex-wrap:wrap"">
        <button id=""st-fonts-add"" class=""k-key-btn"">➕ เพิ่มแถว</button>
        <button id=""st-fonts-import"" class=""k-key-btn"">📁 นำเข้าไฟล์ฟอนต์เข้าโปรเจกต์…</button>
        <button id=""st-fonts-reset"" class=""k-reset-btn"">↺ คืนค่าเริ่มต้น</button>
      </div>
      <div class=""k-hint"" id=""st-fonts-preview"" style=""margin-top:14px""></div>
      <div id=""st-fonts-sample"" style=""margin-top:6px; font-size:22px; line-height:1.7""></div>
    </div>
    <div class=""k-set-page"" data-p=""lang"">
      <div class=""k-row""><label>{36}</label>
        <select id=""st-lang""></select>
      </div>
      <div class=""k-hint"" style=""margin-top:10px"">{37}</div>
      <div id=""st-lang-dirs"" class=""k-hint"" style=""margin-top:6px; opacity:.7; font-size:11px""></div>
      <div class=""k-dlg-btns"" style=""justify-content:flex-start; margin-top:12px"">
        <button id=""st-lang-export"" class=""cmp-mini"">{38}</button>
        <button id=""st-lang-folder"" class=""cmp-mini"">{39}</button>
        <button id=""st-lang-reload"" class=""cmp-mini"">{40}</button>
      </div>
    </div>
    <div class=""k-set-page"" data-p=""keys"">
      <div class=""k-hint"" style=""margin-bottom:10px"">{41}</div>
      <div id=""st-keys""></div>
    </div>
    <div class=""k-set-page"" data-p=""netcol"">
      <div class=""k-hint"" style=""margin-bottom:10px"">สีและการควบคุมของ Story Network — ช่องทั้งหมดสร้างจากนิยามกลาง (network-theme.js) จึงครบทุกสีที่ผังใช้จริงเสมอ</div>
      <div class=""k-set-sub k-full"">🖱 การควบคุมด้วยเมาส์</div>
      <div class=""k-row""><label>ปุ่มหมุนมุมมอง 3D</label><select id=""st-net-orbit"" class=""k-dlg-select""></select></div>
      <div class=""k-row""><label>ปุ่มเลื่อนผัง (แพน)</label><select id=""st-net-pan"" class=""k-dlg-select""></select></div>
      <div class=""k-hint k-full"" id=""st-net-hint"" style=""margin:2px 0 10px""></div>
      <div id=""st-netcol-body""></div>
    </div>
    </div>
    <div class=""k-dlg-btns""><button class=""k-cancel"">{42}</button><button class=""k-ok"">{43}</button></div>","
    <div class=""k-dlg-title"">{0} <span style=""font-weight:normal;font-size:0.7em;color:#666"">// [alpha.60 ข้อ 94] 🌐 = ระดับผู้ใช้ (ใช้ร่วมทุกโปรเจกต์) · 📁 = ระดับโปรเจกต์ (เฉพาะโปรเจกต์นี้)</span></div>
    <div class=""k-set-tabs"">
      <div class=""k-set-tab on"" data-p=""gen"">🌐 {1}</div>
      <div class=""k-set-tab"" data-p=""write"">🌐 {2}</div>
      <div class=""k-set-tab"" data-p=""auto"">🌐 {3}</div>
      <div class=""k-set-tab"" data-p=""setup"">📁 ข้อมูลผลงาน</div>
      <div class=""k-set-tab"" data-p=""page"">📁 หน้ากระดาษ</div>
      <div class=""k-set-tab"" data-p=""prose"">📁 รูปแบบนิยาย</div>
      <div class=""k-set-tab"" data-p=""spfmt"">📁 รูปแบบบท</div>
      <div class=""k-set-tab"" data-p=""sp"">📁 ปุ่มบทหนัง</div>
      <div class=""k-set-tab"" data-p=""fonts"">📁 ฟอนต์ตามภาษา</div>
      <div class=""k-set-tab"" data-p=""lang"">🌐 {4}</div>
      <div class=""k-set-tab"" data-p=""keys"">🌐 {5}</div>
      <div class=""k-set-tab"" data-p=""netcol"">📁 Story Network</div>
    </div>
    <div class=""k-set-page k-set-2col on"" data-p=""gen"">
      <div class=""k-row""><label>{6}</label><input type=""text"" id=""st-title""></div>
      <div class=""k-row""><label>{7}</label><input type=""text"" id=""st-author""></div>
      <div class=""k-row""><label>{8}<span class=""k-hint"">{9}</span></label><input type=""number"" id=""st-auto"" min=""0"" max=""120""></div>
      <div class=""k-row""><label>{10}</label><input type=""checkbox"" id=""st-backup""></div>
      <div class=""k-row""><label>{11}<span class=""k-hint"">{12}</span></label><input type=""number"" id=""st-maxbak"" min=""1"" max=""200""></div>
      <div class=""k-row""><label>{13}</label><input type=""number"" id=""st-daily"" min=""0""></div>
      <div class=""k-row""><label>{14}</label><input type=""number"" id=""st-proj"" min=""0""></div>
      <div class=""k-set-sub k-full"">// [alpha.60r ข้อ 1] พฤติกรรมตอนเปิดโปรเจกต์</div>
      <div class=""k-row""><label>แสดงหน้าแรกเมื่อเปิดโปรเจกต์<span class=""k-hint"">ปิด = เปิดโปรเจกต์ล่าสุดโดยไม่ถาม</span></label><input type=""checkbox"" id=""st-showhome""></div>
      <div class=""k-set-sub k-full"">// [alpha.69] ประวัติการทำงาน (แผง 🕘)</div>
      <div class=""k-row""><label>เก็บประวัติย้อนหลัง (ครั้ง)<span class=""k-hint"">ยิ่งมากยิ่งย้อนได้ไกล แต่กินที่ใน .k2history/ · 4–500 · ค่าเริ่มต้น 32</span></label><input type=""number"" id=""st-histlimit"" min=""4"" max=""500""></div>
      <div class=""k-row""><label>ปิดการจดประวัติ<span class=""k-hint"">ปิดแล้วแผงประวัติจะไม่มีอะไรใหม่เพิ่ม (ของเดิมยังอยู่)</span></label><input type=""checkbox"" id=""st-histoff""></div>
    </div>
    <div class=""k-set-page k-set-2col"" data-p=""write"">
      <div class=""k-row""><label>{15}<span class=""k-hint"">{16}</span></label><select id=""st-fontfamily"" class=""k-dlg-select"" style=""width:100%""></select></div>
      <div class=""k-row""><label>{17}<span class=""k-hint"">{18}</span></label><select id=""st-spfontfamily"" class=""k-dlg-select"" style=""width:100%""></select></div>
      <div class=""k-row""><label>ขนาดฟอนต์นิยาย (pt)<span class=""k-hint"">มาตรฐานต้นฉบับ = 12pt · รูปแบบอื่น ๆ ดูที่แท็บ ""📖 รูปแบบนิยาย""</span></label><input type=""number"" id=""st-edpt"" class=""k-narrow"" min=""6"" max=""48"" step=""0.5""></div>
      <div class=""k-row""><label>ขนาดฟอนต์บทภาพยนตร์ (pt)<span class=""k-hint"">มาตรฐานบท = 12pt ทุกภาษา</span></label><input type=""number"" id=""st-sppt"" class=""k-narrow"" min=""6"" max=""48"" step=""0.5""></div>
      <div class=""k-row""><label>ขนาดตัวอักษรของ UI<span class=""k-hint"">[บั๊ก 14] ปรับจากค่าเริ่มต้น 14px — มีผลกับเปลือกโปรแกรมเท่านั้น ไม่แตะเอกสาร</span></label><input type=""number"" id=""st-font"" min=""-6"" max=""16"" step=""1""></div>
      <div class=""k-row""><label>ขนาดการ์ดหน้าแรก (px)<span class=""k-hint"">ความกว้างการ์ด 4 คอลัมน์บนหน้าแรก</span></label><input type=""number"" id=""st-homethumb"" class=""k-narrow"" min=""120"" max=""400"" step=""10""></div>
      <div class=""k-row""><label>{19}<span class=""k-hint"">{20}</span></label><input type=""checkbox"" id=""st-ln""></div>
      <div class=""k-row""><label>ปุ่มลอยมุมขวาล่าง (FAB)<span class=""k-hint"">[60r2 ข้อ 9] ปิดแล้วปุ่ม + และเมนูของมันจะหายไปทั้งชุด</span></label><input type=""checkbox"" id=""st-fab""></div>
      <div class=""k-row""><label>{21}<span class=""k-hint"">{22}</span></label><input type=""checkbox"" id=""st-spell""></div>
      <div class=""k-row""><label>{23}<span class=""k-hint"">{24}</span></label><input type=""checkbox"" id=""st-spelldict""></div>
      <div class=""k-row""><label>{25}<span class=""k-hint"">{26}</span></label><input type=""checkbox"" id=""st-mention""></div>
      <div class=""k-row""><label>{27}<span class=""k-hint"">{28}</span></label><input type=""number"" id=""st-recycle"" min=""0"" max=""3650""></div>
      <div class=""k-row""><label>{29}<span class=""k-hint"">{30}</span></label><input type=""range"" id=""st-fmdim"" min=""0.05"" max=""0.8"" step=""0.05""><span id=""st-fmdim-lbl"" class=""k-hint""></span></div>
      <div class=""k-row""><label>{31}<span class=""k-hint"">{32}</span></label><input type=""range"" id=""st-uiscale"" min=""0.75"" max=""2"" step=""0.05""><span id=""st-uiscale-lbl"" class=""k-hint""></span></div>
      <div class=""k-set-sub k-full"">🔊 เสียงเครื่องพิมพ์ดีด</div>
      <div class=""k-row""><label>เปิดเสียงขณะพิมพ์<span class=""k-hint"">เคาะแป้น · วรรค · ลบ · กระดิ่งตอนขึ้นบรรทัด</span></label><input type=""checkbox"" id=""st-typesnd""></div>
      <div class=""k-row""><label>เล่นเมื่อไร<span class=""k-hint"">[60r2 ข้อ 4] ค่าเริ่มต้น = ดังตลอด · เดิมต้องเปิดสวิตช์ที่สองด้วยจึงจะได้ยิน</span></label><select id=""st-typesnd-mode"" class=""k-dlg-select""><option value=""always"">ดังตลอดเวลาที่พิมพ์</option><option value=""typewriter"">เฉพาะโหมดเครื่องพิมพ์ดีด (Ctrl+Shift+T)</option></select></div>
      <div class=""k-row""><label>ระดับเสียง</label><input type=""range"" id=""st-typesnd-vol"" min=""0"" max=""1"" step=""0.05""><span id=""st-typesnd-lbl"" class=""k-hint""></span></div>
      <div class=""k-row""><label>ลองฟัง</label><span><button id=""st-typesnd-test"" class=""k-key-btn"">เคาะ</button> <button id=""st-typesnd-test2"" class=""k-key-btn"">ขึ้นบรรทัด</button></span></div>
    </div>
    <div class=""k-set-page"" data-p=""auto"">
      <div class=""k-row""><label>{33} {34}<span class=""k-hint"">{35}</span></label><input type=""checkbox"" id=""st-autosync""></div>
      <div class=""k-set-sub k-full"">// [alpha.60 ข้อ 96] ปรับหน้าใหม่อัตโนมัติสำหรับบทภาพยนตร์</div>
      <div class=""k-row""><label>คำนวณจำนวนหน้าใหม่หลังหยุดพิมพ์<span class=""k-hint"">ทำงานหลังจากหยุดพักตามช่วงเวลาที่ตั้ง · ใช้กับบทภาพยนตร์เท่านั้น</span></label><input type=""checkbox"" id=""st-autopag""></div>
      <div class=""k-row""><label>รอหลังหยุดพิมพ์ (วินาที)<span class=""k-hint"">1–60 วินาที ก่อนคำนวณหน้าใหม่ · ยิ่งสั้นยิ่งใช้ CPU มาก</span></label><input type=""number"" id=""st-pagintv"" min=""1"" max=""60"" step=""1"" class=""k-narrow""></div>
    </div>
    <div class=""k-set-page k-set-2col"" data-p=""setup"">
      <div class=""k-hint"" style=""margin-bottom:10px"">[98] ข้อมูลบนหน้าปกบท/ต้นฉบับ — ใช้ตอนพิมพ์และส่งออก</div>
      <div class=""k-set-sub"">ผู้เขียน</div>
      <div class=""k-row""><label>อีเมลผู้เขียน</label><input type=""text"" id=""st-email""></div>
      <div class=""k-row""><label>ข้อมูลติดต่อ (Contact information)</label><input type=""text"" id=""st-contact""></div>
      <div class=""k-row""><label>โทรศัพท์ (Phone)</label><input type=""text"" id=""st-phone""></div>
      <div class=""k-set-sub"">เครดิตบท</div>
      <div class=""k-row""><label>Screenplay By</label><input type=""text"" id=""st-spby""></div>
      <div class=""k-row""><label>Based On</label><input type=""text"" id=""st-basedon""></div>
      <div class=""k-row""><label>Revisions by</label><input type=""text"" id=""st-revby""></div>
      <div class=""k-set-sub"">ตัวแทน (Agent)</div>
      <div class=""k-row""><label>Agent's Name</label><input type=""text"" id=""st-agname""></div>
      <div class=""k-row""><label>Agent's Address</label><input type=""text"" id=""st-agaddr""></div>
      <div class=""k-row""><label>Agent's Phone</label><input type=""text"" id=""st-agphone""></div>
      <div class=""k-row""><label>Agent's Email</label><input type=""text"" id=""st-agemail""></div>
      <div class=""k-set-sub"">ลิขสิทธิ์</div>
      <div class=""k-row""><label>Copyright by</label><input type=""text"" id=""st-copyright""></div>
    </div>
    <div class=""k-set-page k-set-2col"" data-p=""page"">
      <div class=""k-hint"" style=""margin-bottom:10px"">[85] ขนาดกระดาษและระยะขอบ — ใช้ร่วมกันทั้งโหมดนิยายและโหมดบทภาพยนตร์</div>
      <div class=""k-row""><label>ขนาดกระดาษ</label><select id=""st-paper"" class=""k-dlg-select""></select></div>
      <div class=""k-row k-full"" id=""st-paper-custom""><label>กว้าง × สูง (นิ้ว)</label>
        <span><input type=""number"" id=""st-paper-w"" class=""k-narrow"" min=""3"" max=""30"" step=""0.01"">
        × <input type=""number"" id=""st-paper-h"" class=""k-narrow"" min=""3"" max=""40"" step=""0.01""></span></div>
      <div class=""k-set-sub"">ระยะขอบ (นิ้ว)</div>
      <!-- [alpha.60r2 ข้อ 6] ชุดสำเร็จรูป — เลือกแล้วเติมช่องทั้งสี่ให้ทันที (ค่าอยู่ใน src/margin-presets.json) -->
      <div class=""k-row k-full""><label>ชุดสำเร็จรูป<span class=""k-hint"">เลือกแล้วเติมค่าทั้งสี่ด้านให้ · แก้ตัวเลขเองได้ต่อ</span></label><select id=""st-mg-preset"" class=""k-dlg-select""></select></div>
      <div class=""k-set-grid2"">
        <div class=""k-row""><label>บน (Top)</label><input type=""number"" id=""st-mg-top"" class=""k-narrow"" min=""0"" max=""5"" step=""0.05""></div>
        <div class=""k-row""><label>ล่าง (Bottom)</label><input type=""number"" id=""st-mg-bottom"" class=""k-narrow"" min=""0"" max=""5"" step=""0.05""></div>
        <div class=""k-row""><label>ซ้าย (Left)</label><input type=""number"" id=""st-mg-left"" class=""k-narrow"" min=""0"" max=""5"" step=""0.05""></div>
        <div class=""k-row""><label>ขวา (Right)</label><input type=""number"" id=""st-mg-right"" class=""k-narrow"" min=""0"" max=""5"" step=""0.05""></div>
      </div>
      <div class=""k-row""><label>ช่วงบรรทัดบทภาพยนตร์<span class=""k-hint"">มาตรฐาน = 1 (6 บรรทัด/นิ้ว) · เปลี่ยนแล้วจำนวนบรรทัดต่อหน้าเปลี่ยนตาม</span></label><input type=""number"" id=""st-splh"" class=""k-narrow"" min=""0.8"" max=""2.5"" step=""0.05""></div>
      <div class=""k-row""><label>ช่องว่างระหว่างหน้าในโหมดจัดหน้า (px)</label><input type=""number"" id=""st-sppagegap"" class=""k-narrow"" min=""8"" max=""120"" step=""2""></div>
      <div class=""k-hint k-full"" id=""st-page-info"" style=""margin-top:8px""></div>
      <div class=""k-set-sub k-full"">เลขฉาก (Scene Number)</div>
      <div class=""k-row""><label>แสดงเลขฉากข้างหัวฉาก<span class=""k-hint"">เลขจะอยู่ทั้งซ้ายและขวาของบรรทัดหัวฉาก</span></label><input type=""checkbox"" id=""st-sn-show""></div>
      <div class=""k-row""><label>ท้ายเลข<span class=""k-hint"">เช่น ว่าง หรือ "".""</span></label><input type=""text"" id=""st-sn-suffix"" class=""k-narrow""></div>
      <div class=""k-row""><label>ซ้าย: ระยะจากขอบกระดาษซ้าย (นิ้ว)</label><input type=""number"" id=""st-sn-left"" class=""k-narrow"" min=""0"" max=""5"" step=""0.05""></div>
      <div class=""k-row""><label>ขวา: ระยะจากขอบกระดาษขวา (นิ้ว)</label><input type=""number"" id=""st-sn-right"" class=""k-narrow"" min=""0"" max=""5"" step=""0.05""></div>
      <div class=""k-set-sub k-full"">เลขหน้า (Page Number)</div>
      <div class=""k-row""><label>แสดงเลขหน้า<span class=""k-hint"">มีเฉพาะไฟล์ที่เป็นฉาก · เลขเริ่มต้นตั้งรายไฟล์ที่ ""คุณสมบัติฉาก""</span></label><input type=""checkbox"" id=""st-pn-show""></div>
      <div class=""k-row""><label>ใส่เลขบนหน้าแรกด้วย<span class=""k-hint"">ธรรมเนียมบท: หน้าแรกไม่ใส่เลข</span></label><input type=""checkbox"" id=""st-pn-first""></div>
      <div class=""k-row""><label>ระยะจากขอบขวา (นิ้ว)</label><input type=""number"" id=""st-pn-right"" class=""k-narrow"" min=""0"" max=""5"" step=""0.05""></div>
      <div class=""k-row""><label>ระยะจากขอบบน (นิ้ว)</label><input type=""number"" id=""st-pn-top"" class=""k-narrow"" min=""0"" max=""5"" step=""0.05""></div>
      <div class=""k-row""><label>ท้ายเลข</label><input type=""text"" id=""st-pn-suffix"" class=""k-narrow""></div>
      <div class=""k-set-sub"">[84] กฎการตัดหน้า (widow / orphan)</div>
      <div class=""k-set-grid2"">
        <div class=""k-row""><label>บรรยาย: เหลือท้ายหน้าอย่างน้อย</label><input type=""number"" id=""st-pb-ab"" class=""k-narrow"" min=""0"" max=""20""></div>
        <div class=""k-row""><label>บรรยาย: ยกไปหน้าใหม่อย่างน้อย</label><input type=""number"" id=""st-pb-at"" class=""k-narrow"" min=""0"" max=""20""></div>
        <div class=""k-row""><label>บทพูด: เหลือท้ายหน้าอย่างน้อย</label><input type=""number"" id=""st-pb-db"" class=""k-narrow"" min=""0"" max=""20""></div>
        <div class=""k-row""><label>บทพูด: ยกไปหน้าใหม่อย่างน้อย</label><input type=""number"" id=""st-pb-dt"" class=""k-narrow"" min=""0"" max=""20""></div>
        <div class=""k-row""><label>ขีดท้ายบรรทัดติดกันไม่เกิน</label><input type=""number"" id=""st-pb-hy"" class=""k-narrow"" min=""0"" max=""10""></div>
        <div class=""k-row""><label>หัวฉากท้ายหน้าต้องมีเนื้อตาม</label><input type=""number"" id=""st-pb-ks"" class=""k-narrow"" min=""0"" max=""20""></div>
      </div>
      <div class=""k-set-sub"">[92] ข้อความมาตรฐาน</div>
      <div class=""k-row""><label>ท้ายหน้าเมื่อฉากต่อเนื่อง</label><input type=""text"" id=""st-str-cb""></div>
      <div class=""k-row""><label>ต้นหน้าเมื่อฉากต่อเนื่อง</label><input type=""text"" id=""st-str-ct""></div>
      <div class=""k-row""><label>บทพูดยังไม่จบ (MORE)</label><input type=""text"" id=""st-str-more""></div>
      <div class=""k-row""><label>ทวนชื่อตัวละคร (cont'd)</label><input type=""text"" id=""st-str-contd""></div>
      <div class=""k-row""><label>หัวข้อ Scene / Time (หน้ารายชื่อ)</label>
        <span><input type=""text"" id=""st-str-scene"" style=""width:46%""> <input type=""text"" id=""st-str-time"" style=""width:46%""></span></div>
      <div class=""k-full"" style=""margin-top:12px; text-align:right""><button id=""st-page-reset"" class=""k-reset-btn"">↺ คืนค่าเริ่มต้น</button></div>
    </div>
    <div class=""k-set-page k-set-2col"" data-p=""prose"">
      <div class=""k-hint k-full"" style=""margin-bottom:10px"">
        [16–24] รูปแบบของ ""เนื้อเรื่องนิยาย"" — ย่อหน้าบรรทัดแรก · ช่วงบรรทัด · หัวข้อ · ยกคำพูด
        · ค่าที่ตั้งที่นี่ใช้ทั้งบนจอและตอนส่งออก HTML (WYSIWYG)</div>
      <div class=""k-set-sub k-full"">เนื้อเรื่อง</div>
      <div class=""k-row""><label>ฟอนต์นิยาย<span class=""k-hint"">ว่าง = ตัวพิมพ์สัดส่วนมาตรฐาน (Sarabun/Georgia) ไม่ใช่ Courier ของบท</span></label><select id=""st-pr-font"" class=""k-dlg-select"" style=""width:100%""></select></div>
      <div class=""k-row""><label>ขนาด (pt)</label><input type=""number"" id=""st-pr-pt"" class=""k-narrow"" min=""6"" max=""48"" step=""0.5""></div>
      <div class=""k-row""><label>ช่วงบรรทัด<span class=""k-hint"">1.0 = ชิด · 1.75 = ปกติ · 2.0 = เว้นบรรทัดคู่</span></label><input type=""number"" id=""st-pr-lh"" class=""k-narrow"" min=""0.8"" max=""4"" step=""0.05""></div>
      <div class=""k-row""><label>ระยะระหว่างย่อหน้า (em)<span class=""k-hint"">นิยายมาตรฐาน = 0 (ใช้ย่อหน้าแทนการเว้นบรรทัด)</span></label><input type=""number"" id=""st-pr-para"" class=""k-narrow"" min=""0"" max=""4"" step=""0.05""></div>
      <div class=""k-row""><label>ย่อหน้าบรรทัดแรก (นิ้ว)<span class=""k-hint"">มาตรฐาน 0.3–0.5 นิ้ว · 0 = ไม่ย่อ</span></label><input type=""number"" id=""st-pr-indent"" class=""k-narrow"" min=""0"" max=""3"" step=""0.05""></div>
      <div class=""k-row""><label>ย่อหน้าแรกหลังหัวข้อด้วย<span class=""k-hint"">ธรรมเนียมสากล: ย่อหน้าแรกของบทไม่ย่อ</span></label><input type=""checkbox"" id=""st-pr-indent-h""></div>
      <div class=""k-row""><label>จัดหน้าเริ่มต้น</label><select id=""st-pr-align"" class=""k-dlg-select""><option value=""left"">ชิดซ้าย</option><option value=""justify"">เต็มบรรทัด</option></select></div>
      <div class=""k-set-sub k-full"">หัวข้อ (h1–h6)</div>
      <div class=""k-row""><label>ฟอนต์หัวข้อ<span class=""k-hint"">ว่าง = เหมือนเนื้อเรื่อง</span></label><select id=""st-pr-hfont"" class=""k-dlg-select"" style=""width:100%""></select></div>
      <div class=""k-row""><label>สีหัวข้อ<span class=""k-hint"">ว่าง = ใช้สีของธีม</span></label><input type=""text"" id=""st-pr-hcolor"" class=""k-narrow"" placeholder=""#c8792f""></div>
      <div class=""k-full""><table class=""k-sp-cycle-tbl"" id=""st-pr-heads"">
        <thead><tr><th>ระดับ</th><th>ขนาด (เท่า)</th><th>หนา</th><th>เอียง</th><th>เว้นก่อน (em)</th><th>เว้นหลัง (em)</th><th>จัดหน้า</th></tr></thead>
        <tbody></tbody></table></div>
      <div class=""k-row""><label>เติมเลขบทอัตโนมัติ<span class=""k-hint"">วาดด้วย CSS — ไม่เขียนตัวเลขลงไฟล์</span></label><input type=""checkbox"" id=""st-pr-hnum""></div>
      <div class=""k-row""><label>รูปแบบเลขบท<span class=""k-hint"">ใช้ {{n}}</span></label><input type=""text"" id=""st-pr-hnumfmt""></div>
      <div class=""k-row""><label>ใส่เลขให้หัวข้อระดับ</label><input type=""number"" id=""st-pr-hnumlv"" class=""k-narrow"" min=""1"" max=""6""></div>
      <div class=""k-set-sub k-full"">ยกคำพูด (Blockquote)</div>
      <div class=""k-row""><label>ตัวเอียง</label><input type=""checkbox"" id=""st-pr-qi""></div>
      <div class=""k-row""><label>มีเส้นขอบซ้าย</label><input type=""checkbox"" id=""st-pr-qb""></div>
      <div class=""k-row""><label>ระยะเยื้อง (นิ้ว)</label><input type=""number"" id=""st-pr-qind"" class=""k-narrow"" min=""0"" max=""3"" step=""0.05""></div>
      <div class=""k-row""><label>สีตัวอักษร<span class=""k-hint"">ว่าง = ใช้สีของธีม</span></label><input type=""text"" id=""st-pr-qcolor"" class=""k-narrow"" placeholder=""#c8792f""></div>
      <div class=""k-set-sub k-full"">เลขหน้า (มุมมองหน้ากระดาษของนิยาย)</div>
      <div class=""k-row""><label>แสดงเลขหน้า</label><input type=""checkbox"" id=""st-pr-pgnum""></div>
      <div class=""k-row""><label>ใส่เลขบนหน้าแรกด้วย</label><input type=""checkbox"" id=""st-pr-pgfirst""></div>
      <div class=""k-hint k-full"" id=""st-pr-info"" style=""margin-top:8px""></div>
      <div class=""k-full"" style=""margin-top:12px; display:flex; gap:8px; justify-content:flex-end; flex-wrap:wrap"">
        <button id=""st-pr-preset-novel"" class=""k-key-btn"">📖 ตั้งเป็นแบบนิยายมาตรฐาน</button>
        <button id=""st-pr-preset-ms"" class=""k-key-btn"">📄 ต้นฉบับส่งสำนักพิมพ์ (เว้นบรรทัดคู่)</button>
        <button id=""st-pr-reset"" class=""k-reset-btn"">↺ คืนค่าเริ่มต้น</button>
      </div>
    </div>
    <div class=""k-set-page"" data-p=""spfmt"">
      <div class=""k-hint"" style=""margin-bottom:10px"">[81][82][83] ระยะเยื้อง (วัดจากขอบกระดาษ) · ความกว้าง · ระยะเว้นบรรทัด (10 = 1 บรรทัด) · ตัวอักษรบนจอ / ตอนพิมพ์</div>
      <div class=""k-spfmt-scroll"">
        <table class=""k-spfmt-tbl"" id=""st-spfmt"">
          <thead><tr>
            <th rowspan=""2"">Element</th><th rowspan=""2"">เยื้อง""</th><th rowspan=""2"">กว้าง""</th>
            <th rowspan=""2"">เว้นก่อน</th><th rowspan=""2"">ระยะบรรทัด</th>
            <th colspan=""4"">บนจอ</th><th colspan=""4"">ตอนพิมพ์</th>
          </tr><tr>
            <th>ใหญ่</th><th>หนา</th><th>เอียง</th><th>ขีด</th>
            <th>ใหญ่</th><th>หนา</th><th>เอียง</th><th>ขีด</th>
          </tr></thead><tbody></tbody>
        </table>
      </div>
      <div style=""margin-top:12px; text-align:right""><button id=""st-spfmt-reset"" class=""k-reset-btn"">↺ คืนค่าเริ่มต้น</button></div>
    </div>
    <div class=""k-set-page"" data-p=""sp"">
      <div class=""k-row""><label>เปิดระบบปุ่มสลับ element<span class=""k-hint"">ปิด = Enter ขึ้นบรรทัดใหม่ชนิดเดิม · ปุ่มอื่นไม่ทำงาน</span></label><input type=""checkbox"" id=""st-spcycle-on""></div>
      <div class=""k-set-sub"">ปุ่มที่ใช้ (กด ""เปลี่ยน"" แล้วกดปุ่มใหม่)</div>
      <div id=""st-spkeys""></div>
      <div class=""k-hint"" style=""margin:12px 0"">ควบคุมว่าปุ่มแต่ละตัวจะสร้างหรือสลับเป็น element ใด</div>
      <table class=""k-sp-cycle-tbl"" id=""st-spcycle""><thead><tr><th>Element</th><th id=""st-hd-enter"">Enter →</th><th id=""st-hd-tab"">Tab →</th><th id=""st-hd-stab"">Shift+Tab →</th></tr></thead><tbody></tbody></table>
      <div style=""margin-top:12px; text-align:right""><button id=""st-spcycle-reset"" class=""k-reset-btn"">↺ คืนค่าเริ่มต้น</button></div>
    </div>
    <div class=""k-set-page"" data-p=""fonts"">
      <div class=""k-hint"" style=""margin-bottom:10px"">
        ฟอนต์บทมาตรฐาน (Courier) ไม่มีอักษรไทย — กำหนดเองได้ว่า ""ช่วงอักขระไหน ใช้ฟอนต์อะไร""
        เพิ่มได้ไม่จำกัด · ใช้ได้ทั้งโหมดนิยายและบทภาพยนตร์ · แถวบนสุดมีลำดับก่อน</div>
      <div id=""st-fonts-list""></div>
      <div style=""margin-top:12px; display:flex; gap:8px; flex-wrap:wrap"">
        <button id=""st-fonts-add"" class=""k-key-btn"">➕ เพิ่มแถว</button>
        <button id=""st-fonts-import"" class=""k-key-btn"">📁 นำเข้าไฟล์ฟอนต์เข้าโปรเจกต์…</button>
        <button id=""st-fonts-reset"" class=""k-reset-btn"">↺ คืนค่าเริ่มต้น</button>
      </div>
      <div class=""k-hint"" id=""st-fonts-preview"" style=""margin-top:14px""></div>
      <div id=""st-fonts-sample"" style=""margin-top:6px; font-size:22px; line-height:1.7""></div>
    </div>
    <div class=""k-set-page"" data-p=""lang"">
      <div class=""k-row""><label>{36}</label>
        <select id=""st-lang""></select>
      </div>
      <div class=""k-hint"" style=""margin-top:10px"">{37}</div>
      <div id=""st-lang-dirs"" class=""k-hint"" style=""margin-top:6px; opacity:.7; font-size:11px""></div>
      <div class=""k-dlg-btns"" style=""justify-content:flex-start; margin-top:12px"">
        <button id=""st-lang-export"" class=""cmp-mini"">{38}</button>
        <button id=""st-lang-folder"" class=""cmp-mini"">{39}</button>
        <button id=""st-lang-reload"" class=""cmp-mini"">{40}</button>
      </div>
    </div>
    <div class=""k-set-page"" data-p=""keys"">
      <div class=""k-hint"" style=""margin-bottom:10px"">{41}</div>
      <div id=""st-keys""></div>
    </div>
    <div class=""k-set-page"" data-p=""netcol"">
      <div class=""k-hint"" style=""margin-bottom:10px"">สีและการควบคุมของ Story Network — ช่องทั้งหมดสร้างจากนิยามกลาง (network-theme.js) จึงครบทุกสีที่ผังใช้จริงเสมอ</div>
      <div class=""k-set-sub k-full"">🖱 การควบคุมด้วยเมาส์</div>
      <div class=""k-row""><label>ปุ่มหมุนมุมมอง 3D</label><select id=""st-net-orbit"" class=""k-dlg-select""></select></div>
      <div class=""k-row""><label>ปุ่มเลื่อนผัง (แพน)</label><select id=""st-net-pan"" class=""k-dlg-select""></select></div>
      <div class=""k-hint k-full"" id=""st-net-hint"" style=""margin:2px 0 10px""></div>
      <div id=""st-netcol-body""></div>
    </div>
    </div>
    <div class=""k-dlg-btns""><button class=""k-cancel"">{42}</button><button class=""k-ok"">{43}</button></div>"
"<div class=""k-dlg-title"">เปลี่ยนเทมเพลต</div>
          <div class=""k-hint"" style=""margin:8px 0"">ข้อมูลเดิมจะถูกรักษาไว้ เพิ่มเฉพาะช่องที่ขาดจากเทมเพลตใหม่</div>
          <select id=""tp-select"" class=""k-dlg-select"" style=""width:100%"">{0}</select>
          <div class=""k-dlg-btns""><button class=""k-cancel"">ยกเลิก</button><button class=""k-ok"">เปลี่ยนเทมเพลต</button></div>","<div class=""k-dlg-title"">เปลี่ยนเทมเพลต</div>
          <div class=""k-hint"" style=""margin:8px 0"">ข้อมูลเดิมจะถูกรักษาไว้ เพิ่มเฉพาะช่องที่ขาดจากเทมเพลตใหม่</div>
          <select id=""tp-select"" class=""k-dlg-select"" style=""width:100%"">{0}</select>
          <div class=""k-dlg-btns""><button class=""k-cancel"">ยกเลิก</button><button class=""k-ok"">เปลี่ยนเทมเพลต</button></div>"
"<div class=""k-dlg-title"">แผนที่อักขระพิเศษ</div>
    <div class=""k-charmap""></div>
    <div class=""k-dlg-btns""><button class=""k-ok"">{0}</button></div>","<div class=""k-dlg-title"">แผนที่อักขระพิเศษ</div>
    <div class=""k-charmap""></div>
    <div class=""k-dlg-btns""><button class=""k-ok"">{0}</button></div>"
"<div class=""k-dlg-title"">ลบ element ตามประเภท</div>
    <div class=""k-hint"" style=""margin-bottom:10px"">เลือกประเภท element ที่ต้องการลบทั้งหมดออกจากบท
      <br>(นับเฉพาะบรรทัดที่มีเนื้อหา — บรรทัดว่างไม่ถูกแตะ · ยกเลิกได้ด้วย Ctrl+Z)</div>
    <div id=""rm-el-list""></div>
    <div style=""margin-top:8px""><a href=""#"" id=""rm-el-all"">เลือกทั้งหมด</a> · <a href=""#"" id=""rm-el-none"">ไม่เลือก</a></div>
    <div class=""k-dlg-total dim"" style=""margin-top:8px""></div>
    <div class=""k-dlg-btns""><button class=""k-cancel"">{0}</button><button class=""k-ok k-danger"" disabled>ลบ</button></div>","<div class=""k-dlg-title"">ลบ element ตามประเภท</div>
    <div class=""k-hint"" style=""margin-bottom:10px"">เลือกประเภท element ที่ต้องการลบทั้งหมดออกจากบท
      <br>(นับเฉพาะบรรทัดที่มีเนื้อหา — บรรทัดว่างไม่ถูกแตะ · ยกเลิกได้ด้วย Ctrl+Z)</div>
    <div id=""rm-el-list""></div>
    <div style=""margin-top:8px""><a href=""#"" id=""rm-el-all"">เลือกทั้งหมด</a> · <a href=""#"" id=""rm-el-none"">ไม่เลือก</a></div>
    <div class=""k-dlg-total dim"" style=""margin-top:8px""></div>
    <div class=""k-dlg-btns""><button class=""k-cancel"">{0}</button><button class=""k-ok k-danger"" disabled>ลบ</button></div>"
"
      <div class=""k-dlg-title"">สร้าง{0}ใหม่</div>
      <div class=""k-row"" style=""flex-direction:column;align-items:stretch;gap:6px;margin:6px 0"">
        <label>ชื่อ</label><input type=""text"" class=""k-dlg-input"" id=""ent-name"" style=""width:100%"">
      </div>
      <div class=""k-row"" style=""flex-direction:column;align-items:stretch;gap:6px;margin:12px 0 2px"">
        <label>เทมเพลต</label>
        <select id=""ent-tpl"" class=""k-dlg-select"">{1}</select>
      </div>
      <div class=""k-dlg-btns""><button class=""k-cancel"">ยกเลิก</button><button class=""k-ok"">สร้าง</button></div>","
      <div class=""k-dlg-title"">สร้าง{0}ใหม่</div>
      <div class=""k-row"" style=""flex-direction:column;align-items:stretch;gap:6px;margin:6px 0"">
        <label>ชื่อ</label><input type=""text"" class=""k-dlg-input"" id=""ent-name"" style=""width:100%"">
      </div>
      <div class=""k-row"" style=""flex-direction:column;align-items:stretch;gap:6px;margin:12px 0 2px"">
        <label>เทมเพลต</label>
        <select id=""ent-tpl"" class=""k-dlg-select"">{1}</select>
      </div>
      <div class=""k-dlg-btns""><button class=""k-cancel"">ยกเลิก</button><button class=""k-ok"">สร้าง</button></div>"
"
    <div class=""planner-pop-title"">▦ กริด</div>
    <label class=""planner-pop-row""><input type=""checkbox"" id=""plg-show""{0}> แสดงกริด</label>
    <label class=""planner-pop-row""><input type=""checkbox"" id=""plg-snap""{1}> ดูดเข้าเส้นกริด (snap)</label>
    <div class=""planner-pop-row""><span>ขนาด</span>
      <input type=""number"" id=""plg-size"" min=""4"" max=""400"" step=""1"" value=""{2}""> px</div>
    <div class=""planner-pop-row""><span>รูปแบบ</span>
      <select id=""plg-style"">{3}</select></div>
    <div class=""planner-pop-row""><span>ความเข้ม</span>
      <input type=""range"" id=""plg-op"" min=""0"" max=""1"" step=""0.05"" value=""{4}""></div>
    <div class=""planner-pop-row""><span>สีเส้น</span><input type=""color"" id=""plg-color"" value=""{5}""></div>
    <div class=""planner-pop-row""><span>สีพื้น</span><input type=""color"" id=""plg-bg"" value=""{6}""></div>
    <div class=""planner-pop-row planner-pop-presets"">
      <button data-size=""10"">10</button><button data-size=""20"">20</button>
      <button data-size=""25"">25</button><button data-size=""50"">50</button><button data-size=""100"">100</button>
    </div>
  ","
    <div class=""planner-pop-title"">▦ กริด</div>
    <label class=""planner-pop-row""><input type=""checkbox"" id=""plg-show""{0}> แสดงกริด</label>
    <label class=""planner-pop-row""><input type=""checkbox"" id=""plg-snap""{1}> ดูดเข้าเส้นกริด (snap)</label>
    <div class=""planner-pop-row""><span>ขนาด</span>
      <input type=""number"" id=""plg-size"" min=""4"" max=""400"" step=""1"" value=""{2}""> px</div>
    <div class=""planner-pop-row""><span>รูปแบบ</span>
      <select id=""plg-style"">{3}</select></div>
    <div class=""planner-pop-row""><span>ความเข้ม</span>
      <input type=""range"" id=""plg-op"" min=""0"" max=""1"" step=""0.05"" value=""{4}""></div>
    <div class=""planner-pop-row""><span>สีเส้น</span><input type=""color"" id=""plg-color"" value=""{5}""></div>
    <div class=""planner-pop-row""><span>สีพื้น</span><input type=""color"" id=""plg-bg"" value=""{6}""></div>
    <div class=""planner-pop-row planner-pop-presets"">
      <button data-size=""10"">10</button><button data-size=""20"">20</button>
      <button data-size=""25"">25</button><button data-size=""50"">50</button><button data-size=""100"">100</button>
    </div>
  "
"<div class=""planner-prop-2col"">
      <input class=""planner-prop-input"" id=""plp-color"" type=""color"" value=""{0}"" title=""สีพื้น"">
      <input class=""planner-prop-input"" id=""plp-textcolor"" type=""color"" value=""{1}"" title=""สีตัวอักษร"">
    </div>","<div class=""planner-prop-2col"">
      <input class=""planner-prop-input"" id=""plp-color"" type=""color"" value=""{0}"" title=""สีพื้น"">
      <input class=""planner-prop-input"" id=""plp-textcolor"" type=""color"" value=""{1}"" title=""สีตัวอักษร"">
    </div>"
"<div class=""planner-props-empty"">คลิกการ์ดหรือเส้นเชื่อมเพื่อดูคุณสมบัติ<br><br>","<div class=""planner-props-empty"">คลิกการ์ดหรือเส้นเชื่อมเพื่อดูคุณสมบัติ<br><br>"
"<div class=""sec""><h2>ความสัมพันธ์</h2><ul class=""plain"">{0}</ul></div>","<div class=""sec""><h2>ความสัมพันธ์</h2><ul class=""plain"">{0}</ul></div>"
"<div class=""sec""><h2>ปรากฏในฉาก</h2><ul class=""plain"">{0}</ul></div>","<div class=""sec""><h2>ปรากฏในฉาก</h2><ul class=""plain"">{0}</ul></div>"
"<div style=""color:#e05555;padding:20px"">Planner เปิดไม่ได้: ","<div style=""color:#e05555;padding:20px"">Planner เปิดไม่ได้: "
"<!DOCTYPE html>
<html lang=""th"">
<head><meta charset=""UTF-8""><meta name=""viewport"" content=""width=device-width,initial-scale=1"">
<title>{0}</title>
<style>{1}
</style></head><body>
<h1>{2}</h1>
{3}<p style=""color:#999;font-size:12px;margin-top:40px"">ส่งออกจาก Killian 2</p>
</body></html>","<!DOCTYPE html>
<html lang=""th"">
<head><meta charset=""UTF-8""><meta name=""viewport"" content=""width=device-width,initial-scale=1"">
<title>{0}</title>
<style>{1}
</style></head><body>
<h1>{2}</h1>
{3}<p style=""color:#999;font-size:12px;margin-top:40px"">ส่งออกจาก Killian 2</p>
</body></html>"
"<!DOCTYPE html>
<html lang=""th""><head><meta charset=""UTF-8"">
<meta name=""viewport"" content=""width=device-width,initial-scale=1"">
<title>{0} — {1}</title>
<style>{2}</style></head>
<body>
<header class=""top""><h1><a href=""{3}"">{4}</a></h1>
<nav>{5}</nav></header>
<div class=""wrap"">{6}</div>
<footer>สร้างจาก Killian 2 · Codex</footer>
</body></html>","<!DOCTYPE html>
<html lang=""th""><head><meta charset=""UTF-8"">
<meta name=""viewport"" content=""width=device-width,initial-scale=1"">
<title>{0} — {1}</title>
<style>{2}</style></head>
<body>
<header class=""top""><h1><a href=""{3}"">{4}</a></h1>
<nav>{5}</nav></header>
<div class=""wrap"">{6}</div>
<footer>สร้างจาก Killian 2 · Codex</footer>
</body></html>"
"
    <input class=""planner-filter-input"" id=""pl-f-text"" placeholder=""🔍 กรอง — ชื่อ / สรุป / แท็ก"">
    <select class=""planner-filter-sel"" id=""pl-f-type"">
      <option value="""">ทุกประเภท</option>
      <option value=""scene"">📄 ฉาก</option>
      <option value=""chapter"">📁 บท</option>
      <option value=""entity"">👤 Wiki</option>
      <option value=""note"">📝 โน้ต</option>
      <option value=""sticky"">📌 โพสต์อิต</option>
      <option value=""text"">🅃 ข้อความ</option>
      <option value=""shape"">⬛ รูปทรง</option>
      <option value=""frame"">🖼 เฟรม</option>
      <option value=""comment"">💬 คอมเมนต์</option>
    </select>
    <select class=""planner-filter-sel"" id=""pl-f-status"">
      <option value="""">ทุกสถานะ</option>
      {0}
    </select>
    <button class=""planner-btn-small"" id=""pl-f-clear"">ล้าง</button>
  ","
    <input class=""planner-filter-input"" id=""pl-f-text"" placeholder=""🔍 กรอง — ชื่อ / สรุป / แท็ก"">
    <select class=""planner-filter-sel"" id=""pl-f-type"">
      <option value="""">ทุกประเภท</option>
      <option value=""scene"">📄 ฉาก</option>
      <option value=""chapter"">📁 บท</option>
      <option value=""entity"">👤 Wiki</option>
      <option value=""note"">📝 โน้ต</option>
      <option value=""sticky"">📌 โพสต์อิต</option>
      <option value=""text"">🅃 ข้อความ</option>
      <option value=""shape"">⬛ รูปทรง</option>
      <option value=""frame"">🖼 เฟรม</option>
      <option value=""comment"">💬 คอมเมนต์</option>
    </select>
    <select class=""planner-filter-sel"" id=""pl-f-status"">
      <option value="""">ทุกสถานะ</option>
      {0}
    </select>
    <button class=""planner-btn-small"" id=""pl-f-clear"">ล้าง</button>
  "
"<input class=""planner-prop-input"" id=""plpe-label"" value=""{0}"" placeholder=""เช่น ต่อเนื่อง / ย้อนอดีต"">","<input class=""planner-prop-input"" id=""plpe-label"" value=""{0}"" placeholder=""เช่น ต่อเนื่อง / ย้อนอดีต"">"
"<input class=""planner-prop-input"" id=""plp-file"" value=""{0}"" placeholder=""ยังไม่ได้ผูกไฟล์"">
     <div class=""planner-props-actions"" style=""margin-top:5px"">
       <button id=""plp-pick"">📁 เลือกจากโปรเจกต์</button>
       <button id=""plp-unlink"" title=""เอาลิงก์ออก"">✕</button>
     </div>","<input class=""planner-prop-input"" id=""plp-file"" value=""{0}"" placeholder=""ยังไม่ได้ผูกไฟล์"">
     <div class=""planner-props-actions"" style=""margin-top:5px"">
       <button id=""plp-pick"">📁 เลือกจากโปรเจกต์</button>
       <button id=""plp-unlink"" title=""เอาลิงก์ออก"">✕</button>
     </div>"
"<input class=""planner-prop-input"" id=""plp-tags"" value=""{0}"" placeholder=""คั่นด้วย ,"">","<input class=""planner-prop-input"" id=""plp-tags"" value=""{0}"" placeholder=""คั่นด้วย ,"">"
"<input class=""q"" id=""q"" placeholder=""ค้นหาในสารานุกรม… ({0} รายการ)"">
<div class=""grid"" id=""g"">{1}</div>
<script>
var q=document.getElementById('q'),g=document.getElementById('g');
q.addEventListener('input',function(){{var v=q.value.trim().toLowerCase();
[].forEach.call(g.children,function(c){{c.style.display=!v||c.dataset.n.indexOf(v)>=0?'':'none';}});}});
</script>","<input class=""q"" id=""q"" placeholder=""ค้นหาในสารานุกรม… ({0} รายการ)"">
<div class=""grid"" id=""g"">{1}</div>
<script>
var q=document.getElementById('q'),g=document.getElementById('g');
q.addEventListener('input',function(){{var v=q.value.trim().toLowerCase();
[].forEach.call(g.children,function(c){{c.style.display=!v||c.dataset.n.indexOf(v)>=0?'':'none';}});}});
</script>"
<label>จัดตำแหน่ง</label>,<label>จัดตำแหน่ง</label>
<label>เปลี่ยนสีทั้งหมด</label>,<label>เปลี่ยนสีทั้งหมด</label>
<label>ลักษณะเส้น</label>,<label>ลักษณะเส้น</label>
"<label class=""planner-check""><input type=""checkbox"" id=""plp-lock""{0}> 🔒 ล็อกไม่ให้ย้าย/แก้</label>","<label class=""planner-check""><input type=""checkbox"" id=""plp-lock""{0}> 🔒 ล็อกไม่ให้ย้าย/แก้</label>"
"<option value="""">— ไม่ใช้เทมเพลต —</option>","<option value="""">— ไม่ใช้เทมเพลต —</option>"
"<p class=""empty"">(ยังไม่มีคำอธิบาย)</p>","<p class=""empty"">(ยังไม่มีคำอธิบาย)</p>"
"<p class=""empty"">(ยังไม่มีรายการในหมวดนี้)</p>","<p class=""empty"">(ยังไม่มีรายการในหมวดนี้)</p>"
"
    <span class=""planner-board-name"" id=""pl-boardname"" title=""กระดานที่เปิดอยู่"">กระดานหลัก</span>
    <span class=""planner-dirty"" id=""pl-dirty"" title=""ยังไม่ได้บันทึก"">●</span>
    <span class=""planner-sep""></span>
    <button class=""planner-btn"" data-action=""new"" title=""กระดานใหม่"">✚ ใหม่</button>
    <button class=""planner-btn"" data-action=""open"" title=""เปิดกระดานอื่น"">📂 เปิด</button>
    <button class=""planner-btn k-ok"" data-action=""save"" title=""บันทึก (Ctrl+S)"">💾 บันทึก</button>
    <button class=""planner-btn"" data-action=""save-as"" title=""บันทึกเป็นไฟล์ใหม่"">💾… บันทึกเป็น</button>
    <span class=""planner-sep""></span>
    <button class=""planner-btn"" data-action=""undo"" title=""ย้อนกลับ (Ctrl+Z)"">↶</button>
    <button class=""planner-btn"" data-action=""redo"" title=""ทำซ้ำ (Ctrl+Shift+Z)"">↷</button>
    <span class=""planner-sep""></span>
    <button class=""planner-btn"" data-action=""group"" title=""จัดกลุ่ม (Ctrl+G)"">🗂 จัดกลุ่ม</button>
    <button class=""planner-btn"" data-action=""duplicate"" title=""ทำซ้ำ (Ctrl+D)"">⧉ ทำซ้ำ</button>
    <button class=""planner-btn"" data-action=""reveal"" title=""ชี้ตำแหน่งไฟล์ใน Explorer"">📂 ในเอกสาร</button>
    <button class=""planner-btn"" data-action=""delete"" title=""ลบ (Del)"">🗑 ลบ</button>
    <span class=""planner-sep""></span>
    <button class=""planner-btn"" data-action=""auto-layout"" title=""จัดเรียงอัตโนมัติ"">📐 จัดเรียง</button>
    <button class=""planner-btn"" data-action=""grid"" title=""ตั้งค่ากริด"">▦ กริด</button>
    <span class=""planner-sep""></span>
    <button class=""planner-btn"" data-action=""zoom-out"" title=""ซูมออก (Ctrl+-)"">➖</button>
    <button class=""planner-btn planner-zoom-label"" data-action=""zoom-reset"" title=""ซูม 100% (Ctrl+0)"" id=""pl-zoom"">100%</button>
    <button class=""planner-btn"" data-action=""zoom-in"" title=""ซูมเข้า (Ctrl+=)"">➕</button>
    <button class=""planner-btn"" data-action=""zoom-fit"" title=""พอดีจอ"">⊡ พอดีจอ</button>
    <span class=""planner-sep""></span>
    <button class=""planner-btn"" data-action=""export-png"" title=""ส่งออกเป็นรูป"">🖼 PNG</button>
    <button class=""planner-btn"" data-action=""sample"" title=""ใส่ตัวอย่าง"">🧪 ตัวอย่าง</button>
  ","
    <span class=""planner-board-name"" id=""pl-boardname"" title=""กระดานที่เปิดอยู่"">กระดานหลัก</span>
    <span class=""planner-dirty"" id=""pl-dirty"" title=""ยังไม่ได้บันทึก"">●</span>
    <span class=""planner-sep""></span>
    <button class=""planner-btn"" data-action=""new"" title=""กระดานใหม่"">✚ ใหม่</button>
    <button class=""planner-btn"" data-action=""open"" title=""เปิดกระดานอื่น"">📂 เปิด</button>
    <button class=""planner-btn k-ok"" data-action=""save"" title=""บันทึก (Ctrl+S)"">💾 บันทึก</button>
    <button class=""planner-btn"" data-action=""save-as"" title=""บันทึกเป็นไฟล์ใหม่"">💾… บันทึกเป็น</button>
    <span class=""planner-sep""></span>
    <button class=""planner-btn"" data-action=""undo"" title=""ย้อนกลับ (Ctrl+Z)"">↶</button>
    <button class=""planner-btn"" data-action=""redo"" title=""ทำซ้ำ (Ctrl+Shift+Z)"">↷</button>
    <span class=""planner-sep""></span>
    <button class=""planner-btn"" data-action=""group"" title=""จัดกลุ่ม (Ctrl+G)"">🗂 จัดกลุ่ม</button>
    <button class=""planner-btn"" data-action=""duplicate"" title=""ทำซ้ำ (Ctrl+D)"">⧉ ทำซ้ำ</button>
    <button class=""planner-btn"" data-action=""reveal"" title=""ชี้ตำแหน่งไฟล์ใน Explorer"">📂 ในเอกสาร</button>
    <button class=""planner-btn"" data-action=""delete"" title=""ลบ (Del)"">🗑 ลบ</button>
    <span class=""planner-sep""></span>
    <button class=""planner-btn"" data-action=""auto-layout"" title=""จัดเรียงอัตโนมัติ"">📐 จัดเรียง</button>
    <button class=""planner-btn"" data-action=""grid"" title=""ตั้งค่ากริด"">▦ กริด</button>
    <span class=""planner-sep""></span>
    <button class=""planner-btn"" data-action=""zoom-out"" title=""ซูมออก (Ctrl+-)"">➖</button>
    <button class=""planner-btn planner-zoom-label"" data-action=""zoom-reset"" title=""ซูม 100% (Ctrl+0)"" id=""pl-zoom"">100%</button>
    <button class=""planner-btn"" data-action=""zoom-in"" title=""ซูมเข้า (Ctrl+=)"">➕</button>
    <button class=""planner-btn"" data-action=""zoom-fit"" title=""พอดีจอ"">⊡ พอดีจอ</button>
    <span class=""planner-sep""></span>
    <button class=""planner-btn"" data-action=""export-png"" title=""ส่งออกเป็นรูป"">🖼 PNG</button>
    <button class=""planner-btn"" data-action=""sample"" title=""ใส่ตัวอย่าง"">🧪 ตัวอย่าง</button>
  "
"
    <span class=""planner-st-tool"" id=""pl-st-tool"">เลือก</span>
    <span class=""planner-st-xy"" id=""pl-st-xy"">x — · y —</span>
    <span class=""planner-st-grid"" id=""pl-st-grid""></span>
    <span class=""planner-count"" id=""pl-count""></span>
  ","
    <span class=""planner-st-tool"" id=""pl-st-tool"">เลือก</span>
    <span class=""planner-st-xy"" id=""pl-st-xy"">x — · y —</span>
    <span class=""planner-st-grid"" id=""pl-st-grid""></span>
    <span class=""planner-count"" id=""pl-count""></span>
  "
" <span style=""font-weight:normal;color:#666;font-size:0.8em"">
      ({0} เท่ากัน · <span style=""color:#070"">+{1}</span> · <span style=""color:#b00"">-{2}</span> · <span style=""color:#a90"">~{3}</span>)</span>"," <span style=""font-weight:normal;color:#666;font-size:0.8em"">
      ({0} เท่ากัน · <span style=""color:#070"">+{1}</span> · <span style=""color:#b00"">-{2}</span> · <span style=""color:#a90"">~{3}</span>)</span>"
"<span style=""opacity:.7"">เคล็ดลับ: ลากจากจุดสีส้มรอบการ์ดเพื่อเชื่อมเส้น · ดับเบิลคลิกเพื่อแก้ข้อความ</span></div>","<span style=""opacity:.7"">เคล็ดลับ: ลากจากจุดสีส้มรอบการ์ดเพื่อเชื่อมเส้น · ดับเบิลคลิกเพื่อแก้ข้อความ</span></div>"
≈ {0} ตัวอักษร/บรรทัด (โดยประมาณ),≈ {0} ตัวอักษร/บรรทัด (โดยประมาณ)
≈ {0} บรรทัด/หน้า · ,≈ {0} บรรทัด/หน้า · 
⊡ ผนึกกลับเข้าหน้าต่าง,⊡ ผนึกกลับเข้าหน้าต่าง
⊡ พอดีจอ,⊡ พอดีจอ
⌐ หักมุมฉาก,⌐ หักมุมฉาก
⌒ โค้ง,⌒ โค้ง
⌗ ปิด snap,⌗ ปิด snap
⌗ เปิด snap,⌗ เปิด snap
⏩ ล่วงหน้า (Flashforward),⏩ ล่วงหน้า (Flashforward)
⏪ ย้อนอดีต (Flashback),⏪ ย้อนอดีต (Flashback)
⏮ ไปหน้าแรก,⏮ ไปหน้าแรก
⏳ ยังไม่บันทึก,⏳ ยังไม่บันทึก
│ ขีด,│ ขีด
╱ ตรง,╱ ตรง
╱ เส้นตรง,╱ เส้นตรง
▢ มุมมน,▢ มุมมน
▤ กลับไปฟอร์ม,▤ กลับไปฟอร์ม
▦ การ์ด,▦ การ์ด
▦ จัดเรียงอัตโนมัติ,▦ จัดเรียงอัตโนมัติ
▦ ซ่อนกริด,▦ ซ่อนกริด
▦ แสดงกริด,▦ แสดงกริด
▭ สี่เหลี่ยม,▭ สี่เหลี่ยม
▲ เลื่อนขึ้น,▲ เลื่อนขึ้น
△ สามเหลี่ยม,△ สามเหลี่ยม
▶️ ทดลองเล่น,▶️ ทดลองเล่น
▶️ ทดลองเล่นเรื่องแตกสาย (Player Mode),▶️ ทดลองเล่นเรื่องแตกสาย (Player Mode)
▶ ประมวลผล,▶ ประมวลผล
▶ รัน (Ctrl+Enter),▶ รัน (Ctrl+Enter)
▶ สร้าง,▶ สร้าง
▶ สามเหลี่ยมทึบ,▶ สามเหลี่ยมทึบ
▸ คลี่แผง,▸ คลี่แผง
▼ เลื่อนลง,▼ เลื่อนลง
▾ พับแผง,▾ พับแผง
◆ ข้าวหลามตัด,◆ ข้าวหลามตัด
◇ ข้าวหลามตัด,◇ ข้าวหลามตัด
● วงกลม,● วงกลม
● สด,● สด
◨ ซ่อนแผงฝั่งซ้าย,◨ ซ่อนแผงฝั่งซ้าย
☁️ เมฆแท็ก,☁️ เมฆแท็ก
☆ ดาว,☆ ดาว
☆ เอาหมุดออก,☆ เอาหมุดออก
⚙ คุณสมบัติแผน…,⚙ คุณสมบัติแผน…
⚙ เทมเพลต (จัดการ),⚙ เทมเพลต (จัดการ)
⚙ system prompt ที่ส่งไปรอบนี้,⚙ system prompt ที่ส่งไปรอบนี้
⚠ ปลดล็อกเต็มที่ — AI ลบของได้เองโดยไม่ถาม,⚠ ปลดล็อกเต็มที่ — AI ลบของได้เองโดยไม่ถาม
⚠ เปิดรูปไม่ได้,⚠ เปิดรูปไม่ได้
⚠ มี {0} จุดที่เวลาตรงกัน (ไฮไลต์สีส้ม),⚠ มี {0} จุดที่เวลาตรงกัน (ไฮไลต์สีส้ม)
⚠ มี {0} จุดที่เหตุการณ์เวลาตรงกัน (ไฮไลต์สีส้ม) — ตรวจว่าตั้งใจหรือไม่,⚠ มี {0} จุดที่เหตุการณ์เวลาตรงกัน (ไฮไลต์สีส้ม) — ตรวจว่าตั้งใจหรือไม่
"
⚠ มี {0} ใบที่ยังถูกใช้ในต้นฉบับ","
⚠ มี {0} ใบที่ยังถูกใช้ในต้นฉบับ"
⚠ มี {0} รอบที่เรียก AI ไม่สำเร็จ,⚠ มี {0} รอบที่เรียก AI ไม่สำเร็จ
"
⚠ มี {0} รูปที่ถูกใช้ในต้นฉบับอยู่","
⚠ มี {0} รูปที่ถูกใช้ในต้นฉบับอยู่"
 ⚠ ลบของ, ⚠ ลบของ
"⚠ AI ขอลบของในโปรเจกต์:

","⚠ AI ขอลบของในโปรเจกต์:

"
⚡ กำลังลงมือทำ ,⚡ กำลังลงมือทำ 
⚡ คำสั่งที่ลงมือทำ (,⚡ คำสั่งที่ลงมือทำ (
⚡ ลงมือทำ {0} คำสั่ง — สำเร็จ {1}/{2},⚡ ลงมือทำ {0} คำสั่ง — สำเร็จ {1}/{2}
⛁ ทรงกระบอก,⛁ ทรงกระบอก
✅ เคลียร์หมดแล้ว (ทำไปแล้ว {0} รายการ),✅ เคลียร์หมดแล้ว (ทำไปแล้ว {0} รายการ)
✅ ตรวจแล้ว ▾,✅ ตรวจแล้ว ▾
✅ ทุกอย่างเป็นปัจจุบัน,✅ ทุกอย่างเป็นปัจจุบัน
✅ บันทึก Credential แล้ว (คีย์เก็บแยกที่ ,✅ บันทึก Credential แล้ว (คีย์เก็บแยกที่ 
✅ ไม่พบข้อผิดพลาด,✅ ไม่พบข้อผิดพลาด
✅ ไม่พบข้อผิดพลาดในบทนี้,✅ ไม่พบข้อผิดพลาดในบทนี้
✅ AI: เชื่อมต่อสำเร็จ,✅ AI: เชื่อมต่อสำเร็จ
"✍️ ช่วยเขียน — สร้าง/แก้ เล่ม บท ฉาก เอนทิตี้ ได้จริง (ลบไม่ได้)
","✍️ ช่วยเขียน — สร้าง/แก้ เล่ม บท ฉาก เอนทิตี้ ได้จริง (ลบไม่ได้)
"
✎ แก้ไข,✎ แก้ไข
✎ แก้ไขผู้ให้บริการ,✎ แก้ไขผู้ให้บริการ
✎ ต่อจุด,✎ ต่อจุด
✎ เปลี่ยนชื่อ,✎ เปลี่ยนชื่อ
✎ เปลี่ยนชื่อ…,✎ เปลี่ยนชื่อ…
✎ เปลี่ยนชื่อบท…,✎ เปลี่ยนชื่อบท…
✎ เปลี่ยนชื่อเล่ม…,✎ เปลี่ยนชื่อเล่ม…
✏️ แก้ข้อความ,✏️ แก้ข้อความ
✏️ แก้คำบรรยาย…,✏️ แก้คำบรรยาย…
✏️ ตั้งชื่อใหม่,✏️ ตั้งชื่อใหม่
✏️ เปลี่ยนชื่อ…,✏️ เปลี่ยนชื่อ…
✏️ เปลี่ยนชื่อกลุ่ม…,✏️ เปลี่ยนชื่อกลุ่ม…
✏️ เปลี่ยนชื่อแท็กนี้ทั้งคลัง,✏️ เปลี่ยนชื่อแท็กนี้ทั้งคลัง
✔ บันทึก,✔ บันทึก
✔ เสร็จ,✔ เสร็จ
✕ ปิด,✕ ปิด
✕ ปิดแผง (เปิดกลับที่ มุมมอง → แผง),✕ ปิดแผง (เปิดกลับที่ มุมมอง → แผง)
✕ ล้างตัวกรองแท็ก,✕ ล้างตัวกรองแท็ก
✕ เอาปกออก,✕ เอาปกออก
✕ เอาออกจากกระดาน (ไม่ลบไฟล์),✕ เอาออกจากกระดาน (ไม่ลบไฟล์)
✖ ยกเลิกการปัก,✖ ยกเลิกการปัก
✖ ยกเลิกการเลือก,✖ ยกเลิกการเลือก
✚ จำ,✚ จำ
✨ กำลังให้ AI เขียน,✨ กำลังให้ AI เขียน
✨ เติม,✨ เติม
✨ แนะนำชื่อ{0},✨ แนะนำชื่อ{0}
"✨ แนะนำชื่อ{0} — ""{1}""","✨ แนะนำชื่อ{0} — ""{1}"""
✨ แนะนำชื่อฉากด้วย AI…,✨ แนะนำชื่อฉากด้วย AI…
✨ แนะนำชื่อบทด้วย AI…,✨ แนะนำชื่อบทด้วย AI…
❌ เชื่อมต่อ AI ไม่ได้: ,❌ เชื่อมต่อ AI ไม่ได้: 
❌ ยังไม่ได้ตั้งค่าผู้ให้บริการ AI — ไฟล์ → ตั้งค่า AI,❌ ยังไม่ได้ตั้งค่าผู้ให้บริการ AI — ไฟล์ → ตั้งค่า AI
❌ ยังไม่ได้ตั้งค่า AI — ไฟล์ → ตั้งค่า AI,❌ ยังไม่ได้ตั้งค่า AI — ไฟล์ → ตั้งค่า AI
❌ AI: ทดสอบล้มเหลว,❌ AI: ทดสอบล้มเหลว
❌ AI: ยังไม่ได้เลือกผู้ให้บริการ (ไฟล์ → ตั้งค่า AI),❌ AI: ยังไม่ได้เลือกผู้ให้บริการ (ไฟล์ → ตั้งค่า AI)
❔ นี่คืออะไร — <b>,❔ นี่คืออะไร — <b>
➕ เซสชันแชทใหม่,➕ เซสชันแชทใหม่
➕ เซสชันใหม่,➕ เซสชันใหม่
➕ บันทึก,➕ บันทึก
➕ เพิ่ม,➕ เพิ่ม
➕ เพิ่มข้อความ,➕ เพิ่มข้อความ
➕ เพิ่มผู้ให้บริการ,➕ เพิ่มผู้ให้บริการ
➕ เพิ่มหน้า,➕ เพิ่มหน้า
➕ สร้างหมวดใหม่,➕ สร้างหมวดใหม่
➜ ลูกศร,➜ ลูกศร
➤ ลูกศร,➤ ลูกศร
⟳ ดึงรายชื่อโมเดล,⟳ ดึงรายชื่อโมเดล
⤒ บน,⤒ บน
⤓ ตามบรรทัดล่าสุด,⤓ ตามบรรทัดล่าสุด
⤓ ล่าง,⤓ ล่าง
⤢ คืนเป็นแท็บ,⤢ คืนเป็นแท็บ
⤢ พอดีจอ,⤢ พอดีจอ
⤾ รีเซ็ตมุมมอง,⤾ รีเซ็ตมุมมอง
⦿ {0}{1} · {2} เส้น · ,⦿ {0}{1} · {2} เส้น · 
⧉ คัดลอก,⧉ คัดลอก
⧉ คัดลอกบทสนทนาทั้งหมด,⧉ คัดลอกบทสนทนาทั้งหมด
⧉ ทำซ้ำ,⧉ ทำซ้ำ
⧉ ทำสำเนา,⧉ ทำสำเนา
⧉ ลอยแผงออกมา,⧉ ลอยแผงออกมา
⬆️ ขึ้นบนสุด,⬆️ ขึ้นบนสุด
⬆ ยกไปบนสุด,⬆ ยกไปบนสุด
"⬆ ยกไปบนสุด <span style=""opacity:.55"">Ctrl+Shift+]</span>","⬆ ยกไปบนสุด <span style=""opacity:.55"">Ctrl+Shift+]</span>"
⬇️ ลงล่างสุด,⬇️ ลงล่างสุด
⬇ ส่งไปล่างสุด,⬇ ส่งไปล่างสุด
"⬇ ส่งไปล่างสุด <span style=""opacity:.55"">Ctrl+Shift+[</span>","⬇ ส่งไปล่างสุด <span style=""opacity:.55"">Ctrl+Shift+[</span>"
⬒ ซ่อนแผงทั้งหมด (เหลือแต่พื้นที่เขียน),⬒ ซ่อนแผงทั้งหมด (เหลือแต่พื้นที่เขียน)
⬒ ซ่อน/แสดงแผงทั้งหมด ({0}+\),⬒ ซ่อน/แสดงแผงทั้งหมด ({0}+\)
⬓ ซ่อนแผงฝั่งขวา ({0}+{1}+[),⬓ ซ่อนแผงฝั่งขวา ({0}+{1}+[)
⬓ ซ่อนแผงฝั่งนี้,⬓ ซ่อนแผงฝั่งนี้
⬚ เลือกไว้ {0} ชิ้น,⬚ เลือกไว้ {0} ชิ้น
⬛ รูปทรง,⬛ รูปทรง
⬛ รูปทรงตรงนี้,⬛ รูปทรงตรงนี้
⬭ วงรี,⬭ วงรี
⭐ ฉากปักหมุด ({0}),⭐ ฉากปักหมุด ({0})
⭐ บทสำคัญ (Favorite),⭐ บทสำคัญ (Favorite)
⭐ ปักหมุด,⭐ ปักหมุด
⭐ ปักหมุด: ,⭐ ปักหมุด: 
🌐 นำเข้าภาษาจาก CSV…,🌐 นำเข้าภาษาจาก CSV…
🌐 บรรยากาศรับรู้,🌐 บรรยากาศรับรู้
🌐 ส่งออกเป็นเว็บ,🌐 ส่งออกเป็นเว็บ
🌐 ส่งออกเป็น HTML สำหรับบล็อก,🌐 ส่งออกเป็น HTML สำหรับบล็อก
🌐 ส่งออกภาษาเป็น CSV (key · ไทย · อังกฤษ)…,🌐 ส่งออกภาษาเป็น CSV (key · ไทย · อังกฤษ)…
🌿 คุณสมบัติแผน — ,🌿 คุณสมบัติแผน — 
🌿 เปิดผังแตกสาย,🌿 เปิดผังแตกสาย
🌿 ผังแตกสาย,🌿 ผังแตกสาย
🌿 แผนผังแตกสาย ({0}),🌿 แผนผังแตกสาย ({0})
🎞 ข้อมูลผลงาน (ผู้เขียน · ตัวแทน · ลิขสิทธิ์)…,🎞 ข้อมูลผลงาน (ผู้เขียน · ตัวแทน · ลิขสิทธิ์)…
🎨 กระดานอารมณ์,🎨 กระดานอารมณ์
🎨 กระดานอารมณ์ (Mood Board) — เปิดเป็นแผงข้าง ๆ แล้วลากรูปมาวางได้,🎨 กระดานอารมณ์ (Mood Board) — เปิดเป็นแผงข้าง ๆ แล้วลากรูปมาวางได้
🎨 วางบนกระดานอารมณ์,🎨 วางบนกระดานอารมณ์
🎬 บทภาพยนตร์,🎬 บทภาพยนตร์
🎬 บทภาพยนตร์ → PDF (สารบัญ · หน้าปก),🎬 บทภาพยนตร์ → PDF (สารบัญ · หน้าปก)
🎬 บทภาพยนตร์ (CONTINUED · MORE),🎬 บทภาพยนตร์ (CONTINUED · MORE)
🎬 บทหนัง,🎬 บทหนัง
🎬 ส่งออกบทเป็น Final Draft (.fdx)…,🎬 ส่งออกบทเป็น Final Draft (.fdx)…
🎬 ส่งออกบทเป็น Rich Text (.rtf)…,🎬 ส่งออกบทเป็น Rich Text (.rtf)…
🎬 ส่งออกเป็น Final Draft (.fdx)…,🎬 ส่งออกเป็น Final Draft (.fdx)…
🎬 ส่งออกเป็น Rich Text (.rtf)…,🎬 ส่งออกเป็น Rich Text (.rtf)…
🎬 ใส่หน้าปกมาตรฐาน,🎬 ใส่หน้าปกมาตรฐาน
🎭 หน้ารายชื่อตัวละคร (Cast of Characters)…,🎭 หน้ารายชื่อตัวละคร (Cast of Characters)…
🎮 การตัดสินใจที่เกี่ยวกับ ,🎮 การตัดสินใจที่เกี่ยวกับ 
🎮 บันทึกการตัดสินใจไว้ {0} ครั้ง,🎮 บันทึกการตัดสินใจไว้ {0} ครั้ง
🎮 ประวัติการตัดสินใจ,🎮 ประวัติการตัดสินใจ
🎮 ประวัติการตัดสินใจ (,🎮 ประวัติการตัดสินใจ (
🏠 หน้าแรก,🏠 หน้าแรก
🏠 หน้าแรก (Home),🏠 หน้าแรก (Home)
🏷 แก้แท็ก…,🏷 แก้แท็ก…
🏷 แก้ป้ายกำกับ…,🏷 แก้ป้ายกำกับ…
🏷 จัดการสถานะฉาก,🏷 จัดการสถานะฉาก
🏷 จัดการ Visual Tags,🏷 จัดการ Visual Tags
🏷 ติดแท็ก,🏷 ติดแท็ก
🏷 แท็ก: ,🏷 แท็ก: 
🏷 แท็ก,🏷 แท็ก
🏷 แท็กทั้งหมด,🏷 แท็กทั้งหมด
🏷 หมวด: ,🏷 หมวด: 
🐉 แฟนตาซี,🐉 แฟนตาซี
👁 ดูตัวอย่าง,👁 ดูตัวอย่าง
👁 สิ่งที่เห็น,👁 สิ่งที่เห็น
👂 สิ่งที่ได้ยิน,👂 สิ่งที่ได้ยิน
👃 กลิ่น,👃 กลิ่น
👅 รสชาติ,👅 รสชาติ
👥 รายงานตัวละคร,👥 รายงานตัวละคร
👥 รายงานตัวละคร (Character Report)…,👥 รายงานตัวละคร (Character Report)…
💧 ส่งออก PDF ลายน้ำรายคน…,💧 ส่งออก PDF ลายน้ำรายคน…
💬 คอมเมนต์,💬 คอมเมนต์
💬 คอมเมนต์ตรงนี้,💬 คอมเมนต์ตรงนี้
💬 คอมเมนต์ในฉากนี้ (แผง),💬 คอมเมนต์ในฉากนี้ (แผง)
💬 คอมเมนต์ (แผง),💬 คอมเมนต์ (แผง)
💬 แผง AI ผู้ช่วยเขียน,💬 แผง AI ผู้ช่วยเขียน
💬 เพิ่ม,💬 เพิ่ม
💬 AI ผู้ช่วยเขียน,💬 AI ผู้ช่วยเขียน
💾 บันทึก,💾 บันทึก
"💾 บันทึกกระดาน ""","💾 บันทึกกระดาน """
💾 บันทึกกระดาน,💾 บันทึกกระดาน
💾 บันทึกก่อน,💾 บันทึกก่อน
"💾 บันทึกเป็น ""","💾 บันทึกเป็น """
💾 บันทึกเป็นไฟล์…,💾 บันทึกเป็นไฟล์…
📁 ตั้งหมวด…,📁 ตั้งหมวด…
📁 บท,📁 บท
📁 เปิดโฟลเดอร์ภาษา,📁 เปิดโฟลเดอร์ภาษา
📁 ผูกการ์ดกับเอกสารในโปรเจกต์,📁 ผูกการ์ดกับเอกสารในโปรเจกต์
📁 ผูกไฟล์จากโปรเจกต์…,📁 ผูกไฟล์จากโปรเจกต์…
📁 ย้ายไปอยู่ใต้…,📁 ย้ายไปอยู่ใต้…
📁 ย้ายไปอัลบั้ม,📁 ย้ายไปอัลบั้ม
📁 ย้ายไปอัลบั้ม…,📁 ย้ายไปอัลบั้ม…
📂 ชี้ตำแหน่งใน Explorer,📂 ชี้ตำแหน่งใน Explorer
📂 เปิด,📂 เปิด
📂 เปิดในโปรแกรม,📂 เปิดในโปรแกรม
📂 เปิดในโฟลเดอร์,📂 เปิดในโฟลเดอร์
📂 เปิดบท,📂 เปิดบท
📂 เปิดโฟลเดอร์แล้ว: ,📂 เปิดโฟลเดอร์แล้ว: 
📂 เปิดเล่ม,📂 เปิดเล่ม
📂 เลือกโฟลเดอร์ปลายทาง,📂 เลือกโฟลเดอร์ปลายทาง
📂 แสดงในโฟลเดอร์,📂 แสดงในโฟลเดอร์
📂 แสดงโฟลเดอร์ Images,📂 แสดงโฟลเดอร์ Images
📂 หาในดิสก์,📂 หาในดิสก์
📂 หาในดิสก์ (Find on disk),📂 หาในดิสก์ (Find on disk)
📄 {0} ฉาก · 📝 {1} คำ · 👤 {2} ตัวละคร,📄 {0} ฉาก · 📝 {1} คำ · 👤 {2} ตัวละคร
📄 {0} ฉากยังไม่ได้ตั้งสถานะ,📄 {0} ฉากยังไม่ได้ตั้งสถานะ
📄 กลับเป็นฉากปกติ (รวมตอนส่งออก),📄 กลับเป็นฉากปกติ (รวมตอนส่งออก)
📄 ฉาก,📄 ฉาก
📄 ฉากที่เปิดอยู่,📄 ฉากที่เปิดอยู่
📄 เปิด,📄 เปิด
📄 เปิด maps.json,📄 เปิด maps.json
📄 ไปที่หน้า/บท… ({0}+G),📄 ไปที่หน้า/บท… ({0}+G)
📄 หน้าปก (Title Pages)…,📄 หน้าปก (Title Pages)…
📊 กราฟบทพูดต่อหน้า,📊 กราฟบทพูดต่อหน้า
📊 กราฟบทพูดต่อหน้า (Dialogue Chart)…,📊 กราฟบทพูดต่อหน้า (Dialogue Chart)…
📊 ความคืบหน้าตามสถานะฉาก,📊 ความคืบหน้าตามสถานะฉาก
📊 ตารางฉาก,📊 ตารางฉาก
📊 ตารางฉากทั้งหมด,📊 ตารางฉากทั้งหมด
📊 เปรียบเทียบบท / สคริปต์…,📊 เปรียบเทียบบท / สคริปต์…
📊 ศูนย์รวม,📊 ศูนย์รวม
📊 สถิติ,📊 สถิติ
📋 กระดานวางแผน ({0}),📋 กระดานวางแผน ({0})
📋 กระดานวางแผน (อ่านไม่ได้),📋 กระดานวางแผน (อ่านไม่ได้)
📋 คัดลอกเป็นข้อความ,📋 คัดลอกเป็นข้อความ
📋 คัดลอกผล,📋 คัดลอกผล
📋 ทำซ้ำ,📋 ทำซ้ำ
📋 เปิดกระดานวางแผน,📋 เปิดกระดานวางแผน
📋 เปิด Planner,📋 เปิด Planner
📋 ย้ายเข้า Memo,📋 ย้ายเข้า Memo
📋 รายการ,📋 รายการ
📋 วาง {0} หมุด,📋 วาง {0} หมุด
📋 สิ่งที่ต้องอัปเดต,📋 สิ่งที่ต้องอัปเดต
📌 คลิกบนแผนที่ (หรือบนหมุด) เพื่อกำหนดตำแหน่งของฉากนี้,📌 คลิกบนแผนที่ (หรือบนหมุด) เพื่อกำหนดตำแหน่งของฉากนี้
📌 ปลดหมุดทุกโหนด แล้วจัดผังใหม่,📌 ปลดหมุดทุกโหนด แล้วจัดผังใหม่
📌 ปลดหมุดโหนดนี้,📌 ปลดหมุดโหนดนี้
📌 ปักตำแหน่งฉากนี้,📌 ปักตำแหน่งฉากนี้
📌 ผลที่บันทึกไว้เมื่อ ,📌 ผลที่บันทึกไว้เมื่อ 
📌 โพสต์อิต,📌 โพสต์อิต
📌 โพสต์อิตตรงนี้,📌 โพสต์อิตตรงนี้
📍 {0} เอนทิตี้ · 🚪 {1} ประตู · 📌 {2} หมายเหตุ · 📄 {3} ฉากผูกกับแผนที่นี้,📍 {0} เอนทิตี้ · 🚪 {1} ประตู · 📌 {2} หมายเหตุ · 📄 {3} ฉากผูกกับแผนที่นี้
📍 ขนาดหมุด,📍 ขนาดหมุด
📍 ผังพื้นที่,📍 ผังพื้นที่
📍 ผูกกับ: “,📍 ผูกกับ: “
📍 รายงานสถานที่,📍 รายงานสถานที่
📍 รายงานสถานที่ (Location Report)…,📍 รายงานสถานที่ (Location Report)…
📐 จัดการแผง (แสดง/ซ่อน)…,📐 จัดการแผง (แสดง/ซ่อน)…
📐 ปรับทุกชิ้นให้ตรงสัดส่วนรูป,📐 ปรับทุกชิ้นให้ตรงสัดส่วนรูป
📐 ปรับให้ตรงสัดส่วนรูป,📐 ปรับให้ตรงสัดส่วนรูป
📐 หน้ากระดาษ · ระยะขอบ…,📐 หน้ากระดาษ · ระยะขอบ…
📐 หน้ากระดาษ · ระยะขอบ · รูปแบบบท…,📐 หน้ากระดาษ · ระยะขอบ · รูปแบบบท…
📑 หัวกระดาษทุกหน้า (Page Headers)…,📑 หัวกระดาษทุกหน้า (Page Headers)…
📖 ความยาวแต่ละบท (คำ),📖 ความยาวแต่ละบท (คำ)
"📖 คำพ้อง/คำตรงข้าม: ""{0}""","📖 คำพ้อง/คำตรงข้าม: ""{0}"""
📖 นิยาย,📖 นิยาย
📖 เปิด,📖 เปิด
📖 เปิดไฟล์,📖 เปิดไฟล์
📖 เปิดหน้า Wiki,📖 เปิดหน้า Wiki
📖 รูปแบบนิยาย (ย่อหน้า · ช่วงบรรทัด · หัวข้อ)…,📖 รูปแบบนิยาย (ย่อหน้า · ช่วงบรรทัด · หัวข้อ)…
"📖 วางแผน — อ่านโปรเจกต์ได้ แต่ไม่แตะไฟล์
","📖 วางแผน — อ่านโปรเจกต์ได้ แต่ไม่แตะไฟล์
"
📗 เพิ่มเล่มใหม่…,📗 เพิ่มเล่มใหม่…
📚 จัดการเล่ม…,📚 จัดการเล่ม…
📚 เล่มทั้งหมดในโปรเจกต์,📚 เล่มทั้งหมดในโปรเจกต์
📚 สารานุกรม,📚 สารานุกรม
📚 สารานุกรม (Codex),📚 สารานุกรม (Codex)
📜 บันทึกล่าสุด (log),📜 บันทึกล่าสุด (log)
📝 ฉบับร่าง,📝 ฉบับร่าง
📝 โน้ต,📝 โน้ต
📝 โน้ตด่วน — ,📝 โน้ตด่วน — 
📝 โน้ตทั้งหมด (,📝 โน้ตทั้งหมด (
📝 เปลี่ยนเป็นโน้ต (ไม่รวมตอนส่งออก),📝 เปลี่ยนเป็นโน้ต (ไม่รวมตอนส่งออก)
📝 เปิด,📝 เปิด
📝 ย้ายออกไปที่ MEMO,📝 ย้ายออกไปที่ MEMO
📝 ไว้ทำภายหลัง ({0}),📝 ไว้ทำภายหลัง ({0})
📝 สมุดโน้ตด่วน,📝 สมุดโน้ตด่วน
📤 ส่งออก,📤 ส่งออก
📤 ส่งออก…,📤 ส่งออก…
📤 ส่งออกการจัดวางแผง (JSON)…,📤 ส่งออกการจัดวางแผง (JSON)…
📤 ส่งออกเฉพาะรูปที่ถูกใช้จริง…,📤 ส่งออกเฉพาะรูปที่ถูกใช้จริง…
📤 ส่งออกที่เลือก,📤 ส่งออกที่เลือก
📤 ส่งออกไฟล์แปล (CSV),📤 ส่งออกไฟล์แปล (CSV)
📤 ส่งออกอัลบั้มที่เลือกอยู่…,📤 ส่งออกอัลบั้มที่เลือกอยู่…
📤 ส่งออกอัลบั้มนี้…,📤 ส่งออกอัลบั้มนี้…
📤 ส่งออก CSV,📤 ส่งออก CSV
📤 ส่งออก PNG,📤 ส่งออก PNG
📤 เอาออกจากที่จัดเก็บ,📤 เอาออกจากที่จัดเก็บ
📥 จัดเก็บ,📥 จัดเก็บ
📥 แทรก,📥 แทรก
📥 แทรกลงฉาก,📥 แทรกลงฉาก
📥 นำเข้า…,📥 นำเข้า…
📥 บันทึกลง Wiki,📥 บันทึกลง Wiki
📥 ส่งออก,📥 ส่งออก
📥 ส่งออก .md,📥 ส่งออก .md
📦 สิ่งที่พบ,📦 สิ่งที่พบ
📷 บันทึกแผนที่ลงคลังรูปแล้ว: ,📷 บันทึกแผนที่ลงคลังรูปแล้ว: 
"📷 ยังไม่มีรูป — กด ""🖼 เปลี่ยนรูป""","📷 ยังไม่มีรูป — กด ""🖼 เปลี่ยนรูป"""
📷 ส่งออกกระดานเป็นภาพ…,📷 ส่งออกกระดานเป็นภาพ…
📸 บันทึกเวอร์ชันนี้,📸 บันทึกเวอร์ชันนี้
🔄 ซิงก์คุณสมบัติฉากจากไฟล์ .md (แก้ไฟล์นอกโปรแกรมแล้วใช้),🔄 ซิงก์คุณสมบัติฉากจากไฟล์ .md (แก้ไฟล์นอกโปรแกรมแล้วใช้)
🔄 ตรวจใหม่,🔄 ตรวจใหม่
🔄 รีเฟรช,🔄 รีเฟรช
🔄 ลองใหม่,🔄 ลองใหม่
🔄 สร้างดัชนีใหม่,🔄 สร้างดัชนีใหม่
🔄 สร้าง images.json ใหม่ (ดัชนี v1),🔄 สร้าง images.json ใหม่ (ดัชนี v1)
🔄 สรุปใหม่,🔄 สรุปใหม่
🔊 สิ่งที่ได้ยิน,🔊 สิ่งที่ได้ยิน
🔊 เสียงเครื่องพิมพ์ดีดขณะพิมพ์,🔊 เสียงเครื่องพิมพ์ดีดขณะพิมพ์
🔌 ทดสอบการเชื่อมต่อ,🔌 ทดสอบการเชื่อมต่อ
🔌 ทดสอบเชื่อมต่อ,🔌 ทดสอบเชื่อมต่อ
"🔍 ""{0}"" — เจอ {1} หมุดบนแผนที่นี้","🔍 ""{0}"" — เจอ {1} หมุดบนแผนที่นี้"
🔍 กรอง — ค้นชื่อ/แท็ก/สถานะ/เรื่องย่อ,🔍 กรอง — ค้นชื่อ/แท็ก/สถานะ/เรื่องย่อ
🔍 กระดาน {0} ใบถูกซ่อนด้วยตัวกรอง — ล้างช่องค้นหาเพื่อดูทั้งหมด,🔍 กระดาน {0} ใบถูกซ่อนด้วยตัวกรอง — ล้างช่องค้นหาเพื่อดูทั้งหมด
🔍 ค้นเฉพาะในบทนี้,🔍 ค้นเฉพาะในบทนี้
🔍 ค้นชื่อไฟล์ / คำบรรยาย / แท็ก,🔍 ค้นชื่อไฟล์ / คำบรรยาย / แท็ก
🔍 ค้นในบันทึก,🔍 ค้นในบันทึก
🔍 ค้นหา,🔍 ค้นหา
🔍 ค้นหา…,🔍 ค้นหา…
🔍 ค้นหาทั้งโปรเจกต์,🔍 ค้นหาทั้งโปรเจกต์
🔍 ค้นหาหมุด (ชื่อ/หมายเหตุ),🔍 ค้นหาหมุด (ชื่อ/หมายเหตุ)
🔍 ดูภาพเต็ม,🔍 ดูภาพเต็ม
🔍 สืบสวน/ลึกลับ,🔍 สืบสวน/ลึกลับ
🔎 หารูปซ้ำในคลัง,🔎 หารูปซ้ำในคลัง
🔎 หารูปที่คล้ายกัน,🔎 หารูปที่คล้ายกัน
🔒 ล็อก,🔒 ล็อก
🔒 ล็อก (แก้ไม่ได้),🔒 ล็อก (แก้ไม่ได้)
🔒 ล็อกฉากแล้ว (แก้ไม่ได้จนปลดล็อก),🔒 ล็อกฉากแล้ว (แก้ไม่ได้จนปลดล็อก)
 🔒 ล็อกอยู่ (แก้ไม่ได้), 🔒 ล็อกอยู่ (แก้ไม่ได้)
🔓 ปลดล็อก,🔓 ปลดล็อก
🔓 ปลดล็อกฉากแล้ว,🔓 ปลดล็อกฉากแล้ว
🔓 ปลดล็อกเต็มที่ — ทำได้ทุกอย่างรวมทั้งลบ (ของไปถังขยะ กู้คืนได้),🔓 ปลดล็อกเต็มที่ — ทำได้ทุกอย่างรวมทั้งลบ (ของไปถังขยะ กู้คืนได้)
 🔓 ล็อกฉากนี้, 🔓 ล็อกฉากนี้
🔗 ความสัมพันธ์ (,🔗 ความสัมพันธ์ (
"🔗 สร้างความสัมพันธ์ ""{0}"" ระหว่าง {1} ↔ {2}","🔗 สร้างความสัมพันธ์ ""{0}"" ระหว่าง {1} ↔ {2}"
🔗 เส้นเชื่อม,🔗 เส้นเชื่อม
🔗 เส้นที่ต่ออยู่ (,🔗 เส้นที่ต่ออยู่ (
🔗 Backlinks (ฉากที่อ้างถึง Wiki นี้),🔗 Backlinks (ฉากที่อ้างถึง Wiki นี้)
🔠 ตัวพิมพ์ใหญ่/เล็ก (ให้อิสระ),🔠 ตัวพิมพ์ใหญ่/เล็ก (ให้อิสระ)
🔢 เรียงลำดับหมายเลขใหม่,🔢 เรียงลำดับหมายเลขใหม่
🔤 แผนที่อักขระพิเศษ…,🔤 แผนที่อักขระพิเศษ…
🔤 ฟอนต์ตามภาษา (ไทย/ละติน/อื่น ๆ)…,🔤 ฟอนต์ตามภาษา (ไทย/ละติน/อื่น ๆ)…
🔤 แสดงตัวหนังสือ,🔤 แสดงตัวหนังสือ
🔥 เขียนติดต่อกัน {0} วัน,🔥 เขียนติดต่อกัน {0} วัน
🔥 ยังไม่เริ่มนับวันเขียนติดต่อกัน,🔥 ยังไม่เริ่มนับวันเขียนติดต่อกัน
🔥 วันนี้ยังไม่ได้เขียน!,🔥 วันนี้ยังไม่ได้เขียน!
🕒 เส้นเวลา…,🕒 เส้นเวลา…
🕒 เส้นเวลา,🕒 เส้นเวลา
🕒 เส้นเวลาของสถานที่นี้,🕒 เส้นเวลาของสถานที่นี้
🕘 เคยแนะนำไว้ก่อนหน้า,🕘 เคยแนะนำไว้ก่อนหน้า
🕘 ประวัติ,🕘 ประวัติ
🕘 ประวัติการทำงาน,🕘 ประวัติการทำงาน
🕘 ประวัติเวอร์ชัน…,🕘 ประวัติเวอร์ชัน…
🕳 ยังไม่ถูกกล่าวถึงเลย,🕳 ยังไม่ถูกกล่าวถึงเลย
🖐 สัมผัส,🖐 สัมผัส
🖥 ย้ายไปหน้าต่างแยก (ลากไปจออื่นได้),🖥 ย้ายไปหน้าต่างแยก (ลากไปจออื่นได้)
🖨 พิมพ์,🖨 พิมพ์
🖱 ลากพื้น=เลื่อน · ล้อ=ซูม · ลากโหนด=ย้าย · Shift+คลิก=ผลัก · ดับเบิลคลิก=เปิด · คลิกขวา=เมนู,🖱 ลากพื้น=เลื่อน · ล้อ=ซูม · ลากโหนด=ย้าย · Shift+คลิก=ผลัก · ดับเบิลคลิก=เปิด · คลิกขวา=เมนู
🖼 คลังรูป,🖼 คลังรูป
🖼 คลังรูป ({0}),🖼 คลังรูป ({0})
🖼 คลังรูปภาพ,🖼 คลังรูปภาพ
🖼 คลังรูปภาพ (Gallery) ({0}+{1}+G),🖼 คลังรูปภาพ (Gallery) ({0}+{1}+G)
🖼 แทรกลงฉากที่เปิดอยู่,🖼 แทรกลงฉากที่เปิดอยู่
🖼 บันทึกรูปกระดานแล้ว: ,🖼 บันทึกรูปกระดานแล้ว: 
🖼 เปลี่ยนรูป,🖼 เปลี่ยนรูป
🖼 เปิดคลังรูป,🖼 เปิดคลังรูป
🖼 เฟรม,🖼 เฟรม
🖼 เลือกปก,🖼 เลือกปก
🖼 เลือกรูป…,🖼 เลือกรูป…
🗂 จัดกลุ่ม,🗂 จัดกลุ่ม
🗂 จัดกลุ่มที่เลือก,🗂 จัดกลุ่มที่เลือก
🗂 เวิร์กสเปซ…,🗂 เวิร์กสเปซ…
🗂 เวิร์กสเปซ… ({0}+{1}+Y),🗂 เวิร์กสเปซ… ({0}+{1}+Y)
🗂 Wiki ตามหมวด,🗂 Wiki ตามหมวด
🗑 ถอดแท็กนี้ออกจากทุกรูป,🗑 ถอดแท็กนี้ออกจากทุกรูป
🗑 ถังขยะ ({0}),🗑 ถังขยะ ({0})
🗑 ยุบกลุ่ม,🗑 ยุบกลุ่ม
🗑 ลบ,🗑 ลบ
🗑 ลบข้อความนี้,🗑 ลบข้อความนี้
🗑 ลบเซสชันนี้,🗑 ลบเซสชันนี้
🗑 ลบทั้งหมด,🗑 ลบทั้งหมด
🗑 ลบที่เลือก,🗑 ลบที่เลือก
🗑 ลบบททั้งบท,🗑 ลบบททั้งบท
🗑 ลบแผนที่,🗑 ลบแผนที่
🗑 ลบโฟลเดอร์,🗑 ลบโฟลเดอร์
🗑 ลบ (ย้ายไปถังขยะ),🗑 ลบ (ย้ายไปถังขยะ)
🗑 ลบเล่มทั้งเล่ม,🗑 ลบเล่มทั้งเล่ม
🗑 ลบวัตถุนี้,🗑 ลบวัตถุนี้
🗑 ลบเส้น,🗑 ลบเส้น
🗑 ลบเส้นนี้,🗑 ลบเส้นนี้
🗑 ลบหน้า,🗑 ลบหน้า
🗑 ลบอัลบั้ม (ย้ายไปถังขยะ),🗑 ลบอัลบั้ม (ย้ายไปถังขยะ)
🗑 ล้าง,🗑 ล้าง
🗑 ล้างกระดาน (ไม่ลบไฟล์),🗑 ล้างกระดาน (ไม่ลบไฟล์)
🗑 ล้างประวัติ,🗑 ล้างประวัติ
🗒 บันทึกประจำวัน,🗒 บันทึกประจำวัน
🗺 เปิดแผงแผนที่,🗺 เปิดแผงแผนที่
🗺 แผนที่…,🗺 แผนที่…
🗺 แผนที่,🗺 แผนที่
🗺 แผนที่ ({0}),🗺 แผนที่ ({0})
🗺 แผนที่ (อ่านไม่ได้),🗺 แผนที่ (อ่านไม่ได้)
🤖 กำลังคิด…,🤖 กำลังคิด…
🤖 กำลังคิดต่อ…,🤖 กำลังคิดต่อ…
🤖 ตั้งค่า AI,🤖 ตั้งค่า AI
🤖 ผู้ช่วย,🤖 ผู้ช่วย
🤖 AI: ตั้งคำบรรยายให้รูปที่เลือก,🤖 AI: ตั้งคำบรรยายให้รูปที่เลือก
🤖 AI: แนะนำแท็กให้รูปที่เลือก,🤖 AI: แนะนำแท็กให้รูปที่เลือก
🤖 AI สรุปเนื้อหา,🤖 AI สรุปเนื้อหา
🤖 AI สรุปเนื้อหา — ,🤖 AI สรุปเนื้อหา — 
🧠 ความคิดของโมเดล,🧠 ความคิดของโมเดล
🧠 จัดการ SmartType (ลบคำที่จำผิด)…,🧠 จัดการ SmartType (ลบคำที่จำผิด)…
🧠 AI วิเคราะห์,🧠 AI วิเคราะห์
🧠 AI วิเคราะห์ (จังหวะเรื่อง · ตัวละคร · คำซ้ำ),🧠 AI วิเคราะห์ (จังหวะเรื่อง · ตัวละคร · คำซ้ำ)
🧹 รูปที่ยังไม่ถูกใช้,🧹 รูปที่ยังไม่ถูกใช้
🧹 ลบ element ตามประเภท…,🧹 ลบ element ตามประเภท…
🧹 ล้างผล,🧹 ล้างผล
🧹 แสดงเฉพาะรูปที่ยังไม่ถูกใช้,🧹 แสดงเฉพาะรูปที่ยังไม่ถูกใช้
🧾 ส่งออก PDF (ตัวสร้างในโปรแกรม — สารบัญ · หน้าปก)…,🧾 ส่งออก PDF (ตัวสร้างในโปรแกรม — สารบัญ · หน้าปก)…
🧾 ส่งออก PDF (สารบัญ · หน้าปก · เปิดที่หน้าเดิม)…,🧾 ส่งออก PDF (สารบัญ · หน้าปก · เปิดที่หน้าเดิม)…
🪟 แยกเป็นหน้าต่างลอย,🪟 แยกเป็นหน้าต่างลอย
😄 ลื่นไหล,😄 ลื่นไหล
😖 ติดขัด,😖 ติดขัด
😴 ล้า,😴 ล้า
🙂 ปกติ,🙂 ปกติ
🚫 ล้างตำแหน่ง,🚫 ล้างตำแหน่ง
🛠 คอนโซลนักพัฒนา,🛠 คอนโซลนักพัฒนา
🛠 คอนโซลนักพัฒนา… ({0}+{1}+`),🛠 คอนโซลนักพัฒนา… ({0}+{1}+`)
🛣 กำลังต่อเส้นทาง “{0}” — คลิกหมุดตามลำดับที่เดินทาง ({1} จุด),🛣 กำลังต่อเส้นทาง “{0}” — คลิกหมุดตามลำดับที่เดินทาง ({1} จุด)
🛣 เส้นทาง,🛣 เส้นทาง
🛣 เส้นทาง ({0}),🛣 เส้นทาง ({0})
${{TITLE}} หรือ ${{PAGE}},${{TITLE}} หรือ ${{PAGE}}
{0} → {1} ({2} ไฟล์),{0} → {1} ({2} ไฟล์)
{0}: +{1} คำ,{0}: +{1} คำ
"{0} <span class=""dim"">(บรรทัด {1})</span>","{0} <span class=""dim"">(บรรทัด {1})</span>"
0 = เท่าพื้นที่พิมพ์ที่เหลือ,0 = เท่าพื้นที่พิมพ์ที่เหลือ
{0}{1}{2}{3}{4}สัดส่วน,{0}{1}{2}{3}{4}สัดส่วน
{0}  [{1}]  {2} ฉาก · ~{3} หน้า,{0}  [{1}]  {2} ฉาก · ~{3} หน้า
{0}/{1} ครั้ง,{0}/{1} ครั้ง
_[{0} · {1} คำ]_,_[{0} · {1} คำ]_
{0} / {1} ฉาก,{0} / {1} ฉาก
  {0} · {1} ฉาก · ~{2} หน้า,  {0} · {1} ฉาก · ~{2} หน้า
{0} {1} ใน dock {2} ,{0} {1} ใน dock {2} 
01 - บทที่หนึ่ง,01 - บทที่หนึ่ง
{0} ({1} บรรทัด),{0} ({1} บรรทัด)
"{0}{1} พูดว่า ""{2}""","{0}{1} พูดว่า ""{2}"""
{0}/{1} ไฟล์,{0}/{1} ไฟล์
{0} · {1} หมุด · {2} ฉาก,{0} · {1} หมุด · {2} ฉาก
"""{0}"" กลับเป็นฉากปกติแล้ว","""{0}"" กลับเป็นฉากปกติแล้ว"
{0} ข้อควรดู,{0} ข้อควรดู
{0} ข้อผิดพลาด,{0} ข้อผิดพลาด
{0} ครั้ง · {1} ฉาก · เลือกบ่อยสุด: “{2}” ({3}×),{0} ครั้ง · {1} ฉาก · เลือกบ่อยสุด: “{2}” ({3}×)
{0} คำ · {1} บท · {2} ฉาก,{0} คำ · {1} บท · {2} ฉาก
"{0}

### คำถาม
{1}","{0}

### คำถาม
{1}"
{0} จุด · ระยะ ~{1},{0} จุด · ระยะ ~{1}
 · {0} ฉบับร่าง, · {0} ฉบับร่าง
 · {0} ฉาก, · {0} ฉาก
"{0}ฉาก ""{1}""{2} ({3} ตัวอักษร)","{0}ฉาก ""{1}""{2} ({3} ตัวอักษร)"
"{0}ฉาก ""{1}"" แล้ว (รวม {2} ตัวอักษร)","{0}ฉาก ""{1}"" แล้ว (รวม {2} ตัวอักษร)"
 ({0} ฉากปักพิกัดเอง), ({0} ฉากปักพิกัดเอง)
"{0}
ใช้ {1} ครั้ง","{0}
ใช้ {1} ครั้ง"
{0} ตัวละคร · {1} บรรทัดบทพูด · {2} หน้า,{0} ตัวละคร · {1} บรรทัดบทพูด · {2} หน้า
{0} นิ้ว · ,{0} นิ้ว · 
{0} บท · {1} ฉาก · {2} คำ,{0} บท · {1} ฉาก · {2} คำ
{0} (บรรทัด {1}),{0} (บรรทัด {1})
{0} บรรทัด · {1} คำ · {2} อักขระ,{0} บรรทัด · {1} คำ · {2} อักขระ
{0}: บรรทัดว่าง,{0}: บรรทัดว่าง
{0} บรรทัด/หน้า,{0} บรรทัด/หน้า
{0} เป็น…ของ {1},{0} เป็น…ของ {1}
"""{0}"" เป็นโน้ตแล้ว — จะไม่ถูกรวมตอนส่งออก","""{0}"" เป็นโน้ตแล้ว — จะไม่ถูกรวมตอนส่งออก"
{0} เป็นอะไรกับ {1},{0} เป็นอะไรกับ {1}
{0} ฟิลด์ · {1} ส่วน,{0} ฟิลด์ · {1} ส่วน
{0} ยาวเกิน ({1}/{2} ตัวอักษร),{0} ยาวเกิน ({1}/{2} ตัวอักษร)
{0} รายการ · ยังไม่ปิด {1},{0} รายการ · ยังไม่ปิด {1}
{0} รูป · {1} อัลบั้ม · {2} แท็ก · พื้นที่รวม {3},{0} รูป · {1} อัลบั้ม · {2} แท็ก · พื้นที่รวม {3}
{0} รูป · ยังไม่ถูกใช้ {1} · {2},{0} รูป · ยังไม่ถูกใช้ {1} · {2}
{0} วัตถุ · {1} เส้น · {2} กลุ่ม,{0} วัตถุ · {1} เส้น · {2} กลุ่ม
{0} สถานที่ · {1} ฉาก · {2} หน้า,{0} สถานที่ · {1} ฉาก · {2} หน้า
 · {0} หน้า, · {0} หน้า
"""{0}"" ให้แล้ว (เปิดกลับได้ที่ บท → 🔠 ตัวพิมพ์ใหญ่/เล็ก)","""{0}"" ให้แล้ว (เปิดกลับได้ที่ บท → 🔠 ตัวพิมพ์ใหญ่/เล็ก)"
"""{0}"" อยู่บนกระดานแล้ว","""{0}"" อยู่บนกระดานแล้ว"
{0} เอนทิตี้ · {1} ประตู · {2} หมายเหตุ,{0} เอนทิตี้ · {1} ประตู · {2} หมายเหตุ
"1 — ใช้เมื่อเปิด ""เลขหน้า"" ในตั้งค่าโปรเจกต์","1 — ใช้เมื่อเปิด ""เลขหน้า"" ในตั้งค่าโปรเจกต์"
1. ทุกอย่างต้องสอดคล้องกันเอง และสอดคล้องกับบริบทของเรื่องที่ให้มา (ถ้ามี),1. ทุกอย่างต้องสอดคล้องกันเอง และสอดคล้องกับบริบทของเรื่องที่ให้มา (ถ้ามี)
1. เทียบฉากกับฉาก และเทียบกับโปรไฟล์ — ระบุ sceneId ของฉากที่มีปัญหาเสมอ,1. เทียบฉากกับฉาก และเทียบกับโปรไฟล์ — ระบุ sceneId ของฉากที่มีปัญหาเสมอ
1. อ้างอิงเฉพาะข้อเท็จจริงที่ปรากฏในฉากที่ให้มา — ห้ามสมมติเหตุการณ์นอกเหนือจากนี้,1. อ้างอิงเฉพาะข้อเท็จจริงที่ปรากฏในฉากที่ให้มา — ห้ามสมมติเหตุการณ์นอกเหนือจากนี้
2. เขียนเป็นภาษาไทย กระชับ ใช้ได้จริง ไม่ใช่คำสวยลอย ๆ,2. เขียนเป็นภาษาไทย กระชับ ใช้ได้จริง ไม่ใช่คำสวยลอย ๆ
2. ทุกข้อต้องระบุ sceneId ของฉากที่พบปัญหา และ (ถ้ามี) sceneId ของฉากที่ขัดกัน,2. ทุกข้อต้องระบุ sceneId ของฉากที่พบปัญหา และ (ถ้ามี) sceneId ของฉากที่ขัดกัน
2. อ้างข้อความสั้น ๆ จากฉากเป็นหลักฐานทุกข้อ,2. อ้างข้อความสั้น ๆ จากฉากเป็นหลักฐานทุกข้อ
3. ทุกหัวข้อต้องมีเนื้อหาอย่างน้อย 2-4 ประโยค,3. ทุกหัวข้อต้องมีเนื้อหาอย่างน้อย 2-4 ประโยค
3. ให้ข้อเสนอแก้ไขที่ลงมือทำได้จริง (แก้ประโยคไหน เป็นอะไร),3. ให้ข้อเสนอแก้ไขที่ลงมือทำได้จริง (แก้ประโยคไหน เป็นอะไร)
3. อธิบายเป็นภาษาไทย สั้น ตรงประเด็น พร้อมยกข้อความสั้น ๆ ที่เป็นหลักฐาน,3. อธิบายเป็นภาษาไทย สั้น ตรงประเด็น พร้อมยกข้อความสั้น ๆ ที่เป็นหลักฐาน
4. ถ้าตัวละครสม่ำเสมอดีอยู่แล้ว ให้ตอบ [] — ห้ามแต่งปัญหา,4. ถ้าตัวละครสม่ำเสมอดีอยู่แล้ว ให้ตอบ [] — ห้ามแต่งปัญหา
4. ถ้าไม่พบปัญหาจริง ให้ตอบ []  — ห้ามแต่งปัญหาขึ้นมาให้ครบจำนวน,4. ถ้าไม่พบปัญหาจริง ให้ตอบ []  — ห้ามแต่งปัญหาขึ้นมาให้ครบจำนวน
4. ปิดท้ายด้วยปมที่เอาไปเขียนเป็นฉากต่อได้จริง,4. ปิดท้ายด้วยปมที่เอาไปเขียนเป็นฉากต่อได้จริง
5. โทน/แนวของโลก: ,5. โทน/แนวของโลก: 
5. ให้ความสำคัญเป็นพิเศษกับ: ,5. ให้ความสำคัญเป็นพิเศษกับ: 
[87] สารบัญ (bookmark ต่อหัวฉาก),[87] สารบัญ (bookmark ต่อหัวฉาก)
[88] ไม่พิมพ์ element เหล่านี้,[88] ไม่พิมพ์ element เหล่านี้
[89] เปิดไฟล์แล้วไปที่หน้า,[89] เปิดไฟล์แล้วไปที่หน้า
[90] แนบหน้าปก,[90] แนบหน้าปก
[91] หัวกระดาษทุกหน้า,[91] หัวกระดาษทุกหน้า
กฎของระบบ,กฎของระบบ
กฎของโลกขัดกัน,กฎของโลกขัดกัน
 — กด , — กด 
"กด ""ดึงรายชื่อโมเดล"" เพื่อขอรายการจาก API ของเจ้านี้","กด ""ดึงรายชื่อโมเดล"" เพื่อขอรายการจาก API ของเจ้านี้"
" · กดปุ่ม ""✎ แก้ไข"" บนแถบเครื่องมือเพื่อแก้หมุดนี้"," · กดปุ่ม ""✎ แก้ไข"" บนแถบเครื่องมือเพื่อแก้หมุดนี้"
กดปุ่มที่ต้องการ…,กดปุ่มที่ต้องการ…
กติกา:,กติกา:
กติกาสำคัญ:,กติกาสำคัญ:
กรองด้วยแท็ก: ,กรองด้วยแท็ก: 
กรองตามการใช้งานจริงในต้นฉบับ,กรองตามการใช้งานจริงในต้นฉบับ
กรองตามที่มา,กรองตามที่มา
กรองเส้นทาง — พิมพ์ชื่อฉากที่ต้องมีในเส้นทาง,กรองเส้นทาง — พิมพ์ชื่อฉากที่ต้องมีในเส้นทาง
กระจ่าง,กระจ่าง
กระจิริด,กระจิริด
กระชับ,กระชับ
กระดาน,กระดาน
กระดาน ,กระดาน 
กระดาน: ,กระดาน: 
"กระดาน ""{0}"" ยังไม่ได้บันทึก — {1} เลยไหม?","กระดาน ""{0}"" ยังไม่ได้บันทึก — {1} เลยไหม?"
กระดานของอัลบั้มไหน,กระดานของอัลบั้มไหน
กระดานฉากเรียงตามสถานะ — ลากการ์ดข้ามคอลัมน์เพื่อเปลี่ยนสถานะฉากนั้นทันที,กระดานฉากเรียงตามสถานะ — ลากการ์ดข้ามคอลัมน์เพื่อเปลี่ยนสถานะฉากนั้นทันที
"กระดานยังว่าง — เปิดแผง ""คลังรูปภาพ"" ไว้ข้าง ๆ แล้ว **ลากรูปมาวางตรงนี้** ได้เลย ","กระดานยังว่าง — เปิดแผง ""คลังรูปภาพ"" ไว้ข้าง ๆ แล้ว **ลากรูปมาวางตรงนี้** ได้เลย "
กระดานยังว่าง — ไม่มีอะไรให้ส่งออก,กระดานยังว่าง — ไม่มีอะไรให้ส่งออก
กระดานวางแผน,กระดานวางแผน
กระดานวางแผนแบบการ์ดอิสระ — วางโน้ต รูป และลิงก์ไปฉากได้ทุกที่บนผืนผ้าใบ · ใช้ปะติดปะต่อโครงเรื่องก่อนลงมือเขียน,กระดานวางแผนแบบการ์ดอิสระ — วางโน้ต รูป และลิงก์ไปฉากได้ทุกที่บนผืนผ้าใบ · ใช้ปะติดปะต่อโครงเรื่องก่อนลงมือเขียน
กระดานวางแผน (Planner) และผังพื้นที่,กระดานวางแผน (Planner) และผังพื้นที่
กระดานหลัก,กระดานหลัก
กระโดดตามฉากได้ในโปรแกรมอ่าน PDF,กระโดดตามฉากได้ในโปรแกรมอ่าน PDF
กระผม,กระผม
กราฟความยาวฉากเรียงตามลำดับเรื่อง,กราฟความยาวฉากเรียงตามลำดับเรื่อง
กราฟบทพูด,กราฟบทพูด
กราฟบทพูด — {0} หน้า,กราฟบทพูด — {0} หน้า
"กรุณาสรุปเนื้อหานิยาย/บทภาพยนตร์ต่อไปนี้เป็นภาษาไทย สั้นๆ 3-5 ย่อหน้า:

{0}","กรุณาสรุปเนื้อหานิยาย/บทภาพยนตร์ต่อไปนี้เป็นภาษาไทย สั้นๆ 3-5 ย่อหน้า:

{0}"
กลับไปขนาดพอดีกรอบ (100%),กลับไปขนาดพอดีกรอบ (100%)
กลับไปรายการเซสชัน,กลับไปรายการเซสชัน
กลับมา,กลับมา
กล้า,กล้า
กล่าว,กล่าว
กล่าวถึง,กล่าวถึง
กล่าวถึง {0} ครั้ง — คลิกเปิดฉาก,กล่าวถึง {0} ครั้ง — คลิกเปิดฉาก
กลุ่ม,กลุ่ม
กลุ่มแท็บ,กลุ่มแท็บ
กลุ่ม/ฝ่าย,กลุ่ม/ฝ่าย
กลุ่มใหม่,กลุ่มใหม่
กลุ่ม/องค์กร,กลุ่ม/องค์กร
กว้างขวาง,กว้างขวาง
กว้าง / สูง,กว้าง / สูง
ก่อนลบ ,ก่อนลบ 
ก่อนหน้าทั้งหมดที่เก็บไว้,ก่อนหน้าทั้งหมดที่เก็บไว้
(ก่อนหัวฉากแรก),(ก่อนหัวฉากแรก)
ก๊อบโครงจากร่างไหน ? (ว่าง = สร้างเปล่า),ก๊อบโครงจากร่างไหน ? (ว่าง = สร้างเปล่า)
กันเอง,กันเอง
กากบาท,กากบาท
การใช้งาน: ,การใช้งาน: 
การใช้งาน,การใช้งาน
การ์ด,การ์ด
 การ์ดจัดเอง, การ์ดจัดเอง
การ์ดฉาก,การ์ดฉาก
การ์ดนี้ยังไม่ได้ผูกไฟล์,การ์ดนี้ยังไม่ได้ผูกไฟล์
"การ์ดนี้ยังไม่ได้ผูกไฟล์ — กด ""📁 เลือกจากโปรเจกต์"" ในแผงคุณสมบัติ","การ์ดนี้ยังไม่ได้ผูกไฟล์ — กด ""📁 เลือกจากโปรเจกต์"" ในแผงคุณสมบัติ"
การ์ดโน้ต,การ์ดโน้ต
การ์ดบท,การ์ดบท
การ์ด Wiki,การ์ด Wiki
การปกครอง,การปกครอง
การพูด,การพูด
การสืบสวน,การสืบสวน
ก้าว,ก้าว
ก้าวที่,ก้าวที่
กำเนิดและตำนาน,กำเนิดและตำนาน
กำลังแก้,กำลังแก้
กำลังเขียน,กำลังเขียน
กำลังเขียนไฟล์…,กำลังเขียนไฟล์…
กำลังเขียนไฟล์ภาพ…,กำลังเขียนไฟล์ภาพ…
กำลังเขียนไฟล์ HTML…,กำลังเขียนไฟล์ HTML…
กำลังเขียนไฟล์ JSON…,กำลังเขียนไฟล์ JSON…
กำลังค้น…,กำลังค้น…
กำลังค้นคำพ้องของ: ,กำลังค้นคำพ้องของ: 
กำลังค้นหา…,กำลังค้นหา…
กำลังค้นหาฉากที่กล่าวถึง “,กำลังค้นหาฉากที่กล่าวถึง “
กำลังจัดวางแผงและแท็บ…,กำลังจัดวางแผงและแท็บ…
กำลังดึงรายชื่อโมเดล…,กำลังดึงรายชื่อโมเดล…
กำลังตรวจสอบไฟล์…,กำลังตรวจสอบไฟล์…
กำลังติดต่อ {0}…,กำลังติดต่อ {0}…
กำลังติดต่อ {0}… (ลองใหม่ครั้งที่ {1}),กำลังติดต่อ {0}… (ลองใหม่ครั้งที่ {1})
กำลังแตกไฟล์ ZIP…,กำลังแตกไฟล์ ZIP…
กำลังแตกไฟล์ ZIP… ({0}/{1}),กำลังแตกไฟล์ ZIP… ({0}/{1})
กำลังทดสอบ…,กำลังทดสอบ…
กำลังทดสอบเชื่อมต่อ AI…,กำลังทดสอบเชื่อมต่อ AI…
กำลังทำงาน…,กำลังทำงาน…
กำลังเทียบรูป…,กำลังเทียบรูป…
กำลังบันทึก…,กำลังบันทึก…
กำลังบันทึก {0}/{1} — {2},กำลังบันทึก {0}/{1} — {2}
กำลังบีบอัดและเขียนไฟล์…,กำลังบีบอัดและเขียนไฟล์…
กำลังบีบอัดและเขียนไฟล์ ZIP…,กำลังบีบอัดและเขียนไฟล์ ZIP…
กำลังประมวลผลเวิร์กโฟลว์…,กำลังประมวลผลเวิร์กโฟลว์…
กำลังเปิดโปรเจกต์…,กำลังเปิดโปรเจกต์…
  — กำลังเปิดอยู่,  — กำลังเปิดอยู่
  — กำลังเปิดอยู่ · ยังไม่บันทึก,  — กำลังเปิดอยู่ · ยังไม่บันทึก
กำลังเพิ่มรูป…,กำลังเพิ่มรูป…
กำลังแพ็ค ZIP…,กำลังแพ็ค ZIP…
กำลังแพ็ค ZIP… ({0} ไฟล์),กำลังแพ็ค ZIP… ({0} ไฟล์)
กำลังย้ายรูป…,กำลังย้ายรูป…
กำลังรวบรวมรูป… ({0}/{1}),กำลังรวบรวมรูป… ({0}/{1})
กำลังรวบรวมรูป {0} ใบ…,กำลังรวบรวมรูป {0} ใบ…
กำลังรวบรวม JSON…,กำลังรวบรวม JSON…
กำลังรวมฉบับร่าง…,กำลังรวมฉบับร่าง…
กำลังเริ่ม…,กำลังเริ่ม…
กำลังเริ่มโปรแกรม…,กำลังเริ่มโปรแกรม…
กำลังลบรูป…,กำลังลบรูป…
กำลังวาดกระดานอารมณ์…,กำลังวาดกระดานอารมณ์…
กำลังสแกน…,กำลังสแกน…
กำลังส่งให้ AI คิดชื่อ…,กำลังส่งให้ AI คิดชื่อ…
กำลังส่งให้ AI สรุป ({0} ฉาก · {1} รายการใน Wiki)…,กำลังส่งให้ AI สรุป ({0} ฉาก · {1} รายการใน Wiki)…
กำลังสร้าง…,กำลังสร้าง…
กำลังสร้าง {0}/{1} — {2},กำลังสร้าง {0}/{1} — {2}
กำลังสร้างโครงสร้างโปรเจกต์…,กำลังสร้างโครงสร้างโปรเจกต์…
กำลังสร้างดัชนีเชื่อมโยง…,กำลังสร้างดัชนีเชื่อมโยง…
กำลังสร้างดัชนีเนื้อหา…,กำลังสร้างดัชนีเนื้อหา…
กำลังสร้างไฟล์ PDF…,กำลังสร้างไฟล์ PDF…
กำลังสร้างเว็บสารานุกรม…,กำลังสร้างเว็บสารานุกรม…
กำลังสร้าง HTML…,กำลังสร้าง HTML…
กำลังหารูปซ้ำ…,กำลังหารูปซ้ำ…
กำลังโหลด…,กำลังโหลด…
(กำลังโหลดดัชนีเชื่อมโยง…),(กำลังโหลดดัชนีเชื่อมโยง…)
กำลังโหลดเทมเพลต…,กำลังโหลดเทมเพลต…
กำลังโหลดภาษา…,กำลังโหลดภาษา…
กำลังอ่านข้อมูลโปรเจกต์…,กำลังอ่านข้อมูลโปรเจกต์…
กำลังอ่านฉาก…,กำลังอ่านฉาก…
กำลังอ่านเนื้อหาโปรเจกต์…,กำลังอ่านเนื้อหาโปรเจกต์…
กำลังอ่านโปรเจกต์ Scrivener…,กำลังอ่านโปรเจกต์ Scrivener…
กำลังอ่านเรื่อง…,กำลังอ่านเรื่อง…
กำลังอ่านเอนทิตี้…,กำลังอ่านเอนทิตี้…
กำหนดช่วงเอง…,กำหนดช่วงเอง…
กำหนดเอง,กำหนดเอง
กำหนดเอง (Custom LLM),กำหนดเอง (Custom LLM)
กินไป ,กินไป 
   · กินไป {0} บรรทัด/หน้า,   · กินไป {0} บรรทัด/หน้า
กึ่งกลาง,กึ่งกลาง
กึ่งกลาง ({0}+{1}+K),กึ่งกลาง ({0}+{1}+K)
กู,กู
กู้คืน,กู้คืน
กู้คืน {0} แท็บ,กู้คืน {0} แท็บ
กู้คืนรูปแล้ว,กู้คืนรูปแล้ว
กู้คืนเล่มแล้ว,กู้คืนเล่มแล้ว
กู้คืนแล้ว,กู้คืนแล้ว
กู้คืนอัลบั้มแล้ว,กู้คืนอัลบั้มแล้ว
เก็บแยกที่ {0} ในโฟลเดอร์โปรเจกต์ — ไม่อยู่ใน project.khn.json ที่แชร์กัน,เก็บแยกที่ {0} ในโฟลเดอร์โปรเจกต์ — ไม่อยู่ใน project.khn.json ที่แชร์กัน
เก็บแยกที่ {0} ในโฟลเดอร์โปรเจกต์ (ไม่อยู่ใน project.khn.json ที่แชร์กัน),เก็บแยกที่ {0} ในโฟลเดอร์โปรเจกต์ (ไม่อยู่ใน project.khn.json ที่แชร์กัน)
เกรี้ยวกราด,เกรี้ยวกราด
เกาหลี,เกาหลี
เกิดข้อผิดพลาด,เกิดข้อผิดพลาด
เกิดข้อผิดพลาดในการโหลดโปรเจกต์,เกิดข้อผิดพลาดในการโหลดโปรเจกต์
""" เกิดตรงไหน",""" เกิดตรงไหน"
เกิดอะไรขึ้นในฉากนี้,เกิดอะไรขึ้นในฉากนี้
เกี่ยวกับ Killian 2,เกี่ยวกับ Killian 2
เกี่ยวข้องกับ,เกี่ยวข้องกับ
"แก้ ""{0}"" แล้ว","แก้ ""{0}"" แล้ว"
แก้ข้อความทางเลือกแล้ว,แก้ข้อความทางเลือกแล้ว
"แก้ข้อมูล ""{0}""","แก้ข้อมูล ""{0}"""
แก้ไข…,แก้ไข…
แก้ไข,แก้ไข
แก้ไขตัวแปร {{{{ชื่อ}}}} จาก Wiki,แก้ไขตัวแปร {{{{ชื่อ}}}} จาก Wiki
แก้ไขเทมเพลต,แก้ไขเทมเพลต
แก้ไขล่าสุด,แก้ไขล่าสุด
แก้ไขล่าสุด: ,แก้ไขล่าสุด: 
แก้ไขหมวด,แก้ไขหมวด
 แก้ไขหมวด (ชื่อ/ไอคอน), แก้ไขหมวด (ชื่อ/ไอคอน)
แก้ไขหมวดแล้ว,แก้ไขหมวดแล้ว
แก้ไขหมุด,แก้ไขหมุด
แก้ไขเหตุการณ์,แก้ไขเหตุการณ์
แก้ไขเอนทิตี้ที่มีอยู่ (ส่งเฉพาะฟิลด์ที่จะแก้),แก้ไขเอนทิตี้ที่มีอยู่ (ส่งเฉพาะฟิลด์ที่จะแก้)
แก้คำบรรยาย / ข้อความแทนรูป (alt) / ชื่อกำกับ,แก้คำบรรยาย / ข้อความแทนรูป (alt) / ชื่อกำกับ
แก้ฉากนี้,แก้ฉากนี้
แก้ตัวแรกของประโยคเป็นตัวใหญ่ให้อัตโนมัติ,แก้ตัวแรกของประโยคเป็นตัวใหญ่ให้อัตโนมัติ
แก้ตัวแรกของประโยคเป็นตัวใหญ่อัตโนมัติ,แก้ตัวแรกของประโยคเป็นตัวใหญ่อัตโนมัติ
แกนบอกทิศ (X/Y/Z),แกนบอกทิศ (X/Y/Z)
แก้บันทึกแล้ว,แก้บันทึกแล้ว
{{ }} แก้เป็น JSON,{{ }} แก้เป็น JSON
แก้ลิงก์ให้เลย,แก้ลิงก์ให้เลย
แก้ i เดี่ยว ๆ เป็น I ให้อัตโนมัติ,แก้ i เดี่ยว ๆ เป็น I ให้อัตโนมัติ
แก้ i เดี่ยว ๆ เป็น I อัตโนมัติ,แก้ i เดี่ยว ๆ เป็น I อัตโนมัติ
{{ }} แก้ JSON ดิบ,{{ }} แก้ JSON ดิบ
ข,ข
ขนาดตัวอักษร ({0}),ขนาดตัวอักษร ({0})
ขนาดไฟล์,ขนาดไฟล์
ขนาดไฟล์ (ใหญ่สุดก่อน),ขนาดไฟล์ (ใหญ่สุดก่อน)
ขนาดลายน้ำ (px),ขนาดลายน้ำ (px)
ขนาดโหนด,ขนาดโหนด
ขนาดโหนด: ,ขนาดโหนด: 
ขนาดโหนด: 100%,ขนาดโหนด: 100%
ขนาด grid: ,ขนาด grid: 
ขนาด grid: 60px,ขนาด grid: 60px
ขนาด (pt),ขนาด (pt)
ขนาด UI (แถบเครื่องมือ/แผง/กล่อง),ขนาด UI (แถบเครื่องมือ/แผง/กล่อง)
ขนาด UI ปกติ (100%),ขนาด UI ปกติ (100%)
ขยับจากตำแหน่งปกติ (นิ้ว · บวก = ไปทางขวา),ขยับจากตำแหน่งปกติ (นิ้ว · บวก = ไปทางขวา)
ขยาด,ขยาด
ขยาย ({0}+=),ขยาย ({0}+=)
ขยายความข้อความต่อไปนี้ให้ละเอียดขึ้น โดยคงใจความ มุมมอง และน้ำเสียงเดิมไว้,ขยายความข้อความต่อไปนี้ให้ละเอียดขึ้น โดยคงใจความ มุมมอง และน้ำเสียงเดิมไว้
ขยายผัง,ขยายผัง
ขยายหมุด,ขยายหมุด
ขยาย UI,ขยาย UI
ขวา:,ขวา:
ขวา,ขวา
ข้อกำหนด:,ข้อกำหนด:
ข้อกำหนดเพิ่มเติมจากผู้เขียน: ,ข้อกำหนดเพิ่มเติมจากผู้เขียน: 
 ข้อความ, ข้อความ
ข้อความ,ข้อความ
### ข้อความก่อนหน้า (เขียนต่อให้กลมกลืน),### ข้อความก่อนหน้า (เขียนต่อให้กลมกลืน)
ข้อความคั่น,ข้อความคั่น
ข้อความเดียวกันแต่ไปคนละฉากจะไม่ถูกยุบ,ข้อความเดียวกันแต่ไปคนละฉากจะไม่ถูกยุบ
### ข้อความต้นฉบับ,### ข้อความต้นฉบับ
ข้อความต่อเนื่อง: ปิด,ข้อความต่อเนื่อง: ปิด
ข้อความต่อเนื่อง: เปิด — (CONTINUED) · CONTINUED: · (MORE) · (cont'd),ข้อความต่อเนื่อง: เปิด — (CONTINUED) · CONTINUED: · (MORE) · (cont'd)
ข้อความต่อเนื่อง (CONTINUED · MORE · cont'd),ข้อความต่อเนื่อง (CONTINUED · MORE · cont'd)
ข้อความใต้แถบมาตราส่วน,ข้อความใต้แถบมาตราส่วน
ข้อความทางเลือก,ข้อความทางเลือก
"ข้อความทางเลือก เช่น ""เปิดประตู""","ข้อความทางเลือก เช่น ""เปิดประตู"""
ข้อความ (ทุกชิ้นอยู่บรรทัดเดียวกัน — ต่างกันที่การจัดหน้า),ข้อความ (ทุกชิ้นอยู่บรรทัดเดียวกัน — ต่างกันที่การจัดหน้า)
ข้อความแทนรูป (Alt),ข้อความแทนรูป (Alt)
ข้อความในเซสชัน,ข้อความในเซสชัน
ข้อความในหน้าจอทั้งหมด — แก้/แปลเพิ่มได้โดยไม่ต้อง build ใหม่,ข้อความในหน้าจอทั้งหมด — แก้/แปลเพิ่มได้โดยไม่ต้อง build ใหม่
ข้อความในหน้านี้,ข้อความในหน้านี้
ข้อความปกติ ({0}+0),ข้อความปกติ ({0}+0)
 — ข้อความล้วน, — ข้อความล้วน
ข้อความล้วน (.txt),ข้อความล้วน (.txt)
ข้อความลิขสิทธิ์,ข้อความลิขสิทธิ์
ข้อความสั้น ๆ ที่ใช้แนะนำเล่มนี้,ข้อความสั้น ๆ ที่ใช้แนะนำเล่มนี้
ข้อความสุดท้าย,ข้อความสุดท้าย
ข้อความใหม่,ข้อความใหม่
ของฉัน,ของฉัน
### ของเดิมที่มีอยู่แล้ว (ห้ามขัดกัน),### ของเดิมที่มีอยู่แล้ว (ห้ามขัดกัน)
ของที่ขาดแคลน,ของที่ขาดแคลน
(ของยังไปถังขยะ กู้คืนได้ แต่จะไม่มีจังหวะให้ทัดทาน),(ของยังไปถังขยะ กู้คืนได้ แต่จะไม่มีจังหวะให้ทัดทาน)
ข้อจำกัด,ข้อจำกัด
ขอบโหนด,ขอบโหนด
ขอบโหนดตอนชี้,ขอบโหนดตอนชี้
ขอปิดโปรแกรม · งานค้าง {0} รายการ,ขอปิดโปรแกรม · งานค้าง {0} รายการ
ข้อมูล,ข้อมูล
ข้อมูล (จากเทมเพลต),ข้อมูล (จากเทมเพลต)
"

ข้อมูลจากโปรเจกต์ (ระดับการเข้าถึง: ","

ข้อมูลจากโปรเจกต์ (ระดับการเข้าถึง: "
ข้อมูลเพิ่มเอง,ข้อมูลเพิ่มเอง
ข้อมูลย่อของงานที่เปิดอยู่ — จำนวนคำ/หน้า · ข้อผิดพลาดในบท · แถบซูมหน้ากระดาษ,ข้อมูลย่อของงานที่เปิดอยู่ — จำนวนคำ/หน้า · ข้อผิดพลาดในบท · แถบซูมหน้ากระดาษ
ข้อมูลรูป,ข้อมูลรูป
ข้อมูลอ้างอิงจากโปรเจกต์,ข้อมูลอ้างอิงจากโปรเจกต์
ข้อมูลอ้างอิงจากเรื่องนี้,ข้อมูลอ้างอิงจากเรื่องนี้
ขอรับ,ขอรับ
ข้อห้าม,ข้อห้าม
ขั้นตอน JavaScript ผิดพลาด: ,ขั้นตอน JavaScript ผิดพลาด: 
ขั้นตอน JavaScript ไม่ได้คืนค่าข้อความ — ข้ามไป,ขั้นตอน JavaScript ไม่ได้คืนค่าข้อความ — ข้ามไป
ข้า,ข้า
ขาดอาร์กิวเมนต์: ,ขาดอาร์กิวเมนต์: 
ข้าพเจ้า,ข้าพเจ้า
ข้ามขั้นตอน JavaScript (ปิดไว้),ข้ามขั้นตอน JavaScript (ปิดไว้)
ข้าวหลามตัด,ข้าวหลามตัด
ขีดฆ่า ({0}+{1}+X),ขีดฆ่า ({0}+{1}+X)
ขีดจำกัด,ขีดจำกัด
ขีดเส้นใต้,ขีดเส้นใต้
ขีดเส้นใต้ ({0}+U),ขีดเส้นใต้ ({0}+U)
ขี้เหร่,ขี้เหร่
 ขึ้นไป, ขึ้นไป
ขึ้นหน้าใหม่,ขึ้นหน้าใหม่
ขึ้นหน้าใหม่ทุกบท,ขึ้นหน้าใหม่ทุกบท
ขุ่นเคือง,ขุ่นเคือง
เข็มทิศ,เข็มทิศ
เขมร,เขมร
เข้าไม่ถึง,เข้าไม่ถึง
เขียนข้อความต่อไปนี้ใหม่ให้อ่านลื่นและกระชับขึ้น โดยคงความหมายเดิมทุกประการ,เขียนข้อความต่อไปนี้ใหม่ให้อ่านลื่นและกระชับขึ้น โดยคงความหมายเดิมทุกประการ
- เขียนข้อความอธิบายให้ผู้ใช้อ่านนอกบล็อกได้ตามปกติ,- เขียนข้อความอธิบายให้ผู้ใช้อ่านนอกบล็อกได้ตามปกติ
เขียนโค้ด,เขียนโค้ด
เขียนจบ,เขียนจบ
เขียน — จอโล่ง มีแค่สารบัญ,เขียน — จอโล่ง มีแค่สารบัญ
"เขียนโดย
","เขียนโดย
"
เขียนโดย,เขียนโดย
เขียนต่อ,เขียนต่อ
เขียนต่อจากข้อความต่อไปนี้ให้ต่อเนื่องเป็นธรรมชาติ คงสำนวนและมุมมองเดิม,เขียนต่อจากข้อความต่อไปนี้ให้ต่อเนื่องเป็นธรรมชาติ คงสำนวนและมุมมองเดิม
เขียนต่อท้าย,เขียนต่อท้าย
เขียนทับ,เขียนทับ
เขียนทับของเดิม,เขียนทับของเดิม
"เขียนเนื้อหาฉาก — mode = append (เขียนต่อท้าย, ค่าเริ่มต้น) | replace (เขียนทับ) | prepend (แทรกหน้า)","เขียนเนื้อหาฉาก — mode = append (เขียนต่อท้าย, ค่าเริ่มต้น) | replace (เขียนทับ) | prepend (แทรกหน้า)"
เขียนบทสนทนาระหว่างตัวละคร 2 ตัวต่อไปนี้ ประมาณ {0} รอบการโต้ตอบ,เขียนบทสนทนาระหว่างตัวละคร 2 ตัวต่อไปนี้ ประมาณ {0} รอบการโต้ตอบ
"เขียนเป็นร้อยแก้ว: บทพูดอยู่ในเครื่องหมายคำพูด ""…"" สลับกับคำบรรยายสั้น ๆ ว่าใครพูดและทำอะไร","เขียนเป็นร้อยแก้ว: บทพูดอยู่ในเครื่องหมายคำพูด ""…"" สลับกับคำบรรยายสั้น ๆ ว่าใครพูดและทำอะไร"
"เขียน ""เรื่องย่อของฉาก"" 1–3 ประโยค บอกว่าใครทำอะไร ที่ไหน ผลเป็นอย่างไร ","เขียน ""เรื่องย่อของฉาก"" 1–3 ประโยค บอกว่าใครทำอะไร ที่ไหน ผลเป็นอย่างไร "
"เขียนเสร็จ, ตรวจแล้ว","เขียนเสร็จ, ตรวจแล้ว"
เขียน/ออกแบบโค้ดเกือบทั้งหมด ผ่าน Claude Code,เขียน/ออกแบบโค้ดเกือบทั้งหมด ผ่าน Claude Code
คดีเริ่มต้น,คดีเริ่มต้น
 คน, คน
ค้นข้อความทั้งโปรเจกต์ — ทุกฉาก ทุกเล่ม และหน้า Wiki · คลิกผลลัพธ์เพื่อเปิดไฟล์ที่บรรทัดนั้น,ค้นข้อความทั้งโปรเจกต์ — ทุกฉาก ทุกเล่ม และหน้า Wiki · คลิกผลลัพธ์เพื่อเปิดไฟล์ที่บรรทัดนั้น
ค้นเฉพาะชื่อไฟล์,ค้นเฉพาะชื่อไฟล์
 ค้นเฉพาะใน: , ค้นเฉพาะใน: 
ค้นเฉพาะในบท: ,ค้นเฉพาะในบท: 
ค้นชื่อฉาก / ทางเลือก / แท็ก,ค้นชื่อฉาก / ทางเลือก / แท็ก
ค้นทั้งโปรเจกต์,ค้นทั้งโปรเจกต์
ค้นในทุกไฟล์ .md และ .json — กด Enter,ค้นในทุกไฟล์ .md และ .json — กด Enter
ค้นในบันทึก… (ข้อความ · แท็ก · วันที่),ค้นในบันทึก… (ข้อความ · แท็ก · วันที่)
ค้นในสารานุกรม… ({0} รายการ),ค้นในสารานุกรม… ({0} รายการ)
ค้นล้มเหลว,ค้นล้มเหลว
ค้นหา,ค้นหา
ค้นหา… ({0}+F),ค้นหา… ({0}+F)
ค้นหาเซสชัน (ชื่อ หรือข้อความในเซสชัน)…,ค้นหาเซสชัน (ชื่อ หรือข้อความในเซสชัน)…
ค้นหาทั้งโปรเจกต์… ({0}+{1}+F),ค้นหาทั้งโปรเจกต์… ({0}+{1}+F)
ค้นหาทั้งโปรเจกต์ ({0}+{1}+F),ค้นหาทั้งโปรเจกต์ ({0}+{1}+F)
 ค้นหาในฉาก (Find on location), ค้นหาในฉาก (Find on location)
ค้นหาแบบยอมพิมพ์ผิด,ค้นหาแบบยอมพิมพ์ผิด
ค้นหาโปรเจกต์…,ค้นหาโปรเจกต์…
ค้นหาโปรเจกต์จากชื่อ / ผู้เขียน / ที่อยู่ไฟล์,ค้นหาโปรเจกต์จากชื่อ / ผู้เขียน / ที่อยู่ไฟล์
ค้นหาไฟล์ด่วน… ({0}+{1}+O),ค้นหาไฟล์ด่วน… ({0}+{1}+O)
 ครั้ง), ครั้ง)
ครั้งที่พูด,ครั้งที่พูด
ครั่นคร้าม,ครั่นคร้าม
ครับ,ครับ
คฤหาสน์,คฤหาสน์
"
## คลังข้อมูล (Wiki)
","
## คลังข้อมูล (Wiki)
"
คลังรูป,คลังรูป
คลังรูปภาพ,คลังรูปภาพ
คลังรูปภาพ ({0}+{1}+G),คลังรูปภาพ ({0}+{1}+G)
"
คลิก = ดูภาพเต็ม · ลากไปวางในฉากเพื่อแทรกรูป","
คลิก = ดูภาพเต็ม · ลากไปวางในฉากเพื่อแทรกรูป"
คลิก = เลือก · ลาก = ย้ายตำแหน่ง · ดับเบิลคลิก = เปิดฉาก,คลิก = เลือก · ลาก = ย้ายตำแหน่ง · ดับเบิลคลิก = เปิดฉาก
คลิกกล่องฉากบนผังเพื่อดู/แก้ทางเลือกของฉากนั้น,คลิกกล่องฉากบนผังเพื่อดู/แก้ทางเลือกของฉากนั้น
คลิกการ์ดต้นทาง แล้วคลิกการ์ดปลายทาง (Esc = ยกเลิก),คลิกการ์ดต้นทาง แล้วคลิกการ์ดปลายทาง (Esc = ยกเลิก)
คลิกขวา,คลิกขวา
คลิกข้อความในกระดาษเพื่อแก้ · กรอบเส้นประ = พื้นที่พิมพ์,คลิกข้อความในกระดาษเพื่อแก้ · กรอบเส้นประ = พื้นที่พิมพ์
คลิกซ้าย,คลิกซ้าย
คลิกที่ว่าง = ปักหมุด · ,คลิกที่ว่าง = ปักหมุด · 
"คลิกปุ่มนี้แล้วคลิกบนแผนที่ เพื่อบอกว่าฉาก ""","คลิกปุ่มนี้แล้วคลิกบนแผนที่ เพื่อบอกว่าฉาก """
คลิกเปล่า (ขนาดมาตรฐาน),คลิกเปล่า (ขนาดมาตรฐาน)
คลิกเปิดฉากนี้,คลิกเปิดฉากนี้
คลิกเพื่อกรอง Explorer → แสดงเฉพาะฉากที่มีแท็ก: ,คลิกเพื่อกรอง Explorer → แสดงเฉพาะฉากที่มีแท็ก: 
"
คลิกเพื่อขยาย","
คลิกเพื่อขยาย"
คลิกเพื่อขยาย,คลิกเพื่อขยาย
 — คลิกเพื่อดูคำสั่ง (ไปข้อถัดไป · รายการทั้งหมด · ตรวจใหม่), — คลิกเพื่อดูคำสั่ง (ไปข้อถัดไป · รายการทั้งหมด · ตรวจใหม่)
— คลิกเพื่อดูรายละเอียด —,— คลิกเพื่อดูรายละเอียด —
คลิกเพื่อดูรายละเอียด,คลิกเพื่อดูรายละเอียด
คลิกเพื่อตั้งรูปประจำตัว (คลิกขวา = เอารูปออก),คลิกเพื่อตั้งรูปประจำตัว (คลิกขวา = เอารูปออก)
"
คลิกเพื่อเปิดฉาก","
คลิกเพื่อเปิดฉาก"
คลิกเพื่อเปิดฉากต้นทาง,คลิกเพื่อเปิดฉากต้นทาง
คลิกเพื่อเปิดหน้า Wiki นี้,คลิกเพื่อเปิดหน้า Wiki นี้
คลิกเพื่อย้อนกลับมาที่นี่,คลิกเพื่อย้อนกลับมาที่นี่
คลิกเลือกรูปแบบ · หรือ Ctrl+↑/↓ สลับ,คลิกเลือกรูปแบบ · หรือ Ctrl+↑/↓ สลับ
คลิกหมุด = เปิดกล่องแก้ไขหมุด,คลิกหมุด = เปิดกล่องแก้ไขหมุด
คลิกหมุด = เปิดลิงก์ของหมุด (ประตู/หน้า Wiki) · ไม่แก้ไขอะไร,คลิกหมุด = เปิดลิงก์ของหมุด (ประตู/หน้า Wiki) · ไม่แก้ไขอะไร
คลิกโหนด = เปิดหน้านั้นไปแก้ไข,คลิกโหนด = เปิดหน้านั้นไปแก้ไข
คลิกโหนด = เปิดหน้านั้น · ลากพื้นที่ว่างหรือลากทับโหนด = เลื่อนผัง (โหนดไม่ขยับ),คลิกโหนด = เปิดหน้านั้น · ลากพื้นที่ว่างหรือลากทับโหนด = เลื่อนผัง (โหนดไม่ขยับ)
คลี่กลุ่มแท็บ,คลี่กลุ่มแท็บ
ความกลัว,ความกลัว
ความกลัว/จุดอ่อน,ความกลัว/จุดอ่อน
ความกว้างกล่อง (นิ้ว),ความกว้างกล่อง (นิ้ว)
ความขัดแย้ง: ,ความขัดแย้ง: 
ความขัดแย้ง,ความขัดแย้ง
ความขัดแย้งที่ค้างไม่ถูกคลี่คลาย,ความขัดแย้งที่ค้างไม่ถูกคลี่คลาย
ความคิด,ความคิด
ความจริงถูกเปิดเผยกลางวงสนทนา,ความจริงถูกเปิดเผยกลางวงสนทนา
ความเชื่อ,ความเชื่อ
ความต่อเนื่องของตัวละคร,ความต่อเนื่องของตัวละคร
ความเป็นมา,ความเป็นมา
ความแพร่หลาย,ความแพร่หลาย
ความยาวคำตอบสูงสุด,ความยาวคำตอบสูงสุด
ความยาวฉาก,ความยาวฉาก
ความยาวเป้าหมาย: ,ความยาวเป้าหมาย: 
ความยาวสูงสุด (tokens),ความยาวสูงสุด (tokens)
ความละเอียด,ความละเอียด
ความสร้างสรรค์,ความสร้างสรรค์
ความสร้างสรรค์ (temperature),ความสร้างสรรค์ (temperature)
ความสัมพันธ์: ,ความสัมพันธ์: 
ความสัมพันธ์,ความสัมพันธ์
ความสัมพันธ์กับกลุ่มอื่น,ความสัมพันธ์กับกลุ่มอื่น
ความสัมพันธ์กับตัวละครอื่น,ความสัมพันธ์กับตัวละครอื่น
ความสามารถ,ความสามารถ
ความหนา ({0}),ความหนา ({0})
ความหลากหลายของคำศัพท์ต่อบท,ความหลากหลายของคำศัพท์ต่อบท
คอมเมนต์,คอมเมนต์
คอมเมนต์ของฉากที่เปิดอยู่ — ตอบกลับเป็นเธรด ปิดงานได้ · เก็บท้ายไฟล์ .md จึงติดไปกับไฟล์เสมอ,คอมเมนต์ของฉากที่เปิดอยู่ — ตอบกลับเป็นเธรด ปิดงานได้ · เก็บท้ายไฟล์ .md จึงติดไปกับไฟล์เสมอ
คะ,คะ
ค่ะ,ค่ะ
คัดลอก,คัดลอก
คัดลอก ({0}+C),คัดลอก ({0}+C)
"คัดลอก {0} หมุดแล้ว — เปิดแผนที่ปลายทางแล้วกด ""วาง""","คัดลอก {0} หมุดแล้ว — เปิดแผนที่ปลายทางแล้วกด ""วาง"""
คัดลอกข้อความนี้,คัดลอกข้อความนี้
คัดลอกเข้ามา,คัดลอกเข้ามา
คัดลอกทั้งหมด,คัดลอกทั้งหมด
คัดลอกบทสนทนาแล้ว,คัดลอกบทสนทนาแล้ว
คัดลอกบันทึกแล้ว ({0} บรรทัดตามตัวกรอง),คัดลอกบันทึกแล้ว ({0} บรรทัดตามตัวกรอง)
คัดลอกผลจากคอนโซลแล้ว,คัดลอกผลจากคอนโซลแล้ว
คัดลอกไม่สำเร็จ,คัดลอกไม่สำเร็จ
คัดลอกรายงานไม่สำเร็จ,คัดลอกรายงานไม่สำเร็จ
คัดลอกรายงานแล้ว,คัดลอกรายงานแล้ว
คัดลอกแล้ว,คัดลอกแล้ว
คัดลอกหน้ารายชื่อตัวละครแล้ว,คัดลอกหน้ารายชื่อตัวละครแล้ว
คัดลอกหมุดที่เลือก แล้วไปวางบนแผนที่อื่นได้,คัดลอกหมุดที่เลือก แล้วไปวางบนแผนที่อื่นได้
คั่นด้วยคอมมาหรือขึ้นบรรทัดใหม่ · รองรับ *.example.com · เว้นว่าง = ไม่จำกัด,คั่นด้วยคอมมาหรือขึ้นบรรทัดใหม่ · รองรับ *.example.com · เว้นว่าง = ไม่จำกัด
 — ค่า 1 = จำทุกคำที่พิมพ์ (คำพิมพ์ผิดจะติดมาด้วย), — ค่า 1 = จำทุกคำที่พิมพ์ (คำพิมพ์ผิดจะติดมาด้วย)
ค่าขนาดที่เก็บไว้ในลูกยังไม่ถูกใช้ · แผงข้างจะถูกเกลี่ยใหม่ทุกครั้งที่เปิด/ผนึกแผงอื่น,ค่าขนาดที่เก็บไว้ในลูกยังไม่ถูกใช้ · แผงข้างจะถูกเกลี่ยใหม่ทุกครั้งที่เปิด/ผนึกแผงอื่น
ค่านิยมหลัก,ค่านิยมหลัก
ค่าเริ่มต้น,ค่าเริ่มต้น
ค่าเริ่มต้น = หน้าที่เคอร์เซอร์อยู่,ค่าเริ่มต้น = หน้าที่เคอร์เซอร์อยู่
ค่าเริ่มต้นนิยาย (ตัวพิมพ์สัดส่วน),ค่าเริ่มต้นนิยาย (ตัวพิมพ์สัดส่วน)
ค่าเริ่มต้นบทหนัง (Courier Prime 12pt),ค่าเริ่มต้นบทหนัง (Courier Prime 12pt)
ค่าเริ่มต้น (Courier Prime 12pt),ค่าเริ่มต้น (Courier Prime 12pt)
คำ,คำ
 คำ, คำ
คำ {0} · อักขระ {1},คำ {0} · อักขระ {1}
คำค้น1,คำค้น1
คำค้น2,คำค้น2
คำซ้ำในระยะใกล้ (ย่อหน้าเดียวกัน),คำซ้ำในระยะใกล้ (ย่อหน้าเดียวกัน)
คำตรงข้าม,คำตรงข้าม
คำตรงข้าม (Antonyms),คำตรงข้าม (Antonyms)
คำติดปากของนักเขียน,คำติดปากของนักเขียน
คำถาม: ,คำถาม: 
"### คำถาม
{0}

(ไม่พบข้อมูลอ้างอิงในโปรเจกต์ — ถ้าตอบไม่ได้ให้บอกตรง ๆ)","### คำถาม
{0}

(ไม่พบข้อมูลอ้างอิงในโปรเจกต์ — ถ้าตอบไม่ได้ให้บอกตรง ๆ)"
คำทั้งหมด,คำทั้งหมด
- คำทั้งหมด: {0},- คำทั้งหมด: {0}
คำที่ใช้บ่อย,คำที่ใช้บ่อย
คำที่เพิ่มต่อวัน · {0} วันหลังสุด,คำที่เพิ่มต่อวัน · {0} วันหลังสุด
คำที่สั่งไม่ให้จำ ({0}),คำที่สั่งไม่ให้จำ ({0})
คำที่สั่งให้จำเอง ({0}),คำที่สั่งให้จำเอง ({0})
คำนำหน้าชื่อไฟล์,คำนำหน้าชื่อไฟล์
คำบรรยาย…,คำบรรยาย…
    คำบรรยาย: ,    คำบรรยาย: 
คำบรรยาย: {0},คำบรรยาย: {0}
คำบรรยาย — แก้แล้วบันทึกอัตโนมัติ,คำบรรยาย — แก้แล้วบันทึกอัตโนมัติ
คำบรรยายของ ,คำบรรยายของ 
คำบรรยายใต้รูป (Caption),คำบรรยายใต้รูป (Caption)
คำบรรยายปัจจุบัน: {0},คำบรรยายปัจจุบัน: {0}
คำโปรย / เรื่องย่อของเล่มนี้…,คำโปรย / เรื่องย่อของเล่มนี้…
คำโปรย (Blurb),คำโปรย (Blurb)
คำพ้อง (คล้าย),คำพ้อง (คล้าย)
คำพ้อง/คำตรงข้าม “{0}”,คำพ้อง/คำตรงข้าม “{0}”
คำพ้อง (Synonyms),คำพ้อง (Synonyms)
คำพูดยกมา,คำพูดยกมา
คำรวม,คำรวม
 คำสั่ง…, คำสั่ง…
คำสั่งคลังรูปล้มเหลว: ,คำสั่งคลังรูปล้มเหลว: 
## คำสั่งที่คุณสั่งให้โปรแกรมทำได้,## คำสั่งที่คุณสั่งให้โปรแกรมทำได้
คำสั่งที่ใช้ได้ตอนนี้:,คำสั่งที่ใช้ได้ตอนนี้:
"คำสั่งนี้ใช้กับบทภาพยนตร์
เปิดฉากที่เป็นบทก่อน แล้วลองใหม่","คำสั่งนี้ใช้กับบทภาพยนตร์
เปิดฉากที่เป็นบทก่อน แล้วลองใหม่"
คำสั่งเพิ่มเติม,คำสั่งเพิ่มเติม
คำสั่งเพิ่มเติมของกระดาน,คำสั่งเพิ่มเติมของกระดาน
คำสั่งไม่ถูกต้อง,คำสั่งไม่ถูกต้อง
คำสั่งว่าง,คำสั่งว่าง
"คำเหล่านี้เก็บจาก ""สิ่งที่พิมพ์ในบทนี้"" — กด ✕ เพื่อสั่งไม่ให้จำอีก","คำเหล่านี้เก็บจาก ""สิ่งที่พิมพ์ในบทนี้"" — กด ✕ เพื่อสั่งไม่ให้จำอีก"
คำอธิบาย,คำอธิบาย
คำอธิบายใต้ผังจะเป็น: ,คำอธิบายใต้ผังจะเป็น: 
 · คิด {0}, · คิด {0}
คิเลียน อีดิเตอร์ ,คิเลียน อีดิเตอร์ 
คีย์ลัดปลั๊กอินพัง: ,คีย์ลัดปลั๊กอินพัง: 
"คืน ""","คืน """
คืนค่าเริ่มต้น,คืนค่าเริ่มต้น
คืนเป็นแท็บ,คืนเป็นแท็บ
"คืนไฟล์ทุกไฟล์กลับไปเป็นสภาพ ""หลังการกระทำนี้""","คืนไฟล์ทุกไฟล์กลับไปเป็นสภาพ ""หลังการกระทำนี้"""
คุณ,คุณ
**คุณ:** ,**คุณ:** 
คุณเข้มงวดแต่ยุติธรรม: รายงานเฉพาะสิ่งที่ขัดกันจริงในเนื้อหาที่ได้รับ ห้ามเดาสิ่งที่ไม่ได้เขียนไว้ ,คุณเข้มงวดแต่ยุติธรรม: รายงานเฉพาะสิ่งที่ขัดกันจริงในเนื้อหาที่ได้รับ ห้ามเดาสิ่งที่ไม่ได้เขียนไว้ 
คุณจะ…,คุณจะ…
คุณช่วยตั้งคำบรรยายรูปภาพสำหรับคลังรูปของนักเขียนนิยาย/บทภาพยนตร์ ,คุณช่วยตั้งคำบรรยายรูปภาพสำหรับคลังรูปของนักเขียนนิยาย/บทภาพยนตร์ 
คุณช่วยตั้งแท็กให้รูปในคลังรูปของนักเขียน ตอบเป็นรายการแท็กภาษาไทยคั่นด้วยช่องว่าง ,คุณช่วยตั้งแท็กให้รูปในคลังรูปของนักเขียน ตอบเป็นรายการแท็กภาษาไทยคั่นด้วยช่องว่าง 
คุณเป็นนักเขียนบทภาพยนตร์ภาษาไทยมืออาชีพ เขียนบทสนทนาที่ฟังเหมือนคนพูดจริง ,คุณเป็นนักเขียนบทภาพยนตร์ภาษาไทยมืออาชีพ เขียนบทสนทนาที่ฟังเหมือนคนพูดจริง 
คุณเป็นนักเขียนบทมืออาชีพ ช่วยคิดชื่อภาษาไทย,คุณเป็นนักเขียนบทมืออาชีพ ช่วยคิดชื่อภาษาไทย
คุณเป็นนักเขียนมืออาชีพ ช่วยสรุปเนื้อหานิยาย,คุณเป็นนักเขียนมืออาชีพ ช่วยสรุปเนื้อหานิยาย
คุณเป็นนักสร้างโลก (worldbuilder) สำหรับนิยาย/บทภาพยนตร์ภาษาไทย ,คุณเป็นนักสร้างโลก (worldbuilder) สำหรับนิยาย/บทภาพยนตร์ภาษาไทย 
คุณเป็นบรรณาธิการต้นฉบับที่เชี่ยวชาญเรื่องความสม่ำเสมอของตัวละคร ,คุณเป็นบรรณาธิการต้นฉบับที่เชี่ยวชาญเรื่องความสม่ำเสมอของตัวละคร 
คุณเป็นบรรณาธิการต้นฉบับ (story editor) มืออาชีพ อ่านนิยาย/บทภาพยนตร์ภาษาไทยแล้วชี้จุดที่ขัดกันเอง ,คุณเป็นบรรณาธิการต้นฉบับ (story editor) มืออาชีพ อ่านนิยาย/บทภาพยนตร์ภาษาไทยแล้วชี้จุดที่ขัดกันเอง 
คุณเป็นบรรณาธิการและนักเขียนนิยาย/บทภาพยนตร์ภาษาไทยมืออาชีพ ,คุณเป็นบรรณาธิการและนักเขียนนิยาย/บทภาพยนตร์ภาษาไทยมืออาชีพ 
คุณเป็นผู้ช่วยที่รู้จักโลกและเนื้อเรื่องของนักเขียนคนนี้เป็นอย่างดี ,คุณเป็นผู้ช่วยที่รู้จักโลกและเนื้อเรื่องของนักเขียนคนนี้เป็นอย่างดี 
คุณเป็นผู้ช่วยนักเขียน ตอบคำถามเกี่ยวกับเนื้อหานิยายของผู้ใช้ ,คุณเป็นผู้ช่วยนักเขียน ตอบคำถามเกี่ยวกับเนื้อหานิยายของผู้ใช้ 
คุณเป็นผู้ช่วยนักเขียนที่ลงมือทำเองได้เต็มที่ — สร้าง แก้ ลบ อะไรก็ได้ในโปรเจกต์นี้ ,คุณเป็นผู้ช่วยนักเขียนที่ลงมือทำเองได้เต็มที่ — สร้าง แก้ ลบ อะไรก็ได้ในโปรเจกต์นี้ 
"คุณเป็นผู้ช่วยนักเขียน โหมดนี้คือ ""อ่านอย่างเดียว"" — วิเคราะห์ เสนอแนะ วางแผนได้ ","คุณเป็นผู้ช่วยนักเขียน โหมดนี้คือ ""อ่านอย่างเดียว"" — วิเคราะห์ เสนอแนะ วางแผนได้ "
คุณเป็นผู้ช่วยนักเขียน โหมดนี้สร้างและแก้ไฟล์ในโปรเจกต์ได้จริงผ่านคำสั่งด้านล่าง ,คุณเป็นผู้ช่วยนักเขียน โหมดนี้สร้างและแก้ไฟล์ในโปรเจกต์ได้จริงผ่านคำสั่งด้านล่าง 
คุณสมบัติ,คุณสมบัติ
คุณสมบัติของการ์ดหรือเส้นเชื่อมที่เลือกบนกระดาน Planner — ชื่อ · สรุป · สี · สถานะ · แท็ก · ขนาด · สไตล์เส้น,คุณสมบัติของการ์ดหรือเส้นเชื่อมที่เลือกบนกระดาน Planner — ชื่อ · สรุป · สี · สถานะ · แท็ก · ขนาด · สไตล์เส้น
คุณสมบัติของฉากที่เลือก — เรื่องย่อ · มุมมอง · อารมณ์ · ความขัดแย้ง · สถานะ · สี · แท็ก · บันทึกอัตโนมัติขณะพิมพ์,คุณสมบัติของฉากที่เลือก — เรื่องย่อ · มุมมอง · อารมณ์ · ความขัดแย้ง · สถานะ · สี · แท็ก · บันทึกอัตโนมัติขณะพิมพ์
คุณสมบัติฉาก — ,คุณสมบัติฉาก — 
คุณสมบัติฉากตรงกับไฟล์ .md อยู่แล้ว,คุณสมบัติฉากตรงกับไฟล์ .md อยู่แล้ว
คุณสมบัติทั้งหมด,คุณสมบัติทั้งหมด
คุณสมบัติบท — ,คุณสมบัติบท — 
คุณสมบัติ (แผง),คุณสมบัติ (แผง)
คุณสมบัติแผน — สถานะ (ร่าง/ใช้จริง/สำรอง) · สี · แท็ก · เล่ม · โน้ต,คุณสมบัติแผน — สถานะ (ร่าง/ใช้จริง/สำรอง) · สี · แท็ก · เล่ม · โน้ต
คุณสมบัติเล่ม — ,คุณสมบัติเล่ม — 
คุณสมบัติ… (หน้าต่าง),คุณสมบัติ… (หน้าต่าง)
คุณสมบัติ Planner,คุณสมบัติ Planner
คุณอยู่ที่นี่: ,คุณอยู่ที่นี่: 
คุยกับ AI เรื่องงานเขียนของคุณ — แยกเป็นเซสชันเหมือน opencode · เลือกโหมด (วางแผน/ช่วยเขียน) · เลือกโมเดล · กำหนดได้ว่าจะให้เห็นข้อมูลระดับไหน (ทั้งโปรเจกต์/เล่ม/บท/ฉาก),คุยกับ AI เรื่องงานเขียนของคุณ — แยกเป็นเซสชันเหมือน opencode · เลือกโหมด (วางแผน/ช่วยเขียน) · เลือกโมเดล · กำหนดได้ว่าจะให้เห็นข้อมูลระดับไหน (ทั้งโปรเจกต์/เล่ม/บท/ฉาก)
เคยเลือกที่ฉากนี้,เคยเลือกที่ฉากนี้
เครดิต · ใช้อะไรบ้าง มาจากไหน,เครดิต · ใช้อะไรบ้าง มาจากไหน
เครื่องมือ,เครื่องมือ
เครื่องมือ → ตรวจหาคำซ้ำ · AI → ตรวจ Plot Hole · AI → ตรวจความสอดคล้อง,เครื่องมือ → ตรวจหาคำซ้ำ · AI → ตรวจ Plot Hole · AI → ตรวจความสอดคล้อง
เครื่องมือเส้นเชื่อม: คลิกการ์ดปลายทาง (หรือลากจากจุดสีส้ม),เครื่องมือเส้นเชื่อม: คลิกการ์ดปลายทาง (หรือลากจากจุดสีส้ม)
"เค้าโครงหัวข้อของ ""ไฟล์ที่เปิดอยู่"" — คลิกหัวข้อเพื่อกระโดดไปตำแหน่งนั้นในเอกสาร","เค้าโครงหัวข้อของ ""ไฟล์ที่เปิดอยู่"" — คลิกหัวข้อเพื่อกระโดดไปตำแหน่งนั้นในเอกสาร"
 · แคช {0}, · แคช {0}
โค้ง,โค้ง
"โค้ด (มีตัวแปร text, model)","โค้ด (มีตัวแปร text, model)"
โครง 1,โครง 1
โครง 2,โครง 2
โครง 3,โครง 3
โครงร่าง,โครงร่าง
โครงเรื่อง,โครงเรื่อง
โครงสร้างการค้า,โครงสร้างการค้า
โครงสร้างนิยายทั่วไป — บท+ฉาก+ตัวละคร+สถานที่,โครงสร้างนิยายทั่วไป — บท+ฉาก+ตัวละคร+สถานที่
"โครงสร้างบทหนัง — 3 องก์, scenes เป็นบทภาพยนตร์","โครงสร้างบทหนัง — 3 องก์, scenes เป็นบทภาพยนตร์"
โครงสร้างภายใน,โครงสร้างภายใน
ใครคุมความมั่งคั่ง,ใครคุมความมั่งคั่ง
ใครใช้ได้,ใครใช้ได้
งดงาม,งดงาม
งาม,งาม
เงียบสงัด,เงียบสงัด
จดบันทึกแล้ว,จดบันทึกแล้ว
จดว่าวันนี้ทำอะไรไปบ้าง — อารมณ์ จำนวนคำ เวลาที่ใช้ แท็ก · ส่งออกเป็น CSV ไปทำสรุปต่อได้,จดว่าวันนี้ทำอะไรไปบ้าง — อารมณ์ จำนวนคำ เวลาที่ใช้ แท็ก · ส่งออกเป็น CSV ไปทำสรุปต่อได้
จบบรรทัดด้วยการขึ้นบล็อกใหม่ (hard),จบบรรทัดด้วยการขึ้นบล็อกใหม่ (hard)
จบสายนี้แล้ว,จบสายนี้แล้ว
จ้อง,จ้อง
จ้ะ,จ้ะ
 (จะได้ยินเมื่อเปิดโหมดเครื่องพิมพ์ดีด — Ctrl+Shift+T), (จะได้ยินเมื่อเปิดโหมดเครื่องพิมพ์ดีด — Ctrl+Shift+T)
"จะถอน {0} การกระทำ และแตะไฟล์ {1} ไฟล์
","จะถอน {0} การกระทำ และแตะไฟล์ {1} ไฟล์
"
จะถามก่อนลบเสมอ,จะถามก่อนลบเสมอ
จะลบทั้งหมด {0} บรรทัด,จะลบทั้งหมด {0} บรรทัด
จังหวะการเล่าเรื่อง,จังหวะการเล่าเรื่อง
"จัดกลุ่ม ""{0}"" ({1} การ์ด)","จัดกลุ่ม ""{0}"" ({1} การ์ด)"
จัดการแท็บสี (Visual Tags)…,จัดการแท็บสี (Visual Tags)…
จัดการเล่ม,จัดการเล่ม
จัดการเล่มและฉบับร่าง — ปก · คำโปรย · สถานะ · สถิติรายเล่ม · ลากสลับลำดับเล่ม,จัดการเล่มและฉบับร่าง — ปก · คำโปรย · สถานะ · สถิติรายเล่ม · ลากสลับลำดับเล่ม
จัดการเล่มและฉบับร่าง (Books),จัดการเล่มและฉบับร่าง (Books)
จัดการสถานะฉาก…,จัดการสถานะฉาก…
จัดการ SmartType (คำที่โปรแกรมจำไว้),จัดการ SmartType (คำที่โปรแกรมจำไว้)
จัดเก็บเซสชันแล้ว,จัดเก็บเซสชันแล้ว
จัดผังใหม่แล้ว,จัดผังใหม่แล้ว
จัดผังใหม่อัตโนมัติ (ลืมตำแหน่งที่ลากเอง),จัดผังใหม่อัตโนมัติ (ลืมตำแหน่งที่ลากเอง)
จัดพื้นที่ทำงาน,จัดพื้นที่ทำงาน
จัดเรียงอัตโนมัติแล้ว,จัดเรียงอัตโนมัติแล้ว
จัดลำดับฉากใหม่แล้ว,จัดลำดับฉากใหม่แล้ว
จัดลำดับบทใหม่แล้ว,จัดลำดับบทใหม่แล้ว
จัดลำดับเล่มใหม่แล้ว,จัดลำดับเล่มใหม่แล้ว
จัดลำดับแล้ว,จัดลำดับแล้ว
จัดหน้า,จัดหน้า
จัดหน้า — เห็นหน้าจริง (Layout),จัดหน้า — เห็นหน้าจริง (Layout)
จ้า,จ้า
จาก,จาก
จาก AI แล้ว,จาก AI แล้ว
จำคำจากบทเมื่อเจอซ้ำอย่างน้อย,จำคำจากบทเมื่อเจอซ้ำอย่างน้อย
จำคำนี้ไว้เดา แม้จะเจอครั้งเดียว,จำคำนี้ไว้เดา แม้จะเจอครั้งเดียว
จำนวนการใช้งาน,จำนวนการใช้งาน
จำนวนข้อความผู้ช่วย,จำนวนข้อความผู้ช่วย
จำนวนข้อความผู้ใช้,จำนวนข้อความผู้ใช้
จำนวนครั้งที่ใช้,จำนวนครั้งที่ใช้
จำนวนคำ: ,จำนวนคำ: 
จำนวนคำ,จำนวนคำ
จำนวนช่องกริดต่อด้าน,จำนวนช่องกริดต่อด้าน
จำนวนหน้า,จำนวนหน้า
จำนวนหน้าทั้งหมด,จำนวนหน้าทั้งหมด
จิ๋ว,จิ๋ว
จีน/ญี่ปุ่น (คันจิ),จีน/ญี่ปุ่น (คันจิ)
จุด,จุด
จุดเชื่อมโยง,จุดเชื่อมโยง
จุดต่อ (ต้นทาง / ปลายทาง),จุดต่อ (ต้นทาง / ปลายทาง)
จุดที่จังหวะตกติดกันหลายฉาก,จุดที่จังหวะตกติดกันหลายฉาก
จุดพลิกของเรื่องเทียบโครงสร้าง 3 องก์,จุดพลิกของเรื่องเทียบโครงสร้าง 3 องก์
จุดเริ่ม,จุดเริ่ม
จุดหักเห,จุดหักเห
จุดอ่อน,จุดอ่อน
เจ้าค่ะ,เจ้าค่ะ
ฉบับ,ฉบับ
ฉบับเก่า,ฉบับเก่า
ฉบับร่าง,ฉบับร่าง
ฉบับร่างนี้ยังไม่มีบท — สร้างบทก่อน,ฉบับร่างนี้ยังไม่มีบท — สร้างบทก่อน
ฉบับใหม่,ฉบับใหม่
ฉัน,ฉัน
ฉับไว,ฉับไว
ฉาก: ,ฉาก: 
ฉาก,ฉาก
ฉาก ,ฉาก 
(ฉาก),(ฉาก)
" ฉาก, "," ฉาก, "
 ฉาก, ฉาก
  ·  ฉาก: ,  ·  ฉาก: 
- ฉาก: {0},- ฉาก: {0}
"ฉาก: {0}
{1}","ฉาก: {0}
{1}"
"ฉาก ""{0}"" ตั้งมุมมองเป็น ""{1}"" แต่ไม่พบตัวละครนี้ในเนื้อฉาก","ฉาก ""{0}"" ตั้งมุมมองเป็น ""{1}"" แต่ไม่พบตัวละครนี้ในเนื้อฉาก"
"ฉาก ""{0}"" มีเวลาในเรื่อง ({1}) ย้อนกลับไปก่อนฉากก่อนหน้า ""{2}"" ({3}) ทั้งที่วางไว้หลังกัน","ฉาก ""{0}"" มีเวลาในเรื่อง ({1}) ย้อนกลับไปก่อนฉากก่อนหน้า ""{2}"" ({3}) ทั้งที่วางไว้หลังกัน"
   ฉาก {0} หน้า {1} {2},   ฉาก {0} หน้า {1} {2}
ฉากเดินไปไม่ถึง,ฉากเดินไปไม่ถึง
### ฉากทั้งหมด,### ฉากทั้งหมด
"ฉากที่ตั้ง ""เวลาในเรื่อง"" จะขึ้นบนเส้นเวลาอัตโนมัติ","ฉากที่ตั้ง ""เวลาในเรื่อง"" จะขึ้นบนเส้นเวลาอัตโนมัติ"
### ฉากที่ตัวละครนี้ปรากฏ,### ฉากที่ตัวละครนี้ปรากฏ
"
(ฉากที่ปักพิกัดไว้เอง ไม่ได้ผูกกับหมุด)","
(ฉากที่ปักพิกัดไว้เอง ไม่ได้ผูกกับหมุด)"
ฉากที่เปิดอยู่,ฉากที่เปิดอยู่
ฉากที่ยังไม่ได้ระบุความขัดแย้ง,ฉากที่ยังไม่ได้ระบุความขัดแย้ง
"ฉากนี้ {0} เรียกตัวเองว่า ""{1}"" ขณะที่ฉากอื่นใช้ ""{2}""","ฉากนี้ {0} เรียกตัวเองว่า ""{1}"" ขณะที่ฉากอื่นใช้ ""{2}"""
"ฉากนี้เกิดที่ไหน — แผนที่ + หมุด ""คุณอยู่ที่นี่"" + เส้นเวลาของสถานที่นั้น + สิ่งที่เห็น/ได้ยิน/พบ ของฉากที่เปิดอยู่","ฉากนี้เกิดที่ไหน — แผนที่ + หมุด ""คุณอยู่ที่นี่"" + เส้นเวลาของสถานที่นั้น + สิ่งที่เห็น/ได้ยิน/พบ ของฉากที่เปิดอยู่"
"ฉากนี้ใช้คำลงท้าย ""{0}"" ขณะที่ฉากอื่นของ {1} ใช้ ""{2}"" เป็นหลัก","ฉากนี้ใช้คำลงท้าย ""{0}"" ขณะที่ฉากอื่นของ {1} ใช้ ""{2}"" เป็นหลัก"
ฉากนี้ยังไม่มี [ข้อความ] ทางเลือกในเนื้อเรื่อง,ฉากนี้ยังไม่มี [ข้อความ] ทางเลือกในเนื้อเรื่อง
ฉากนี้ยังไม่มีทางเลือก — เป็นตอนจบสายหนึ่ง,ฉากนี้ยังไม่มีทางเลือก — เป็นตอนจบสายหนึ่ง
(ฉากนี้ยังไม่มีเนื้อเรื่อง),(ฉากนี้ยังไม่มีเนื้อเรื่อง)
ฉากนี้ยังไม่มีเนื้อหาให้ AI อ่าน,ฉากนี้ยังไม่มีเนื้อหาให้ AI อ่าน
ฉากนี้ยังไม่มีไฟล์,ฉากนี้ยังไม่มีไฟล์
ฉากในผัง,ฉากในผัง
ฉากปลายทางถูกลบหรือย้ายออกไปแล้ว — เลือกฉากต้นทางเพื่อไปแก้ปลายทางใหม่ หรือลบทางเลือกทิ้ง,ฉากปลายทางถูกลบหรือย้ายออกไปแล้ว — เลือกฉากต้นทางเพื่อไปแก้ปลายทางใหม่ หรือลบทางเลือกทิ้ง
ฉากปะทะ,ฉากปะทะ
ฉากปัจจุบัน,ฉากปัจจุบัน
ฉากเปิดเรื่อง,ฉากเปิดเรื่อง
ฉากยาวกว่าค่ากลาง 2 เท่าขึ้นไป,ฉากยาวกว่าค่ากลาง 2 เท่าขึ้นไป
ฉากแรก,ฉากแรก
ฉากแรกของ ,ฉากแรกของ 
ฉากสั้นกว่า 150 คำ,ฉากสั้นกว่า 150 คำ
ฉากหาย,ฉากหาย
ฉากใหม่,ฉากใหม่
ฉากอยู่ในวงวนซ้ำ,ฉากอยู่ในวงวนซ้ำ
#ฉาก @เอกราช ~ฉากที่ 3,#ฉาก @เอกราช ~ฉากที่ 3
ฉุนเฉียว,ฉุนเฉียว
เฉพาะฉากนี้,เฉพาะฉากนี้
เฉพาะบทนี้,เฉพาะบทนี้
เฉพาะบทสนทนา — ซ่อนบล็อกคำสั่งและเบื้องหลังทั้งหมด,เฉพาะบทสนทนา — ซ่อนบล็อกคำสั่งและเบื้องหลังทั้งหมด
เฉพาะเล่มนี้,เฉพาะเล่มนี้
เฉลี่ย {0} คำ/บท · เวลาอ่านรวม ~{1} นาที,เฉลี่ย {0} คำ/บท · เวลาอ่านรวม ~{1} นาที
เฉลี่ย/ฉาก,เฉลี่ย/ฉาก
ชนชั้นและรายได้,ชนชั้นและรายได้
ชนิด,ชนิด
ชนิดที่ต้องตรวจ:,ชนิดที่ต้องตรวจ:
ช่วยเขียนโค้ดบางส่วน (opencode),ช่วยเขียนโค้ดบางส่วน (opencode)
ช่วยเขียน (สร้าง/แก้ได้),ช่วยเขียน (สร้าง/แก้ได้)
ช่วยปรับปรุงข้อความต่อไปนี้,ช่วยปรับปรุงข้อความต่อไปนี้
ช่วยเหลือ,ช่วยเหลือ
ช่องแบ่ง,ช่องแบ่ง
ช่องว่าง,ช่องว่าง
ช็อต,ช็อต
(ชั้นบนสุด),(ชั้นบนสุด)
ช้า,ช้า
ชายตา,ชายตา
ชิดขวา,ชิดขวา
ชิดขวา ({0}+{1}+R),ชิดขวา ({0}+{1}+R)
ชิดซ้าย,ชิดซ้าย
ชิดซ้าย ({0}+{1}+L),ชิดซ้าย ({0}+{1}+L)
 ชิ้น, ชิ้น
ชีวิตประจำวัน,ชีวิตประจำวัน
ชื่อ,ชื่อ
{{ชื่อ}},{{ชื่อ}}
ชื่อ: {0},ชื่อ: {0}
ชื่อกระดานใหม่,ชื่อกระดานใหม่
ชื่อกลุ่ม,ชื่อกลุ่ม
ชื่อกลุ่ม/วัฒนธรรม,ชื่อกลุ่ม/วัฒนธรรม
ชื่อฉบับร่าง / รอบแก้,ชื่อฉบับร่าง / รอบแก้
ชื่อฉาก,ชื่อฉาก
ชื่อฉากใหม่,ชื่อฉากใหม่
ชื่อช่องข้อมูลใหม่,ชื่อช่องข้อมูลใหม่
ชื่อเซสชัน,ชื่อเซสชัน
ชื่อ (ตั้งเอง),ชื่อ (ตั้งเอง)
@ชื่อตัวละคร,@ชื่อตัวละคร
ชื่อตัวละคร,ชื่อตัวละคร
ชื่อตัวละคร {0}% · อื่น ๆ {1}%,ชื่อตัวละคร {0}% · อื่น ๆ {1}%
ชื่อตัวละคร A,ชื่อตัวละคร A
ชื่อตัวละคร B,ชื่อตัวละคร B
"ชื่อที่จะเห็นใน dropdown เช่น ""OpenAI ที่ทำงาน"" หรือ ""Ollama เครื่องตัวเอง""","ชื่อที่จะเห็นใน dropdown เช่น ""OpenAI ที่ทำงาน"" หรือ ""Ollama เครื่องตัวเอง"""
"

ชื่อที่มีในสารานุกรมของเรื่อง (ใช้ @ ถ้าตรง): {0}","

ชื่อที่มีในสารานุกรมของเรื่อง (ใช้ @ ถ้าตรง): {0}"
ชื่อเทมเพลต,ชื่อเทมเพลต
ชื่อแท็ก,ชื่อแท็ก
ชื่อโน้ต (Memo),ชื่อโน้ต (Memo)
ชื่อบท,ชื่อบท
ชื่อบทใหม่,ชื่อบทใหม่
ชื่อโปรเจกต์ใหม่,ชื่อโปรเจกต์ใหม่
ชื่อผู้เขียน,ชื่อผู้เขียน
ชื่อผู้ให้บริการ,ชื่อผู้ให้บริการ
ชื่อแผน,ชื่อแผน
ชื่อแผนที่,ชื่อแผนที่
ชื่อแผนใหม่,ชื่อแผนใหม่
ชื่อไฟล์,ชื่อไฟล์
ชื่อไฟล์: {0},ชื่อไฟล์: {0}
ชื่อเมือง,ชื่อเมือง
ชื่อไม่ถูกต้อง,ชื่อไม่ถูกต้อง
ชื่อระบบ,ชื่อระบบ
ชื่อระบบเศรษฐกิจ,ชื่อระบบเศรษฐกิจ
ชื่อร่างใหม่,ชื่อร่างใหม่
ชื่อเรื่อง,ชื่อเรื่อง
ชื่อเล่ม,ชื่อเล่ม
ชื่อเล่มใหม่,ชื่อเล่มใหม่
{{ชื่อ}} · {{วันที่}},{{ชื่อ}} · {{วันที่}}
ชื่อเวิร์กโฟลว์ใหม่,ชื่อเวิร์กโฟลว์ใหม่
ชื่อศาสนา/ลัทธิ,ชื่อศาสนา/ลัทธิ
ชื่อสถานะใหม่,ชื่อสถานะใหม่
ชื่อส่วน,ชื่อส่วน
ชื่อเส้นทาง,ชื่อเส้นทาง
ชื่อหัวข้อใหม่,ชื่อหัวข้อใหม่
ชื่อเหตุการณ์,ชื่อเหตุการณ์
ชื่อใหม่,ชื่อใหม่
ชื่อใหม่ของอัลบั้ม,ชื่อใหม่ของอัลบั้ม
ชื่ออัลบั้มใช้ไม่ได้,ชื่ออัลบั้มใช้ไม่ได้
ชื่ออัลบั้มใหม่,ชื่ออัลบั้มใหม่
"ชื่ออื่น (คั่นด้วย , )","ชื่ออื่น (คั่นด้วย , )"
ชื่อ Credential,ชื่อ Credential
ชื่อ memo,ชื่อ memo
ชื่อ memo ใหม่,ชื่อ memo ใหม่
ชุดเครื่องมือวิเคราะห์ต้นฉบับด้วย AI — จังหวะเรื่อง · ส่วนโค้งตัวละคร · คำซ้ำ · ความขัดแย้ง · ความยาวฉาก (ยังเป็นตัวอย่างหน้าตา),ชุดเครื่องมือวิเคราะห์ต้นฉบับด้วย AI — จังหวะเรื่อง · ส่วนโค้งตัวละคร · คำซ้ำ · ความขัดแย้ง · ความยาวฉาก (ยังเป็นตัวอย่างหน้าตา)
"เช่น 2026-09-01 หรือ ""สัปดาห์หน้า""","เช่น 2026-09-01 หรือ ""สัปดาห์หน้า"""
เช่น กลิ่นกระดาษเก่ากับฝุ่น,เช่น กลิ่นกระดาษเก่ากับฝุ่น
เช่น ก่อนแก้ตอนจบ,เช่น ก่อนแก้ตอนจบ
เช่น ก่อนแก้ประวัติ,เช่น ก่อนแก้ประวัติ
เช่น กุญแจสนิม,เช่น กุญแจสนิม
เช่น ตัวละคร,เช่น ตัวละคร
เช่น ประวัติ / นิสัย,เช่น ประวัติ / นิสัย
เช่น ปีที่ 1024 · วันที่ 3,เช่น ปีที่ 1024 · วันที่ 3
เช่น ปีศาจแห่งบางกอก,เช่น ปีศาจแห่งบางกอก
เช่น ไปตลาด,เช่น ไปตลาด
เช่น พ่อ / เพื่อน / ศัตรู,เช่น พ่อ / เพื่อน / ศัตรู
เช่น พี่ชาย / เพื่อน / ศัตรู,เช่น พี่ชาย / เพื่อน / ศัตรู
เช่น พื้นไม้เย็นและหยาบ,เช่น พื้นไม้เย็นและหยาบ
เช่น รสฝุ่นติดปลายลิ้น,เช่น รสฝุ่นติดปลายลิ้น
"เช่น รอแก้ไข, ส่งแล้ว","เช่น รอแก้ไข, ส่งแล้ว"
เช่น รอยเลือดบนพื้น,เช่น รอยเลือดบนพื้น
เช่น เล่มสอง,เช่น เล่มสอง
เช่น เล่มหนึ่ง — ใช้เมื่อแต่ละเล่มมีทางเลือกคนละชุด,เช่น เล่มหนึ่ง — ใช้เมื่อแต่ละเล่มมีทางเลือกคนละชุด
เช่น โลกปัจจุบัน · โลกอดีต · มิติอื่น,เช่น โลกปัจจุบัน · โลกอดีต · มิติอื่น
เช่น วันที่ 3 · ปีที่ 1024 · เช้าวันจันทร์,เช่น วันที่ 3 · ปีที่ 1024 · เช้าวันจันทร์
เช่น สงครามปะทุ,เช่น สงครามปะทุ
"เช่น เส้นหลัก, มุมมองศัตรู","เช่น เส้นหลัก, มุมมองศัตรู"
เช่น เสียงน้ำหยดจากเพดาน,เช่น เสียงน้ำหยดจากเพดาน
เช่น เสียงฝีเท้าชั้นบน,เช่น เสียงฝีเท้าชั้นบน
เช่น แสงสลัวลอดหน้าต่างบานเกล็ด,เช่น แสงสลัวลอดหน้าต่างบานเกล็ด
เช่น อาวุธประจำตัว,เช่น อาวุธประจำตัว
เช่น draft-2,เช่น draft-2
"เช่น  k2.cssVar(""--ed-fs"")   หรือ   k2.blocks().length","เช่น  k2.cssVar(""--ed-fs"")   หรือ   k2.blocks().length"
เช่น TH Sarabun New,เช่น TH Sarabun New
เชื่องช้า,เชื่องช้า
เชื่อมจาก → ถึง,เชื่อมจาก → ถึง
เชื่อมต่อไม่ได้: ,เชื่อมต่อไม่ได้: 
เชื่อมต่อไม่ได้ — มีเส้นนี้อยู่แล้ว หรือเป็นการ์ดเดียวกัน,เชื่อมต่อไม่ได้ — มีเส้นนี้อยู่แล้ว หรือเป็นการ์ดเดียวกัน
เชื่อมต่อแล้ว — คลิกที่เส้นเพื่อแก้รูปแบบ/หัวลูกศร,เชื่อมต่อแล้ว — คลิกที่เส้นเพื่อแก้รูปแบบ/หัวลูกศร
เชื่อมต่อสำเร็จ — พบ {0} โมเดล,เชื่อมต่อสำเร็จ — พบ {0} โมเดล
เชื่อมต่อ AI ไม่ได้: ,เชื่อมต่อ AI ไม่ได้: 
แชทกับเรื่องของคุณ (กล่องเดิม)…,แชทกับเรื่องของคุณ (กล่องเดิม)…
ใช้ ,ใช้ 
ใช้ข้อมูลจากบริบทที่ให้มาเป็นหลัก ถ้าไม่มีข้อมูลให้บอกว่าไม่พบ ตอบเป็นภาษาไทย,ใช้ข้อมูลจากบริบทที่ให้มาเป็นหลัก ถ้าไม่มีข้อมูลให้บอกว่าไม่พบ ตอบเป็นภาษาไทย
ใช้งานล่าสุด,ใช้งานล่าสุด
ใช้จัดลำดับเมื่อเวลาเป็นข้อความ,ใช้จัดลำดับเมื่อเวลาเป็นข้อความ
"ใช้ {{ชื่อ}} {{วันที่}} {{เรื่อง}} ได้ · ระบุลายน้ำเฉพาะคนได้ด้วย ""ชื่อ | ลายน้ำ""","ใช้ {{ชื่อ}} {{วันที่}} {{เรื่อง}} ได้ · ระบุลายน้ำเฉพาะคนได้ด้วย ""ชื่อ | ลายน้ำ"""
ใช้แถวนี้,ใช้แถวนี้
ใช้ใน: ,ใช้ใน: 
ใช้ใน,ใช้ใน
ใช้ในต้นฉบับแล้ว,ใช้ในต้นฉบับแล้ว
ใช้ไปแล้ว {0} tokens · {1} ครั้ง · ประมาณ ${2},ใช้ไปแล้ว {0} tokens · {1} ครั้ง · ประมาณ ${2}
ใช้ผลสรุปที่บันทึกไว้ (เนื้อหายังไม่เปลี่ยน),ใช้ผลสรุปที่บันทึกไว้ (เนื้อหายังไม่เปลี่ยน)
— ใช้ฟอนต์ที่ลงในเครื่อง (พิมพ์ชื่อ) —,— ใช้ฟอนต์ที่ลงในเครื่อง (พิมพ์ชื่อ) —
ใช้ภาษาพูดแบบเป็นกันเอง อ่านลื่น,ใช้ภาษาพูดแบบเป็นกันเอง อ่านลื่น
ใช้ภาษาสุภาพ เป็นทางการ หลีกเลี่ยงคำแสลง,ใช้ภาษาสุภาพ เป็นทางการ หลีกเลี่ยงคำแสลง
ใช้รูปแบบบทภาพยนตร์แบบนี้เท่านั้น (ขึ้นบรรทัดใหม่ทุกครั้ง):,ใช้รูปแบบบทภาพยนตร์แบบนี้เท่านั้น (ขึ้นบรรทัดใหม่ทุกครั้ง):
ใช้เรื่องย่อแทนเนื้อหาฉาก,ใช้เรื่องย่อแทนเนื้อหาฉาก
ใช้แล้ว,ใช้แล้ว
 · ใช้เวลา {0} วิ, · ใช้เวลา {0} วิ
ใช้อยู่ {0} แถว — ตัวอย่าง (ไทยผสมอังกฤษ):,ใช้อยู่ {0} แถว — ตัวอย่าง (ไทยผสมอังกฤษ):
ซ่อน,ซ่อน
 · ซ่อน, · ซ่อน
ซ่อน={0} จาง={1} ว่าง={2} หมวดพับ/ซ่อน={3},ซ่อน={0} จาง={1} ว่าง={2} หมวดพับ/ซ่อน={3}
ซ่อนแผงทางเลือก,ซ่อนแผงทางเลือก
ซ่อนแผงนี้,ซ่อนแผงนี้
ซ่อนรหัสนำหน้าบรรทัด (. @ > $shot # …),ซ่อนรหัสนำหน้าบรรทัด (. @ > $shot # …)
ซ่อนรหัสนำหน้าบรรทัด: ปิด (เห็นรหัสครบ),ซ่อนรหัสนำหน้าบรรทัด: ปิด (เห็นรหัสครบ)
ซ่อนรหัสนำหน้าบรรทัด: เปิด,ซ่อนรหัสนำหน้าบรรทัด: เปิด
ซ้าย:,ซ้าย:
ซ้าย,ซ้าย
ซ้าย-ขวา,ซ้าย-ขวา
  (ซ้ำ {0} ครั้ง),  (ซ้ำ {0} ครั้ง)
ซิงก์คุณสมบัติฉากจากไฟล์ .md แล้ว ({0} ค่า),ซิงก์คุณสมบัติฉากจากไฟล์ .md แล้ว ({0} ค่า)
ซีริลลิก,ซีริลลิก
ซูม,ซูม
 · ซูม {0}%, · ซูม {0}%
ซูมเข้า (Ctrl+ล้อ),ซูมเข้า (Ctrl+ล้อ)
ซูมพอดีความกว้าง: ,ซูมพอดีความกว้าง: 
ซูมออก (Ctrl+ล้อ),ซูมออก (Ctrl+ล้อ)
เซสชัน,เซสชัน
 · เซสชันจะถูกบันทึกเมื่อส่งข้อความแรก, · เซสชันจะถูกบันทึกเมื่อส่งข้อความแรก
เซสชันใหม่,เซสชันใหม่
เซสชัน AI,เซสชัน AI
ฐานของโปรแกรม,ฐานของโปรแกรม
ดัง,ดัง
ดันให้พูดเรื่องใหม่,ดันให้พูดเรื่องใหม่
ดับเบิลคลิก = เปิด,ดับเบิลคลิก = เปิด
ดับเบิลคลิกเพื่อเขียน,ดับเบิลคลิกเพื่อเขียน
ดับสูญ,ดับสูญ
ดาว,ดาว
ดำเนิน,ดำเนิน
ดิฉัน,ดิฉัน
ดีใจ,ดีใจ
ดู/กู้คืนเวอร์ชันเก่าของหน้านี้,ดู/กู้คืนเวอร์ชันเก่าของหน้านี้
ดูโครงสร้างทั้งโปรเจกต์ (เล่ม → บท → ฉาก) และรายชื่อเอนทิตี้ใน Wiki,ดูโครงสร้างทั้งโปรเจกต์ (เล่ม → บท → ฉาก) และรายชื่อเอนทิตี้ใน Wiki
ดูโครงสร้างโปรเจกต์,ดูโครงสร้างโปรเจกต์
ดูทั้งหมด,ดูทั้งหมด
ดูทั้งหมด / ส่งออก…,ดูทั้งหมด / ส่งออก…
ดูโน้ตทั้งหมด…,ดูโน้ตทั้งหมด…
ดูบนผัง,ดูบนผัง
 ดูรายการทั้งหมด…, ดูรายการทั้งหมด…
ดูว่าฉากไหนยืดไป ฉากไหนรวบรัดเกิน เทียบความยาว·ความหนาแน่นของบทพูดตลอดทั้งเล่ม,ดูว่าฉากไหนยืดไป ฉากไหนรวบรัดเกิน เทียบความยาว·ความหนาแน่นของบทพูดตลอดทั้งเล่ม
เดินจากจุดเริ่มมาไม่ถึง,เดินจากจุดเริ่มมาไม่ถึง
เดินตามทางเลือกนี้ (บันทึกลงประวัติการตัดสินใจ),เดินตามทางเลือกนี้ (บันทึกลงประวัติการตัดสินใจ)
เดินมาทั้งหมด,เดินมาทั้งหมด
เดือดดาล,เดือดดาล
แดชบอร์ด,แดชบอร์ด
โดเมนที่อนุญาต: {0},โดเมนที่อนุญาต: {0}
โดเมนนี้ไม่อยู่ในรายการ Allowed HTTP Request Domains: ,โดเมนนี้ไม่อยู่ในรายการ Allowed HTTP Request Domains: 
 โดย , โดย 
""" โดยคงเนื้อหาและลำดับเหตุการณ์เดิม",""" โดยคงเนื้อหาและลำดับเหตุการณ์เดิม"
"โดยอิงจากชื่อปัจจุบัน: ""{0}""","โดยอิงจากชื่อปัจจุบัน: ""{0}"""
ตกลง,ตกลง
ต้นฉบับ (Markdown),ต้นฉบับ (Markdown)
ต้นทุน: ,ต้นทุน: 
ต้นทุน (USD),ต้นทุน (USD)
ตรวจก่อนพิมพ์/ส่งออก,ตรวจก่อนพิมพ์/ส่งออก
ตรวจแก้ — คอมเมนต์ + โน้ต,ตรวจแก้ — คอมเมนต์ + โน้ต
"ตรวจความสม่ำเสมอของตัวละคร ""{0}"" จากฉากทั้งหมดที่ตัวละครนี้ปรากฏ","ตรวจความสม่ำเสมอของตัวละคร ""{0}"" จากฉากทั้งหมดที่ตัวละครนี้ปรากฏ"
ตรวจทั้งบท (รายการข้อผิดพลาด)…,ตรวจทั้งบท (รายการข้อผิดพลาด)…
ตรวจบทก่อนส่งออก: ปิด,ตรวจบทก่อนส่งออก: ปิด
ตรวจบทก่อนส่งออก: เปิด,ตรวจบทก่อนส่งออก: เปิด
ตรวจบทภาพยนตร์,ตรวจบทภาพยนตร์
ตรวจบทไม่สำเร็จ,ตรวจบทไม่สำเร็จ
"ตรวจว่าตั้งใจเปลี่ยนน้ำเสียงตามสถานการณ์หรือไม่ ถ้าไม่ ให้แก้เป็น ""{0}""","ตรวจว่าตั้งใจเปลี่ยนน้ำเสียงตามสถานการณ์หรือไม่ ถ้าไม่ ให้แก้เป็น ""{0}"""
ตรวจว่าตั้งมุมมองถูกฉากหรือไม่ หรือเพิ่มการปรากฏตัวของตัวละครในฉาก,ตรวจว่าตั้งมุมมองถูกฉากหรือไม่ หรือเพิ่มการปรากฏตัวของตัวละครในฉาก
ตรวจว่าแต่ละฉากมีแรงต้านหรือไม่ ฉากที่ไม่มีความขัดแย้งเลยมักเป็นฉากที่ตัดได้,ตรวจว่าแต่ละฉากมีแรงต้านหรือไม่ ฉากที่ไม่มีความขัดแย้งเลยมักเป็นฉากที่ตัดได้
ตรวจสอบความสม่ำเสมอของตัวละคร…,ตรวจสอบความสม่ำเสมอของตัวละคร…
ตรวจสอบ Plot Hole…,ตรวจสอบ Plot Hole…
ตรวจหาข้อผิดพลาดถัดไป ({0}+{1}+U),ตรวจหาข้อผิดพลาดถัดไป ({0}+{1}+U)
ตรวจหาคำซ้ำ · สถิติการใช้คำ (Word History)…,ตรวจหาคำซ้ำ · สถิติการใช้คำ (Word History)…
 ตรวจใหม่ทั้งบท, ตรวจใหม่ทั้งบท
ตระการตา,ตระการตา
ตลก,ตลก
ตลาดมืด,ตลาดมืด
ต่อ,ต่อ
"ต้องการลายน้ำรายคนหลายไฟล์ ให้ใช้ ""ส่งออก PDF ลายน้ำรายคน""","ต้องการลายน้ำรายคนหลายไฟล์ ให้ใช้ ""ส่งออก PDF ลายน้ำรายคน"""
ต้องใช้ Killian ,ต้องใช้ Killian 
ต้องตั้งชื่อเทมเพลต,ต้องตั้งชื่อเทมเพลต
ต้องเปิดแท็บบทภาพยนตร์หรือเอกสารอย่างน้อย 2 แท็บจึงจะเปรียบเทียบได้,ต้องเปิดแท็บบทภาพยนตร์หรือเอกสารอย่างน้อย 2 แท็บจึงจะเปรียบเทียบได้
ต้องมีตัวละคร 2 ตัว,ต้องมีตัวละคร 2 ตัว
ต้องมีอย่างน้อย 2 การ์ด,ต้องมีอย่างน้อย 2 การ์ด
ต้องส่ง io adapter เข้ามา,ต้องส่ง io adapter เข้ามา
ต่อท้ายด้วยสรุปสถิติ,ต่อท้ายด้วยสรุปสถิติ
ตอน,ตอน
ตอนจบ,ตอนจบ
ตอนจบ (ไม่มีทางเลือกออก),ตอนจบ (ไม่มีทางเลือกออก)
ตอนนี้,ตอนนี้
ตอนนี้แสดงเป็นตัวอย่างหน้าตาเพื่อให้เห็นว่าแต่ละหัวข้อจะบอกอะไรบ้าง,ตอนนี้แสดงเป็นตัวอย่างหน้าตาเพื่อให้เห็นว่าแต่ละหัวข้อจะบอกอะไรบ้าง
ตอนนี้หยุดอ่านอยู่กับที่ — กดเพื่อกลับไปล่างสุด,ตอนนี้หยุดอ่านอยู่กับที่ — กดเพื่อกลับไปล่างสุด
ตอน/ส่วน,ตอน/ส่วน
ต่อเนื่อง,ต่อเนื่อง
ต่อเนื่อง: ฉาก {0} · บทพูด {1},ต่อเนื่อง: ฉาก {0} · บทพูด {1}
ต่อเนื่อง: ไม่มี,ต่อเนื่อง: ไม่มี
ตอบ,ตอบ
ตอบกลับคำว่า ok เท่านั้น,ตอบกลับคำว่า ok เท่านั้น
"ตอบเป็น ""ความขัดแย้งหลักของฉาก"" 1 ประโยคสั้น ๆ (ใครขัดกับใคร/อะไร) ห้ามอธิบายเพิ่ม","ตอบเป็น ""ความขัดแย้งหลักของฉาก"" 1 ประโยคสั้น ๆ (ใครขัดกับใคร/อะไร) ห้ามอธิบายเพิ่ม"
"ตอบเป็น ""ชื่อตัวละครที่เป็นมุมมองหลักของฉากนี้"" เท่านั้น (ชื่อเดียว ไม่เกิน 40 ตัวอักษร) ","ตอบเป็น ""ชื่อตัวละครที่เป็นมุมมองหลักของฉากนี้"" เท่านั้น (ชื่อเดียว ไม่เกิน 40 ตัวอักษร) "
ตอบเป็นภาษา: ,ตอบเป็นภาษา: 
ตอบเป็นภาษาไทย ใช้เฉพาะข้อมูลอ้างอิงที่ให้มาเป็นหลัก ,ตอบเป็นภาษาไทย ใช้เฉพาะข้อมูลอ้างอิงที่ให้มาเป็นหลัก 
ตอบเป็นภาษาไทยสั้น ๆ ไม่เกิน 12 คำ บรรทัดเดียว ไม่ต้องมีเครื่องหมายคำพูดหรือคำอธิบายอื่น,ตอบเป็นภาษาไทยสั้น ๆ ไม่เกิน 12 คำ บรรทัดเดียว ไม่ต้องมีเครื่องหมายคำพูดหรือคำอธิบายอื่น
ตอบเป็นภาษาไทยเสมอ ส่งเฉพาะข้อความผลลัพธ์ ห้ามอธิบายสิ่งที่ทำ ห้ามใส่เครื่องหมายคำพูดครอบผลลัพธ์,ตอบเป็นภาษาไทยเสมอ ส่งเฉพาะข้อความผลลัพธ์ ห้ามอธิบายสิ่งที่ทำ ห้ามใส่เครื่องหมายคำพูดครอบผลลัพธ์
"ตอบเป็น ""อารมณ์หลักของฉาก"" 1–3 คำ (เช่น ตึงเครียด · เศร้า · อบอุ่น) ห้ามอธิบายเพิ่ม","ตอบเป็น ""อารมณ์หลักของฉาก"" 1–3 คำ (เช่น ตึงเครียด · เศร้า · อบอุ่น) ห้ามอธิบายเพิ่ม"
ตอบเป็น JSON ตามโครงที่กำหนดเท่านั้น ห้ามมีข้อความอื่นนอก JSON,ตอบเป็น JSON ตามโครงที่กำหนดเท่านั้น ห้ามมีข้อความอื่นนอก JSON
ตอบเป็น JSON เท่านั้น ห้ามมีข้อความอื่นนอก JSON,ตอบเป็น JSON เท่านั้น ห้ามมีข้อความอื่นนอก JSON
"ตั้งค่าโปรเจกต์… ({0}+,)","ตั้งค่าโปรเจกต์… ({0}+,)"
 ตั้งค่ารูปแบบ/การตรวจบท…, ตั้งค่ารูปแบบ/การตรวจบท…
ตั้งค่าสมุดประวัติไม่สำเร็จ,ตั้งค่าสมุดประวัติไม่สำเร็จ
"ตั้งคำบรรยายสั้น ๆ ให้รูปนี้

{0}","ตั้งคำบรรยายสั้น ๆ ให้รูปนี้

{0}"
"ตั้งคำบรรยายสั้น ๆ ให้รูปในคลังรูป โดยเดาจากข้อมูลเท่าที่มี (อย่าแต่งรายละเอียดที่ไม่มีหลักฐาน)

{0}","ตั้งคำบรรยายสั้น ๆ ให้รูปในคลังรูป โดยเดาจากข้อมูลเท่าที่มี (อย่าแต่งรายละเอียดที่ไม่มีหลักฐาน)

{0}"
ตั้งค่า AI…,ตั้งค่า AI…
ตั้งค่า AI ที่ ไฟล์ → ตั้งค่า AI ก่อน,ตั้งค่า AI ที่ ไฟล์ → ตั้งค่า AI ก่อน
ตั้งค่า AI (ผู้ให้บริการ · Credential · โมเดล · พารามิเตอร์)…,ตั้งค่า AI (ผู้ให้บริการ · Credential · โมเดล · พารามิเตอร์)…
ตั้งชื่อเวอร์ชัน (เว้นว่างได้),ตั้งชื่อเวอร์ชัน (เว้นว่างได้)
"ตั้งแท็กให้รูปนี้

{0}{1}","ตั้งแท็กให้รูปนี้

{0}{1}"
ตั้งปกเล่มแล้ว,ตั้งปกเล่มแล้ว
ตั้งเป็นรูปประจำตัว (วงกลมด้านบน),ตั้งเป็นรูปประจำตัว (วงกลมด้านบน)
ตั้งพิมพ์ใหญ่รายบรรทัดเอง (ตารางรูปแบบ)…,ตั้งพิมพ์ใหญ่รายบรรทัดเอง (ตารางรูปแบบ)…
(ตั้งระยะได้ที่ช่องข้าง 📏),(ตั้งระยะได้ที่ช่องข้าง 📏)
ตั้งร่างหลักเป็น: ,ตั้งร่างหลักเป็น: 
ตั้งหลัก,ตั้งหลัก
— ตั้งเอง (Custom) —,— ตั้งเอง (Custom) —
ตัด,ตัด
ตัด ({0}+X),ตัด ({0}+X)
ตัดคอมเมนต์ %%…%% และ <!-- … -->,ตัดคอมเมนต์ %%…%% และ <!-- … -->
ตัดคำฟุ่มเฟือย เหลือเฉพาะใจความ,ตัดคำฟุ่มเฟือย เหลือเฉพาะใจความ
"
…(ตัดท้ายไฟล์)","
…(ตัดท้ายไฟล์)"
ตัดโน้ต (memo) ออก,ตัดโน้ต (memo) ออก
ตัดบรรทัดเอง (soft wrap),ตัดบรรทัดเอง (soft wrap)
"
…(ตัดเพราะยาวเกิน)","
…(ตัดเพราะยาวเกิน)"
ตัดสัญลักษณ์ Markdown (ข้อความล้วน),ตัดสัญลักษณ์ Markdown (ข้อความล้วน)
ตัดสินใจ,ตัดสินใจ
"
…(ตัดให้สั้น)","
…(ตัดให้สั้น)"
ตัวแก้ไขข้อความ (นิยาย + บทภาพยนตร์),ตัวแก้ไขข้อความ (นิยาย + บทภาพยนตร์)
ตัวแก้ไขถูกปิดไปแล้ว — เปิดฉากใหม่แล้วลองอีกครั้ง,ตัวแก้ไขถูกปิดไปแล้ว — เปิดฉากใหม่แล้วลองอีกครั้ง
ตัวคั่นระหว่างฉาก,ตัวคั่นระหว่างฉาก
ตัวแทน: ,ตัวแทน: 
ตัวแปร: ,ตัวแปร: 
ตัวพิมพ์ใหญ่,ตัวพิมพ์ใหญ่
ตัวรันแอปเดสก์ท็อป,ตัวรันแอปเดสก์ท็อป
ตัวละคร: ,ตัวละคร: 
ตัวละคร,ตัวละคร
 ตัวละคร, ตัวละคร
    ตัวละคร: ,    ตัวละคร: 
ตัวละคร “{0}” ไม่มีบทสนทนาตามหลัง,ตัวละคร “{0}” ไม่มีบทสนทนาตามหลัง
### ตัวละคร ก,### ตัวละคร ก
### ตัวละคร ข,### ตัวละคร ข
ตัวละครจาก Wiki อยู่ครบแล้ว,ตัวละครจาก Wiki อยู่ครบแล้ว
ตัวละครแต่ละตัวต้องมีน้ำเสียงต่างกันชัดเจนตามบุคลิกที่ให้มา ,ตัวละครแต่ละตัวต้องมีน้ำเสียงต่างกันชัดเจนตามบุคลิกที่ให้มา 
ตัวละครที่ถูกกล่าวถึงแต่ไม่เคยออกฉาก,ตัวละครที่ถูกกล่าวถึงแต่ไม่เคยออกฉาก
ตัวละครที่หายไปเกิน N บท,ตัวละครที่หายไปเกิน N บท
ตัวละครในบทนี้,ตัวละครในบทนี้
ตัวละคร/สิ่งของที่เกี่ยวข้อง:,ตัวละคร/สิ่งของที่เกี่ยวข้อง:
ตัวละครหลัก,ตัวละครหลัก
ตัวละครใหม่,ตัวละครใหม่
ตัวเลือกของเซสชัน,ตัวเลือกของเซสชัน
ตัวหนังสือชื่อโหนด,ตัวหนังสือชื่อโหนด
ตัวหนา,ตัวหนา
ตัวหนา ({0}+B),ตัวหนา ({0}+B)
ตัวอย่างหน้า 2 → ,ตัวอย่างหน้า 2 → 
ตัวอักษรเล็กลง,ตัวอักษรเล็กลง
ตัวอักษรใหญ่ขึ้น,ตัวอักษรใหญ่ขึ้น
ตัวเอกตื่นมาเจอเรื่องผิดปกติ,ตัวเอกตื่นมาเจอเรื่องผิดปกติ
ตัวเอียง,ตัวเอียง
ตัวเอียง ({0}+I),ตัวเอียง ({0}+I)
ต่างกัน {0} บรรทัด,ต่างกัน {0} บรรทัด
(ตามตั้งค่า AI),(ตามตั้งค่า AI)
ตามธีม,ตามธีม
ตามเนื้อเรื่อง,ตามเนื้อเรื่อง
ตารางกริด,ตารางกริด
ตารางฉาก,ตารางฉาก
ตาราง CSV,ตาราง CSV
ตำนาน,ตำนาน
ตำนาน/ความรู้,ตำนาน/ความรู้
ตำแหน่ง,ตำแหน่ง
ตำแหน่งเอนทิตี้,ตำแหน่งเอนทิตี้
ตำแหน่ง x × y (นิ้ว),ตำแหน่ง x × y (นิ้ว)
ตำแหน่ง X / Y,ตำแหน่ง X / Y
ติดตามว่าตัวละครแต่ละตัวปรากฏช่วงไหนของเรื่อง และหายไปนานเกินไปหรือเปล่า,ติดตามว่าตัวละครแต่ละตัวปรากฏช่วงไหนของเรื่อง และหายไปนานเกินไปหรือเปล่า
ติดแท็กให้ {0} รูปแล้ว,ติดแท็กให้ {0} รูปแล้ว
ติดปาก,ติดปาก
ตีพิมพ์แล้ว,ตีพิมพ์แล้ว
เต็มจอ,เต็มจอ
เต็มบรรทัด ({0}+{1}+J),เต็มบรรทัด ({0}+{1}+J)
เต็มรูป,เต็มรูป
เตือน,เตือน
แตกไฟล์แล้ว ({0} ไฟล์) แต่ไม่พบ project.khn.json — ไม่ใช่โปรเจกต์ Killian,แตกไฟล์แล้ว ({0} ไฟล์) แต่ไม่พบ project.khn.json — ไม่ใช่โปรเจกต์ Killian
แต่ก่อนลบของ ให้บอกเหตุผลสั้น ๆ เสมอ และเขียนต่อเนื้อเรื่องให้กลมกลืนกับสำนวนเดิม,แต่ก่อนลบของ ให้บอกเหตุผลสั้น ๆ เสมอ และเขียนต่อเนื้อเรื่องให้กลมกลืนกับสำนวนเดิม
แต่ลบของไม่ได้ เขียนต่อเนื้อเรื่องให้กลมกลืนกับสำนวนเดิม และบอกทุกครั้งว่าจะแตะไฟล์ไหน,แต่ลบของไม่ได้ เขียนต่อเนื้อเรื่องให้กลมกลืนกับสำนวนเดิม และบอกทุกครั้งว่าจะแตะไฟล์ไหน
โต,โต
ถอดแท็ก {0} ออกจากทุกรูป?,ถอดแท็ก {0} ออกจากทุกรูป?
ถอดแท็กแล้ว,ถอดแท็กแล้ว
ถอดออก,ถอดออก
ถอยหนึ่งก้าว (ทางเลือกล่าสุดถูกถอนออกจากเส้นทาง),ถอยหนึ่งก้าว (ทางเลือกล่าสุดถูกถอนออกจากเส้นทาง)
ถ้าข้อมูลไม่พอให้บอกตรง ๆ ว่าไม่พบในเรื่อง อย่าเดาแทนผู้เขียน ,ถ้าข้อมูลไม่พอให้บอกตรง ๆ ว่าไม่พบในเรื่อง อย่าเดาแทนผู้เขียน 
ถ้าตั้งใจให้เป็นฉากย้อนอดีต ให้ระบุไว้ในเนื้อฉาก/เรื่องย่อ ไม่งั้นสลับลำดับฉากหรือแก้ค่าเวลาในเรื่อง,ถ้าตั้งใจให้เป็นฉากย้อนอดีต ให้ระบุไว้ในเนื้อฉาก/เรื่องย่อ ไม่งั้นสลับลำดับฉากหรือแก้ค่าเวลาในเรื่อง
"ถ้าเป็นมุมมองผู้เล่าเรื่องรอบรู้ให้ตอบว่า ""ผู้เล่าเรื่อง"" ห้ามอธิบายเพิ่ม","ถ้าเป็นมุมมองผู้เล่าเรื่องรอบรู้ให้ตอบว่า ""ผู้เล่าเรื่อง"" ห้ามอธิบายเพิ่ม"
ถ้าผู้ใช้ขอให้แก้ ให้เสนอเป็นข้อความว่าจะแก้อย่างไรแทน,ถ้าผู้ใช้ขอให้แก้ ให้เสนอเป็นข้อความว่าจะแก้อย่างไรแทน
 ถามก่อนเสมอเมื่อจะลบของ, ถามก่อนเสมอเมื่อจะลบของ
"ถ้าไม่ได้ตั้งใจให้เปลี่ยนตามคู่สนทนา ให้แก้เป็น ""{0}""","ถ้าไม่ได้ตั้งใจให้เปลี่ยนตามคู่สนทนา ให้แก้เป็น ""{0}"""
- ถ้าไม่รู้ชื่อเล่ม/บท/ฉาก ให้เรียก `project.tree` ก่อน อย่าเดา,- ถ้าไม่รู้ชื่อเล่ม/บท/ฉาก ให้เรียก `project.tree` ก่อน อย่าเดา
ถูกใช้ในฉาก: ,ถูกใช้ในฉาก: 
แถบเครื่องมือ,แถบเครื่องมือ
แถบสถานะ,แถบสถานะ
แถวละรูป — เห็นชื่อ คำบรรยาย แท็ก ขนาด และการใช้งานพร้อมกัน,แถวละรูป — เห็นชื่อ คำบรรยาย แท็ก ขนาด และการใช้งานพร้อมกัน
ทดลองเล่น — อ่านเรื่องแล้วกดเลือกทางไปเรื่อย ๆ,ทดลองเล่น — อ่านเรื่องแล้วกดเลือกทางไปเรื่อย ๆ
ทมิฬ,ทมิฬ
ทรงกระบอก,ทรงกระบอก
ทรัพยากรและจุดอ่อน,ทรัพยากรและจุดอ่อน
ทรานซิชัน,ทรานซิชัน
ทอดสายตา,ทอดสายตา
ทั้งโปรเจกต์,ทั้งโปรเจกต์
ทั้งสองแผนยังไม่มีทางเลือกเลย,ทั้งสองแผนยังไม่มีทางเลือกเลย
ทั้งสองยังปิดอยู่ในแท็บหน้ากระดาษ,ทั้งสองยังปิดอยู่ในแท็บหน้ากระดาษ
ทั้งหมด,ทั้งหมด
ทั้งหมด (AND),ทั้งหมด (AND)
ทั่วไป,ทั่วไป
ทางการ,ทางการ
ทางเลือก,ทางเลือก
 ทางเลือก / , ทางเลือก / 
ทางเลือก: ,ทางเลือก: 
ทางเลือกของฉาก,ทางเลือกของฉาก
ทางเลือกชี้ไปฉากที่ไม่มีแล้ว,ทางเลือกชี้ไปฉากที่ไม่มีแล้ว
ทางเลือกที่ชี้ไปฉากที่ไม่มีแล้ว,ทางเลือกที่ชี้ไปฉากที่ไม่มีแล้ว
ทางเลือกนี้ยังไม่มีปลายทาง — ไปกำหนดที่ผังแตกสาย,ทางเลือกนี้ยังไม่มีปลายทาง — ไปกำหนดที่ผังแตกสาย
ทางเลือกนี้ยังไม่ระบุปลายทาง,ทางเลือกนี้ยังไม่ระบุปลายทาง
ทางเลือกในฉากนี้ผูกครบแล้ว (,ทางเลือกในฉากนี้ผูกครบแล้ว (
ทางเลือกในเนื้อฉาก,ทางเลือกในเนื้อฉาก
ทางเลือกยังไม่ระบุปลายทาง,ทางเลือกยังไม่ระบุปลายทาง
 ทำคำสั่งเองโดยไม่ต้องถาม, ทำคำสั่งเองโดยไม่ต้องถาม
ทำซ้ำ,ทำซ้ำ
ทำซ้ำ ({0}+Y),ทำซ้ำ ({0}+Y)
ทำซ้ำ {0} ชิ้นแล้ว,ทำซ้ำ {0} ชิ้นแล้ว
ทำซ้ำเทมเพลตแล้ว,ทำซ้ำเทมเพลตแล้ว
ทำซ้ำไม่ได้แล้ว,ทำซ้ำไม่ได้แล้ว
ทำซ้ำ (Ctrl+D),ทำซ้ำ (Ctrl+D)
ทำตัวติดตั้ง/พกพา,ทำตัวติดตั้ง/พกพา
ทำโน้ตนี้แล้ว,ทำโน้ตนี้แล้ว
ทำเลย,ทำเลย
ทำแล้ว,ทำแล้ว
ทำสำเนากระดานแล้ว,ทำสำเนากระดานแล้ว
ทำสำเนาเวิร์กโฟลว์แล้ว,ทำสำเนาเวิร์กโฟลว์แล้ว
ทำสำเนาหน้านี้ไว้ถัดไป,ทำสำเนาหน้านี้ไว้ถัดไป
ทิ้งการแก้ไข,ทิ้งการแก้ไข
ทิศเหนืออยู่ด้านบนของภาพ,ทิศเหนืออยู่ด้านบนของภาพ
ที่ค้นหาไฟล์ภาษา: ,ที่ค้นหาไฟล์ภาษา: 
ที่จดความคิดชั่วคราวโดยไม่ปนต้นฉบับ — โน้ตผูกกับฉากที่เปิดอยู่ตอนจด,ที่จดความคิดชั่วคราวโดยไม่ปนต้นฉบับ — โน้ตผูกกับฉากที่เปิดอยู่ตอนจด
ที่พัก,ที่พัก
ที่มา,ที่มา
ที่อยู่ในคลัง,ที่อยู่ในคลัง
ที่อยู่อาศัย,ที่อยู่อาศัย
ทึบ,ทึบ
ทุกที่มา,ทุกที่มา
ทุกไฟล์,ทุกไฟล์
ทุกหมวด,ทุกหมวด
"ทุกอย่าง — system prompt, บริบทที่ส่งไป, คำสั่งดิบ, ผลลัพธ์, token, เวลา","ทุกอย่าง — system prompt, บริบทที่ส่งไป, คำสั่งดิบ, ผลลัพธ์, token, เวลา"
ทุกอักขระ,ทุกอักขระ
ทุกอัลบั้ม,ทุกอัลบั้ม
ทุกอารมณ์,ทุกอารมณ์
เทมเพลต,เทมเพลต
เทมเพลต Wiki,เทมเพลต Wiki
เทวนาครี,เทวนาครี
เทียบกับ,เทียบกับ
เทียบกับอีกแผน — ดูว่าทางเลือกต่างกันตรงไหน,เทียบกับอีกแผน — ดูว่าทางเลือกต่างกันตรงไหน
เทียบความยาวฉากกับค่ากลางของทั้งเล่ม ชี้ฉากที่ผิดปกติทั้งสั้นและยาว,เทียบความยาวฉากกับค่ากลางของทั้งเล่ม ชี้ฉากที่ผิดปกติทั้งสั้นและยาว
เทียบเวอร์ชัน — ,เทียบเวอร์ชัน — 
แท็ก: ,แท็ก: 
แท็ก,แท็ก
 แท็ก, แท็ก
แท็ก: {0},แท็ก: {0}
แท็ก: {0} ({1}),แท็ก: {0} ({1})
แท็กของ {0} รูป (คั่นด้วยช่องว่าง · @ = เอนทิตี้ Wiki · ~ = ฉาก),แท็กของ {0} รูป (คั่นด้วยช่องว่าง · @ = เอนทิตี้ Wiki · ~ = ฉาก)
"แท็ก (คั่น , )","แท็ก (คั่น , )"
แท็กปัจจุบัน: {0},แท็กปัจจุบัน: {0}
แท็ก (เว้นวรรค),แท็ก (เว้นวรรค)
แทนที่ ,แทนที่ 
แทรกข้อความต่อเนื่องไม่สำเร็จ: ,แทรกข้อความต่อเนื่องไม่สำเร็จ: 
แทรกในไฟล์แล้ว — ฉากที่เปิดอยู่ยังไม่บันทึก กดบันทึกทับได้เลยถ้าไม่ต้องการ,แทรกในไฟล์แล้ว — ฉากที่เปิดอยู่ยังไม่บันทึก กดบันทึกทับได้เลยถ้าไม่ต้องการ
แทรกรูป: ,แทรกรูป: 
แทรกรูป…,แทรกรูป…
แทรกรูปไม่สำเร็จ: ,แทรกรูปไม่สำเร็จ: 
แทรกรูปแล้ว: ,แทรกรูปแล้ว: 
แทรกลงฉาก,แทรกลงฉาก
แทรกลงท้ายฉากแล้ว,แทรกลงท้ายฉากแล้ว
แทรกเส้นคั่น (---),แทรกเส้นคั่น (---)
แทร็ก/เส้นเรื่อง,แทร็ก/เส้นเรื่อง
แทรกหน้า,แทรกหน้า
โทเค็นแคช,โทเค็นแคช
โทเค็นที่ใช้: ,โทเค็นที่ใช้: 
โทเค็นที่ใช้,โทเค็นที่ใช้
โทเค็นนำเข้า,โทเค็นนำเข้า
โทเค็นแบบใช้เหตุผล,โทเค็นแบบใช้เหตุผล
โทเค็นส่งออก,โทเค็นส่งออก
โทนโดยรวม: ,โทนโดยรวม: 
โทนที่ต้องการ: ,โทนที่ต้องการ: 
ไทม์ไลน์ว่าทำอะไรกับไฟล์ในโปรเจกต์ไปบ้าง แล้วย้อนกลับไปจุดไหนก็ได้ · จำนวนครั้งที่เก็บตั้งได้ที่ ตั้งค่า → ทั่วไป (ค่าเริ่มต้น 32),ไทม์ไลน์ว่าทำอะไรกับไฟล์ในโปรเจกต์ไปบ้าง แล้วย้อนกลับไปจุดไหนก็ได้ · จำนวนครั้งที่เก็บตั้งได้ที่ ตั้งค่า → ทั่วไป (ค่าเริ่มต้น 32)
ไทย,ไทย
ธรรมเนียมบท: หน้าแรกไม่ใส่,ธรรมเนียมบท: หน้าแรกไม่ใส่
ธีม,ธีม
ธีมมืด — คลิกเพื่อไปธีมสว่าง (Ctrl+Shift+P),ธีมมืด — คลิกเพื่อไปธีมสว่าง (Ctrl+Shift+P)
ธีม: มืด (Dark),ธีม: มืด (Dark)
ธีมสว่าง — คลิกเพื่อไปธีมมืด (Ctrl+Shift+P),ธีมสว่าง — คลิกเพื่อไปธีมมืด (Ctrl+Shift+P)
ธีม: สว่าง / มืด ({0}+{1}+P),ธีม: สว่าง / มืด ({0}+{1}+P)
ธีม: สว่าง (Light),ธีม: สว่าง (Light)
น้อย,น้อย
นักบวช/ผู้นำ,นักบวช/ผู้นำ
นับหน้านิยายไม่สำเร็จ,นับหน้านิยายไม่สำเร็จ
นับหน้าบทไม่สำเร็จ,นับหน้าบทไม่สำเร็จ
น่าจะสะกดผิด: ,น่าจะสะกดผิด: 
นาที,นาที
 นาที, นาที
นาทีรวม,นาทีรวม
นามสกุลไฟล์,นามสกุลไฟล์
นำเข้า-,นำเข้า-
นำเข้า {0}/{1} ไฟล์…,นำเข้า {0}/{1} ไฟล์…
นำเข้า {0} คีย์ · ภาษา {1} · เพิ่ม/แก้ {2},นำเข้า {0} คีย์ · ภาษา {1} · เพิ่ม/แก้ {2}
นำเข้าจาก: ,นำเข้าจาก: 
นำเข้าจาก Scrivener (.scriv)…,นำเข้าจาก Scrivener (.scriv)…
นำเข้าบทภาพยนตร์ (,นำเข้าบทภาพยนตร์ (
นำเข้าบทภาพยนตร์… (Fountain · FDX · Celtx · Fade In · Adobe Story),นำเข้าบทภาพยนตร์… (Fountain · FDX · Celtx · Fade In · Adobe Story)
นำเข้าโปรเจกต์จากไฟล์ .zip,นำเข้าโปรเจกต์จากไฟล์ .zip
นำเข้าโปรเจกต์แล้ว ({0} ไฟล์): ,นำเข้าโปรเจกต์แล้ว ({0} ไฟล์): 
นำเข้าฟอนต์ ,นำเข้าฟอนต์ 
นำเข้าฟอนต์ไม่สำเร็จ,นำเข้าฟอนต์ไม่สำเร็จ
นำเข้าฟอนต์ล้มเหลว,นำเข้าฟอนต์ล้มเหลว
นำเข้าไฟล์สถานะไม่สำเร็จ (ไฟล์ไม่ใช่ JSON ที่ถูกต้อง),นำเข้าไฟล์สถานะไม่สำเร็จ (ไฟล์ไม่ใช่ JSON ที่ถูกต้อง)
นำเข้าไม่สำเร็จ: ,นำเข้าไม่สำเร็จ: 
นำเข้าไม่สำเร็จ: ยังไม่มีเล่ม/ฉบับร่างที่ใช้งานอยู่,นำเข้าไม่สำเร็จ: ยังไม่มีเล่ม/ฉบับร่างที่ใช้งานอยู่
นำเข้าสถานะใหม่ {0} รายการ,นำเข้าสถานะใหม่ {0} รายการ
นำเข้าเสร็จ {0} ไฟล์ → {1},นำเข้าเสร็จ {0} ไฟล์ → {1}
นำเข้า ZIP ล้มเหลว: ,นำเข้า ZIP ล้มเหลว: 
นำเนื้อหาเข้านิยายหรือบทภาพยนตร์ที่เปิดอยู่?,นำเนื้อหาเข้านิยายหรือบทภาพยนตร์ที่เปิดอยู่?
น้ำเสียง,น้ำเสียง
นิยาย,นิยาย
 นิยาย, นิยาย
 นิยาย ▾, นิยาย ▾
"นิยายแฟนตาซี — worldbuilding, เผ่าพันธุ์, เวทมนตร์","นิยายแฟนตาซี — worldbuilding, เผ่าพันธุ์, เวทมนตร์"
"นิยายสืบสวน — ตัวละคร suspects, clues, timeline","นิยายสืบสวน — ตัวละคร suspects, clues, timeline"
นิสัย,นิสัย
นิสัยและปฏิกิริยา,นิสัยและปฏิกิริยา
เนื้อความ,เนื้อความ
เนื้อหา,เนื้อหา
เนื้อหา 2-4 ประโยค,เนื้อหา 2-4 ประโยค
" (เนื้อหายังไม่เปลี่ยน — กด ""สรุปใหม่"" ถ้าต้องการให้ AI คิดใหม่)"," (เนื้อหายังไม่เปลี่ยน — กด ""สรุปใหม่"" ถ้าต้องการให้ AI คิดใหม่)"
แนบสถานะ/จำนวนคำของฉาก (สำหรับ บ.ก.),แนบสถานะ/จำนวนคำของฉาก (สำหรับ บ.ก.)
"แนวคิดของ Explorer, บทภาพยนตร์, เวิร์กโฟลว์ส่งออก และกระดานวางแผน","แนวคิดของ Explorer, บทภาพยนตร์, เวิร์กโฟลว์ส่งออก และกระดานวางแผน"
แนวทางโทน: ,แนวทางโทน: 
 (แนะนำ), (แนะนำ)
แนะนำชื่อ{0} (ภาษาไทย) สำหรับนิยาย/บทภาพยนตร์ 5-10 ชื่อ ,แนะนำชื่อ{0} (ภาษาไทย) สำหรับนิยาย/บทภาพยนตร์ 5-10 ชื่อ 
แนะนำชื่อเรื่อง…,แนะนำชื่อเรื่อง…
โน้ต: ,โน้ต: 
โน้ต,โน้ต
 โน้ต, โน้ต
โน้ตของบท,โน้ตของบท
โน้ตด่วน…,โน้ตด่วน…
โน้ตในบท — ไม่ถูกรวมตอนส่งออกฉบับร่าง,โน้ตในบท — ไม่ถูกรวมตอนส่งออกฉบับร่าง
โน้ตสำหรับนักเขียน — แสดงเฉพาะที่นี่และ Planner ไม่แสดงในฉากปกติ,โน้ตสำหรับนักเขียน — แสดงเฉพาะที่นี่และ Planner ไม่แสดงในฉากปกติ
โน้ตใหม่,โน้ตใหม่
(ในกล่อง),(ในกล่อง)
บท: ,บท: 
บท,บท
 บท), บท)
- บท: {0},- บท: {0}
บท “{0}” · {1} หน้า — ,บท “{0}” · {1} หน้า — 
บท “{0}” · {1} หน้า — จะได้ไฟล์ละคน ลายน้ำต่างกัน,บท “{0}” · {1} หน้า — จะได้ไฟล์ละคน ลายน้ำต่างกัน
บทโดย,บทโดย
บทที่สอง,บทที่สอง
บทที่หนึ่ง,บทที่หนึ่ง
บทที่ {{n}},บทที่ {{n}}
บทนำ,บทนำ
"บทนี้มีฉาก ""{0}"" อยู่แล้ว","บทนี้มีฉาก ""{0}"" อยู่แล้ว"
บทนี้ยังไม่มี element ที่มีเนื้อหาให้ลบ,บทนี้ยังไม่มี element ที่มีเนื้อหาให้ลบ
บทบาท,บทบาท
บทพูด,บทพูด
บทพูด: ,บทพูด: 
บทพูดกำพร้า — ไม่มีชื่อตัวละครนำหน้า,บทพูดกำพร้า — ไม่มีชื่อตัวละครนำหน้า
บทภาพยนตร์,บทภาพยนตร์
"บทภาพยนตร์ทุกฟอร์แมต (Fountain, FDX, Celtx, Adobe Story, Fade In Pro)","บทภาพยนตร์ทุกฟอร์แมต (Fountain, FDX, Celtx, Adobe Story, Fade In Pro)"
บทภาพยนตร์: แทรก (CONTINUED)/(MORE) ตามการตัดหน้า,บทภาพยนตร์: แทรก (CONTINUED)/(MORE) ตามการตัดหน้า
บทภาพยนตร์: ไม่รวม element ตามประเภท,บทภาพยนตร์: ไม่รวม element ตามประเภท
บทแรกยังไม่มีฉาก,บทแรกยังไม่มีฉาก
บทสนทนา + ความคิดของโมเดล (ถ้าเจ้านั้นส่งกลับมา) + คำสั่งที่สั่งทำ,บทสนทนา + ความคิดของโมเดล (ถ้าเจ้านั้นส่งกลับมา) + คำสั่งที่สั่งทำ
บทสรุป,บทสรุป
บทหนัง,บทหนัง
 บทหนัง, บทหนัง
 บทหนัง ▾, บทหนัง ▾
บท/หัวข้อ,บท/หัวข้อ
บทใหม่,บทใหม่
บน,บน
""" บนแผนที่ ",""" บนแผนที่ "
บน-ล่าง,บน-ล่าง
บรรทัด,บรรทัด
 บรรทัด/หน้า, บรรทัด/หน้า
บรรยากาศหม่น กดดัน ใช้ภาพพจน์หนักแน่น,บรรยากาศหม่น กดดัน ใช้ภาพพจน์หนักแน่น
บรรยาย,บรรยาย
บรรยายละเอียด,บรรยายละเอียด
"### บริบท
","### บริบท
"
### บริบทของฉาก,### บริบทของฉาก
### บริบทของเรื่อง,### บริบทของเรื่อง
"### บริบทจากโปรเจกต์
","### บริบทจากโปรเจกต์
"
"

บริบท/เนื้อหาย่อ:
{0}","

บริบท/เนื้อหาย่อ:
{0}"
 บล็อก, บล็อก
บล็อกโค้ด,บล็อกโค้ด
บอก,บอก
บังคับตัวพิมพ์ใหญ่,บังคับตัวพิมพ์ใหญ่
บังคับตัวพิมพ์ใหญ่เฉพาะชนิด,บังคับตัวพิมพ์ใหญ่เฉพาะชนิด
บังคับพิมพ์ใหญ่ตามรูปแบบบทมาตรฐาน,บังคับพิมพ์ใหญ่ตามรูปแบบบทมาตรฐาน
บังคับพิมพ์ใหญ่ตามรูปแบบบทมาตรฐาน (หัวฉาก · ชื่อตัวละคร · ทรานซิชัน),บังคับพิมพ์ใหญ่ตามรูปแบบบทมาตรฐาน (หัวฉาก · ชื่อตัวละคร · ทรานซิชัน)
บันทึก,บันทึก
บันทึก ({0}+S),บันทึก ({0}+S)
บันทึก {0}/{1} รายการ,บันทึก {0}/{1} รายการ
บันทึกกระดานไม่สำเร็จ,บันทึกกระดานไม่สำเร็จ
บันทึกการตั้งค่าล้มเหลว,บันทึกการตั้งค่าล้มเหลว
บันทึกการตั้งค่า AI แล้ว,บันทึกการตั้งค่า AI แล้ว
บันทึกการตัดสินใจ: ,บันทึกการตัดสินใจ: 
บันทึกการทำงานของโปรแกรม — ใช้ตอนหาสาเหตุเมื่อมีอะไรไม่เป็นอย่างที่คาด,บันทึกการทำงานของโปรแกรม — ใช้ตอนหาสาเหตุเมื่อมีอะไรไม่เป็นอย่างที่คาด
บันทึกการทำงานของโปรแกรม (Log)…,บันทึกการทำงานของโปรแกรม (Log)…
บันทึกการเปลี่ยนแปลง (Changelog),บันทึกการเปลี่ยนแปลง (Changelog)
บันทึกขนาด UI ไม่สำเร็จ,บันทึกขนาด UI ไม่สำเร็จ
บันทึกครบ {0} รายการ แล้วปิดโปรแกรม,บันทึกครบ {0} รายการ แล้วปิดโปรแกรม
บันทึกคำบรรยายแล้ว,บันทึกคำบรรยายแล้ว
บันทึกคุณสมบัติฉากแล้ว,บันทึกคุณสมบัติฉากแล้ว
บันทึกคุณสมบัติบทแล้ว: ,บันทึกคุณสมบัติบทแล้ว: 
บันทึกคุณสมบัติแผนแล้ว,บันทึกคุณสมบัติแผนแล้ว
บันทึกคุณสมบัติเล่มแล้ว: ,บันทึกคุณสมบัติเล่มแล้ว: 
บันทึกงานสัก 2 วันแล้วกราฟคำรายวันจะขึ้นที่นี่,บันทึกงานสัก 2 วันแล้วกราฟคำรายวันจะขึ้นที่นี่
บันทึกชุดสถานะ + สี เป็นไฟล์ .json เพื่อนำไปใช้กับโปรเจกต์อื่น,บันทึกชุดสถานะ + สี เป็นไฟล์ .json เพื่อนำไปใช้กับโปรเจกต์อื่น
บันทึกทั้งหมด,บันทึกทั้งหมด
บันทึกทั้งหมด ({0}+{1}+S),บันทึกทั้งหมด ({0}+{1}+S)
บันทึกทั้งหมดแล้ว ({0} รายการ),บันทึกทั้งหมดแล้ว ({0} รายการ)
บันทึกทั้งหมดแล้วปิด,บันทึกทั้งหมดแล้วปิด
บันทึกที่เลือก ({0}),บันทึกที่เลือก ({0})
บันทึกเทมเพลตแล้ว,บันทึกเทมเพลตแล้ว
บันทึกแท็กแล้ว,บันทึกแท็กแล้ว
บันทึกโน้ตแล้ว,บันทึกโน้ตแล้ว
บันทึกโน้ตไว้ทำภายหลังแล้ว,บันทึกโน้ตไว้ทำภายหลังแล้ว
บันทึกเป็น…,บันทึกเป็น…
บันทึกเป็นกระดานชื่อ,บันทึกเป็นกระดานชื่อ
"บันทึกเป็นแผน ""","บันทึกเป็นแผน """
บันทึกเป็นแผนใหม่ (ก๊อปการจัดวางปัจจุบันไปเป็นอีกแผน),บันทึกเป็นแผนใหม่ (ก๊อปการจัดวางปัจจุบันไปเป็นอีกแผน)
บันทึกเป็นไม่สำเร็จ,บันทึกเป็นไม่สำเร็จ
บันทึกผู้ให้บริการ,บันทึกผู้ให้บริการ
"บันทึกแผน ""","บันทึกแผน """
บันทึกแผนที่เปิดอยู่,บันทึกแผนที่เปิดอยู่
บันทึกแผนที่พร้อมหมุด/เส้นทางเป็นรูปลงคลังรูป,บันทึกแผนที่พร้อมหมุด/เส้นทางเป็นรูปลงคลังรูป
บันทึกไม่สำเร็จ,บันทึกไม่สำเร็จ
บันทึกไม่สำเร็จ {0} รายการ — ยังไม่ปิดโปรแกรม (ดูรายละเอียดในแผงบันทึก),บันทึกไม่สำเร็จ {0} รายการ — ยังไม่ปิดโปรแกรม (ดูรายละเอียดในแผงบันทึก)
บันทึกรายงานแล้ว: ,บันทึกรายงานแล้ว: 
บันทึกรูปผังลงคลังรูปแล้ว: ,บันทึกรูปผังลงคลังรูปแล้ว: 
 บันทึกแล้ว, บันทึกแล้ว
บันทึกแล้ว: ,บันทึกแล้ว: 
บันทึกแล้วออก,บันทึกแล้วออก
บันทึกเวอร์ชัน,บันทึกเวอร์ชัน
 บันทึกเวอร์ชัน, บันทึกเวอร์ชัน
บันทึกเวอร์ชันนี้ไว้ (ตั้งชื่อได้),บันทึกเวอร์ชันนี้ไว้ (ตั้งชื่อได้)
บันทึกเวอร์ชันแล้ว,บันทึกเวอร์ชันแล้ว
บันทึกเวอร์ชันหน้า Wiki แล้ว,บันทึกเวอร์ชันหน้า Wiki แล้ว
บันทึกหน้าปก,บันทึกหน้าปก
บันทึกหน้าปกแล้ว — ,บันทึกหน้าปกแล้ว — 
บันทึกหน้ารายชื่อตัวละครแล้ว,บันทึกหน้ารายชื่อตัวละครแล้ว
บันทึกอัตโนมัติ,บันทึกอัตโนมัติ
 บันทึก (Ctrl+S), บันทึก (Ctrl+S)
บันทึก global settings ไม่สำเร็จ,บันทึก global settings ไม่สำเร็จ
บันทึก (Log),บันทึก (Log)
บันทึก openTabs ไม่สำเร็จ,บันทึก openTabs ไม่สำเร็จ
บุคลิก,บุคลิก
เบิกบาน,เบิกบาน
ปก,ปก
ปกติ,ปกติ
ปกติ (หน้ากระดาษ),ปกติ (หน้ากระดาษ)
ปมที่ทิ้งค้าง,ปมที่ทิ้งค้าง
ปมที่เอาไปเขียนต่อได้,ปมที่เอาไปเขียนต่อได้
ประ,ประ
ประกอบ,ประกอบ
ประชากร,ประชากร
ประเด็นที่ต้องดู:,ประเด็นที่ต้องดู:
ประตูไปแผนที่,ประตูไปแผนที่
ประตูไปแผนที่อื่น,ประตูไปแผนที่อื่น
ประเพณีและเทศกาล,ประเพณีและเทศกาล
ประเภท,ประเภท
ประเภท: ,ประเภท: 
ประเภทที่ตัดออก (คั่นด้วยจุลภาค: ,ประเภทที่ตัดออก (คั่นด้วยจุลภาค: 
ประมาณเวลาอ่าน / จำนวนหน้าบท,ประมาณเวลาอ่าน / จำนวนหน้าบท
ประโยคสั้น กระชับ เร่งจังหวะให้ตึงเครียด,ประโยคสั้น กระชับ เร่งจังหวะให้ตึงเครียด
ประวัติ,ประวัติ
ประวัติการตัดสินใจ…,ประวัติการตัดสินใจ…
"ประวัติจดเฉพาะ ""การเปลี่ยนแปลงที่ลงไฟล์แล้ว"" — การพิมพ์ที่ยังไม่บันทึกใช้ Ctrl+Z ตามปกติ ","ประวัติจดเฉพาะ ""การเปลี่ยนแปลงที่ลงไฟล์แล้ว"" — การพิมพ์ที่ยังไม่บันทึกใช้ Ctrl+Z ตามปกติ "
 ประวัติเวอร์ชัน…, ประวัติเวอร์ชัน…
 ประวัติเวอร์ชัน, ประวัติเวอร์ชัน
· ปรับจำนวนครั้งที่เก็บได้ที่ ตั้งค่า → ทั่วไป,· ปรับจำนวนครั้งที่เก็บได้ที่ ตั้งค่า → ทั่วไป
ปรับทุกชิ้นให้ตรงสัดส่วนรูปแล้ว,ปรับทุกชิ้นให้ตรงสัดส่วนรูปแล้ว
ปรากฏใน,ปรากฏใน
ปรากฏร่วม,ปรากฏร่วม
ปรากฏร่วมในฉาก,ปรากฏร่วมในฉาก
ปราศจากเสียง,ปราศจากเสียง
ปริปาก,ปริปาก
ปลดล็อก,ปลดล็อก
ปลดล็อกเต็มที่ (ทำได้ทุกอย่าง),ปลดล็อกเต็มที่ (ทำได้ทุกอย่าง)
ปลดหมุดทุกโหนด แล้วจัดผังใหม่,ปลดหมุดทุกโหนด แล้วจัดผังใหม่
ปลั๊กอิน,ปลั๊กอิน
ปลั๊กอิน ,ปลั๊กอิน 
ปลั๊กอิน: ,ปลั๊กอิน: 
ปลาบปลื้ม,ปลาบปลื้ม
ปลายทางตอบกลับแล้ว แต่ไม่มีรายชื่อโมเดลในคำตอบ,ปลายทางตอบกลับแล้ว แต่ไม่มีรายชื่อโมเดลในคำตอบ
ปลายทางมีอัลบั้มชื่อนี้อยู่แล้ว,ปลายทางมีอัลบั้มชื่อนี้อยู่แล้ว
"ปักตำแหน่งฉาก ""","ปักตำแหน่งฉาก """
ปักหมุด,ปักหมุด
 (ปัจจุบัน), (ปัจจุบัน)
ปัจจุบัน (บนดิสก์),ปัจจุบัน (บนดิสก์)
ปัญหาที่เมืองนี้เผชิญ,ปัญหาที่เมืองนี้เผชิญ
ปานกลาง (1 ย่อหน้า),ปานกลาง (1 ย่อหน้า)
ป้ายกำกับ,ป้ายกำกับ
ป้ายกำกับเส้นเชื่อม,ป้ายกำกับเส้นเชื่อม
ป้ายชื่อ,ป้ายชื่อ
ป้ายชื่อ (ไทย),ป้ายชื่อ (ไทย)
ป้ายนี้ใช้กับบทภาพยนตร์ — เปิดฉากที่เป็นบทก่อน,ป้ายนี้ใช้กับบทภาพยนตร์ — เปิดฉากที่เป็นบทก่อน
ปิด,ปิด
ปิด = ข้ามหน้านี้ตอนพิมพ์และตอนส่งออก,ปิด = ข้ามหน้านี้ตอนพิมพ์และตอนส่งออก
ปิดกระดาน,ปิดกระดาน
ปิด — กลับไปที่เซสชัน,ปิด — กลับไปที่เซสชัน
ปิดการถาม,ปิดการถาม
"ปิดการถามก่อนลบ?

AI จะลบเล่ม/บท/ฉาก/เอนทิตี้ได้เองทันทีโดยไม่ถามคุณอีก
","ปิดการถามก่อนลบ?

AI จะลบเล่ม/บท/ฉาก/เอนทิตี้ได้เองทันทีโดยไม่ถามคุณอีก
"
ปิดโดยไม่บันทึก,ปิดโดยไม่บันทึก
ปิดทุกแท็บ ({0}+{1}+W),ปิดทุกแท็บ ({0}+{1}+W)
ปิดแท็บ ({0}+W),ปิดแท็บ ({0}+W)
ปิดแท็บนี้,ปิดแท็บนี้
ปิดโปรแกรม — มี {0} รายการที่ยังไม่ได้บันทึก,ปิดโปรแกรม — มี {0} รายการที่ยังไม่ได้บันทึก
ปิดแผง,ปิดแผง
ปิดแผงที่เปิดอยู่,ปิดแผงที่เปิดอยู่
ปิด (พิมพ์อย่างไรก็เป็นอย่างนั้น),ปิด (พิมพ์อย่างไรก็เป็นอย่างนั้น)
ปิดไว้หลังเคยพัง,ปิดไว้หลังเคยพัง
ปิดหน้าแรก,ปิดหน้าแรก
ปิดหัวกระดาษแล้ว,ปิดหัวกระดาษแล้ว
ปีติ,ปีติ
ปุ่มกลาง (ล้อ),ปุ่มกลาง (ล้อ)
ปุ่มจัดรูปแบบและสวิตช์โหมดทั้งหมด — ตัวหนา/เอียง · จัดหน้า · โหมดอ่าน/โฟกัส · เปิด-ปิดแผงอื่น,ปุ่มจัดรูปแบบและสวิตช์โหมดทั้งหมด — ตัวหนา/เอียง · จัดหน้า · โหมดอ่าน/โฟกัส · เปิด-ปิดแผงอื่น
ปุ่มลอยมุมขวาล่าง (FAB),ปุ่มลอยมุมขวาล่าง (FAB)
ปุ่มลอย (FAB): ปิด,ปุ่มลอย (FAB): ปิด
ปุ่มลอย (FAB): เปิด,ปุ่มลอย (FAB): เปิด
ปุ่มส่งข้อความในแชท,ปุ่มส่งข้อความในแชท
ปุ่มส่งตั้งได้ที่ ไฟล์ → ตั้งค่า AI,ปุ่มส่งตั้งได้ที่ ไฟล์ → ตั้งค่า AI
เป็นทางเลือกแต่ไม่มีข้อความในฉาก,เป็นทางเลือกแต่ไม่มีข้อความในฉาก
""" เป็นแท็บแล้ว",""" เป็นแท็บแล้ว"
""" เป็นหน้าต่างลอยแล้ว (ดับเบิลคลิกหัวหน้าต่าง = คืนเป็นแท็บ)",""" เป็นหน้าต่างลอยแล้ว (ดับเบิลคลิกหัวหน้าต่าง = คืนเป็นแท็บ)"
เปรย,เปรย
เปลี่ยน,เปลี่ยน
เปลี่ยนชื่อ…,เปลี่ยนชื่อ…
 เปลี่ยนชื่อ, เปลี่ยนชื่อ
เปลี่ยนชื่อกระดาน,เปลี่ยนชื่อกระดาน
เปลี่ยนชื่อฉาก,เปลี่ยนชื่อฉาก
"เปลี่ยนชื่อฉาก ""{0}"" → ""{1}""","เปลี่ยนชื่อฉาก ""{0}"" → ""{1}"""
"เปลี่ยนชื่อฉากเป็น ""{0}"" แล้ว","เปลี่ยนชื่อฉากเป็น ""{0}"" แล้ว"
เปลี่ยนชื่อแท็ก ,เปลี่ยนชื่อแท็ก 
เปลี่ยนชื่อแท็กแล้ว,เปลี่ยนชื่อแท็กแล้ว
เปลี่ยนชื่อบท,เปลี่ยนชื่อบท
เปลี่ยนชื่อบท…,เปลี่ยนชื่อบท…
"เปลี่ยนชื่อบท ""{0}"" → ""{1}""","เปลี่ยนชื่อบท ""{0}"" → ""{1}"""
"เปลี่ยนชื่อบทเป็น ""{0}"" แล้ว (โฟลเดอร์คงชื่อเดิมไว้ ลิงก์ในต้นฉบับจึงไม่พัง)","เปลี่ยนชื่อบทเป็น ""{0}"" แล้ว (โฟลเดอร์คงชื่อเดิมไว้ ลิงก์ในต้นฉบับจึงไม่พัง)"
"เปลี่ยนชื่อเป็น ""","เปลี่ยนชื่อเป็น """
เปลี่ยนชื่อแผนที่แล้ว,เปลี่ยนชื่อแผนที่แล้ว
เปลี่ยนชื่อแผนแล้ว,เปลี่ยนชื่อแผนแล้ว
เปลี่ยนชื่อไม่สำเร็จ: ,เปลี่ยนชื่อไม่สำเร็จ: 
เปลี่ยนชื่อร่าง,เปลี่ยนชื่อร่าง
เปลี่ยนชื่อเรื่องเป็น: ,เปลี่ยนชื่อเรื่องเป็น: 
เปลี่ยนชื่อเล่มเป็น: ,เปลี่ยนชื่อเล่มเป็น: 
เปลี่ยนชื่อเล่มแล้ว,เปลี่ยนชื่อเล่มแล้ว
เปลี่ยนชื่อเส้นทาง,เปลี่ยนชื่อเส้นทาง
เปลี่ยนชื่ออัลบั้มแล้ว: ,เปลี่ยนชื่ออัลบั้มแล้ว: 
 เปลี่ยนเทมเพลต, เปลี่ยนเทมเพลต
"เปลี่ยนเทมเพลตเป็น ""","เปลี่ยนเทมเพลตเป็น """
เปลี่ยนเทมเพลตและเพิ่มช่องข้อมูลใหม่จากเทมเพลต (ไม่ลบข้อมูลเดิม),เปลี่ยนเทมเพลตและเพิ่มช่องข้อมูลใหม่จากเทมเพลต (ไม่ลบข้อมูลเดิม)
"เปลี่ยนโทนของข้อความต่อไปนี้ให้เป็นแบบ ""","เปลี่ยนโทนของข้อความต่อไปนี้ให้เป็นแบบ """
เปลี่ยนปลายทางแล้ว,เปลี่ยนปลายทางแล้ว
เปลี่ยนแปลง,เปลี่ยนแปลง
เปลี่ยนภาษาแล้ว — เริ่มโปรแกรมใหม่เพื่อให้เปลี่ยนครบทุกจุดไหม,เปลี่ยนภาษาแล้ว — เริ่มโปรแกรมใหม่เพื่อให้เปลี่ยนครบทุกจุดไหม
เปลี่ยนรูปตัวพิมพ์: ,เปลี่ยนรูปตัวพิมพ์: 
เปลี่ยนรูปตัวพิมพ์: {0} — ปลดบังคับตัวพิมพ์ใหญ่ของ ,เปลี่ยนรูปตัวพิมพ์: {0} — ปลดบังคับตัวพิมพ์ใหญ่ของ 
เปลี่ยนสีการ์ดแล้ว,เปลี่ยนสีการ์ดแล้ว
เปลี่ยนสีของสถานะนี้,เปลี่ยนสีของสถานะนี้
เปลี่ยนสีเส้น,เปลี่ยนสีเส้น
เปลี่ยนสีเส้นแล้ว,เปลี่ยนสีเส้นแล้ว
 เปลี่ยนไอคอน/ชื่อที่แสดง, เปลี่ยนไอคอน/ชื่อที่แสดง
เป้าหมาย,เป้าหมาย
เป้าหมาย: {0} / {1} คำ ({2}%),เป้าหมาย: {0} / {1} คำ ({2}%)
เป้าหมายวันนี้: {0} / {1} คำ ({2}%),เป้าหมายวันนี้: {0} / {1} คำ ({2}%)
เปิด,เปิด
เปิด: ,เปิด: 
"เปิดกระดาน ""","เปิดกระดาน """
เปิดกระดานนี้,เปิดกระดานนี้
เปิดกระดานอื่น,เปิดกระดานอื่น
เปิดคลังรูป,เปิดคลังรูป
เปิดคลังรูป ({0}+{1}+G),เปิดคลังรูป ({0}+{1}+G)
เปิดคลังรูปไม่สำเร็จ,เปิดคลังรูปไม่สำเร็จ
เปิดคู่กับผัง,เปิดคู่กับผัง
เปิดฉาก,เปิดฉาก
เปิดฉากก่อน,เปิดฉากก่อน
เปิดฉากก่อนจึงจะดู Markdown ได้,เปิดฉากก่อนจึงจะดู Markdown ได้
เปิดฉากก่อนจึงจะแทรกรูปได้,เปิดฉากก่อนจึงจะแทรกรูปได้
เปิดฉากก่อนจึงจะเปลี่ยนรูปตัวพิมพ์ได้,เปิดฉากก่อนจึงจะเปลี่ยนรูปตัวพิมพ์ได้
เปิดฉากก่อนจึงจะไปยังหน้า/ฉากได้,เปิดฉากก่อนจึงจะไปยังหน้า/ฉากได้
เปิดฉากก่อนจึงจะไปยังหน้าได้,เปิดฉากก่อนจึงจะไปยังหน้าได้
เปิดฉากก่อนจึงจะสลับโหมดได้,เปิดฉากก่อนจึงจะสลับโหมดได้
เปิดฉากก่อน แล้วพิมพ์ทางเลือกในวงเล็บเหลี่ยม เช่น [ไปตลาด],เปิดฉากก่อน แล้วพิมพ์ทางเลือกในวงเล็บเหลี่ยม เช่น [ไปตลาด]
เปิดฉากที่เป็นบทภาพยนตร์ก่อน จึงจะลบ element ตามประเภทได้,เปิดฉากที่เป็นบทภาพยนตร์ก่อน จึงจะลบ element ตามประเภทได้
เปิดฉากนี้ในพื้นที่เขียน,เปิดฉากนี้ในพื้นที่เขียน
เปิดฉากในฉบับร่างก่อน จึงจะซิงก์คุณสมบัติได้,เปิดฉากในฉบับร่างก่อน จึงจะซิงก์คุณสมบัติได้
เปิดฉากในพื้นที่เขียน โดยยังเห็นผังเป็นแผงข้าง ๆ,เปิดฉากในพื้นที่เขียน โดยยังเห็นผังเป็นแผงข้าง ๆ
เปิดฉากบทภาพยนตร์ก่อน,เปิดฉากบทภาพยนตร์ก่อน
เปิดฉากบทภาพยนตร์ก่อนจึงจะตรวจได้,เปิดฉากบทภาพยนตร์ก่อนจึงจะตรวจได้
เปิดฉากบทภาพยนตร์ก่อนจึงจะทำรายงานได้,เปิดฉากบทภาพยนตร์ก่อนจึงจะทำรายงานได้
(เปิดฉากเพื่อดู Navigation),(เปิดฉากเพื่อดู Navigation)
เปิดใช้หัวกระดาษ,เปิดใช้หัวกระดาษ
เปิด/ดู,เปิด/ดู
เปิดตัวดู log,เปิดตัวดู log
เปิด/ปิดช่องค้นหา,เปิด/ปิดช่องค้นหา
เปิดโปรเจกต์,เปิดโปรเจกต์
เปิดโปรเจกต์: ,เปิดโปรเจกต์: 
เปิดโปรเจกต์… ({0}+O),เปิดโปรเจกต์… ({0}+O)
เปิดโปรเจกต์ก่อน,เปิดโปรเจกต์ก่อน
เปิดโปรเจกต์ก่อนจึงจะจดบันทึกได้,เปิดโปรเจกต์ก่อนจึงจะจดบันทึกได้
เปิดโปรเจกต์ก่อน จึงจะนำเข้าคำแปลได้,เปิดโปรเจกต์ก่อน จึงจะนำเข้าคำแปลได้
เปิดโปรเจกต์ก่อนจึงจะมีประวัติ,เปิดโปรเจกต์ก่อนจึงจะมีประวัติ
เปิดโปรเจกต์ก่อนจึงจะมีสารานุกรม,เปิดโปรเจกต์ก่อนจึงจะมีสารานุกรม
เปิดโปรเจกต์ก่อน จึงจะส่งออกเป็น .zip ได้,เปิดโปรเจกต์ก่อน จึงจะส่งออกเป็น .zip ได้
เปิดโปรเจกต์ก่อนจึงตั้งค่า AI ได้,เปิดโปรเจกต์ก่อนจึงตั้งค่า AI ได้
เปิดโปรเจกต์ก่อน แล้วเซสชันแชทจะถูกเก็บใน Sessions/ ของโปรเจกต์นั้น,เปิดโปรเจกต์ก่อน แล้วเซสชันแชทจะถูกเก็บใน Sessions/ ของโปรเจกต์นั้น
เปิดโปรเจกต์ล่าสุดเมื่อเริ่มโปรแกรม (ข้ามหน้าแรก),เปิดโปรเจกต์ล่าสุดเมื่อเริ่มโปรแกรม (ข้ามหน้าแรก)
เปิดโปรเจกต์เสร็จใน {0}ms,เปิดโปรเจกต์เสร็จใน {0}ms
เปิดผังแตกสายเพื่อแก้,เปิดผังแตกสายเพื่อแก้
เปิดแผงกระดานอารมณ์ (ผนึกไว้ข้าง ๆ แล้วลากรูปจากตารางไปวางได้),เปิดแผงกระดานอารมณ์ (ผนึกไว้ข้าง ๆ แล้วลากรูปจากตารางไปวางได้)
"เปิดแผน ""","เปิดแผน """
เปิดแผนก่อน แล้วค่อยเลือกแผนที่จะเทียบ,เปิดแผนก่อน แล้วค่อยเลือกแผนที่จะเทียบ
เปิดแผนที่นี้,เปิดแผนที่นี้
เปิดแผนนี้,เปิดแผนนี้
เปิดแผนไม่สำเร็จ,เปิดแผนไม่สำเร็จ
เปิดโฟลเดอร์ที่เก็บไฟล์นี้ (,เปิดโฟลเดอร์ที่เก็บไฟล์นี้ (
เปิดโฟลเดอร์ภาษาไม่ได้,เปิดโฟลเดอร์ภาษาไม่ได้
เปิดโฟลเดอร์ไม่สำเร็จ,เปิดโฟลเดอร์ไม่สำเร็จ
เปิดโฟลเดอร์ log,เปิดโฟลเดอร์ log
เปิดโฟลเดอร์ Research แล้ว — ลากไฟล์เข้ามาได้เลย,เปิดโฟลเดอร์ Research แล้ว — ลากไฟล์เข้ามาได้เลย
เปิดไฟล์ไม่ได้: ,เปิดไฟล์ไม่ได้: 
เปิดมุมมองผังก่อนจึงส่งออกรูปได้,เปิดมุมมองผังก่อนจึงส่งออกรูปได้
เปิดเรื่อง,เปิดเรื่อง
(เปิดแล้วจำนวนหน้าอาจเพิ่ม) · ใช้ได้กับตัวสร้าง PDF ในโปรแกรม,(เปิดแล้วจำนวนหน้าอาจเพิ่ม) · ใช้ได้กับตัวสร้าง PDF ในโปรแกรม
เปิดเวอร์ชันนี้คู่กับไฟล์ปัจจุบัน,เปิดเวอร์ชันนี้คู่กับไฟล์ปัจจุบัน
 เปิดหน้า Wiki นี้, เปิดหน้า Wiki นี้
เปิดหน้า Wiki นี้,เปิดหน้า Wiki นี้
เปิดหน้า Wiki ไม่สำเร็จ,เปิดหน้า Wiki ไม่สำเร็จ
เปิดหัวกระดาษแล้ว,เปิดหัวกระดาษแล้ว
(เปิดโหมด 3D แล้วลาก{0} = หมุนมุมมอง),(เปิดโหมด 3D แล้วลาก{0} = หมุนมุมมอง)
เปิดโหมดทดลองเล่นโดยเริ่มที่ฉากนี้,เปิดโหมดทดลองเล่นโดยเริ่มที่ฉากนี้
เปิดเอกสารก่อนจึงลบบรรทัดได้,เปิดเอกสารก่อนจึงลบบรรทัดได้
 เปิด auto-sync (อัปเดตชื่อทุกไฟล์อัตโนมัติเมื่อเปลี่ยนชื่อเอนทิตี้), เปิด auto-sync (อัปเดตชื่อทุกไฟล์อัตโนมัติเมื่อเปลี่ยนชื่อเอนทิตี้)
เปิด DevTools ของ Chromium,เปิด DevTools ของ Chromium
แปลงเป็น HTML,แปลงเป็น HTML
แปลงลิงก์วิกิ [[ชื่อ]] เป็นข้อความธรรมดา,แปลงลิงก์วิกิ [[ชื่อ]] เป็นข้อความธรรมดา
โปรแกรมเขียนนิยาย+บทภาพยนตร์ แบบพกพา,โปรแกรมเขียนนิยาย+บทภาพยนตร์ แบบพกพา
โปรแกรมเขียนนิยาย/บทภาพยนตร์ — Electron + ProseMirror,โปรแกรมเขียนนิยาย/บทภาพยนตร์ — Electron + ProseMirror
โปร่งใส grid: ,โปร่งใส grid: 
โปร่งใส grid: 12%,โปร่งใส grid: 12%
โปรเจกต์,โปรเจกต์
 (โปรเจกต์), (โปรเจกต์)
โปรเจกต์เดิมมี {0} แท็บยังไม่ได้บันทึก,โปรเจกต์เดิมมี {0} แท็บยังไม่ได้บันทึก
โปรเจกต์ล่าสุด,โปรเจกต์ล่าสุด
โปรเจกต์ (Explorer),โปรเจกต์ (Explorer)
### โปรไฟล์ตัวละคร,### โปรไฟล์ตัวละคร
ไป,ไป
ไปแก้,ไปแก้
 ไปข้อถัดไป ({0} ข้อ), ไปข้อถัดไป ({0} ข้อ)
ไปต่อจากที่ค้าง,ไปต่อจากที่ค้าง
ไปที่…,ไปที่…
ไปที่{0} {1}: {2},ไปที่{0} {1}: {2}
ไปที่ฉาก…,ไปที่ฉาก…
ไปที่หน้า…,ไปที่หน้า…
ไปที่หน้า {0} จาก {1} หน้า,ไปที่หน้า {0} จาก {1} หน้า
ไปที่หน้า/ฉาก… ({0}+G),ไปที่หน้า/ฉาก… ({0}+G)
” ไปบท “,” ไปบท “
ไปยัง: ,ไปยัง: 
""" ไปอยู่ใต้",""" ไปอยู่ใต้"
ไป element ถัดไป (เดิม Enter),ไป element ถัดไป (เดิม Enter)
ผนึกทั้งกลุ่มกลับเข้าหน้าต่าง,ผนึกทั้งกลุ่มกลับเข้าหน้าต่าง
ผม,ผม
 ผล, ผล
ผลกระทบต่อสังคม,ผลกระทบต่อสังคม
ผลของคำสั่งที่สั่งไป:,ผลของคำสั่งที่สั่งไป:
- ผลของทุกคำสั่งจะถูกส่งกลับมาให้คุณในข้อความถัดไป ทำงานต่อจากผลนั้นได้เลย,- ผลของทุกคำสั่งจะถูกส่งกลับมาให้คุณในข้อความถัดไป ทำงานต่อจากผลนั้นได้เลย
ผลข้างเคียงและอันตราย,ผลข้างเคียงและอันตราย
ผลที่ส่งกลับให้โมเดล,ผลที่ส่งกลับให้โมเดล
ผัง,ผัง
ผังความสัมพันธ์ของตัวละคร/สถานที่/สิ่งของ — ลากโหนดจัดวางเอง · สีเส้นบอกประเภทความสัมพันธ์ · ดับเบิลคลิกเปิดหน้า Wiki นั้น,ผังความสัมพันธ์ของตัวละคร/สถานที่/สิ่งของ — ลากโหนดจัดวางเอง · สีเส้นบอกประเภทความสัมพันธ์ · ดับเบิลคลิกเปิดหน้า Wiki นั้น
ผังแตกสาย,ผังแตกสาย
ผังแตกสาย (Non-linear),ผังแตกสาย (Non-linear)
ผังพื้นที่ (Floor Plan),ผังพื้นที่ (Floor Plan)
ผังเรื่องแตกสาย (Branch Tree),ผังเรื่องแตกสาย (Branch Tree)
ผังเรื่องแบบแตกสาย — กล่องฉากต่อกันด้วยเส้นทางเลือก · ลากย้ายการ์ดได้ · เลือกสีการ์ด/เส้นได้ · เตือนทางตัน วงวนซ้ำ และทางเลือกที่ยังไม่ระบุปลายทาง · ส่งออกเป็น HTML/Markdown/JSON/รูปได้,ผังเรื่องแบบแตกสาย — กล่องฉากต่อกันด้วยเส้นทางเลือก · ลากย้ายการ์ดได้ · เลือกสีการ์ด/เส้นได้ · เตือนทางตัน วงวนซ้ำ และทางเลือกที่ยังไม่ระบุปลายทาง · ส่งออกเป็น HTML/Markdown/JSON/รูปได้
ผ่านคำสั่งด้านล่าง ทำงานให้จบเป็นเรื่อง ๆ ไม่ต้องถามกลับทุกขั้น ,ผ่านคำสั่งด้านล่าง ทำงานให้จบเป็นเรื่อง ๆ ไม่ต้องถามกลับทุกขั้น 
ผิดพลาด: ,ผิดพลาด: 
ผิดพลาด,ผิดพลาด
ผืนผ้าใบวางรูปอ้างอิงของแต่ละอัลบั้ม — เปิดคู่กับแผงคลังรูปแล้วลากรูปมาวางได้เลย · ย้าย/ปรับขนาด/ซูมได้อิสระ · เอาออกจากกระดานไม่ลบไฟล์,ผืนผ้าใบวางรูปอ้างอิงของแต่ละอัลบั้ม — เปิดคู่กับแผงคลังรูปแล้วลากรูปมาวางได้เลย · ย้าย/ปรับขนาด/ซูมได้อิสระ · เอาออกจากกระดานไม่ลบไฟล์
ผูกกับ,ผูกกับ
ผูกกับข้อความแล้ว,ผูกกับข้อความแล้ว
ผูกความสัมพันธ์,ผูกความสัมพันธ์
ผูกความสัมพันธ์กับใคร,ผูกความสัมพันธ์กับใคร
ผูกทั้งหมด,ผูกทั้งหมด
ผูกทั้งหมดเป็นทางเลือกเลยไหม (ปลายทางเว้นว่างไว้ก่อน) ?,ผูกทั้งหมดเป็นทางเลือกเลยไหม (ปลายทางเว้นว่างไว้ก่อน) ?
ผูกทางเลือกจากข้อความครบแล้ว,ผูกทางเลือกจากข้อความครบแล้ว
ผูกทางเลือกจากข้อความแล้ว,ผูกทางเลือกจากข้อความแล้ว
ผูกเป็นทางเลือก,ผูกเป็นทางเลือก
ผูกเป็นทางเลือกแล้ว,ผูกเป็นทางเลือกแล้ว
ผู้เขียน,ผู้เขียน
(ผู้เขียนไม่ได้ระบุ — คิดให้เหมาะกับบริบท),(ผู้เขียนไม่ได้ระบุ — คิดให้เหมาะกับบริบท)
ผู้เขียน (ว่าง = ใช้จากโปรเจกต์),ผู้เขียน (ว่าง = ใช้จากโปรเจกต์)
**ผู้ช่วย:** ,**ผู้ช่วย:** 
ผู้ช่วยเขียน (Expand/Summarize/Rewrite)…,ผู้ช่วยเขียน (Expand/Summarize/Rewrite)…
ผู้ใช้,ผู้ใช้
ผู้ใช้ไม่อนุญาต,ผู้ใช้ไม่อนุญาต
ผู้นำ,ผู้นำ
ผู้มีอำนาจและกลุ่มอิทธิพล,ผู้มีอำนาจและกลุ่มอิทธิพล
ผู้เห็นต่าง,ผู้เห็นต่าง
ผู้ให้บริการ,ผู้ให้บริการ
"ผู้ให้บริการ ""","ผู้ให้บริการ """
แผง,แผง
แผง {0} กว้างแค่ {1}px (ขั้นต่ำ {2}px) — เนื้อแผงถูกบีบจนแทบไม่เหลือที่,แผง {0} กว้างแค่ {1}px (ขั้นต่ำ {2}px) — เนื้อแผงถูกบีบจนแทบไม่เหลือที่
แผงคู่ของ Planner — Planner เป็นคนเปิด/ปิดให้เองตามการเลือกบนกระดาน,แผงคู่ของ Planner — Planner เป็นคนเปิด/ปิดให้เองตามการเลือกบนกระดาน
[แผง] ฉีกออกเป็นหน้าต่างไม่สำเร็จ: ,[แผง] ฉีกออกเป็นหน้าต่างไม่สำเร็จ: 
[แผง] พบช่องว่างค้าง {0}px ใน dock {1} ({2}) — ปิดรูให้แล้ว,[แผง] พบช่องว่างค้าง {0}px ใน dock {1} ({2}) — ปิดรูให้แล้ว
[แผง] พบแผงปลอมในเลย์เอาต์ (ไม่มีในทะเบียน) — เก็บกวาดให้แล้ว,[แผง] พบแผงปลอมในเลย์เอาต์ (ไม่มีในทะเบียน) — เก็บกวาดให้แล้ว
[แผง] ส่งออกการจัดวางแผงล้มเหลว,[แผง] ส่งออกการจัดวางแผงล้มเหลว
[แผง] ส่งออกการจัดวางแผงแล้ว,[แผง] ส่งออกการจัดวางแผงแล้ว
"[แผง] หน้าต่างแผง ""","[แผง] หน้าต่างแผง """
[แผง] โหลดไฟล์ที่หน้าต่างแผงแก้ไม่สำเร็จ: ,[แผง] โหลดไฟล์ที่หน้าต่างแผงแก้ไม่สำเร็จ: 
แผน,แผน
แผนการปัจจุบัน,แผนการปัจจุบัน
แผนของผังนี้ — หนึ่งโปรเจกต์มีได้หลายแผน (ตำแหน่งการ์ด/สี/มุมมอง แยกกันคนละแผน),แผนของผังนี้ — หนึ่งโปรเจกต์มีได้หลายแผน (ตำแหน่งการ์ด/สี/มุมมอง แยกกันคนละแผน)
แผนที่ ,แผนที่ 
แผนที่,แผนที่
แผนที่ของโลกในเรื่อง — ปักหมุดบนรูป เชื่อมหมุดเข้ากับฉาก/สถานที่ · หมุดประตูพาลงไปแผนที่ย่อยได้,แผนที่ของโลกในเรื่อง — ปักหมุดบนรูป เชื่อมหมุดเข้ากับฉาก/สถานที่ · หมุดประตูพาลงไปแผนที่ย่อยได้
(แผนที่ที่ผูกไว้ถูกลบไปแล้ว),(แผนที่ที่ผูกไว้ถูกลบไปแล้ว)
แผนที่นี้ยังไม่มีรูป — ใส่รูปได้ที่หน้า แผนที่ (Maps),แผนที่นี้ยังไม่มีรูป — ใส่รูปได้ที่หน้า แผนที่ (Maps)
แผนที่ใหม่,แผนที่ใหม่
แผนที่ (Maps),แผนที่ (Maps)
แผนผังแตกสาย,แผนผังแตกสาย
แผนภาพการปรากฏตัวตลอดเรื่อง,แผนภาพการปรากฏตัวตลอดเรื่อง
แผนใหม่,แผนใหม่
ฝั่งผู้ให้บริการขัดข้อง (HTTP ,ฝั่งผู้ให้บริการขัดข้อง (HTTP 
 · ฝังรูป {0} ไฟล์, · ฝังรูป {0} ไฟล์
ฝังรูปในไฟล์ (base64),ฝังรูปในไฟล์ (base64)
พจนานุกรมตรวจคำผิด,พจนานุกรมตรวจคำผิด
"พบ {0} ข้อผิดพลาดในบท (เช่น “{1}”)
ส่งออกต่อไปเลยไหม?","พบ {0} ข้อผิดพลาดในบท (เช่น “{1}”)
ส่งออกต่อไปเลยไหม?"
พบ {0} จุด จาก {1} ฉากที่ปรากฏ,พบ {0} จุด จาก {1} ฉากที่ปรากฏ
พบ {0} จุด · ตรวจ {1} รอบ,พบ {0} จุด · ตรวจ {1} รอบ
พบ {0} ฉากที่กล่าวถึง “{1}”,พบ {0} ฉากที่กล่าวถึง “{1}”
พบ {0} ไฟล์,พบ {0} ไฟล์
พบ {0} โมเดล,พบ {0} โมเดล
พบทางเลือกในข้อความที่ยังไม่ผูก,พบทางเลือกในข้อความที่ยังไม่ผูก
พบในข้อความแต่ยังไม่เป็นทางเลือก,พบในข้อความแต่ยังไม่เป็นทางเลือก
พม่า,พม่า
พรรณนาภาพและประสาทสัมผัสให้เห็นชัด,พรรณนาภาพและประสาทสัมผัสให้เห็นชัด
พร้อมพิมพ์ (HTML ขึ้นหน้าใหม่ทุกบท),พร้อมพิมพ์ (HTML ขึ้นหน้าใหม่ทุกบท)
พรั่นพรึง,พรั่นพรึง
พรีเซ็ต,พรีเซ็ต
  (พรีเซ็ต — แก้ไม่ได้),  (พรีเซ็ต — แก้ไม่ได้)
พลัน,พลัน
พอดีความกว้างหน้ากระดาษ,พอดีความกว้างหน้ากระดาษ
พอดีจอ,พอดีจอ
 (พัง {0}), (พัง {0})
 พัง — ปิดไว้ชั่วคราว, พัง — ปิดไว้ชั่วคราว
 · พิกัดที่ปักเอง, · พิกัดที่ปักเอง
พิธีกรรม,พิธีกรรม
พิธีกรรมสำคัญ,พิธีกรรมสำคัญ
พิมพ์… ({0}+P),พิมพ์… ({0}+P)
พิมพ์ข้อความ…,พิมพ์ข้อความ…
พิมพ์ [ข้อความ] ในฉากตรงจุดที่เรื่องแตกสาย เช่น [ไปตลาด] แล้วกดผูกที่นี่,พิมพ์ [ข้อความ] ในฉากตรงจุดที่เรื่องแตกสาย เช่น [ไปตลาด] แล้วกดผูกที่นี่
พิมพ์ข้อความ… (Enter = ส่ง · Shift+Enter = ขึ้นบรรทัด),พิมพ์ข้อความ… (Enter = ส่ง · Shift+Enter = ขึ้นบรรทัด)
พิมพ์ข้อความ… (Shift+Enter = ส่ง · Enter = ขึ้นบรรทัด),พิมพ์ข้อความ… (Shift+Enter = ส่ง · Enter = ขึ้นบรรทัด)
 (พิมพ์ชื่อไทยได้ เช่น ${{หน้า}}), (พิมพ์ชื่อไทยได้ เช่น ${{หน้า}})
พิมพ์ชื่อไฟล์…,พิมพ์ชื่อไฟล์…
พิมพ์แผนที่ไม่สำเร็จ: ,พิมพ์แผนที่ไม่สำเร็จ: 
พิมพ์เพื่อกรอง…,พิมพ์เพื่อกรอง…
พิมพ์เพื่อเน้นเฉพาะฉากที่ตรง — ที่เหลือจะจางลง,พิมพ์เพื่อเน้นเฉพาะฉากที่ตรง — ที่เหลือจะจางลง
พิมพ์อย่างไรก็เป็นอย่างนั้น,พิมพ์อย่างไรก็เป็นอย่างนั้น
พิมพ์ JavaScript แล้วกด Ctrl+Enter เพื่อรัน · ใช้ตัวแปร k2 เข้าถึงของในโปรแกรม ,พิมพ์ JavaScript แล้วกด Ctrl+Enter เพื่อรัน · ใช้ตัวแปร k2 เข้าถึงของในโปรแกรม 
พื้นที่เขียนกว้างแค่ {0}px (ขั้นต่ำที่ตั้งไว้ {1}px),พื้นที่เขียนกว้างแค่ {0}px (ขั้นต่ำที่ตั้งไว้ {1}px)
พื้นที่เขียนหลัก — แท็บทุกใบที่เปิดอยู่ ทั้งฉาก บทภาพยนตร์ และหน้า Wiki (ปิดไม่ได้),พื้นที่เขียนหลัก — แท็บทุกใบที่เปิดอยู่ ทั้งฉาก บทภาพยนตร์ และหน้า Wiki (ปิดไม่ได้)
พื้นที่พิมพ์ {0} × ,พื้นที่พิมพ์ {0} × 
พื้นป้ายชื่อโหนด,พื้นป้ายชื่อโหนด
พื้นผัง / ตัวหนังสือ,พื้นผัง / ตัวหนังสือ
พื้นหลังผัง,พื้นหลังผัง
เพ่ง,เพ่ง
เพิ่ม,เพิ่ม
"เพิ่ม ""{0}"" ลงกระดานแล้ว","เพิ่ม ""{0}"" ลงกระดานแล้ว"
เพิ่ม “{0}” ลงพจนานุกรม,เพิ่ม “{0}” ลงพจนานุกรม
เพิ่มความสัมพันธ์,เพิ่มความสัมพันธ์
เพิ่มฉาก…,เพิ่มฉาก…
เพิ่มฉากในบทนี้,เพิ่มฉากในบทนี้
เพิ่มช่องข้อมูลของตัวเอง,เพิ่มช่องข้อมูลของตัวเอง
เพิ่มตัวละครจาก Wiki ,เพิ่มตัวละครจาก Wiki 
เพิ่มทางเลือก:,เพิ่มทางเลือก:
เพิ่มทางเลือก,เพิ่มทางเลือก
เพิ่มทางเลือกจากข้อความ ,เพิ่มทางเลือกจากข้อความ 
เพิ่มทางเลือกแล้ว,เพิ่มทางเลือกแล้ว
เพิ่มทางเลือกให้ฉากนี้,เพิ่มทางเลือกให้ฉากนี้
เพิ่มบท: ,เพิ่มบท: 
"เพิ่มบท ""{0}""{1}","เพิ่มบท ""{0}""{1}"
"เพิ่มบท ""{0}"" ใน ""{1}"" แล้ว","เพิ่มบท ""{0}"" ใน ""{1}"" แล้ว"
เพิ่มบทในเล่มนี้,เพิ่มบทในเล่มนี้
เพิ่มบทใหม่ในเล่ม (ไม่ระบุ book = เล่มแรก),เพิ่มบทใหม่ในเล่ม (ไม่ระบุ book = เล่มแรก)
เพิ่มผู้ให้บริการใหม่,เพิ่มผู้ให้บริการใหม่
เพิ่มแผนที่ใหม่,เพิ่มแผนที่ใหม่
เพิ่มไฟล์เข้าบริบทของเซสชันนี้,เพิ่มไฟล์เข้าบริบทของเซสชันนี้
 — เพิ่มรายการ, — เพิ่มรายการ
เพิ่มรายละเอียดของฉาก ประสาทสัมผัส และความรู้สึกตัวละคร ห้ามเพิ่มเหตุการณ์ใหม่ที่ขัดกับเนื้อเดิม,เพิ่มรายละเอียดของฉาก ประสาทสัมผัส และความรู้สึกตัวละคร ห้ามเพิ่มเหตุการณ์ใหม่ที่ขัดกับเนื้อเดิม
เพิ่มรูป,เพิ่มรูป
เพิ่มรูป {0} ใบเข้าอัลบั้ม {1},เพิ่มรูป {0} ใบเข้าอัลบั้ม {1}
เพิ่มรูปเข้าคลัง,เพิ่มรูปเข้าคลัง
เพิ่มรูปเข้าคลังแล้ว: ,เพิ่มรูปเข้าคลังแล้ว: 
เพิ่มรูปจากไฟล์…,เพิ่มรูปจากไฟล์…
เพิ่มรูปจากไฟล์ (คัดลอกเข้าคลังรูปโปรเจกต์),เพิ่มรูปจากไฟล์ (คัดลอกเข้าคลังรูปโปรเจกต์)
เพิ่มรูปไม่สำเร็จ: ,เพิ่มรูปไม่สำเร็จ: 
เพิ่มรูปแล้ว: ,เพิ่มรูปแล้ว: 
เพิ่มลงพจนานุกรมแล้ว: ,เพิ่มลงพจนานุกรมแล้ว: 
เพิ่มเล่ม: ,เพิ่มเล่ม: 
เพิ่มสถานะแล้ว: ,เพิ่มสถานะแล้ว: 
เพิ่มหัวข้อ,เพิ่มหัวข้อ
เพิ่มเหตุการณ์,เพิ่มเหตุการณ์
 เพื่อออก, เพื่อออก
โพสต์อิต,โพสต์อิต
ฟอนต์,ฟอนต์
ฟอนต์บทภาพยนตร์ (ไทย) — ดัดแปลงตำแหน่งวรรณยุกต์ · ดู renderer/assets/fonts/THAI-FONTS.txt,ฟอนต์บทภาพยนตร์ (ไทย) — ดัดแปลงตำแหน่งวรรณยุกต์ · ดู renderer/assets/fonts/THAI-FONTS.txt
ฟอนต์บทภาพยนตร์ (ละติน) — Quote-Unquote Apps,ฟอนต์บทภาพยนตร์ (ละติน) — Quote-Unquote Apps
ฟิลด์ข้อมูล,ฟิลด์ข้อมูล
เฟรม,เฟรม
เฟรมใหม่,เฟรมใหม่
โฟลเดอร์นี้ไม่ใช่โปรเจกต์ Killian (ไม่พบ project.khn.json),โฟลเดอร์นี้ไม่ใช่โปรเจกต์ Killian (ไม่พบ project.khn.json)
 ไฟล์, ไฟล์
ไฟล์: ,ไฟล์: 
ไฟล์,ไฟล์
ไฟล์งานเป็น Markdown + JSON เปิดร่วมกับ Killian v1 ได้ 100%,ไฟล์งานเป็น Markdown + JSON เปิดร่วมกับ Killian v1 ได้ 100%
ไฟล์ที่ถูกเขียนทับหลังจุดนั้นจะกลับไปเป็นของเดิม — ย้อนกลับซ้ำอีกทีไม่ได้,ไฟล์ที่ถูกเขียนทับหลังจุดนั้นจะกลับไปเป็นของเดิม — ย้อนกลับซ้ำอีกทีไม่ได้
ไฟล์ที่เปิดอยู่,ไฟล์ที่เปิดอยู่
ไฟล์ที่ผูกไว้,ไฟล์ที่ผูกไว้
ไฟล์นี้เก็บคีย์ส่วนตัวของแต่ละ Credential — อย่าแชร์ อย่าใส่ใน zip ที่ส่งต่อ,ไฟล์นี้เก็บคีย์ส่วนตัวของแต่ละ Credential — อย่าแชร์ อย่าใส่ใน zip ที่ส่งต่อ
ไฟล์นี้เก็บคีย์ส่วนตัว — อย่าแชร์/อย่าใส่ในซิปที่ส่งต่อ,ไฟล์นี้เก็บคีย์ส่วนตัว — อย่าแชร์/อย่าใส่ในซิปที่ส่งต่อ
ไฟล์นี้เก็บคีย์ส่วนตัว — อย่าแชร์/อย่าใส่ใน zip ที่ส่งต่อ,ไฟล์นี้เก็บคีย์ส่วนตัว — อย่าแชร์/อย่าใส่ใน zip ที่ส่งต่อ
(ไฟล์นี้ยังไม่มี{0}),(ไฟล์นี้ยังไม่มี{0})
ไฟล์ภาษา (k2_*.csv),ไฟล์ภาษา (k2_*.csv)
ไฟล์ใหญ่ขึ้นมาก แต่ก๊อปไปวางที่ไหนก็เห็นรูป ไม่ต้องอัปโหลดแยก,ไฟล์ใหญ่ขึ้นมาก แต่ก๊อปไปวางที่ไหนก็เห็นรูป ไม่ต้องอัปโหลดแยก
 (ไฟล์ใหม่ → รีเฟรช Explorer), (ไฟล์ใหม่ → รีเฟรช Explorer)
ไฟล์ ZIP นี้ว่างเปล่า,ไฟล์ ZIP นี้ว่างเปล่า
ภาพย่อขนาดเท่ากัน (ครอบตัดให้เต็มกรอบ),ภาพย่อขนาดเท่ากัน (ครอบตัดให้เต็มกรอบ)
ภาพรวม 1px/ตัวอักษร,ภาพรวม 1px/ตัวอักษร
ภาพรวม 4px/ตัวอักษร,ภาพรวม 4px/ตัวอักษร
ภาพรวมความคืบหน้า — จำนวนคำเทียบเป้าหมาย · สัดส่วนฉากตามสถานะ · ความยาวของแต่ละบท,ภาพรวมความคืบหน้า — จำนวนคำเทียบเป้าหมาย · สัดส่วนฉากตามสถานะ · ความยาวของแต่ละบท
ภาพรวมและบรรยากาศ,ภาพรวมและบรรยากาศ
ภาพเวกเตอร์ SVG,ภาพเวกเตอร์ SVG
ภาษา/สำเนียง,ภาษา/สำเนียง
ภาษาอ่านจาก **ชื่อไฟล์** ในโฟลเดอร์ languages — วางไฟล์ `k2_<รหัสภาษา>.csv` เพิ่ม (เช่น k2_ja.csv) แล้วเปิดโปรแกรมใหม่ ก็มีภาษานั้นเลย ไม่ต้องติดตั้งอะไร,ภาษาอ่านจาก **ชื่อไฟล์** ในโฟลเดอร์ languages — วางไฟล์ `k2_<รหัสภาษา>.csv` เพิ่ม (เช่น k2_ja.csv) แล้วเปิดโปรแกรมใหม่ ก็มีภาษานั้นเลย ไม่ต้องติดตั้งอะไร
ภูมิประเทศ,ภูมิประเทศ
ภูมิหลัง,ภูมิหลัง
มหึมา,มหึมา
มโหฬาร,มโหฬาร
  (มาตรฐาน),  (มาตรฐาน)
มาตราส่วน,มาตราส่วน
มี,มี
มี {0} ไฟล์ที่ยังไม่ได้บันทึก,มี {0} ไฟล์ที่ยังไม่ได้บันทึก
"มี ""{0}"" อยู่แล้ว — ใช้ entity.update แทน","มี ""{0}"" อยู่แล้ว — ใช้ entity.update แทน"
"มีกระดานชื่อ ""{0}"" อยู่แล้ว","มีกระดานชื่อ ""{0}"" อยู่แล้ว"
"มีกระดานชื่อ ""{0}"" อยู่แล้วในโปรเจกต์","มีกระดานชื่อ ""{0}"" อยู่แล้วในโปรเจกต์"
มีกระดานชื่อนี้อยู่แล้ว,มีกระดานชื่อนี้อยู่แล้ว
มีความสัมพันธ์,มีความสัมพันธ์
มีคอมเมนต์ผูกกับข้อความนี้,มีคอมเมนต์ผูกกับข้อความนี้
มีงานค้าง {0} ไฟล์ (Ctrl+Alt+S เพื่อบันทึกทั้งหมด),มีงานค้าง {0} ไฟล์ (Ctrl+Alt+S เพื่อบันทึกทั้งหมด)
" · มีเฉพาะ ""{0}"" {1}"," · มีเฉพาะ ""{0}"" {1}"
มีเนื้อบทก่อนหัวฉากแรก — ควรขึ้นหัวฉาก (INT./EXT.) ก่อน,มีเนื้อบทก่อนหัวฉากแรก — ควรขึ้นหัวฉาก (INT./EXT.) ก่อน
มีโปรเจกต์นี้อยู่แล้ว,มีโปรเจกต์นี้อยู่แล้ว
มีโปรเจกต์นี้อยู่แล้ว — เปิดให้แทน,มีโปรเจกต์นี้อยู่แล้ว — เปิดให้แทน
มีแผนชื่อนี้อยู่แล้ว,มีแผนชื่อนี้อยู่แล้ว
มีไฟล์ชื่อนี้ในหมวดปลายทางแล้ว,มีไฟล์ชื่อนี้ในหมวดปลายทางแล้ว
มีร่างชื่อนี้แล้ว,มีร่างชื่อนี้แล้ว
มีรูปภาพ,มีรูปภาพ
มีหมวดชื่อนี้แล้ว,มีหมวดชื่อนี้แล้ว
มีอัลบั้มชื่อนี้อยู่แล้ว,มีอัลบั้มชื่อนี้อยู่แล้ว
มี chapter overrides,มี chapter overrides
มืดมิด,มืดมิด
มืดหม่น,มืดหม่น
มืด (อ่านกลางคืน),มืด (อ่านกลางคืน)
มืด (Dark),มืด (Dark)
มือ (เลื่อนกระดาน),มือ (เลื่อนกระดาน)
มุมมน,มุมมน
มุมมอง ,มุมมอง 
มุมมอง: ,มุมมอง: 
มุมมอง,มุมมอง
มุมมอง: {0} · {1} หน้า,มุมมอง: {0} · {1} หน้า
มุมมองบท,มุมมองบท
มุมมองรายการ,มุมมองรายการ
มุมมองหน้ากระดาษ,มุมมองหน้ากระดาษ
"มุมมอง Gantt ต้องมีเหตุการณ์ที่ระบุเวลาเป็นตัวเลข (เช่น ""ปีที่ 1024"") — ยังไม่มีเลย","มุมมอง Gantt ต้องมีเหตุการณ์ที่ระบุเวลาเป็นตัวเลข (เช่น ""ปีที่ 1024"") — ยังไม่มีเลย"
มุมมอง (POV),มุมมอง (POV)
มุมเอียง (องศา),มุมเอียง (องศา)
เมนูแผง,เมนูแผง
"(เมนู ""ส่งออกเป็น PDF…"" เดิมยังใช้ Chromium อยู่ตามปกติ)","(เมนู ""ส่งออกเป็น PDF…"" เดิมยังใช้ Chromium อยู่ตามปกติ)"
เมือง,เมือง
เมื่อต้องการให้โปรแกรมลงมือทำจริง ให้พิมพ์บล็อกโค้ดภาษา `k2` ที่มี JSON ข้างใน แบบนี้:,เมื่อต้องการให้โปรแกรมลงมือทำจริง ให้พิมพ์บล็อกโค้ดภาษา `k2` ที่มี JSON ข้างใน แบบนี้:
เมื่ออ้างถึงฉากหรือหน้าวิกิ ให้ระบุชื่อในวงเล็บเหลี่ยมตามที่ปรากฏในข้อมูลอ้างอิง,เมื่ออ้างถึงฉากหรือหน้าวิกิ ให้ระบุชื่อในวงเล็บเหลี่ยมตามที่ปรากฏในข้อมูลอ้างอิง
แม่แบบลายน้ำ,แม่แบบลายน้ำ
โมเดล,โมเดล
โมเดลของเซสชันนี้ — ทับค่าที่ตั้งไว้ในตั้งค่า AI (อิสระต่อกัน),โมเดลของเซสชันนี้ — ทับค่าที่ตั้งไว้ในตั้งค่า AI (อิสระต่อกัน)
ไม่กำหนดสี,ไม่กำหนดสี
ไม่เกิน 5 แท็ก · ใช้ # นำหน้าแท็กทั่วไป และ @ นำหน้าชื่อตัวละคร/สถานที่ที่มั่นใจจริง ๆ ,ไม่เกิน 5 แท็ก · ใช้ # นำหน้าแท็กทั่วไป และ @ นำหน้าชื่อตัวละคร/สถานที่ที่มั่นใจจริง ๆ 
"ไม่จำ ""{0}"" อีก (แก้ได้ที่ บท → จัดการ SmartType)","ไม่จำ ""{0}"" อีก (แก้ได้ที่ บท → จัดการ SmartType)"
ไม่จำกัด,ไม่จำกัด
— ไม่ใช้แผน (จำในเครื่อง) —,— ไม่ใช้แผน (จำในเครื่อง) —
ไม่ได้ตั้งค่า AI client,ไม่ได้ตั้งค่า AI client
ไม่ต้องจำคำนี้,ไม่ต้องจำคำนี้
(ไม่ตั้ง),(ไม่ตั้ง)
ไม่ทราบ,ไม่ทราบ
(ไม่ทราบชื่อ),(ไม่ทราบชื่อ)
ไม่ทราบสิทธิ์ต้นฉบับ,ไม่ทราบสิทธิ์ต้นฉบับ
ไม่บันทึก,ไม่บันทึก
ไม่เปลี่ยนโทน,ไม่เปลี่ยนโทน
ไม่พบ,ไม่พบ
ไม่พบข้อผิดพลาด 🎉,ไม่พบข้อผิดพลาด 🎉
ไม่พบข้อมูลตัวละครใน Wiki,ไม่พบข้อมูลตัวละครใน Wiki
ไม่พบคีย์ในไฟล์ CSV นี้,ไม่พบคีย์ในไฟล์ CSV นี้
(ไม่พบฉาก),(ไม่พบฉาก)
"ไม่พบฉาก ""{0}""","ไม่พบฉาก ""{0}"""
"ไม่พบฉาก ""{0}"" — สร้างก่อนด้วย scene.create","ไม่พบฉาก ""{0}"" — สร้างก่อนด้วย scene.create"
ไม่พบฉากที่จะตรวจ,ไม่พบฉากที่จะตรวจ
"ไม่พบฉากที่มี ""{0}"" ปรากฏ","ไม่พบฉากที่มี ""{0}"" ปรากฏ"
ไม่พบเซสชันที่ตรงกับคำค้น,ไม่พบเซสชันที่ตรงกับคำค้น
ไม่พบตัวละครใน Wiki,ไม่พบตัวละครใน Wiki
ไม่พบทางเลือกในฉากนี้ — พิมพ์ [ข้อความ] ตรงจุดที่เรื่องแตกสาย,ไม่พบทางเลือกในฉากนี้ — พิมพ์ [ข้อความ] ตรงจุดที่เรื่องแตกสาย
"ไม่พบเนื้อหาของ ""{0}"" ({1})","ไม่พบเนื้อหาของ ""{0}"" ({1})"
"ไม่พบบท ""{0}""","ไม่พบบท ""{0}"""
ไม่พบบทนี้ใน draft.json,ไม่พบบทนี้ใน draft.json
(ไม่พบบันทึกที่ตรงกับที่ค้น),(ไม่พบบันทึกที่ตรงกับที่ค้น)
ไม่พบปลายทาง — ตรวจ Base URL อีกครั้ง (HTTP 404),ไม่พบปลายทาง — ตรวจ Base URL อีกครั้ง (HTTP 404)
ไม่พบผลลัพธ์,ไม่พบผลลัพธ์
ไม่พบแผนที่ที่ฉากนี้ผูกไว้ (อาจถูกลบไปแล้ว),ไม่พบแผนที่ที่ฉากนี้ผูกไว้ (อาจถูกลบไปแล้ว)
ไม่พบไฟล์ฉาก: ,ไม่พบไฟล์ฉาก: 
ไม่พบไฟล์ฉาก,ไม่พบไฟล์ฉาก
ไม่พบไฟล์ที่อ้างอิง: ,ไม่พบไฟล์ที่อ้างอิง: 
ไม่พบไฟล์นี้ใน Explorer (อาจถูกลบ/ย้ายไปแล้ว),ไม่พบไฟล์นี้ใน Explorer (อาจถูกลบ/ย้ายไปแล้ว)
ไม่พบไฟล์ในดิสก์: ,ไม่พบไฟล์ในดิสก์: 
ไม่พบไฟล์ภาษา (languages/k2_th.csv · k2_{0}.csv),ไม่พบไฟล์ภาษา (languages/k2_th.csv · k2_{0}.csv)
ไม่พบไฟล์ HTML ใน .celtx — อาจเป็น Celtx รุ่นเก่าที่เก็บเป็น XML ตรงๆ,ไม่พบไฟล์ HTML ใน .celtx — อาจเป็น Celtx รุ่นเก่าที่เก็บเป็น XML ตรงๆ
ไม่พบไฟล์ .scrivx ในโฟลเดอร์นี้ (ต้องชี้ไปที่โฟลเดอร์ .scriv),ไม่พบไฟล์ .scrivx ในโฟลเดอร์นี้ (ต้องชี้ไปที่โฟลเดอร์ .scriv)
"ไม่พบภาษา ""{{0}}"" ใช้ภาษาอังกฤษแทน","ไม่พบภาษา ""{{0}}"" ใช้ภาษาอังกฤษแทน"
ไม่พบร่างต้นทาง,ไม่พบร่างต้นทาง
(ไม่พบรายการที่ตรงกับที่ค้น),(ไม่พบรายการที่ตรงกับที่ค้น)
ไม่พบรายชื่อโมเดล,ไม่พบรายชื่อโมเดล
(ไม่พบรูปซ้ำ),(ไม่พบรูปซ้ำ)
(ไม่พบรูปที่คล้ายกันในคลัง),(ไม่พบรูปที่คล้ายกันในคลัง)
ไม่พบเล่ม,ไม่พบเล่ม
"ไม่พบเล่ม ""{0}""","ไม่พบเล่ม ""{0}"""
ไม่พบอัลบั้ม,ไม่พบอัลบั้ม
ไม่พบเอกสารที่ตรงกับคำค้น,ไม่พบเอกสารที่ตรงกับคำค้น
"ไม่พบเอนทิตี้ ""{0}""","ไม่พบเอนทิตี้ ""{0}"""
ไม่พบเอนทิตี้ — สร้างตัวละคร/สถานที่ใน Wiki ก่อน,ไม่พบเอนทิตี้ — สร้างตัวละคร/สถานที่ใน Wiki ก่อน
ไม่พบ element ที่ตรงเงื่อนไข,ไม่พบ element ที่ตรงเงื่อนไข
ไม่มี,ไม่มี
— ไม่มี —,— ไม่มี —
(ไม่มี),(ไม่มี)
— ไม่มี,— ไม่มี
ไม่มี{0}ที่ {1} (ไฟล์นี้มี {2}),ไม่มี{0}ที่ {1} (ไฟล์นี้มี {2})
ไม่มีขนาดให้ใช้เลย (ทั้งของตัวเองและของแผงข้างใน) — ก้อนนี้จะถูกเกลี่ยตามสัดส่วนใหม่ทุกครั้งที่โครงเปลี่ยน,ไม่มีขนาดให้ใช้เลย (ทั้งของตัวเองและของแผงข้างใน) — ก้อนนี้จะถูกเกลี่ยตามสัดส่วนใหม่ทุกครั้งที่โครงเปลี่ยน
(ไม่มีข้อความ),(ไม่มีข้อความ)
ไม่มีงานค้างให้บันทึก,ไม่มีงานค้างให้บันทึก
(ไม่มีชื่อ),(ไม่มีชื่อ)
ไม่มีชื่อ,ไม่มีชื่อ
ไม่มีชื่อเรื่อง,ไม่มีชื่อเรื่อง
ไม่มีตัวบันทึก,ไม่มีตัวบันทึก
ไม่มีทางเลือกซ้ำให้รวม,ไม่มีทางเลือกซ้ำให้รวม
ไม่มีเทมเพลตอื่นสำหรับหมวดนี้,ไม่มีเทมเพลตอื่นสำหรับหมวดนี้
(ไม่มีบท),(ไม่มีบท)
ไม่มีบทอื่นให้ย้ายไป,ไม่มีบทอื่นให้ย้ายไป
(ไม่มีบรรทัดที่ตรงตัวกรอง),(ไม่มีบรรทัดที่ตรงตัวกรอง)
ไม่มีบรรทัดที่ตรงตัวกรอง — ลองเปิดระดับอื่นหรือล้างคำค้น,ไม่มีบรรทัดที่ตรงตัวกรอง — ลองเปิดระดับอื่นหรือล้างคำค้น
ไม่มีบันทึกให้ส่งออก,ไม่มีบันทึกให้ส่งออก
ไม่มีฟิลด์ tool,ไม่มีฟิลด์ tool
(ไม่มีรูปที่ตรงกับคำค้น),(ไม่มีรูปที่ตรงกับคำค้น)
ไม่มีรูปที่ตรงกับตัวกรอง,ไม่มีรูปที่ตรงกับตัวกรอง
ไม่มีรูปให้ส่งออก,ไม่มีรูปให้ส่งออก
ไม่มีสถานะใหม่ให้เพิ่ม (ซ้ำกับของเดิมทั้งหมด),ไม่มีสถานะใหม่ให้เพิ่ม (ซ้ำกับของเดิมทั้งหมด)
— ไม่มีส่วนเสริม —,— ไม่มีส่วนเสริม —
ไม่มีหน้า {0} (ไฟล์นี้มี {1} หน้า),ไม่มีหน้า {0} (ไฟล์นี้มี {1} หน้า)
ไม่มีหน้าปก,ไม่มีหน้าปก
ไม่มีอะไรต้องแก้,ไม่มีอะไรต้องแก้
ไม่มี handler ของงานชนิดนี้,ไม่มี handler ของงานชนิดนี้
(ไม่ระบุ),(ไม่ระบุ)
— ไม่ระบุ —,— ไม่ระบุ —
ไม่ระบุชื่อ,ไม่ระบุชื่อ
(ไม่ระบุเวลา),(ไม่ระบุเวลา)
(ไม่ระบุสถานที่),(ไม่ระบุสถานที่)
ไม่ระบุสถานะ,ไม่ระบุสถานะ
(ไม่ระบุหมวด),(ไม่ระบุหมวด)
ไม่รู้ขีดจำกัดของโมเดล,ไม่รู้ขีดจำกัดของโมเดล
ไม่รู้จักคำสั่ง,ไม่รู้จักคำสั่ง
"ไม่รู้จักคำสั่ง ""","ไม่รู้จักคำสั่ง """
ไม่รู้จักประเภท: ,ไม่รู้จักประเภท: 
ไม่รู้จักผู้ให้บริการ: ,ไม่รู้จักผู้ให้บริการ: 
ไม่รู้จักรูปแบบไฟล์: ,ไม่รู้จักรูปแบบไฟล์: 
(ไม่ส่งค่านี้),(ไม่ส่งค่านี้)
ไม่ให้เข้าถึงเลย,ไม่ให้เข้าถึงเลย
ไม่ออกแล้ว,ไม่ออกแล้ว
ยกไปบนสุด (Ctrl+Shift+]),ยกไปบนสุด (Ctrl+Shift+])
ยกเลิก,ยกเลิก
ยกเลิกการเชื่อม — ต้องปล่อยบนการ์ดปลายทาง,ยกเลิกการเชื่อม — ต้องปล่อยบนการ์ดปลายทาง
ยกเลิกการบันทึก,ยกเลิกการบันทึก
ยกเลิกการปิดโปรแกรม,ยกเลิกการปิดโปรแกรม
"ยกเลิกการเปลี่ยนแปลงทั้งหมดในแท็บนี้?
เนื้อหาจะกลับไปเป็นเวอร์ชันล่าสุดที่บันทึกไว้","ยกเลิกการเปลี่ยนแปลงทั้งหมดในแท็บนี้?
เนื้อหาจะกลับไปเป็นเวอร์ชันล่าสุดที่บันทึกไว้"
ยกเลิกขอบเขต,ยกเลิกขอบเขต
ยกเลิกทั้งชุด,ยกเลิกทั้งชุด
ยกเลิกแยกหน้าจอ,ยกเลิกแยกหน้าจอ
ย่อ,ย่อ
ย่อ ({0}+-),ย่อ ({0}+-)
ย่อ/ขยาย,ย่อ/ขยาย
ย้อนกลับ,ย้อนกลับ
"ย้อนกลับไปที่ ""{0}""?

","ย้อนกลับไปที่ ""{0}""?

"
ย้อนกลับไม่ได้แล้ว,ย้อนกลับไม่ได้แล้ว
ย้อนกลับไม่สำเร็จบางส่วน (ดูรายละเอียดในแผงบันทึก),ย้อนกลับไม่สำเร็จบางส่วน (ดูรายละเอียดในแผงบันทึก)
ย้อนกลับล้มเหลว: ,ย้อนกลับล้มเหลว: 
ย้อนกลับแล้ว — คืน {0} ไฟล์ · ลบ {1} ไฟล์,ย้อนกลับแล้ว — คืน {0} ไฟล์ · ลบ {1} ไฟล์
ย่อเป็นแถบไอคอน,ย่อเป็นแถบไอคอน
ย่อผัง,ย่อผัง
ย่อหมุด,ย่อหมุด
ย่อเหลือบรรทัดเดียวต่อข้อความ — ไล่ดูบทสนทนายาว ๆ ได้เร็ว,ย่อเหลือบรรทัดเดียวต่อข้อความ — ไล่ดูบทสนทนายาว ๆ ได้เร็ว
ย่อ UI,ย่อ UI
ยังปิดอยู่ — เมนู บท → หัวกระดาษ,ยังปิดอยู่ — เมนู บท → หัวกระดาษ
” ยังเป็นตัวอย่างหน้าตา — ยังไม่ได้ต่อกับ AI,” ยังเป็นตัวอย่างหน้าตา — ยังไม่ได้ต่อกับ AI
ยังมีแผนเดียว — สร้างอีกแผนก่อนถึงจะเทียบได้,ยังมีแผนเดียว — สร้างอีกแผนก่อนถึงจะเทียบได้
"ยังมีมากกว่านี้ กด ""ดูทั้งหมด""","ยังมีมากกว่านี้ กด ""ดูทั้งหมด"""
ยังไม่จัดกลุ่ม,ยังไม่จัดกลุ่ม
ยังไม่จำ (เจอไม่ถึง {0} ครั้ง) — กด ✚ เพื่อจำเลย,ยังไม่จำ (เจอไม่ถึง {0} ครั้ง) — กด ✚ เพื่อจำเลย
"ยังไม่ได้กำหนดแถวไหน — ใช้ฟอนต์ตามค่าในแท็บ ""การเขียน""","ยังไม่ได้กำหนดแถวไหน — ใช้ฟอนต์ตามค่าในแท็บ ""การเขียน"""
ยังไม่ได้เขียนอะไรเลย,ยังไม่ได้เขียนอะไรเลย
ยังไม่ได้จัดอะไร,ยังไม่ได้จัดอะไร
ยังไม่ได้ตั้งค่าผู้ให้บริการ AI (ไฟล์ → ตั้งค่า AI),ยังไม่ได้ตั้งค่าผู้ให้บริการ AI (ไฟล์ → ตั้งค่า AI)
ยังไม่ได้ตั้งค่า AI client,ยังไม่ได้ตั้งค่า AI client
ยังไม่ได้ตั้งค่า API key (ไฟล์ → ตั้งค่า AI),ยังไม่ได้ตั้งค่า API key (ไฟล์ → ตั้งค่า AI)
ยังไม่ได้ตั้งชื่อผู้ให้บริการ,ยังไม่ได้ตั้งชื่อผู้ให้บริการ
ยังไม่ได้ตั้งชื่อ Credential,ยังไม่ได้ตั้งชื่อ Credential
ยังไม่ได้ตั้งหน้าปก — เมนู บท → หน้าปก,ยังไม่ได้ตั้งหน้าปก — เมนู บท → หน้าปก
"ยังไม่ได้ปักตำแหน่ง — กด ""📌 ปักตำแหน่งฉากนี้""","ยังไม่ได้ปักตำแหน่ง — กด ""📌 ปักตำแหน่งฉากนี้"""
ยังไม่ได้เปิดฉาก,ยังไม่ได้เปิดฉาก
ยังไม่ได้เปิดโปรเจกต์,ยังไม่ได้เปิดโปรเจกต์
ยังไม่ได้เปิดแผน,ยังไม่ได้เปิดแผน
ยังไม่ได้เปิดแผน — กด “＋” สร้างแผนใหม่ก่อน,ยังไม่ได้เปิดแผน — กด “＋” สร้างแผนใหม่ก่อน
ยังไม่ได้พิมพ์คำถาม,ยังไม่ได้พิมพ์คำถาม
ยังไม่ได้เลือกผู้ให้บริการ AI (ไฟล์ → ตั้งค่า AI),ยังไม่ได้เลือกผู้ให้บริการ AI (ไฟล์ → ตั้งค่า AI)
(ยังไม่ได้เลือกโฟลเดอร์),(ยังไม่ได้เลือกโฟลเดอร์)
ยังไม่ได้เลือกโฟลเดอร์ปลายทาง,ยังไม่ได้เลือกโฟลเดอร์ปลายทาง
ยังไม่ได้เลือกโมเดล,ยังไม่ได้เลือกโมเดล
""" ยังไม่ได้เลือกโมเดล (ไฟล์ → ตั้งค่า AI)",""" ยังไม่ได้เลือกโมเดล (ไฟล์ → ตั้งค่า AI)"
ยังไม่ได้เลือกหมุด,ยังไม่ได้เลือกหมุด
ยังไม่ได้เลือกอะไร,ยังไม่ได้เลือกอะไร
ยังไม่ได้ใส่ Base URL,ยังไม่ได้ใส่ Base URL
ยังไม่ได้อ้างอิงอะไร,ยังไม่ได้อ้างอิงอะไร
(ยังไม่ตั้ง),(ยังไม่ตั้ง)
— ยังไม่ตั้ง —,— ยังไม่ตั้ง —
ยังไม่ตั้งสถานะ,ยังไม่ตั้งสถานะ
ยังไม่ถูกใช้,ยังไม่ถูกใช้
(ยังไม่เปิด),(ยังไม่เปิด)
ยังไม่พบหน้า Wiki ของ ,ยังไม่พบหน้า Wiki ของ 
(ยังไม่มี),(ยังไม่มี)
"(ยังไม่มี — กด ""ทำสำเนา"" จากพรีเซ็ต)","(ยังไม่มี — กด ""ทำสำเนา"" จากพรีเซ็ต)"
ยังไม่มีกระดานในโปรเจกต์ — กด ✚ ใหม่ เพื่อสร้าง,ยังไม่มีกระดานในโปรเจกต์ — กด ✚ ใหม่ เพื่อสร้าง
ยังไม่มีการตัดสินใจ,ยังไม่มีการตัดสินใจ
ยังไม่มีการตัดสินใจ — เดินตามทางเลือกในผังแตกสาย (🌿) แล้วจะบันทึกที่นี่,ยังไม่มีการตัดสินใจ — เดินตามทางเลือกในผังแตกสาย (🌿) แล้วจะบันทึกที่นี่
(ยังไม่มีการเปลี่ยนแปลงที่บันทึกไว้),(ยังไม่มีการเปลี่ยนแปลงที่บันทึกไว้)
ยังไม่มีข้อความ,ยังไม่มีข้อความ
ยังไม่มีข้อความให้ย้าย,ยังไม่มีข้อความให้ย้าย
(ยังไม่มีคำอธิบาย),(ยังไม่มีคำอธิบาย)
ยังไม่มีฉบับร่าง — สร้างเล่ม/ฉบับร่างก่อน,ยังไม่มีฉบับร่าง — สร้างเล่ม/ฉบับร่างก่อน
ยังไม่มีฉบับร่างให้ส่งออก,ยังไม่มีฉบับร่างให้ส่งออก
ยังไม่มีฉาก — กด + เพื่อสร้าง,ยังไม่มีฉาก — กด + เพื่อสร้าง
ยังไม่มีฉากที่กล่าวถึง “,ยังไม่มีฉากที่กล่าวถึง “
(ยังไม่มีฉากที่กล่าวถึงเอนทิตี้นี้),(ยังไม่มีฉากที่กล่าวถึงเอนทิตี้นี้)
ยังไม่มีฉากที่มีทางเลือก,ยังไม่มีฉากที่มีทางเลือก
"ยังไม่มีฉากที่มีทางเลือก — เพิ่มได้ที่แถบ ""เพิ่มทางเลือก"" ด้านบน แล้วผังจะขึ้นทันที","ยังไม่มีฉากที่มีทางเลือก — เพิ่มได้ที่แถบ ""เพิ่มทางเลือก"" ด้านบน แล้วผังจะขึ้นทันที"
ยังไม่มีฉาก/โน้ตให้อ้างอิง,ยังไม่มีฉาก/โน้ตให้อ้างอิง
ยังไม่มีฉาก/โน้ต/Wiki ให้ผูก,ยังไม่มีฉาก/โน้ต/Wiki ให้ผูก
ยังไม่มีฉากในโปรเจกต์,ยังไม่มีฉากในโปรเจกต์
ยังไม่มีฉากในผัง — เพิ่มทางเลือกให้ฉากสักฉากก่อน,ยังไม่มีฉากในผัง — เพิ่มทางเลือกให้ฉากสักฉากก่อน
"ยังไม่มีฉากผูกกับแผนที่นี้ — เปิดฉากแล้วกด ""📌 ปักตำแหน่งฉากนี้""","ยังไม่มีฉากผูกกับแผนที่นี้ — เปิดฉากแล้วกด ""📌 ปักตำแหน่งฉากนี้"""
"ยังไม่มีเซสชัน — กด ""➕ เซสชันใหม่"" เพื่อเริ่มคุย","ยังไม่มีเซสชัน — กด ""➕ เซสชันใหม่"" เพื่อเริ่มคุย"
"(ยังไม่มีแถว — กด ""เพิ่มแถว"")","(ยังไม่มีแถว — กด ""เพิ่มแถว"")"
(ยังไม่มีแท็ก — คลิกขวาที่รูปเพื่อติดแท็ก),(ยังไม่มีแท็ก — คลิกขวาที่รูปเพื่อติดแท็ก)
ยังไม่มีแท็ก — ใส่แท็กในคุณสมบัติฉากหรือ Wiki,ยังไม่มีแท็ก — ใส่แท็กในคุณสมบัติฉากหรือ Wiki
ยังไม่มีโน้ต — กด 📝 ใน toolbar,ยังไม่มีโน้ต — กด 📝 ใน toolbar
"ยังไม่มีโน้ตค้าง — กด 📝 บนแถบเครื่องมือแล้วติ๊ก ""ไว้ทำภายหลัง""","ยังไม่มีโน้ตค้าง — กด 📝 บนแถบเครื่องมือแล้วติ๊ก ""ไว้ทำภายหลัง"""
— ยังไม่มีบท —,— ยังไม่มีบท —
ยังไม่มีบทพูดในบทนี้,ยังไม่มีบทพูดในบทนี้
ยังไม่มีบทให้ส่งออก — เปิดฉากบทภาพยนตร์ก่อน,ยังไม่มีบทให้ส่งออก — เปิดฉากบทภาพยนตร์ก่อน
(ยังไม่มีบันทึก),(ยังไม่มีบันทึก)
(ยังไม่มีบันทึก — เขียนช่องบนแล้วกดบันทึก),(ยังไม่มีบันทึก — เขียนช่องบนแล้วกดบันทึก)
(ยังไม่มีปก),(ยังไม่มีปก)
ยังไม่มีโปรเจกต์,ยังไม่มีโปรเจกต์
ยังไม่มีผู้ให้บริการ — กด ➕ เพิ่ม แล้วกรอกชื่อ · Credential · เลือกโมเดล · ตั้งพารามิเตอร์,ยังไม่มีผู้ให้บริการ — กด ➕ เพิ่ม แล้วกรอกชื่อ · Credential · เลือกโมเดล · ตั้งพารามิเตอร์
ยังไม่มีแผนที่,ยังไม่มีแผนที่
"ยังไม่มีแผนที่ — กด ""＋ เพิ่มแผนที่"" แล้วเลือกรูปจากคลังรูปเป็นแผนที่ (เช่น แผนที่โลก/เมือง/ผังห้อง)","ยังไม่มีแผนที่ — กด ""＋ เพิ่มแผนที่"" แล้วเลือกรูปจากคลังรูปเป็นแผนที่ (เช่น แผนที่โลก/เมือง/ผังห้อง)"
ยังไม่มีแผนที่ — สร้างได้ที่ มุมมอง → แผนที่ (Maps),ยังไม่มีแผนที่ — สร้างได้ที่ มุมมอง → แผนที่ (Maps)
"ยังไม่มีโฟลเดอร์ภาษา — กด ""ส่งออกไฟล์แปล"" เพื่อสร้างไฟล์ตั้งต้นก่อน","ยังไม่มีโฟลเดอร์ภาษา — กด ""ส่งออกไฟล์แปล"" เพื่อสร้างไฟล์ตั้งต้นก่อน"
ยังไม่มีไฟล์งานวิจัย,ยังไม่มีไฟล์งานวิจัย
ยังไม่มีไฟล์ให้เปิด,ยังไม่มีไฟล์ให้เปิด
ยังไม่มีรอบการเล่น — กดทางเลือกในโหมดทดลองเล่นแล้วจะถูกบันทึกที่นี่,ยังไม่มีรอบการเล่น — กดทางเลือกในโหมดทดลองเล่นแล้วจะถูกบันทึกที่นี่
— ยังไม่มีรายชื่อ (กดดึงรายชื่อโมเดล) —,— ยังไม่มีรายชื่อ (กดดึงรายชื่อโมเดล) —
"(ยังไม่มีรายชื่อ — กด ""เพิ่มตัวละคร"")","(ยังไม่มีรายชื่อ — กด ""เพิ่มตัวละคร"")"
ยังไม่มีรายชื่อผู้รับ,ยังไม่มีรายชื่อผู้รับ
(ยังไม่มีรูป),(ยังไม่มีรูป)
ยังไม่มีรูปที่ถูกใช้ในต้นฉบับ,ยังไม่มีรูปที่ถูกใช้ในต้นฉบับ
ยังไม่มีรูปในคลัง,ยังไม่มีรูปในคลัง
"ยังไม่มีรูปในอัลบั้มนี้ — กด ""เพิ่มรูป…"" หรือลากไฟล์มาวางตรงนี้","ยังไม่มีรูปในอัลบั้มนี้ — กด ""เพิ่มรูป…"" หรือลากไฟล์มาวางตรงนี้"
ยังไม่มีเรื่องแตกสายให้เล่น — เพิ่มทางเลือกให้ฉากสักฉากที่ผังแตกสาย (🌿) ก่อน,ยังไม่มีเรื่องแตกสายให้เล่น — เพิ่มทางเลือกให้ฉากสักฉากที่ผังแตกสาย (🌿) ก่อน
"ยังไม่มีเล่ม — กด ""＋ เพิ่มเล่ม""","ยังไม่มีเล่ม — กด ""＋ เพิ่มเล่ม"""
ยังไม่มีเล่มในโปรเจกต์นี้,ยังไม่มีเล่มในโปรเจกต์นี้
ยังไม่มีเล่มในโปรเจกต์ — สร้างด้วย book.create ก่อน,ยังไม่มีเล่มในโปรเจกต์ — สร้างด้วย book.create ก่อน
ยังไม่มีเล่ม — สร้างเล่มก่อน,ยังไม่มีเล่ม — สร้างเล่มก่อน
ยังไม่มีสถานะที่กำหนดเอง,ยังไม่มีสถานะที่กำหนดเอง
(ยังไม่มีหัวข้อ/หัวฉาก),(ยังไม่มีหัวข้อ/หัวฉาก)
ยังไม่มีหัวฉากในบทนี้,ยังไม่มีหัวฉากในบทนี้
"ยังไม่มีเหตุการณ์ — กด ""＋ เพิ่มเหตุการณ์"" หรือไปตั้ง ""เวลาในเรื่อง"" ให้ฉากในคุณสมบัติฉาก","ยังไม่มีเหตุการณ์ — กด ""＋ เพิ่มเหตุการณ์"" หรือไปตั้ง ""เวลาในเรื่อง"" ให้ฉากในคุณสมบัติฉาก"
ยังไม่มีเอนทิตี้ใน Wiki,ยังไม่มีเอนทิตี้ใน Wiki
(ยังไม่มีเอนทิตี้ใน Wiki — สร้างจากแผงโปรเจกต์),(ยังไม่มีเอนทิตี้ใน Wiki — สร้างจากแผงโปรเจกต์)
ยังไม่มีเอนทิตี้ให้ส่งออก,ยังไม่มีเอนทิตี้ให้ส่งออก
ยังไม่มี backlinks — พิมพ์ชื่อตัวละคร/สถานที่ในฉากเพื่อให้ปรากฏที่นี่,ยังไม่มี backlinks — พิมพ์ชื่อตัวละคร/สถานที่ในฉากเพื่อให้ปรากฏที่นี่
ยังไม่มี entity อื่นให้ผูกความสัมพันธ์,ยังไม่มี entity อื่นให้ผูกความสัมพันธ์
ยังไม่รองรับการย้ายข้ามฉบับร่าง,ยังไม่รองรับการย้ายข้ามฉบับร่าง
ยังไม่รองรับการย้ายข้ามฉบับร่าง/เซกชัน,ยังไม่รองรับการย้ายข้ามฉบับร่าง/เซกชัน
— ยังไม่ระบุ —,— ยังไม่ระบุ —
(ยังไม่ระบุปลายทาง),(ยังไม่ระบุปลายทาง)
ยังไม่ระบุปลายทาง,ยังไม่ระบุปลายทาง
(ยังไม่เลือก),(ยังไม่เลือก)
ย่าง,ย่าง
ย่างเท้า,ย่างเท้า
ย่านสำคัญ,ย่านสำคัญ
ย้าย “,ย้าย “
"ย้าย ""{0}"" ไปถังขยะแล้ว","ย้าย ""{0}"" ไปถังขยะแล้ว"
ย้าย {0} รูปไปอัลบั้มไหน,ย้าย {0} รูปไปอัลบั้มไหน
ย้าย {0} รูปแล้ว,ย้าย {0} รูปแล้ว
ย้าย {0} รูปแล้ว (ยังไม่แก้ลิงก์ในต้นฉบับ),ย้าย {0} รูปแล้ว (ยังไม่แก้ลิงก์ในต้นฉบับ)
ย้าย {0} รูป · อัปเดตลิงก์ใน {1} ไฟล์,ย้าย {0} รูป · อัปเดตลิงก์ใน {1} ไฟล์
"ย้าย ""{0}"" ออกไปที่ MEMO แล้ว","ย้าย ""{0}"" ออกไปที่ MEMO แล้ว"
ย้ายการ์ดแล้ว — กด ⟲ เพื่อจัดผังใหม่อัตโนมัติ,ย้ายการ์ดแล้ว — กด ⟲ เพื่อจัดผังใหม่อัตโนมัติ
ย้ายข้ามฉบับร่างยังไม่รองรับ,ย้ายข้ามฉบับร่างยังไม่รองรับ
ย้ายเข้าไปในอัลบั้มลูกของตัวเองไม่ได้,ย้ายเข้าไปในอัลบั้มลูกของตัวเองไม่ได้
ย้ายเข้า Memo แล้ว: ,ย้ายเข้า Memo แล้ว: 
ย้ายคอมเมนต์เดิม {0} รายการเข้าไฟล์ฉากแล้ว,ย้ายคอมเมนต์เดิม {0} รายการเข้าไฟล์ฉากแล้ว
ย้ายคอมเมนต์เดิมจาก scenes.json → .md แล้ว {0} รายการ,ย้ายคอมเมนต์เดิมจาก scenes.json → .md แล้ว {0} รายการ
ย้ายคอมเมนต์เดิมไม่สำเร็จ,ย้ายคอมเมนต์เดิมไม่สำเร็จ
ย้ายฉากไปบท: ,ย้ายฉากไปบท: 
ย้ายตำแหน่ง,ย้ายตำแหน่ง
ย้ายทางเลือก,ย้ายทางเลือก
ย้ายแท็บนี้ไปหน้าต่างแยก (ลากไปจออื่นได้),ย้ายแท็บนี้ไปหน้าต่างแยก (ลากไปจออื่นได้)
"ย้ายโน้ต ""{0}"" เข้าบท ""{1}"" แล้ว (จะไม่ถูกรวมตอนส่งออก)","ย้ายโน้ต ""{0}"" เข้าบท ""{1}"" แล้ว (จะไม่ถูกรวมตอนส่งออก)"
ย้ายโน้ตกลับเข้าบทไหน,ย้ายโน้ตกลับเข้าบทไหน
ย้ายปลายเส้นแล้ว,ย้ายปลายเส้นแล้ว
ย้าย/เปลี่ยนชื่อ,ย้าย/เปลี่ยนชื่อ
ย้ายไปถังขยะ: ,ย้ายไปถังขยะ: 
ย้ายไปบท ▸,ย้ายไปบท ▸
ย้ายไปหน้าต่างแยก (ลากไปจออื่นได้),ย้ายไปหน้าต่างแยก (ลากไปจออื่นได้)
"ย้ายไปหมวด ""","ย้ายไปหมวด """
ย้ายไปหมวดใหม่แล้ว,ย้ายไปหมวดใหม่แล้ว
ย้ายไม่สำเร็จ: ,ย้ายไม่สำเร็จ: 
"ย้ายเล่ม ""{0}"" ไปถังขยะแล้ว","ย้ายเล่ม ""{0}"" ไปถังขยะแล้ว"
"ย้ายอัลบั้ม ""","ย้ายอัลบั้ม """
ย้ายอัลบั้มไปถังขยะแล้ว,ย้ายอัลบั้มไปถังขยะแล้ว
ย้ายอัลบั้มรากไม่ได้,ย้ายอัลบั้มรากไม่ได้
ย้ายอัลบั้มแล้ว: ,ย้ายอัลบั้มแล้ว: 
ยาว (3-5 ย่อหน้า),ยาว (3-5 ย่อหน้า)
ยินดี,ยินดี
"แยก ""","แยก """
แยกจอแล้ว: ผังซ้าย · ฉากขวา,แยกจอแล้ว: ผังซ้าย · ฉากขวา
แยกซ้าย-ขวา ({0}+{1}+\),แยกซ้าย-ขวา ({0}+{1}+\)
แยกบน-ล่าง,แยกบน-ล่าง
แยกหน้าจอ (Split View),แยกหน้าจอ (Split View)
รวดเร็ว,รวดเร็ว
รวม {0} tokens · {1} ครั้ง · ล่าสุด {2},รวม {0} tokens · {1} ครั้ง · ล่าสุด {2}
รวมทั้งเรื่อง: {0},รวมทั้งเรื่อง: {0}
รวมทั้งเรื่อง: บรรยาย {0}% · บทพูด {1}% · ,รวมทั้งเรื่อง: บรรยาย {0}% · บทพูด {1}% · 
รวมทางเลือกซ้ำแล้ว,รวมทางเลือกซ้ำแล้ว
รวมทางเลือกที่ซ้ำกัน,รวมทางเลือกที่ซ้ำกัน
รวมไฟล์ (bundler),รวมไฟล์ (bundler)
รวมเลย,รวมเลย
รอบการเล่นทั้งหมดที่ผ่านมา,รอบการเล่นทั้งหมดที่ผ่านมา
รอบการเล่นที่ผ่านมา,รอบการเล่นที่ผ่านมา
  ·  รอบแก้ #,  ·  รอบแก้ #
ร้อยแก้ว,ร้อยแก้ว
ร้อยแก้ว (มีบรรยายคั่น),ร้อยแก้ว (มีบรรยายคั่น)
ระดับการเข้าถึง,ระดับการเข้าถึง
ระดับการเข้าถึง — AI จะเห็นเนื้อหาแค่ระดับนี้,ระดับการเข้าถึง — AI จะเห็นเนื้อหาแค่ระดับนี้
ระดับการใช้เหตุผล,ระดับการใช้เหตุผล
ระทม,ระทม
ระทึก,ระทึก
ระบบเวทมนตร์,ระบบเวทมนตร์
ระยะของแถบ เช่น 100 กม.,ระยะของแถบ เช่น 100 กม.
"ระยะ x/y เป็น ""นิ้ววัดจากขอบกระดาษ"" เหมือนแท็บหน้ากระดาษ","ระยะ x/y เป็น ""นิ้ววัดจากขอบกระดาษ"" เหมือนแท็บหน้ากระดาษ"
ราคาที่ต้องจ่าย,ราคาที่ต้องจ่าย
ร่าง — ข้อความล้วน (Draft),ร่าง — ข้อความล้วน (Draft)
ร่างที่สอง,ร่างที่สอง
ร่างสำหรับคนอ่าน,ร่างสำหรับคนอ่าน
ร่างสำหรับบรรณาธิการ,ร่างสำหรับบรรณาธิการ
รายการ,รายการ
 รายการ, รายการ
 รายการ): , รายการ): 
รายการคำไทย/อังกฤษในโฟลเดอร์ renderer/assets · เพิ่มเองได้ที่ Plugins/dictionaries,รายการคำไทย/อังกฤษในโฟลเดอร์ renderer/assets · เพิ่มเองได้ที่ Plugins/dictionaries
รายการตัวเลข ({0}+{1}+7),รายการตัวเลข ({0}+{1}+7)
 รายการ — ไปกำหนดปลายทางที่ผังแตกสาย, รายการ — ไปกำหนดปลายทางที่ผังแตกสาย
รายการรูป.md,รายการรูป.md
รายการหัวข้อย่อย ({0}+{1}+8),รายการหัวข้อย่อย ({0}+{1}+8)
รายงานเฉพาะสิ่งที่ขัดกันจริงในข้อความที่ได้รับ ตอบเป็น JSON เท่านั้น,รายงานเฉพาะสิ่งที่ขัดกันจริงในข้อความที่ได้รับ ตอบเป็น JSON เท่านั้น
รายงานตัวละคร,รายงานตัวละคร
รายงานตัวละคร — {0} คน · {1} บรรทัดบทพูด,รายงานตัวละคร — {0} คน · {1} บรรทัดบทพูด
รายงานสถานที่,รายงานสถานที่
รายงานสถานที่ — {0} สถานที่ · {1} ฉาก · {2} หน้า,รายงานสถานที่ — {0} สถานที่ · {1} ฉาก · {2} หน้า
""" รายงานสภาพผิดปกติ",""" รายงานสภาพผิดปกติ"
รายชื่อตัวละคร,รายชื่อตัวละคร
รายชื่อผู้รับ,รายชื่อผู้รับ
ร้ายแรง,ร้ายแรง
รายละเอียด,รายละเอียด
รายละเอียดบริบท,รายละเอียดบริบท
รีเซ็ต,รีเซ็ต
รีเซ็ตการจัดวางแผงทั้งหมด,รีเซ็ตการจัดวางแผงทั้งหมด
รีเซ็ตซูม ({0}+{1}+0),รีเซ็ตซูม ({0}+{1}+0)
รีเซ็ตตำแหน่งแถบรูปแบบแล้ว,รีเซ็ตตำแหน่งแถบรูปแบบแล้ว
รีเฟรช,รีเฟรช
รีเฟรชรายการโปรเจกต์แล้ว,รีเฟรชรายการโปรเจกต์แล้ว
รีเฟรช — อ่านไฟล์/โฟลเดอร์ใหม่จากดิสก์,รีเฟรช — อ่านไฟล์/โฟลเดอร์ใหม่จากดิสก์
รูป: ,รูป: 
รูป,รูป
รูปซ้ำ/เกือบซ้ำ — พบ {0} คู่,รูปซ้ำ/เกือบซ้ำ — พบ {0} คู่
รูปตัวพิมพ์ (Change Case),รูปตัวพิมพ์ (Change Case)
รูปทรง,รูปทรง
รูปทรง (S) — ,รูปทรง (S) — 
รูปทั้งหมด,รูปทั้งหมด
รูปทั้งหมด {0} ใบ,รูปทั้งหมด {0} ใบ
รูปทั้งหมดในโฟลเดอร์ Images ของโปรเจกต์ — ลากลงเอกสารเพื่อแทรก หรือเลือกเป็นปก/รูปประจำตัวใน Wiki,รูปทั้งหมดในโฟลเดอร์ Images ของโปรเจกต์ — ลากลงเอกสารเพื่อแทรก หรือเลือกเป็นปก/รูปประจำตัวใน Wiki
รูปที่คล้ายกับ ,รูปที่คล้ายกับ 
รูปที่ใช้จริง,รูปที่ใช้จริง
"รูปที่ย้าย {0} ใบถูกใช้อยู่ใน {1} ไฟล์
แก้ลิงก์ในไฟล์เหล่านั้นให้ตรงที่อยู่ใหม่เลยไหม?","รูปที่ย้าย {0} ใบถูกใช้อยู่ใน {1} ไฟล์
แก้ลิงก์ในไฟล์เหล่านั้นให้ตรงที่อยู่ใหม่เลยไหม?"
 รูปที่เลือก, รูปที่เลือก
รูปที่เลือก,รูปที่เลือก
รูปที่เลือกมีคำบรรยายครบแล้ว (ต้องการเขียนทับให้ลบคำบรรยายเดิมก่อน),รูปที่เลือกมีคำบรรยายครบแล้ว (ต้องการเขียนทับให้ลบคำบรรยายเดิมก่อน)
 รูปในคลังที่ติดแท็ก @, รูปในคลังที่ติดแท็ก @
รูปแบบ,รูปแบบ
รูปแบบคำตอบ,รูปแบบคำตอบ
### รูปแบบคำตอบ (JSON เท่านั้น),### รูปแบบคำตอบ (JSON เท่านั้น)
รูปแบบคำตอบ (JSON array เท่านั้น):,รูปแบบคำตอบ (JSON array เท่านั้น):
รูปแบบ — ใช้ {{n}} {{title}} ได้,รูปแบบ — ใช้ {{n}} {{title}} ได้
### รูปแบบผลลัพธ์,### รูปแบบผลลัพธ์
รูปแบบผลลัพธ์: บทภาพยนตร์ (หัวฉาก / ชื่อตัวละครขึ้นบรรทัดใหม่ / บทพูด) ไม่ต้องใส่คำอธิบายกำกับ,รูปแบบผลลัพธ์: บทภาพยนตร์ (หัวฉาก / ชื่อตัวละครขึ้นบรรทัดใหม่ / บทพูด) ไม่ต้องใส่คำอธิบายกำกับ
รูปประจำตัวอยู่แล้ว,รูปประจำตัวอยู่แล้ว
รูปภาพ,รูปภาพ
รูปภาพ PNG,รูปภาพ PNG
รูปลักษณ์,รูปลักษณ์
เรา,เรา
"เริ่มคุยได้เลย — โหมด ""","เริ่มคุยได้เลย — โหมด """
เริ่มบทสนทนาใหม่แล้ว (เก็บโหมด/โมเดล/ไฟล์แนบไว้),เริ่มบทสนทนาใหม่แล้ว (เก็บโหมด/โมเดล/ไฟล์แนบไว้)
เริ่มโปรแกรม: เปิดโปรเจกต์ล่าสุดทันที (ข้ามหน้าแรก),เริ่มโปรแกรม: เปิดโปรเจกต์ล่าสุดทันที (ข้ามหน้าแรก)
เริ่มโปรแกรม: แสดงหน้าแรกก่อน,เริ่มโปรแกรม: แสดงหน้าแรกก่อน
เริ่มเล่นจากฉากไหน,เริ่มเล่นจากฉากไหน
เริ่มเล่นรอบใหม่จากฉากเริ่มเดิม,เริ่มเล่นรอบใหม่จากฉากเริ่มเดิม
เริ่มใหม่,เริ่มใหม่
"เริ่มใหม่ — ล้างบทสนทนา {0} ข้อความของ ""{1}"" ?","เริ่มใหม่ — ล้างบทสนทนา {0} ข้อความของ ""{1}"" ?"
เริ่มใหม่ — ล้างบทสนทนาของเซสชันนี้ (เก็บโหมด/โมเดล/ไฟล์แนบไว้),เริ่มใหม่ — ล้างบทสนทนาของเซสชันนี้ (เก็บโหมด/โมเดล/ไฟล์แนบไว้)
เรียกถี่เกินไป — ลองใหม่อีกครั้ง (HTTP 429),เรียกถี่เกินไป — ลองใหม่อีกครั้ง (HTTP 429)
เรียกถี่เกินไป (HTTP 429),เรียกถี่เกินไป (HTTP 429)
เรียกไม่สำเร็จ (HTTP ,เรียกไม่สำเร็จ (HTTP 
 (เรียกอีกอย่างว่า {0}), (เรียกอีกอย่างว่า {0})
เรียก AI ไม่สำเร็จ,เรียก AI ไม่สำเร็จ
เรียก AI ไม่สำเร็จ (HTTP ,เรียก AI ไม่สำเร็จ (HTTP 
เรียก AI ใหม่ (ใช้ token เพิ่ม),เรียก AI ใหม่ (ใช้ token เพิ่ม)
เรียงตาม,เรียงตาม
เรียงลำดับบท+ฉากใหม่แล้ว (,เรียงลำดับบท+ฉากใหม่แล้ว (
เรียงหน้าคู่ (Side-by-Side),เรียงหน้าคู่ (Side-by-Side)
เรียบ (ไม่มีกรอบ),เรียบ (ไม่มีกรอบ)
เรื่อง: ,เรื่อง: 
เรื่อง,เรื่อง
เรื่องแตกสายมากกว่า,เรื่องแตกสายมากกว่า
เรื่องย่อ,เรื่องย่อ
เรื่องย่อฉาก: ,เรื่องย่อฉาก: 
เรือน,เรือน
แรงจูงใจ,แรงจูงใจ
แรงจูงใจขาดหาย,แรงจูงใจขาดหาย
แรงบันดาลใจ,แรงบันดาลใจ
โรแมนติก,โรแมนติก
ลดการใช้คำซ้ำ,ลดการใช้คำซ้ำ
ลบ,ลบ
ลบ {0} ชิ้นแล้ว,ลบ {0} ชิ้นแล้ว
ลบ “{0}” ถาวร ? (กู้คืนไม่ได้อีก),ลบ “{0}” ถาวร ? (กู้คืนไม่ได้อีก)
ลบ {0} ทั้งหมด ({1} บรรทัด)?,ลบ {0} ทั้งหมด ({1} บรรทัด)?
"ลบ ""{0}"" ไปถังขยะ","ลบ ""{0}"" ไปถังขยะ"
ลบ “{0}” ? (ย้ายไปถังขยะของโปรเจกต์ กู้คืนได้),ลบ “{0}” ? (ย้ายไปถังขยะของโปรเจกต์ กู้คืนได้)
ลบ {0} รูป? (ย้ายไปถังขยะ),ลบ {0} รูป? (ย้ายไปถังขยะ)
ลบ {0} รูปแล้ว (อยู่ในถังขยะ),ลบ {0} รูปแล้ว (อยู่ในถังขยะ)
ลบ {0} หมุดแล้ว,ลบ {0} หมุดแล้ว
ลบ {0} element แล้ว (ยกเลิกได้ด้วย Ctrl+Z),ลบ {0} element แล้ว (ยกเลิกได้ด้วย Ctrl+Z)
ลบความสัมพันธ์นี้ (ฝั่งนี้),ลบความสัมพันธ์นี้ (ฝั่งนี้)
"ลบฉาก ""{0}""{1} ไปถังขยะ","ลบฉาก ""{0}""{1} ไปถังขยะ"
"ลบฉาก ""{0}"" ไปถังขยะแล้ว","ลบฉาก ""{0}"" ไปถังขยะแล้ว"
ลบฉาก (ย้ายไปถังขยะ),ลบฉาก (ย้ายไปถังขยะ)
ลบช่องนี้,ลบช่องนี้
ลบชิ้นนี้,ลบชิ้นนี้
"ลบเซสชัน ""{0}"" ?","ลบเซสชัน ""{0}"" ?"
ลบเซสชันแล้ว,ลบเซสชันแล้ว
ลบตัวละครนี้ออกจากหน้ารายชื่อ,ลบตัวละครนี้ออกจากหน้ารายชื่อ
ลบถาวร,ลบถาวร
ลบถาวรแล้ว: ,ลบถาวรแล้ว: 
ลบทั้งบรรทัด ({0}+{1}+Delete),ลบทั้งบรรทัด ({0}+{1}+Delete)
ลบทางเลือกนี้,ลบทางเลือกนี้
"ลบเทมเพลต ""{0}""?","ลบเทมเพลต ""{0}""?"
ลบเทมเพลตแล้ว,ลบเทมเพลตแล้ว
ลบแท็กนี้,ลบแท็กนี้
ลบโน้ตนี้,ลบโน้ตนี้
ลบโน้ตแล้ว,ลบโน้ตแล้ว
"ลบบท ""{0}"" ({1} ฉาก) ไปถังขยะแล้ว","ลบบท ""{0}"" ({1} ฉาก) ไปถังขยะแล้ว"
"ลบบท ""{0}"" ทั้งบท","ลบบท ""{0}"" ทั้งบท"
"ลบบท ""{0}"" ทั้งบท ? (ทุกฉากย้ายไปถังขยะ)","ลบบท ""{0}"" ทั้งบท ? (ทุกฉากย้ายไปถังขยะ)"
ลบบททั้งบท (ทุกฉากย้ายไปถังขยะ),ลบบททั้งบท (ทุกฉากย้ายไปถังขยะ)
ลบบททั้งบท (ย้ายไปถังขยะ),ลบบททั้งบท (ย้ายไปถังขยะ)
ลบบรรทัดแล้ว,ลบบรรทัดแล้ว
ลบบันทึกนี้?,ลบบันทึกนี้?
ลบบันทึกแล้ว,ลบบันทึกแล้ว
"ลบผู้ให้บริการ ""{0}"" ?","ลบผู้ให้บริการ ""{0}"" ?"
ลบผู้ให้บริการนี้,ลบผู้ให้บริการนี้
ลบแผนที่ “{0}” ?,ลบแผนที่ “{0}” ?
ลบแผนที่นี้,ลบแผนที่นี้
ลบแผนที่แล้ว,ลบแผนที่แล้ว
"ลบโฟลเดอร์ ""{0}"" ทั้งหมด ?","ลบโฟลเดอร์ ""{0}"" ทั้งหมด ?"
ลบไม่ได้ — ต้องเหลืออย่างน้อย 1 เล่ม,ลบไม่ได้ — ต้องเหลืออย่างน้อย 1 เล่ม
ลบไม่ได้ — นี่คือร่างหลัก,ลบไม่ได้ — นี่คือร่างหลัก
ลบไม่ได้ — ยังมี {0} รายการในหมวดนี้,ลบไม่ได้ — ยังมี {0} รายการในหมวดนี้
ลบไม่สำเร็จ: ,ลบไม่สำเร็จ: 
ลบ (ย้ายไปถังขยะ),ลบ (ย้ายไปถังขยะ)
ลบร่าง,ลบร่าง
ลบร่าง “{0}” ทั้งร่าง ?,ลบร่าง “{0}” ทั้งร่าง ?
ลบร่างนี้,ลบร่างนี้
ลบรายการนี้,ลบรายการนี้
ลบเล่ม,ลบเล่ม
ลบเล่ม “{0}” ทั้งเล่ม ? (ทุกบท/ฉากในเล่มจะย้ายไปถังขยะ),ลบเล่ม “{0}” ทั้งเล่ม ? (ทุกบท/ฉากในเล่มจะย้ายไปถังขยะ)
"ลบเล่ม ""{0}"" ไปถังขยะ","ลบเล่ม ""{0}"" ไปถังขยะ"
ลบเล่มทั้งเล่ม (ย้ายไปถังขยะ),ลบเล่มทั้งเล่ม (ย้ายไปถังขยะ)
ลบเล่มแล้ว: ,ลบเล่มแล้ว: 
ลบเลย,ลบเลย
ลบแล้ว,ลบแล้ว
ลบเวิร์กโฟลว์ “{0}” ?,ลบเวิร์กโฟลว์ “{0}” ?
"ลบสถานะ ""{0}"" ?","ลบสถานะ ""{0}"" ?"
ลบสถานะนี้,ลบสถานะนี้
ลบสถานะแล้ว: ,ลบสถานะแล้ว: 
ลบเส้นเชื่อมแล้ว,ลบเส้นเชื่อมแล้ว
ลบเส้นทาง “{0}” ? (หมุดไม่ถูกลบ),ลบเส้นทาง “{0}” ? (หมุดไม่ถูกลบ)
ลบเส้นทาง (หมุดยังอยู่),ลบเส้นทาง (หมุดยังอยู่)
ลบเส้นนี้,ลบเส้นนี้
ลบเส้น (Del),ลบเส้น (Del)
ลบหน้าปกหน้าที่ ,ลบหน้าปกหน้าที่ 
 ลบหมวด, ลบหมวด
ลบหมวด,ลบหมวด
ลบหมวด “{0}” ?,ลบหมวด “{0}” ?
ลบหมวดแล้ว,ลบหมวดแล้ว
ลบหมุดที่เลือก {0} ตัว ?,ลบหมุดที่เลือก {0} ตัว ?
ลบหัวข้อ “{0}” ?,ลบหัวข้อ “{0}” ?
ลบหัวข้อนี้,ลบหัวข้อนี้
ลบอัลบั้ม “{0}” พร้อมรูป {1} ใบ? (ย้ายไปถังขยะ),ลบอัลบั้ม “{0}” พร้อมรูป {1} ใบ? (ย้ายไปถังขยะ)
ลบอัลบั้มรากไม่ได้,ลบอัลบั้มรากไม่ได้
ลบเอนทิตี้ (ย้ายไปถังขยะ กู้คืนได้),ลบเอนทิตี้ (ย้ายไปถังขยะ กู้คืนได้)
ลบ (Del),ลบ (Del)
ลบ (Delete),ลบ (Delete)
ลบ element ไม่สำเร็จ: ,ลบ element ไม่สำเร็จ: 
ล้มเหลว,ล้มเหลว
 ล้มเหลว, ล้มเหลว
ล่วงลับ,ล่วงลับ
ล้อ = ซูม,ล้อ = ซูม
ล็อกไม่ให้ย้าย,ล็อกไม่ให้ย้าย
ลองใหม่สูงสุด (ครั้ง),ลองใหม่สูงสุด (ครั้ง)
ลอย/ผนึก,ลอย/ผนึก
ละติน (อังกฤษ),ละติน (อังกฤษ)
ละเอียด,ละเอียด
ลักษณะเฉพาะ,ลักษณะเฉพาะ
ลาก{0} = หมุนมุมมอง 3D,ลาก{0} = หมุนมุมมอง 3D
ลาก{0}พื้นที่ว่าง = เลื่อนผัง,ลาก{0}พื้นที่ว่าง = เลื่อนผัง
ลากกำหนดขนาด,ลากกำหนดขนาด
ลากแถบ ⠿ ไปวางบนการ์ดฉากอื่น = ย้ายทางเลือกไปฉากนั้น,ลากแถบ ⠿ ไปวางบนการ์ดฉากอื่น = ย้ายทางเลือกไปฉากนั้น
ลากไปการ์ดอื่นเพื่อย้ายปลายเส้น · ปล่อยที่ว่าง = ถอดเส้นออก,ลากไปการ์ดอื่นเพื่อย้ายปลายเส้น · ปล่อยที่ว่าง = ถอดเส้นออก
ลากไปปล่อยบนการ์ดปลายทาง (Esc = ยกเลิก),ลากไปปล่อยบนการ์ดปลายทาง (Esc = ยกเลิก)
ลากไปวางบนฉากอื่นเพื่อย้ายทางเลือกนี้,ลากไปวางบนฉากอื่นเพื่อย้ายทางเลือกนี้
ลากเพื่อปรับสัดส่วน (ดับเบิลคลิก = 50%),ลากเพื่อปรับสัดส่วน (ดับเบิลคลิก = 50%)
ลากเพื่อย้ายแถบ,ลากเพื่อย้ายแถบ
ลากหมุดเพื่อย้าย (โหมดอื่นลากไม่ได้ กันเลื่อนโดนโดยไม่ตั้งใจ),ลากหมุดเพื่อย้าย (โหมดอื่นลากไม่ได้ กันเลื่อนโดนโดยไม่ตั้งใจ)
ลากโหนดเพื่อย้ายตำแหน่ง,ลากโหนดเพื่อย้ายตำแหน่ง
ล่าง,ล่าง
ล้าง,ล้าง
ล้างกระดานอารมณ์ของอัลบั้มนี้? (ไม่ลบไฟล์รูป),ล้างกระดานอารมณ์ของอัลบั้มนี้? (ไม่ลบไฟล์รูป)
ล้างตำแหน่งของฉากแล้ว,ล้างตำแหน่งของฉากแล้ว
ล้างถังขยะอัตโนมัติ {0} รายการ (เก่ากว่า {1} วัน),ล้างถังขยะอัตโนมัติ {0} รายการ (เก่ากว่า {1} วัน)
ล้างโน้ตทั้งหมด ({0} รายการ)?,ล้างโน้ตทั้งหมด ({0} รายการ)?
ล้างโน้ตทั้งหมดแล้ว,ล้างโน้ตทั้งหมดแล้ว
ล้างบันทึกที่แสดงอยู่ (ไฟล์ log ในเครื่องยังอยู่ครบ),ล้างบันทึกที่แสดงอยู่ (ไฟล์ log ในเครื่องยังอยู่ครบ)
ล้างประวัติการตัดสินใจแล้ว,ล้างประวัติการตัดสินใจแล้ว
ล้างประวัติทั้งหมด? (ไฟล์งานไม่ถูกแตะ — หายแค่ความสามารถในการย้อนกลับ),ล้างประวัติทั้งหมด? (ไฟล์งานไม่ถูกแตะ — หายแค่ความสามารถในการย้อนกลับ)
ล้างประวัติแล้ว,ล้างประวัติแล้ว
ล้างรอบการเล่นแล้ว,ล้างรอบการเล่นแล้ว
ล้างรูปแบบ ({0}+Space),ล้างรูปแบบ ({0}+Space)
ล้างสถานะ,ล้างสถานะ
ล้างสมุดโน้ตแล้ว,ล้างสมุดโน้ตแล้ว
ล้างสี,ล้างสี
ล้างสีการ์ดแล้ว,ล้างสีการ์ดแล้ว
ล้างสีเส้นแล้ว,ล้างสีเส้นแล้ว
ลายน้ำ,ลายน้ำ
ลาว,ลาว
ล่าสุด:,ล่าสุด:
ลำดับชั้นทางสังคม,ลำดับชั้นทางสังคม
ลำดับ (ตัวเลข — ไม่บังคับ),ลำดับ (ตัวเลข — ไม่บังคับ)
ลำดับที่จัดเอง,ลำดับที่จัดเอง
ลำดับเล่ม,ลำดับเล่ม
"ลำดับเหตุการณ์ตาม ""เวลาในเรื่อง"" — สลับมุมมองการ์ด/Gantt ได้ · ฉากที่ตั้ง storyDate ไว้จะขึ้นเอง","ลำดับเหตุการณ์ตาม ""เวลาในเรื่อง"" — สลับมุมมองการ์ด/Gantt ได้ · ฉากที่ตั้ง storyDate ไว้จะขึ้นเอง"
ลิขสิทธิ์,ลิขสิทธิ์
ลิงก์ฉาก,ลิงก์ฉาก
ลิงก์ระหว่างฉาก,ลิงก์ระหว่างฉาก
ลิงก์เอนทิตี้,ลิงก์เอนทิตี้
ลูกศร,ลูกศร
เล็ก,เล็ก
เล็กจ้อย,เล็กจ้อย
เล็กน้อย,เล็กน้อย
เลขฉาก (ข้างหัวฉากทั้งสองฝั่ง),เลขฉาก (ข้างหัวฉากทั้งสองฝั่ง)
เลขฉาก: ปิด,เลขฉาก: ปิด
"เลขฉาก: เปิด (ซ้าย {0}"" · ขวา {1}"" จากขอบกระดาษ)","เลขฉาก: เปิด (ซ้าย {0}"" · ขวา {1}"" จากขอบกระดาษ)"
เลขบรรทัด: ปิด,เลขบรรทัด: ปิด
เลขบรรทัด: เปิด,เลขบรรทัด: เปิด
เลขหน้า (ชิดขวาบนกระดาษ),เลขหน้า (ชิดขวาบนกระดาษ)
เลขหน้าปัจจุบัน,เลขหน้าปัจจุบัน
เลขหน้า: ปิด,เลขหน้า: ปิด
"เลขหน้า: เปิด (ชิดขวา {0}"" · {1}"" จากขอบบน)","เลขหน้า: เปิด (ชิดขวา {0}"" · {1}"" จากขอบบน)"
เลขหน้าเริ่มต้น (บท),เลขหน้าเริ่มต้น (บท)
เลขหน้าเริ่มต้น (บทภาพยนตร์),เลขหน้าเริ่มต้น (บทภาพยนตร์)
เลขหน้า / เลขฉาก ตามรูปแบบบท,เลขหน้า / เลขฉาก ตามรูปแบบบท
เล่นจากที่นี่,เล่นจากที่นี่
เล่ม,เล่ม
"เล่มนี้มีบท ""{0}"" อยู่แล้ว","เล่มนี้มีบท ""{0}"" อยู่แล้ว"
เล่มนี้ยังไม่มีฉบับร่าง,เล่มนี้ยังไม่มีฉบับร่าง
เล่มนี้ยังไม่มีบท,เล่มนี้ยังไม่มีบท
เล่ม/สังกัด (เว้นว่างได้),เล่ม/สังกัด (เว้นว่างได้)
เล่มหนึ่ง,เล่มหนึ่ง
เลอโฉม,เลอโฉม
เลิกใช้แผน — กลับไปจำตำแหน่งในเครื่อง,เลิกใช้แผน — กลับไปจำตำแหน่งในเครื่อง
เลิกทำ ({0}+Z),เลิกทำ ({0}+Z)
เลือก {0} หมุด,เลือก {0} หมุด
เลือกการ์ดก่อน,เลือกการ์ดก่อน
เลือกการ์ดก่อน (ลากคลุม / Shift+คลิก) แล้วกด 🗂 จัดกลุ่ม,เลือกการ์ดก่อน (ลากคลุม / Shift+คลิก) แล้วกด 🗂 จัดกลุ่ม
เลือกการ์ดปลายทาง…,เลือกการ์ดปลายทาง…
เลือกข้อความก่อน แล้วค่อยเปลี่ยนรูปตัวพิมพ์,เลือกข้อความก่อน แล้วค่อยเปลี่ยนรูปตัวพิมพ์
เลือกข้อความเพื่อแก้คุณสมบัติ,เลือกข้อความเพื่อแก้คุณสมบัติ
เลือกจากคลังรูปของโปรเจกต์,เลือกจากคลังรูปของโปรเจกต์
"เลือก ""ฉบับเก่า"" (หมายเลข 1–","เลือก ""ฉบับเก่า"" (หมายเลข 1–"
"เลือก ""ฉบับใหม่"" (หมายเลข 1–","เลือก ""ฉบับใหม่"" (หมายเลข 1–"
(เลือกฉากเพื่อดูคุณสมบัติ),(เลือกฉากเพื่อดูคุณสมบัติ)
เลือกฉากและใส่ข้อความทางเลือกก่อน,เลือกฉากและใส่ข้อความทางเลือกก่อน
เลือกทั้งหมด,เลือกทั้งหมด
เลือกทั้งหมด ({0}+A),เลือกทั้งหมด ({0}+A)
— เลือกแผนที่ปลายทาง —,— เลือกแผนที่ปลายทาง —
เลือกโฟลเดอร์ปลายทางก่อน,เลือกโฟลเดอร์ปลายทางก่อน
"

เลือกโฟลเดอร์ปลายทางแล้วนำเข้าเลยไหม?","

เลือกโฟลเดอร์ปลายทางแล้วนำเข้าเลยไหม?"
เลือกไฟล์จากโปรเจกต์ยังไม่พร้อมใช้งาน,เลือกไฟล์จากโปรเจกต์ยังไม่พร้อมใช้งาน
เลือกไฟล์ไม่สำเร็จ,เลือกไฟล์ไม่สำเร็จ
เลือก/ไม่เลือก,เลือก/ไม่เลือก
เลือก / ย้าย,เลือก / ย้าย
เลือกรูปก่อน,เลือกรูปก่อน
เลือกรูปก่อน แล้วค่อยวางบนกระดาน,เลือกรูปก่อน แล้วค่อยวางบนกระดาน
เลือกรูปก่อน แล้วสั่ง AI ตั้งคำบรรยาย,เลือกรูปก่อน แล้วสั่ง AI ตั้งคำบรรยาย
เลือกรูปก่อน แล้วสั่ง AI แนะนำแท็ก,เลือกรูปก่อน แล้วสั่ง AI แนะนำแท็ก
เลือกรูปจากคลัง,เลือกรูปจากคลัง
เลือกเล่มที่จะเปิดหน้ารายชื่อตัวละคร,เลือกเล่มที่จะเปิดหน้ารายชื่อตัวละคร
เลือกวัตถุก่อน,เลือกวัตถุก่อน
เลือกวัตถุที่จะทำซ้ำก่อน,เลือกวัตถุที่จะทำซ้ำก่อน
เลือกวัตถุที่จะลบก่อน,เลือกวัตถุที่จะลบก่อน
เลือกไว้ {0} รูป,เลือกไว้ {0} รูป
เลือกอย่างน้อย 2 ชิ้นก่อน,เลือกอย่างน้อย 2 ชิ้นก่อน
— เลือกเอนทิตี้ —,— เลือกเอนทิตี้ —
เลื่อนขวา,เลื่อนขวา
เลื่อนขึ้น,เลื่อนขึ้น
เลื่อนซ้าย,เลื่อนซ้าย
เลื่อนลง,เลื่อนลง
เลื่อนหน้าขึ้น,เลื่อนหน้าขึ้น
เลื่อนหน้าลง,เลื่อนหน้าลง
""" แล้ว",""" แล้ว"
 แล้ว, แล้ว
” แล้ว,” แล้ว
""" แล้ว (ข้อมูลเดิมยังอยู่)",""" แล้ว (ข้อมูลเดิมยังอยู่)"
 แล้ว — เลือกช่วงอักขระที่จะใช้, แล้ว — เลือกช่วงอักขระที่จะใช้
ไลบรารีที่ใช้ในโปรแกรม,ไลบรารีที่ใช้ในโปรแกรม
วงรี,วงรี
วงเล็บ,วงเล็บ
วงเล็บกำพร้า — ไม่ได้อยู่หลังตัวละคร/บทพูด,วงเล็บกำพร้า — ไม่ได้อยู่หลังตัวละคร/บทพูด
วงเล็บไม่ครบคู่: {0},วงเล็บไม่ครบคู่: {0}
วนกลับ,วนกลับ
วนซ้ำ,วนซ้ำ
[วนซ้ำ],[วนซ้ำ]
วัฒนธรรม,วัฒนธรรม
วัดจากขอบกระดาษซ้าย/บน,วัดจากขอบกระดาษซ้าย/บน
วัตถุ,วัตถุ
วัน,วัน
วันที่,วันที่
วันที่ 3 · ปีที่ 1024 · เช้า,วันที่ 3 · ปีที่ 1024 · เช้า
วันที่ / กำหนดส่ง,วันที่ / กำหนดส่ง
วันที่เพิ่ม,วันที่เพิ่ม
วันที่เพิ่ม (ใหม่สุดก่อน),วันที่เพิ่ม (ใหม่สุดก่อน)
วันที่ (ส่งเข้ามาตอนสร้าง),วันที่ (ส่งเข้ามาตอนสร้าง)
วันที่สร้างเซสชัน,วันที่สร้างเซสชัน
วันนี้ทำอะไรไปบ้าง…,วันนี้ทำอะไรไปบ้าง…
วาง,วาง
(ว่าง),(ว่าง)
ว่าง = ฟอนต์ของบท,ว่าง = ฟอนต์ของบท
ว่าง = ไม่ใส่ลายน้ำ,ว่าง = ไม่ใส่ลายน้ำ
วาง ({0}+V),วาง ({0}+V)
"วาง {0} รูปบนกระดาน ""{1}"" แล้ว","วาง {0} รูปบนกระดาน ""{1}"" แล้ว"
"วาง {0} หมุดลง ""{1}"" แล้ว","วาง {0} หมุดลง ""{1}"" แล้ว"
"วางเคอร์เซอร์ในบรรทัด ""ตัวละคร"" ก่อน","วางเคอร์เซอร์ในบรรทัด ""ตัวละคร"" ก่อน"
"วางเคอร์เซอร์ในบรรทัด ""ตัวละคร"" ก่อนใส่ส่วนเสริม","วางเคอร์เซอร์ในบรรทัด ""ตัวละคร"" ก่อนใส่ส่วนเสริม"
วางแบบข้อความล้วน ({0}+{1}+V),วางแบบข้อความล้วน ({0}+{1}+V)
วางแผน — โครงเรื่อง + คุณสมบัติฉาก,วางแผน — โครงเรื่อง + คุณสมบัติฉาก
วางแผน (อ่านอย่างเดียว),วางแผน (อ่านอย่างเดียว)
วางหมุดที่คัดลอกไว้ลงแผนที่นี้,วางหมุดที่คัดลอกไว้ลงแผนที่นี้
วาดกรอบรอบโน้ตที่ยังพิมพ์อยู่,วาดกรอบรอบโน้ตที่ยังพิมพ์อยู่
วาดกรอบรอบโน้ตที่ยังเหลือ (ใช้กับตัวสร้าง PDF ในโปรแกรม),วาดกรอบรอบโน้ตที่ยังเหลือ (ใช้กับตัวสร้าง PDF ในโปรแกรม)
วาดแผง ,วาดแผง 
วาดแผงคอมเมนต์ไม่สำเร็จ,วาดแผงคอมเมนต์ไม่สำเร็จ
วายชนม์,วายชนม์
วิกฤตที่กำลังก่อตัว,วิกฤตที่กำลังก่อตัว
วิเคราะห์จังหวะเรื่อง,วิเคราะห์จังหวะเรื่อง
วิธีการ,วิธีการ
วิธีใช้งานจริง,วิธีใช้งานจริง
วิธีพูด/สำนวน,วิธีพูด/สำนวน
เว้นบรรทัดใต้หัวกระดาษ,เว้นบรรทัดใต้หัวกระดาษ
เว้นว่าง = เหตุการณ์จุดเดียว,เว้นว่าง = เหตุการณ์จุดเดียว
เว็บ (HTML),เว็บ (HTML)
เวลา: ,เวลา: 
เวลาขัดกัน,เวลาขัดกัน
เวลาจบ (ไม่บังคับ — สำหรับ Gantt),เวลาจบ (ไม่บังคับ — สำหรับ Gantt)
เวลาที่จด,เวลาที่จด
 · เวลาในเรื่อง: , · เวลาในเรื่อง: 
เวลาในเรื่อง: ,เวลาในเรื่อง: 
เวลาในเรื่อง (เริ่ม),เวลาในเรื่อง (เริ่ม)
เวลาในเรื่อง (เส้นเวลา),เวลาในเรื่อง (เส้นเวลา)
- เวลาอ่านโดยประมาณ: {0} นาที,- เวลาอ่านโดยประมาณ: {0} นาที
เวอร์ชัน,เวอร์ชัน
เวอร์ชันที่แก้ไข: ,เวอร์ชันที่แก้ไข: 
เวิร์กโฟลว์ของฉัน,เวิร์กโฟลว์ของฉัน
เวิร์กโฟลว์ใหม่,เวิร์กโฟลว์ใหม่
ไว,ไว
ไว้ทำภายหลัง,ไว้ทำภายหลัง
 ไว้ทำภายหลัง (แสดงบนหน้าเส้นเวลา), ไว้ทำภายหลัง (แสดงบนหน้าเส้นเวลา)
ศัตรู,ศัตรู
ศาสนา/ความเชื่อ,ศาสนา/ความเชื่อ
ศูนย์รวมอยู่ในแดชบอร์ดแล้ว (ส่วนล่างของแผง),ศูนย์รวมอยู่ในแดชบอร์ดแล้ว (ส่วนล่างของแผง)
ศูนย์รวม (Centralize — backlinks/สถิติสด),ศูนย์รวม (Centralize — backlinks/สถิติสด)
เศรษฐกิจ,เศรษฐกิจ
เศรษฐกิจหลัก,เศรษฐกิจหลัก
เศร้า,เศร้า
โศก,โศก
สกุลเงิน/สื่อกลาง,สกุลเงิน/สื่อกลาง
สแกนครบแล้ว — ทุก [ข้อความ] ในฉากถูกผูกเป็นทางเลือกหมดแล้ว,สแกนครบแล้ว — ทุก [ข้อความ] ในฉากถูกผูกเป็นทางเลือกหมดแล้ว
สแกนคลังรูป…,สแกนคลังรูป…
สแกนคลังรูปใหม่แล้ว,สแกนคลังรูปใหม่แล้ว
สแกนทุกฉากหา [ข้อความ] ทางเลือกที่ยังไม่ได้ผูก,สแกนทุกฉากหา [ข้อความ] ทางเลือกที่ยังไม่ได้ผูก
สแกนไฟล์ใหม่,สแกนไฟล์ใหม่
สแกนใหม่ (ไฟล์/การใช้งาน),สแกนใหม่ (ไฟล์/การใช้งาน)
สคริปต์ JavaScript เอง,สคริปต์ JavaScript เอง
ส่ง,ส่ง
"ส่งกลับเฉพาะตัวเรื่องย่อ ห้ามขึ้นต้นด้วยคำว่า ""เรื่องย่อ"" หรือใส่หัวข้อ","ส่งกลับเฉพาะตัวเรื่องย่อ ห้ามขึ้นต้นด้วยคำว่า ""เรื่องย่อ"" หรือใส่หัวข้อ"
ส่งเฉพาะบทสนทนา ห้ามอธิบาย ห้ามใส่หัวข้อหรือคำนำ,ส่งเฉพาะบทสนทนา ห้ามอธิบาย ห้ามใส่หัวข้อหรือคำนำ
สงบ,สงบ
"

ส่งเป็นรายการบรรทัดละชื่อ ไม่ต้องมีเลขนำหน้า","

ส่งเป็นรายการบรรทัดละชื่อ ไม่ต้องมีเลขนำหน้า"
ส่งไปเปิดที่หน้าต่างหลักแล้ว,ส่งไปเปิดที่หน้าต่างหลักแล้ว
ส่งไปล่างสุด (Ctrl+Shift+[),ส่งไปล่างสุด (Ctrl+Shift+[)
ส่งออก…,ส่งออก…
ส่งออก,ส่งออก
ส่งออก .{0} แล้ว: {1},ส่งออก .{0} แล้ว: {1}
ส่งออกกระดานล้มเหลว: ,ส่งออกกระดานล้มเหลว: 
ส่งออกกระดานอารมณ์แล้ว ({0}×{1}): ,ส่งออกกระดานอารมณ์แล้ว ({0}×{1}): 
ส่งออกฉบับร่างรวมเป็น .md…,ส่งออกฉบับร่างรวมเป็น .md…
ส่งออกฉบับร่างไหน,ส่งออกฉบับร่างไหน
ส่งออกชุดสถานะแล้ว: ,ส่งออกชุดสถานะแล้ว: 
ส่งออกด้วยเวิร์กโฟลว์,ส่งออกด้วยเวิร์กโฟลว์
ส่งออกด้วยเวิร์กโฟลว์… ({0}+{1}+E),ส่งออกด้วยเวิร์กโฟลว์… ({0}+{1}+E)
ส่งออกต่อ,ส่งออกต่อ
ส่งออกตารางคำแปลแล้ว ({0} คีย์): ,ส่งออกตารางคำแปลแล้ว ({0} คีย์): 
ส่งออกตารางแปล {0} แถว → {1},ส่งออกตารางแปล {0} แถว → {1}
"ส่งออกตารางแปลของภาษาไหน (รหัสภาษา เช่น en, ja)","ส่งออกตารางแปลของภาษาไหน (รหัสภาษา เช่น en, ja)"
ส่งออกทั้งโปรเจกต์เป็น .json…,ส่งออกทั้งโปรเจกต์เป็น .json…
ส่งออกทั้งโปรเจกต์เป็น .zip…,ส่งออกทั้งโปรเจกต์เป็น .zip…
ส่งออก/นำเข้าโปรเจกต์เป็น .zip,ส่งออก/นำเข้าโปรเจกต์เป็น .zip
ส่งออกบท ,ส่งออกบท 
ส่งออกบทจากฉบับร่างไหน,ส่งออกบทจากฉบับร่างไหน
ส่งออกเป็น HTML สำหรับบล็อก… ({0}+{1}+B),ส่งออกเป็น HTML สำหรับบล็อก… ({0}+{1}+B)
ส่งออกเป็น PDF…,ส่งออกเป็น PDF…
ส่งออกโปรเจกต์ที่เปิดอยู่เป็นไฟล์ .zip,ส่งออกโปรเจกต์ที่เปิดอยู่เป็นไฟล์ .zip
ส่งออกผังแล้ว: ,ส่งออกผังแล้ว: 
ส่งออกผัง — HTML / Markdown / JSON / SVG / PNG,ส่งออกผัง — HTML / Markdown / JSON / SVG / PNG
ส่งออกไม่สำเร็จ: ,ส่งออกไม่สำเร็จ: 
ส่งออกรวมแล้ว: ,ส่งออกรวมแล้ว: 
ส่งออกรอบการเล่นแล้ว: ,ส่งออกรอบการเล่นแล้ว: 
ส่งออกรูป {0} ใบแล้ว: ,ส่งออกรูป {0} ใบแล้ว: 
ส่งออกรูปล้มเหลว: ,ส่งออกรูปล้มเหลว: 
ส่งออกแล้ว: ,ส่งออกแล้ว: 
ส่งออกเว็บสารานุกรมแล้ว {0} หน้า → {1},ส่งออกเว็บสารานุกรมแล้ว {0} หน้า → {1}
ส่งออกสรุปแล้ว,ส่งออกสรุปแล้ว
ส่งออก CSV แล้ว (,ส่งออก CSV แล้ว (
ส่งออก HTML ล้มเหลว,ส่งออก HTML ล้มเหลว
ส่งออก HTML สำหรับบล็อกแล้ว ({0} ฉาก{1}): ,ส่งออก HTML สำหรับบล็อกแล้ว ({0} ฉาก{1}): 
ส่งออก JSON ล้มเหลว,ส่งออก JSON ล้มเหลว
ส่งออก JSON แล้ว: ,ส่งออก JSON แล้ว: 
ส่งออก PDF: ,ส่งออก PDF: 
ส่งออก PDF (ตัวสร้างในโปรแกรม),ส่งออก PDF (ตัวสร้างในโปรแกรม)
ส่งออก PDF ลายน้ำรายคน,ส่งออก PDF ลายน้ำรายคน
ส่งออก PDF แล้ว ({0} หน้า): ,ส่งออก PDF แล้ว ({0} หน้า): 
ส่งออก PDF (pdf-lib),ส่งออก PDF (pdf-lib)
ส่งออก PNG ไม่ได้: ,ส่งออก PNG ไม่ได้: 
ส่งออก PNG ไม่สำเร็จ: ,ส่งออก PNG ไม่สำเร็จ: 
ส่งออก ZIP ล้มเหลว: ,ส่งออก ZIP ล้มเหลว: 
ส่งออก ZIP แล้ว ({0} ไฟล์): ,ส่งออก ZIP แล้ว ({0} ไฟล์): 
สงัด,สงัด
สตรีมข้อความไม่สำเร็จ: ,สตรีมข้อความไม่สำเร็จ: 
สถานการณ์: ,สถานการณ์: 
สถานที่: ,สถานที่: 
สถานที่,สถานที่
สถานที่ในบทนี้,สถานที่ในบทนี้
สถานที่สำคัญ,สถานที่สำคัญ
สถานะ: ,สถานะ: 
สถานะ,สถานะ
สถานะ ▸,สถานะ ▸
สถานะ (คั่นด้วยจุลภาค),สถานะ (คั่นด้วยจุลภาค)
สมาชิก/กำลังพล,สมาชิก/กำลังพล
สมุดโน้ตด่วน,สมุดโน้ตด่วน
สร้าง,สร้าง
"สร้าง{0} ""{1}""","สร้าง{0} ""{1}"""
"สร้าง ""{0}"" ในหมวด {1} แล้ว","สร้าง ""{0}"" ในหมวด {1} แล้ว"
"สร้าง ""{0}"" สำหรับโลกของเรื่องนี้ ตามคำสั่งของผู้เขียน: {1}","สร้าง ""{0}"" สำหรับโลกของเรื่องนี้ ตามคำสั่งของผู้เขียน: {1}"
"สร้างกระดาน ""","สร้างกระดาน """
สร้างกระดานใหม่,สร้างกระดานใหม่
สร้างจาก ,สร้างจาก 
สร้างจากข้อมูลผลงาน (ชื่อเรื่อง/ผู้เขียน/ติดต่อ/ลิขสิทธิ์),สร้างจากข้อมูลผลงาน (ชื่อเรื่อง/ผู้เขียน/ติดต่อ/ลิขสิทธิ์)
สร้างฉบับร่างก่อนจึงจะใช้ Kanban ได้,สร้างฉบับร่างก่อนจึงจะใช้ Kanban ได้
"สร้างฉาก ""{0}""{1}","สร้างฉาก ""{0}""{1}"
"สร้างฉาก ""{0}"" ใน ""{1} › {2}"" แล้ว","สร้างฉาก ""{0}"" ใน ""{1} › {2}"" แล้ว"
) — สร้างฉากใหม่: ,) — สร้างฉากใหม่: 
สร้างฉากใหม่ที่ไหน,สร้างฉากใหม่ที่ไหน
สร้างฉากใหม่ในบท พร้อมเนื้อหาเริ่มต้นได้เลย,สร้างฉากใหม่ในบท พร้อมเนื้อหาเริ่มต้นได้เลย
"สร้างดัชนีไม่สำเร็จ — กด ""🔄 สร้างดัชนีใหม่""","สร้างดัชนีไม่สำเร็จ — กด ""🔄 สร้างดัชนีใหม่"""
สร้างดัชนี images.json ใหม่แล้ว,สร้างดัชนี images.json ใหม่แล้ว
สร้างตัวละคร/สถานที่/ไอเทม/ตำนานใน Wiki,สร้างตัวละคร/สถานที่/ไอเทม/ตำนานใน Wiki
สร้างทางเลือกจาก [ข้อความ] ในฉากนี้,สร้างทางเลือกจาก [ข้อความ] ในฉากนี้
สร้างทางเลือกใหม่ พร้อมแทรก [ข้อความ] ลงท้ายฉากให้ด้วย,สร้างทางเลือกใหม่ พร้อมแทรก [ข้อความ] ลงท้ายฉากให้ด้วย
สร้างที่ไหน,สร้างที่ไหน
สร้างเทมเพลตแล้ว,สร้างเทมเพลตแล้ว
สร้างเทมเพลตใหม่,สร้างเทมเพลตใหม่
สร้างบทสนทนา…,สร้างบทสนทนา…
สร้างบทใหม่ที่ไหน,สร้างบทใหม่ที่ไหน
สร้างโปรเจกต์จากเทมเพลต…,สร้างโปรเจกต์จากเทมเพลต…
สร้างโปรเจกต์จาก template,สร้างโปรเจกต์จาก template
สร้างโปรเจกต์จาก template แล้ว: ,สร้างโปรเจกต์จาก template แล้ว: 
สร้างโปรเจกต์ใหม่… ({0}+N),สร้างโปรเจกต์ใหม่… ({0}+N)
สร้างโปรเจกต์ใหม่แล้ว: ,สร้างโปรเจกต์ใหม่แล้ว: 
สร้างแผนใหม่,สร้างแผนใหม่
สร้างแผนใหม่ (เริ่มจากการจัดวางเปล่า),สร้างแผนใหม่ (เริ่มจากการจัดวางเปล่า)
สร้างโฟลเดอร์ Research แล้ว,สร้างโฟลเดอร์ Research แล้ว
สร้างไฟล์ PDF ฝังฟอนต์ไทย,สร้างไฟล์ PDF ฝังฟอนต์ไทย
สร้างร่างใหม่: ,สร้างร่างใหม่: 
 สร้างรายการใหม่, สร้างรายการใหม่
สร้างรายละเอียดที่สอดคล้องกันเอง มีเหตุผลภายในโลก และใช้เขียนเรื่องต่อได้จริง ,สร้างรายละเอียดที่สอดคล้องกันเอง มีเหตุผลภายในโลก และใช้เขียนเรื่องต่อได้จริง 
"สร้างเล่ม ""{0}""","สร้างเล่ม ""{0}"""
"สร้างเล่ม ""{0}"" พร้อมบทแรกแล้ว","สร้างเล่ม ""{0}"" พร้อมบทแรกแล้ว"
สร้างเล่มใหม่ (มีบทแรกให้อัตโนมัติ),สร้างเล่มใหม่ (มีบทแรกให้อัตโนมัติ)
สร้างโลก (Worldbuilding)…,สร้างโลก (Worldbuilding)…
สร้างเว็บสารานุกรมแบบ Fandom/Wikia (เปิดออฟไลน์ได้ ไม่ต้องต่อเน็ต),สร้างเว็บสารานุกรมแบบ Fandom/Wikia (เปิดออฟไลน์ได้ ไม่ต้องต่อเน็ต)
สร้างหมวด “,สร้างหมวด “
สร้างหมวดใหม่,สร้างหมวดใหม่
สร้างใหม่ในหมวดนี้,สร้างใหม่ในหมวดนี้
สร้างอัลบั้ม: ,สร้างอัลบั้ม: 
สร้างอัลบั้มไม่สำเร็จ: ,สร้างอัลบั้มไม่สำเร็จ: 
สร้างอัลบั้มใหม่,สร้างอัลบั้มใหม่
สร้างเอนทิตี้ใหม่ — cat = characters | locations | items | lore (หรือหมวดที่ผู้ใช้สร้างเอง),สร้างเอนทิตี้ใหม่ — cat = characters | locations | items | lore (หรือหมวดที่ผู้ใช้สร้างเอง)
สร้าง memo ใหม่,สร้าง memo ใหม่
สร้าง PDF,สร้าง PDF
สร้าง PDF…,สร้าง PDF…
สร้าง PDF ไม่สำเร็จ,สร้าง PDF ไม่สำเร็จ
สร้าง PDF ลายน้ำ {0} ไฟล์ที่ {1},สร้าง PDF ลายน้ำ {0} ไฟล์ที่ {1}
สร้าง PDF ลายน้ำไม่สำเร็จ,สร้าง PDF ลายน้ำไม่สำเร็จ
สรุป,สรุป
" — สรุป

"," — สรุป

"
สรุปข้อความต่อไปนี้ให้เข้าใจง่าย คงเหตุการณ์สำคัญและชื่อตัวละครที่ปรากฏ,สรุปข้อความต่อไปนี้ให้เข้าใจง่าย คงเหตุการณ์สำคัญและชื่อตัวละครที่ปรากฏ
สรุปเนื้อหาโปรเจกต์…,สรุปเนื้อหาโปรเจกต์…
สรุปย่อ,สรุปย่อ
## สรุปสถิติ,## สรุปสถิติ
สลับ 2D/3D,สลับ 2D/3D
สลับเงื่อนไขการกรอง,สลับเงื่อนไขการกรอง
สลับทิศ,สลับทิศ
สลับเป็นโหมดนิยาย,สลับเป็นโหมดนิยาย
สลับเป็นโหมดบทหนัง,สลับเป็นโหมดบทหนัง
สลับไปข้างหน้า (เดิม Tab),สลับไปข้างหน้า (เดิม Tab)
สลับย้อนกลับ (เดิม Shift+Tab),สลับย้อนกลับ (เดิม Shift+Tab)
สลับหัวลูกศรปลายทาง,สลับหัวลูกศรปลายทาง
""" — สลับโหมดที่กล่องพิมพ์ก่อน",""" — สลับโหมดที่กล่องพิมพ์ก่อน"
สลับโหมด นิยาย ↔ บทหนัง ({0}+{1}+M),สลับโหมด นิยาย ↔ บทหนัง ({0}+{1}+M)
สลับโหมดเอกสาร นิยาย ↔ บทหนัง (Ctrl+Shift+M),สลับโหมดเอกสาร นิยาย ↔ บทหนัง (Ctrl+Shift+M)
สลัว,สลัว
ส่วนโค้งตัวละคร,ส่วนโค้งตัวละคร
ส่วนเนื้อหา,ส่วนเนื้อหา
ส่วนเสริมท้ายชื่อตัวละคร (V.O. · O.S. · cont'd),ส่วนเสริมท้ายชื่อตัวละคร (V.O. · O.S. · cont'd)
ส่วนเสริมท้ายชื่อตัวละคร (V.O. · O.S. · cont'd)…,ส่วนเสริมท้ายชื่อตัวละคร (V.O. · O.S. · cont'd)…
ส่วนหัว HTTP เพิ่มเติม,ส่วนหัว HTTP เพิ่มเติม
สว่าง,สว่าง
สว่าง (Light),สว่าง (Light)
สัญลักษณ์,สัญลักษณ์
สัดส่วน,สัดส่วน
สัดส่วนบรรยาย : บทสนทนา ต่อบท,สัดส่วนบรรยาย : บทสนทนา ต่อบท
สั้นมาก (1-2 ประโยค),สั้นมาก (1-2 ประโยค)
สามเหลี่ยม,สามเหลี่ยม
สารบัญของผลงานทั้งเล่ม — เล่ม → บท → ฉาก พร้อม Wiki คลังรูป และถังขยะ · ลากสลับลำดับได้ · ช่องค้นหาด้านบนกรองได้ทั้งชื่อ แท็ก และสถานะ,สารบัญของผลงานทั้งเล่ม — เล่ม → บท → ฉาก พร้อม Wiki คลังรูป และถังขยะ · ลากสลับลำดับได้ · ช่องค้นหาด้านบนกรองได้ทั้งชื่อ แท็ก และสถานะ
สำคัญ,สำคัญ
สำนวน,สำนวน
 สำเนา, สำเนา
 (สำเนา), (สำเนา)
สำรองโปรเจกต์เดี๋ยวนี้,สำรองโปรเจกต์เดี๋ยวนี้
สำรองโปรเจกต์ล้มเหลว,สำรองโปรเจกต์ล้มเหลว
สำรองโปรเจกต์แล้ว: {0} ({1} ไฟล์),สำรองโปรเจกต์แล้ว: {0} ({1} ไฟล์)
สำเร็จ,สำเร็จ
สิ่งของ,สิ่งของ
สิ่งที่ตัวละครควรรู้/ไม่ควรรู้,สิ่งที่ตัวละครควรรู้/ไม่ควรรู้
สิ่งที่แต่ละฝ่ายต้องการจากบทสนทนานี้: ,สิ่งที่แต่ละฝ่ายต้องการจากบทสนทนานี้: 
สิ่งที่ถือว่านอกรีต,สิ่งที่ถือว่านอกรีต
สิ่งที่นับถือ,สิ่งที่นับถือ
สินค้าหลัก,สินค้าหลัก
สิ้นใจ,สิ้นใจ
สี,สี
สี ▸,สี ▸
สีการ์ดฉาก,สีการ์ดฉาก
สีตัวอักษร,สีตัวอักษร
สีเส้นของทางเลือกนี้,สีเส้นของทางเลือกนี้
สีเส้นเชื่อมอื่น ๆ,สีเส้นเชื่อมอื่น ๆ
สีเส้น (ตามประเภทความสัมพันธ์),สีเส้น (ตามประเภทความสัมพันธ์)
สี่เหลี่ยม,สี่เหลี่ยม
สีโหนด (ตามหมวด),สีโหนด (ตามหมวด)
สีอื่น…,สีอื่น…
เส้น,เส้น
เส้นกริด,เส้นกริด
เส้นเชื่อม,เส้นเชื่อม
เส้นตรง,เส้นตรง
เส้นทาง,เส้นทาง
"เส้นทาง = ลากเส้นเชื่อมหมุดตามลำดับ ใช้เล่าการเดินทางของตัวละคร — กด ""＋ เส้นทางใหม่"" แล้วคลิกหมุดทีละจุด","เส้นทาง = ลากเส้นเชื่อมหมุดตามลำดับ ใช้เล่าการเดินทางของตัวละคร — กด ""＋ เส้นทางใหม่"" แล้วคลิกหมุดทีละจุด"
เส้นทางจากจุดเริ่มมาที่นี่,เส้นทางจากจุดเริ่มมาที่นี่
เส้นทางจากฉากนี้,เส้นทางจากฉากนี้
เส้นทางที่ ,เส้นทางที่ 
เส้นทางที่เป็นไปได้,เส้นทางที่เป็นไปได้
เส้นทางนี้เขียน PDF เองด้วย pdf-lib จึงทำสารบัญ/เปิดที่หน้าเดิม/ฝังฟอนต์ไทยได้ ,เส้นทางนี้เขียน PDF เองด้วย pdf-lib จึงทำสารบัญ/เปิดที่หน้าเดิม/ฝังฟอนต์ไทยได้ 
เส้นทางใหม่,เส้นทางใหม่
เส้นบางลง,เส้นบางลง
เส้นประ / เส้นทึบ,เส้นประ / เส้นทึบ
เส้นเวลา,เส้นเวลา
เส้นเวลา (Timeline),เส้นเวลา (Timeline)
เส้นหนาขึ้น,เส้นหนาขึ้น
) เสร็จ: ,) เสร็จ: 
เสร็จแล้ว,เสร็จแล้ว
เสร็จแล้ว {0} ไฟล์,เสร็จแล้ว {0} ไฟล์
เสร็จแล้ว — {0} หน้า · สารบัญ {1} รายการ,เสร็จแล้ว — {0} หน้า · สารบัญ {1} รายการ
เสียงเครื่องพิมพ์ดีด: ปิด,เสียงเครื่องพิมพ์ดีด: ปิด
เสียงเครื่องพิมพ์ดีด: เปิด,เสียงเครื่องพิมพ์ดีด: เปิด
เสียใจ,เสียใจ
แสดง {0}/{1} การ์ด,แสดง {0}/{1} การ์ด
{{ }} แสดงข้อความดิบ (JSON),{{ }} แสดงข้อความดิบ (JSON)
แสดงแค่,แสดงแค่
แสดง/ซ่อนป้ายชื่อใต้หมุด,แสดง/ซ่อนป้ายชื่อใต้หมุด
แสดง/ซ่อนย่อหน้าใน Navigation,แสดง/ซ่อนย่อหน้าใน Navigation
แสดง/ซ่อนระดับ ,แสดง/ซ่อนระดับ 
แสดง/ซ่อนเส้นทางระหว่างหมุด,แสดง/ซ่อนเส้นทางระหว่างหมุด
 แสดงเซสชันที่จัดเก็บแล้ว, แสดงเซสชันที่จัดเก็บแล้ว
แสดงตัวหนังสือ (ชื่อใต้โหนด),แสดงตัวหนังสือ (ชื่อใต้โหนด)
แสดงตำแหน่งใน Explorer แล้ว,แสดงตำแหน่งใน Explorer แล้ว
แสดงเท่าที่ไล่ไหว,แสดงเท่าที่ไล่ไหว
แสดงแผงทางเลือก,แสดงแผงทางเลือก
แสดงรูปแบบ: ปิด,แสดงรูปแบบ: ปิด
แสดงรูปแบบ: เปิด (เส้นขอบ element + เครื่องหมายจบบรรทัด),แสดงรูปแบบ: เปิด (เส้นขอบ element + เครื่องหมายจบบรรทัด)
แสดงรูปแบบ (เส้นขอบ element + เครื่องหมายจบบรรทัด),แสดงรูปแบบ (เส้นขอบ element + เครื่องหมายจบบรรทัด)
แสดงรูปย่อ,แสดงรูปย่อ
แสดงเลขบรรทัด (รางซ้ายของแผง),แสดงเลขบรรทัด (รางซ้ายของแผง)
แสดงหน้าแรกเสมอ: ปิด,แสดงหน้าแรกเสมอ: ปิด
แสดงหน้าแรกเสมอ: เปิด,แสดงหน้าแรกเสมอ: เปิด
แสดงหน้าแรกเสมอเมื่อเริ่มโปรแกรม,แสดงหน้าแรกเสมอเมื่อเริ่มโปรแกรม
แสดงหัวข้อ Scene,แสดงหัวข้อ Scene
แสดงหัวข้อ Time,แสดงหัวข้อ Time
แสดง grid,แสดง grid
ใส่ชื่อฉาก (H3),ใส่ชื่อฉาก (H3)
ใส่ชื่อบท (H2),ใส่ชื่อบท (H2)
ใส่ตอนพิมพ์/ส่งออก,ใส่ตอนพิมพ์/ส่งออก
ใส่ตัวอย่างแล้ว — กด 💾 ถ้าจะเก็บไว้,ใส่ตัวอย่างแล้ว — กด 💾 ถ้าจะเก็บไว้
ใส่เลขลำดับหน้าชื่อฉาก,ใส่เลขลำดับหน้าชื่อฉาก
ใส่หัวบนหน้าแรกด้วย,ใส่หัวบนหน้าแรกด้วย
ใส่อารมณ์ขันเบา ๆ แต่ไม่ทำลายเนื้อเรื่อง,ใส่อารมณ์ขันเบา ๆ แต่ไม่ทำลายเนื้อเรื่อง
ห,ห
หน้า,หน้า
หน้า ,หน้า 
 หน้า, หน้า
 หน้า , หน้า 
 หน้า → , หน้า → 
หน้า {0} {1} บทพูด {2}% · บรรยาย {3}%,หน้า {0} {1} บทพูด {2}% · บรรยาย {3}%
หน้าต่างแผง: ไม่ได้รับที่อยู่โปรเจกต์,หน้าต่างแผง: ไม่ได้รับที่อยู่โปรเจกต์
 · หน้าตาไม่เหมือนชื่อ, · หน้าตาไม่เหมือนชื่อ
หน้านี้ไม่มีหัวกระดาษ,หน้านี้ไม่มีหัวกระดาษ
หน้าปกจะถูกวางไว้ก่อนหน้าแรกของบท และไม่นับรวมกับเลขหน้า · ,หน้าปกจะถูกวางไว้ก่อนหน้าแรกของบท และไม่นับรวมกับเลขหน้า · 
หน้าปก (ชื่อเรื่อง / ผู้เขียน / จำนวนคำ),หน้าปก (ชื่อเรื่อง / ผู้เขียน / จำนวนคำ)
หน้าปก (Title Pages),หน้าปก (Title Pages)
หน้ารายชื่อตัวละคร (Cast of Characters),หน้ารายชื่อตัวละคร (Cast of Characters)
หน้าแรก,หน้าแรก
หน้าแรกมีทางเข้าของตัวเองที่เมนู ไฟล์ → หน้าแรก,หน้าแรกมีทางเข้าของตัวเองที่เมนู ไฟล์ → หน้าแรก
"หน้าวิกิ: {0}
{1}","หน้าวิกิ: {0}
{1}"
"หนึ่งบรรทัด = หนึ่งคน
สมชาย
สมหญิง | สำเนาสำหรับผู้กำกับ","หนึ่งบรรทัด = หนึ่งคน
สมชาย
สมหญิง | สำเนาสำหรับผู้กำกับ"
- หนึ่งบล็อก = หนึ่งคำสั่ง สั่งหลายอย่างได้โดยใส่หลายบล็อก โปรแกรมจะทำตามลำดับบนลงล่าง,- หนึ่งบล็อก = หนึ่งคำสั่ง สั่งหลายอย่างได้โดยใส่หลายบล็อก โปรแกรมจะทำตามลำดับบนลงล่าง
หนู,หนู
หมดเวลารอ (วินาที),หมดเวลารอ (วินาที)
หม่นหมอง,หม่นหมอง
หมวด: ,หมวด: 
หมวด,หมวด
หมวด (เช่น โลกปัจจุบัน),หมวด (เช่น โลกปัจจุบัน)
หมวดแผนที่ (เว้นว่าง = ไม่ระบุหมวด),หมวดแผนที่ (เว้นว่าง = ไม่ระบุหมวด)
หมวดแผนที่ — เว้นว่างได้,หมวดแผนที่ — เว้นว่างได้
หมวดหลักลบไม่ได้,หมวดหลักลบไม่ได้
หมายเหตุ,หมายเหตุ
หมุด: ,หมุด: 
หมุด,หมุด
"หยุดที่ {0} รอบเพื่อกันวนไม่จบ — พิมพ์ ""ทำต่อ"" ถ้ายังไม่เสร็จ","หยุดที่ {0} รอบเพื่อกันวนไม่จบ — พิมพ์ ""ทำต่อ"" ถ้ายังไม่เสร็จ"
"(หรือเลือกรูปในคลังแล้วกด ""🎨 วางบนกระดาน"")","(หรือเลือกรูปในคลังแล้วกด ""🎨 วางบนกระดาน"")"
หลักคำสอน,หลักคำสอน
หลังสร้างต้นไม้,หลังสร้างต้นไม้
หวาดกลัว,หวาดกลัว
หักมุมฉาก,หักมุมฉาก
หัวกระดาษทุกหน้า (Page Headers),หัวกระดาษทุกหน้า (Page Headers)
"หัวกระดาษพิมพ์ซ้ำทุกหน้าที่ขอบบน และ ""กินบรรทัด"" ของเนื้อหน้าจริง ","หัวกระดาษพิมพ์ซ้ำทุกหน้าที่ขอบบน และ ""กินบรรทัด"" ของเนื้อหน้าจริง "
หัวข้อ,หัวข้อ
หัวข้อ {0} ({1}+{2}),หัวข้อ {0} ({1}+{2})
หัวฉาก,หัวฉาก
หัวฉากติดกันสองอัน — “{0}” ไม่มีเนื้อฉาก,หัวฉากติดกันสองอัน — “{0}” ไม่มีเนื้อฉาก
หัวฉากแรกของหน้านั้น,หัวฉากแรกของหน้านั้น
หัวบท,หัวบท
หัวลูกศร (ต้นทาง / ปลายทาง),หัวลูกศร (ต้นทาง / ปลายทาง)
หาคำและวลีที่ซ้ำจนสะดุดตา แยกตามบทและตามตัวละครผู้พูด,หาคำและวลีที่ซ้ำจนสะดุดตา แยกตามบทและตามตัวละครผู้พูด
หาแถวไม่เจอ → ซ่อมต้นไม้,หาแถวไม่เจอ → ซ่อมต้นไม้
 หาในดิสก์, หาในดิสก์
- ห้ามใส่คอมเมนต์หรือข้อความอื่นในบล็อก `k2` — ต้องเป็น JSON ล้วน,- ห้ามใส่คอมเมนต์หรือข้อความอื่นในบล็อก `k2` — ต้องเป็น JSON ล้วน
ห้ามใส่หัวฉาก ห้ามใส่คำบรรยายยาว ห้ามใส่เลขลำดับ,ห้ามใส่หัวฉาก ห้ามใส่คำบรรยายยาว ห้ามใส่เลขลำดับ
ห้ามอธิบายอะไรเพิ่ม ตอบแค่บรรทัดแท็ก,ห้ามอธิบายอะไรเพิ่ม ตอบแค่บรรทัดแท็ก
ห้าวหาญ,ห้าวหาญ
"เหตุการณ์: {0}
เวลา: {1}{2}
{3}","เหตุการณ์: {0}
เวลา: {1}{2}
{3}"
""" · เห็นข้อมูล: ",""" · เห็นข้อมูล: "
เห็นทั้งรูปตามสัดส่วนจริง ไม่ครอบตัด,เห็นทั้งรูปตามสัดส่วนจริง ไม่ครอบตัด
"เหมือนกัน {0} · ต่างกัน {1} · มีเฉพาะ ""{2}"" {3}","เหมือนกัน {0} · ต่างกัน {1} · มีเฉพาะ ""{2}"" {3}"
เหมือนกันทุกบรรทัด,เหมือนกันทุกบรรทัด
 แห่ง, แห่ง
แหล่งพลัง,แหล่งพลัง
โหมด,โหมด
"โหมดการทำงาน
","โหมดการทำงาน
"
โหมดคิดก่อนตอบ,โหมดคิดก่อนตอบ
โหมดเครื่องพิมพ์ดีด ({0}+{1}+T),โหมดเครื่องพิมพ์ดีด ({0}+{1}+T)
โหมดเครื่องพิมพ์ดีด: ปิด,โหมดเครื่องพิมพ์ดีด: ปิด
โหมดเครื่องพิมพ์ดีด: เปิด,โหมดเครื่องพิมพ์ดีด: เปิด
โหมดเทียบเอกสาร: ,โหมดเทียบเอกสาร: 
"โหมดปัจจุบันไม่อนุญาตให้ใช้ ""","โหมดปัจจุบันไม่อนุญาตให้ใช้ """
โหมดโฟกัส,โหมดโฟกัส
โหมดโฟกัส ({0}+{1}+D),โหมดโฟกัส ({0}+{1}+D)
โหมดโฟกัส — Esc หรือ Ctrl+Shift+D เพื่อออก,โหมดโฟกัส — Esc หรือ Ctrl+Shift+D เพื่อออก
โหมดย้ายตำแหน่ง — ลากหมุดเพื่อย้าย,โหมดย้ายตำแหน่ง — ลากหมุดเพื่อย้าย
โหมดหน้ากระดาษ,โหมดหน้ากระดาษ
โหมดหน้ากระดาษ: ปิด (พื้นมืด),โหมดหน้ากระดาษ: ปิด (พื้นมืด)
โหมดหน้ากระดาษ: เปิด (กระดาษขาว),โหมดหน้ากระดาษ: เปิด (กระดาษขาว)
โหมดอ่าน,โหมดอ่าน
โหมดอ่าน + โฟกัส,โหมดอ่าน + โฟกัส
โหมดอ่าน — กด Esc หรือคลิก 📖 เพื่อออก,โหมดอ่าน — กด Esc หรือคลิก 📖 เพื่อออก
โหมดอ่าน (เต็มจอ),โหมดอ่าน (เต็มจอ)
โหมดเอกสาร,โหมดเอกสาร
โหลดปลั๊กอิน {0} ตัว,โหลดปลั๊กอิน {0} ตัว
โหลดผิดพลาด,โหลดผิดพลาด
โหลดไฟล์ภาษาใหม่แล้ว,โหลดไฟล์ภาษาใหม่แล้ว
โหลดส่วนศูนย์รวมไม่สำเร็จ,โหลดส่วนศูนย์รวมไม่สำเร็จ
ใหญ่,ใหญ่
ให้แต่ละคนพูดตามบุคลิก วิธีพูด และเป้าหมายของตัวเอง — ห้ามให้ทั้งคู่พูดเหมือนกัน,ให้แต่ละคนพูดตามบุคลิก วิธีพูด และเป้าหมายของตัวเอง — ห้ามให้ทั้งคู่พูดเหมือนกัน
ใหม่,ใหม่
อ,อ
องก์ 1,องก์ 1
องก์ 2,องก์ 2
องก์ 3,องก์ 3
องก์ (Act),องก์ (Act)
อย่างน้อยหนึ่ง (OR),อย่างน้อยหนึ่ง (OR)
อย่าลืมปมเรื่องกุญแจ,อย่าลืมปมเรื่องกุญแจ
 (อยู่ใต้ {0}), (อยู่ใต้ {0})
อยู่ที่จุดนี้อยู่แล้ว,อยู่ที่จุดนี้อยู่แล้ว
อยู่ใน,อยู่ใน
อยู่ในวงวนซ้ำ,อยู่ในวงวนซ้ำ
อยู่ในอัลบั้ม: {0},อยู่ในอัลบั้ม: {0}
ออกจากโปรแกรม,ออกจากโปรแกรม
ออกจากโหมดโฟกัส,ออกจากโหมดโฟกัส
ออกจากโหมดอ่าน,ออกจากโหมดอ่าน
ออกโดยไม่บันทึก,ออกโดยไม่บันทึก
อ่อนโยน เน้นความรู้สึกระหว่างตัวละคร,อ่อนโยน เน้นความรู้สึกระหว่างตัวละคร
— อัตโนมัติ —,— อัตโนมัติ —
อัตโนมัติ,อัตโนมัติ
อับแสง,อับแสง
อัปเดตดัชนี backlinks ล้มเหลว,อัปเดตดัชนี backlinks ล้มเหลว
อัปเดตลิงก์รูปใน {0} ไฟล์,อัปเดตลิงก์รูปใน {0} ไฟล์
อัปเดตอัตโนมัติทุกครั้งที่บันทึกไฟล์,อัปเดตอัตโนมัติทุกครั้งที่บันทึกไฟล์
อัปลักษณ์,อัปลักษณ์
อัลบั้ม,อัลบั้ม
อัลบั้ม: {0},อัลบั้ม: {0}
อัลบั้ม {0} · แท็ก {1} · ใช้แล้ว {2},อัลบั้ม {0} · แท็ก {1} · ใช้แล้ว {2}
(อัลบั้มนี้ยังว่าง),(อัลบั้มนี้ยังว่าง)
อั๊ว,อั๊ว
อ้างอิง,อ้างอิง
อ้างอิงถึงเอกสาร/โน้ตไหน,อ้างอิงถึงเอกสาร/โน้ตไหน
"อ่าน ""{0}"" แล้ว","อ่าน ""{0}"" แล้ว"
"อ่านข้อมูล ""{0}""","อ่านข้อมูล ""{0}"""
อ่านข้อมูลเอนทิตี้ใน Wiki (ตัวละคร/สถานที่/ไอเทม/ตำนาน),อ่านข้อมูลเอนทิตี้ใน Wiki (ตัวละคร/สถานที่/ไอเทม/ตำนาน)
อ่านคำตอบจาก AI ไม่ได้ (ไม่ใช่ JSON),อ่านคำตอบจาก AI ไม่ได้ (ไม่ใช่ JSON)
อ่านโครงสร้างแล้ว,อ่านโครงสร้างแล้ว
อ่านโครง binder ไม่ได้ (ไฟล์อาจเสียหาย),อ่านโครง binder ไม่ได้ (ไฟล์อาจเสียหาย)
"อ่านฉาก ""{0}""{1}","อ่านฉาก ""{0}""{1}"
อ่านฉาก {0}/{1}{2},อ่านฉาก {0}/{1}{2}
"อ่านฉาก ""{0}"" แล้ว","อ่านฉาก ""{0}"" แล้ว"
"อ่านฉากทั้งหมดต่อไปนี้ตามลำดับ แล้วหา ""ช่องโหว่ของเนื้อเรื่อง"" ที่เกิดจากเนื้อหาขัดกันเอง","อ่านฉากทั้งหมดต่อไปนี้ตามลำดับ แล้วหา ""ช่องโหว่ของเนื้อเรื่อง"" ที่เกิดจากเนื้อหาขัดกันเอง"
อ่านฉากไม่สำเร็จ,อ่านฉากไม่สำเร็จ
อ่านชุดสถานะจากไฟล์ .json (รวมกับของเดิม ไม่ลบทิ้ง),อ่านชุดสถานะจากไฟล์ .json (รวมกับของเดิม ไม่ลบทิ้ง)
อ่านเนื้อเรื่องใหม่จากไฟล์,อ่านเนื้อเรื่องใหม่จากไฟล์
อ่านเนื้อหาฉาก,อ่านเนื้อหาฉาก
อ่านโปรเจกต์ได้ด้วยคำสั่งอ่าน แต่ห้ามแก้ไขหรือสร้างไฟล์ ,อ่านโปรเจกต์ได้ด้วยคำสั่งอ่าน แต่ห้ามแก้ไขหรือสร้างไฟล์ 
อ่านโปรไฟล์ตัวละครกับฉากที่ตัวละครนั้นปรากฏ แล้วชี้จุดที่ตัวละครทำ/พูดไม่ตรงกับตัวเองในฉากอื่นหรือไม่ตรงกับโปรไฟล์ ,อ่านโปรไฟล์ตัวละครกับฉากที่ตัวละครนั้นปรากฏ แล้วชี้จุดที่ตัวละครทำ/พูดไม่ตรงกับตัวเองในฉากอื่นหรือไม่ตรงกับโปรไฟล์ 
อ่านไฟล์ฟอนต์สำหรับ PDF ไม่สำเร็จ,อ่านไฟล์ฟอนต์สำหรับ PDF ไม่สำเร็จ
อ่านไฟล์ไม่สำเร็จ: ,อ่านไฟล์ไม่สำเร็จ: 
(อ่านไฟล์เวอร์ชันไม่ได้),(อ่านไฟล์เวอร์ชันไม่ได้)
อ่านไฟล์ CSV ไม่ได้: ,อ่านไฟล์ CSV ไม่ได้: 
(อ่านไม่ได้),(อ่านไม่ได้)
อ่านเรื่องแบบผู้เล่น — เนื้อฉากอ่านอย่างเดียว แล้วกดปุ่มทางเลือกเดินต่อไปเรื่อย ๆ · ย้อนกลับได้ · เก็บเส้นทางแต่ละรอบไว้ดูย้อนหลัง,อ่านเรื่องแบบผู้เล่น — เนื้อฉากอ่านอย่างเดียว แล้วกดปุ่มทางเลือกเดินต่อไปเรื่อย ๆ · ย้อนกลับได้ · เก็บเส้นทางแต่ละรอบไว้ดูย้อนหลัง
อ่านหน้ารายชื่อตัวละครไม่สำเร็จ,อ่านหน้ารายชื่อตัวละครไม่สำเร็จ
 — อ่านอย่างเดียว, — อ่านอย่างเดียว
อ่านเอนทิตี้ไม่ได้: ,อ่านเอนทิตี้ไม่ได้: 
อ่าน draft.json ไม่ได้,อ่าน draft.json ไม่ได้
อ่าน scenes.json ใหม่,อ่าน scenes.json ใหม่
อ่าน section.json ไม่ได้,อ่าน section.json ไม่ได้
อายุ,อายุ
อารมณ์,อารมณ์
อารมณ์: ,อารมณ์: 
(อารมณ์/การกระทำสั้น ๆ ถ้าจำเป็น),(อารมณ์/การกระทำสั้น ๆ ถ้าจำเป็น)
อารมณ์ของฉาก: ,อารมณ์ของฉาก: 
อาหรับ,อาหรับ
อำนาจทางการเมือง,อำนาจทางการเมือง
อีกฝั่งจะได้บทบาท “{0}” อัตโนมัติ,อีกฝั่งจะได้บทบาท “{0}” อัตโนมัติ
อึกทึก,อึกทึก
อื่น ๆ,อื่น ๆ
เอกสาร,เอกสาร
เอนจินเว็บ + รันไทม์ที่มากับ Electron,เอนจินเว็บ + รันไทม์ที่มากับ Electron
เอนทิตี้,เอนทิตี้
เอนทิตี้ ↔ ฉาก,เอนทิตี้ ↔ ฉาก
เอนทิตี้↔ฉาก,เอนทิตี้↔ฉาก
เอนทิตี้ Wiki,เอนทิตี้ Wiki
เอนทิตี้ Wiki ทั้งเล่มในมุมมองสารานุกรม — เรียกดูตามหมวด ค้นด้วยชื่อ/ชื่อเล่น · ส่งออกเป็นเว็บแบบ Fandom/Wikia ที่เปิดออฟไลน์ได้ทั้งชุด,เอนทิตี้ Wiki ทั้งเล่มในมุมมองสารานุกรม — เรียกดูตามหมวด ค้นด้วยชื่อ/ชื่อเล่น · ส่งออกเป็นเว็บแบบ Fandom/Wikia ที่เปิดออฟไลน์ได้ทั้งชุด
เอ่ย,เอ่ย
เอากลับมาเป็นค้างอยู่,เอากลับมาเป็นค้างอยู่
เอาการอ้างอิงนี้ออก,เอาการอ้างอิงนี้ออก
เอาฉากนี้ออกจากแผนที่,เอาฉากนี้ออกจากแผนที่
เอาเฉพาะฉากที่สถานะ…,เอาเฉพาะฉากที่สถานะ…
เอาเซสชันออกจากที่จัดเก็บแล้ว,เอาเซสชันออกจากที่จัดเก็บแล้ว
เอาปกออก,เอาปกออก
เอารูปนี้ออก (ไฟล์ยังอยู่ในคลัง),เอารูปนี้ออก (ไฟล์ยังอยู่ในคลัง)
เอาหมุดออก: ,เอาหมุดออก: 
เอาออกจากหมวดแล้ว,เอาออกจากหมวดแล้ว
ไอเทม,ไอเทม
ฮะ,ฮะ
ใ,ใ
A4 (8.27 × 11.69 นิ้ว),A4 (8.27 × 11.69 นิ้ว)
AI กำลังคิดชื่อ…,AI กำลังคิดชื่อ…
AI กำลังตั้งคำบรรยาย… ({0}/{1}) {2},AI กำลังตั้งคำบรรยาย… ({0}/{1}) {2}
AI กำลังแนะนำแท็ก… ({0}/{1}) {2},AI กำลังแนะนำแท็ก… ({0}/{1}) {2}
AI แก้ไขโปรเจกต์แล้ว — รีเฟรชรายการเรียบร้อย,AI แก้ไขโปรเจกต์แล้ว — รีเฟรชรายการเรียบร้อย
"AI ขอลงมือทำ:

","AI ขอลงมือทำ:

"
AI จะถามก่อนทุกคำสั่ง,AI จะถามก่อนทุกคำสั่ง
AI จะลงมือทำเองโดยไม่ถาม (ยกเว้นคำสั่งลบ),AI จะลงมือทำเองโดยไม่ถาม (ยกเว้นคำสั่งลบ)
AI ตอบไม่ตรงโครงที่กำหนด,AI ตอบไม่ตรงโครงที่กำหนด
AI ตั้งคำบรรยายล้มเหลว: ,AI ตั้งคำบรรยายล้มเหลว: 
AI ตั้งคำบรรยายให้ {0} รูปแล้ว,AI ตั้งคำบรรยายให้ {0} รูปแล้ว
AI แนะนำแท็กล้มเหลว: ,AI แนะนำแท็กล้มเหลว: 
AI แนะนำแท็กให้ {0} รูปแล้ว,AI แนะนำแท็กให้ {0} รูปแล้ว
AI ไม่ได้ส่ง,AI ไม่ได้ส่ง
AI ไม่ได้ส่งคำบรรยายกลับมา,AI ไม่ได้ส่งคำบรรยายกลับมา
AI ไม่ได้ส่งแท็กกลับมา,AI ไม่ได้ส่งแท็กกลับมา
ai: อ่าน ai-key.json ไม่ได้,ai: อ่าน ai-key.json ไม่ได้
ai-chat: รวบรวมบริบทไม่สำเร็จ,ai-chat: รวบรวมบริบทไม่สำเร็จ
ai-chat: อ่านเซสชันไม่ได้ ,ai-chat: อ่านเซสชันไม่ได้ 
ai-chat: อ่านโฟลเดอร์เซสชันไม่ได้,ai-chat: อ่านโฟลเดอร์เซสชันไม่ได้
ai chat: RAG ใช้ไม่ได้ → ถามตรง ๆ,ai chat: RAG ใช้ไม่ได้ → ถามตรง ๆ
ai chat: stream ล้มเหลว,ai chat: stream ล้มเหลว
AI (provider ใหม่) ล้มเหลว,AI (provider ใหม่) ล้มเหลว
ai rag: สร้างดัชนี,ai rag: สร้างดัชนี
ai rag: retrieve ล้มเหลว,ai rag: retrieve ล้มเหลว
ai-summary: อ่าน Wiki ไม่ได้,ai-summary: อ่าน Wiki ไม่ได้
aLtErNaTe cAsE — สลับตัวเล็ก/ใหญ่,aLtErNaTe cAsE — สลับตัวเล็ก/ใหญ่
API key ไม่ถูกต้องหรือไม่มีสิทธิ์ (HTTP ,API key ไม่ถูกต้องหรือไม่มีสิทธิ์ (HTTP 
API key ไม่ถูกต้องหรือหมดสิทธิ์ (HTTP ,API key ไม่ถูกต้องหรือหมดสิทธิ์ (HTTP 
autosave ทำงาน,autosave ทำงาน
auto-sync: อัปเดตชื่อใน {0} ไฟล์,auto-sync: อัปเดตชื่อใน {0} ไฟล์
auto-task: ไล่ไฟล์ไม่ครบ,auto-task: ไล่ไฟล์ไม่ครบ
auto-task: auto-sync ปิด,auto-task: auto-sync ปิด
auto-task: auto-sync เปิด,auto-task: auto-sync เปิด
Ayuthaya (macOS · วรรณยุกต์ไม่ลอย),Ayuthaya (macOS · วรรณยุกต์ไม่ลอย)
backup: ข้ามไฟล์ ,backup: ข้ามไฟล์ 
Base URL: {0} · โมเดล: {1} · ,Base URL: {0} · โมเดล: {1} · 
Base URL ต้องขึ้นต้นด้วย http:// หรือ https://,Base URL ต้องขึ้นต้นด้วย http:// หรือ https://
Base URL ไม่อยู่ในรายการ Allowed HTTP Request Domains,Base URL ไม่อยู่ในรายการ Allowed HTTP Request Domains
branch: เปิดแผน ,branch: เปิดแผน 
branch: เปิดแผนไม่สำเร็จ,branch: เปิดแผนไม่สำเร็จ
branch: อ่านไฟล์แผนไม่ได้ ,branch: อ่านไฟล์แผนไม่ได้ 
branching: ตรวจทางเลือกตอนเปิดโปรเจกต์ไม่สำเร็จ,branching: ตรวจทางเลือกตอนเปิดโปรเจกต์ไม่สำเร็จ
branching: พบทางเลือกชี้ไปฉากที่ไม่มีแล้ว ,branching: พบทางเลือกชี้ไปฉากที่ไม่มีแล้ว 
branching: ส่งออก PNG ไม่สำเร็จ,branching: ส่งออก PNG ไม่สำเร็จ
branching: อ่านฉากไม่สำเร็จ,branching: อ่านฉากไม่สำเร็จ
branching: อ่านเนื้อฉากไม่สำเร็จ,branching: อ่านเนื้อฉากไม่สำเร็จ
buildTree: ไม่มี #tree ให้สลับเข้า (แผงโปรเจกต์ยังไม่พร้อม) — ข้ามรอบนี้,buildTree: ไม่มี #tree ให้สลับเข้า (แผงโปรเจกต์ยังไม่พร้อม) — ข้ามรอบนี้
buildTree ล้มเหลว,buildTree ล้มเหลว
buildTree: สร้างต้นไม้ไม่สำเร็จ (ต้นไม้เดิมยังอยู่),buildTree: สร้างต้นไม้ไม่สำเร็จ (ต้นไม้เดิมยังอยู่)
buildTree: สร้างหมวดกระดานวางแผนไม่สำเร็จ — ข้ามหมวดนี้ไปก่อน,buildTree: สร้างหมวดกระดานวางแผนไม่สำเร็จ — ข้ามหมวดนี้ไปก่อน
buildTree: สร้างหมวดแผนที่ไม่สำเร็จ — ข้ามหมวดนี้ไปก่อน,buildTree: สร้างหมวดแผนที่ไม่สำเร็จ — ข้ามหมวดนี้ไปก่อน
buildTree: สร้างหมวดแผนผังแตกสายไม่สำเร็จ — ข้ามหมวดนี้ไปก่อน,buildTree: สร้างหมวดแผนผังแตกสายไม่สำเร็จ — ข้ามหมวดนี้ไปก่อน
Capitalize Case — ขึ้นต้นทุกคำ,Capitalize Case — ขึ้นต้นทุกคำ
centralize: สร้างดัชนีไม่สำเร็จ,centralize: สร้างดัชนีไม่สำเร็จ
codex: ส่งออกไม่สำเร็จ,codex: ส่งออกไม่สำเร็จ
codex: ส่งออกเว็บ ,codex: ส่งออกเว็บ 
codex: อ่านดัชนีการกล่าวถึงไม่ได้,codex: อ่านดัชนีการกล่าวถึงไม่ได้
Courier Prime (แบบบทภาพยนตร์),Courier Prime (แบบบทภาพยนตร์)
Courier Prime (ฝังมากับโปรแกรม),Courier Prime (ฝังมากับโปรแกรม)
Courier Prime (ละติน · มาตรฐานบท),Courier Prime (ละติน · มาตรฐานบท)
Courier Thai Mono (ไทย · ความกว้างเท่ากันทุกตัว),Courier Thai Mono (ไทย · ความกว้างเท่ากันทุกตัว)
Courier Thai Mono (ไทย · ฝังมากับโปรแกรม),Courier Thai Mono (ไทย · ฝังมากับโปรแกรม)
Courier Thai Proportional (ไทย · ความกว้างตามตัวอักษร),Courier Thai Proportional (ไทย · ความกว้างตามตัวอักษร)
Courier Thai Proportional (ไทย · ฝังมากับโปรแกรม),Courier Thai Proportional (ไทย · ฝังมากับโปรแกรม)
"create/guide เกิดกรอบนำ {0}x{1} ที่ {2},{3}","create/guide เกิดกรอบนำ {0}x{1} ที่ {2},{3}"
 · Ctrl+คลิก = เลือกหลายตัว · Shift+ลาก = เลือกเป็นกรอบ · Ctrl+ล้อ = ซูม, · Ctrl+คลิก = เลือกหลายตัว · Shift+ลาก = เลือกเป็นกรอบ · Ctrl+ล้อ = ซูม
Ctrl+คลิก เปิดใน Wiki,Ctrl+คลิก เปิดใน Wiki
custom-status: นำเข้าล้มเหลว,custom-status: นำเข้าล้มเหลว
"""description"":""อธิบายปัญหาเป็นภาษาไทย"",""sceneId"":""<id ของฉาก>"",""relatedSceneId"":""<id ฉากที่ขัดกัน หรือ \""\"">"",","""description"":""อธิบายปัญหาเป็นภาษาไทย"",""sceneId"":""<id ของฉาก>"",""relatedSceneId"":""<id ฉากที่ขัดกัน หรือ \""\"">"","
dirty: ลงทะเบียนแหล่งงานค้าง ,dirty: ลงทะเบียนแหล่งงานค้าง 
dirty-registry: provider ต้องมี list(),dirty-registry: provider ต้องมี list()
dock {0} ({1}) อยู่ในโหมดสัดส่วน ทั้งที่มีพื้นที่เขียนอยู่ข้างใน — ,dock {0} ({1}) อยู่ในโหมดสัดส่วน ทั้งที่มีพื้นที่เขียนอยู่ข้างใน — 
dock {0} แบ่ง 50/50 กับพื้นที่เขียน — แผงที่เพิ่งผนึกกินครึ่งหน้าต่าง,dock {0} แบ่ง 50/50 กับพื้นที่เขียน — แผงที่เพิ่งผนึกกินครึ่งหน้าต่าง
Enter = ส่ง · Shift+Enter = ขึ้นบรรทัด,Enter = ส่ง · Shift+Enter = ขึ้นบรรทัด
Essentials (ค่าเริ่มต้น),Essentials (ค่าเริ่มต้น)
"""evidence"":""ข้อความสั้น ๆ ที่เป็นหลักฐาน"",""suggestion"":""ข้อเสนอวิธีแก้""}}]","""evidence"":""ข้อความสั้น ๆ ที่เป็นหลักฐาน"",""suggestion"":""ข้อเสนอวิธีแก้""}}]"
 — Explorer แสดงเฉพาะฉากที่มีแท็กนี้, — Explorer แสดงเฉพาะฉากที่มีแท็กนี้
explorer: อ่านคลังรูปไม่ได้,explorer: อ่านคลังรูปไม่ได้
explorer: อ่าน maps.json ไม่ได้,explorer: อ่าน maps.json ไม่ได้
export-blog: ข้ามฉาก ,export-blog: ข้ามฉาก 
export-blog: ฝังรูปไม่ได้ ,export-blog: ฝังรูปไม่ได้ 
export-zip: ข้ามไฟล์ ,export-zip: ข้ามไฟล์ 
floorplan: โหลด maps.json ไม่ได้,floorplan: โหลด maps.json ไม่ได้
floorplan: อ่านฉากไม่ได้,floorplan: อ่านฉากไม่ได้
Future Note (หมายเหตุนักเขียน),Future Note (หมายเหตุนักเขียน)
gallery-ai: vision ใช้ไม่ได้ → ตกไปทางข้อความ,gallery-ai: vision ใช้ไม่ได้ → ตกไปทางข้อความ
gallery-ai: vision ล้มเหลว,gallery-ai: vision ล้มเหลว
gallery-export: ข้ามไฟล์ ,gallery-export: ข้ามไฟล์ 
global-search: ค้นล้มเหลว,global-search: ค้นล้มเหลว
history: ย้อนกลับไม่ครบ,history: ย้อนกลับไม่ครบ
history: ย้อนกลับล้มเหลว,history: ย้อนกลับล้มเหลว
history: ย้อนกลับสำเร็จ ,history: ย้อนกลับสำเร็จ 
home: โหลดโปรเจกต์ล้มเหลว,home: โหลดโปรเจกต์ล้มเหลว
home: อ่านโปรเจกต์ล้มเหลว: ,home: อ่านโปรเจกต์ล้มเหลว: 
home-panel: โหลดล้มเหลว,home-panel: โหลดล้มเหลว
HTML tree (คลิกได้ · มีเนื้อฉากย่อ),HTML tree (คลิกได้ · มีเนื้อฉากย่อ)
ℹ ข้อมูลระบบ,ℹ ข้อมูลระบบ
ℹ️ ข้อมูลรูป,ℹ️ ข้อมูลรูป
I · II · III · หรือชื่อองก์ที่ตั้งเอง,I · II · III · หรือชื่อองก์ที่ตั้งเอง
import-zip: ไม่มี project.khn.json ที่ ,import-zip: ไม่มี project.khn.json ที่ 
INT. ห้องนอน - กลางคืน,INT. ห้องนอน - กลางคืน
INT. ห้องนอน — กลางคืน / ที่นี่คือฉากที่หนึ่ง ABC 123,INT. ห้องนอน — กลางคืน / ที่นี่คือฉากที่หนึ่ง ABC 123
iNVERSE cASE — กลับตัวเล็ก↔ใหญ่,iNVERSE cASE — กลับตัวเล็ก↔ใหญ่
"""issue"":""ปัญหาที่พบ (ภาษาไทย)"",""evidence"":""ข้อความจากฉาก"",""suggestion"":""ข้อเสนอวิธีแก้""}}]","""issue"":""ปัญหาที่พบ (ภาษาไทย)"",""evidence"":""ข้อความจากฉาก"",""suggestion"":""ข้อเสนอวิธีแก้""}}]"
JSON (โครงสร้างล้วน — เข้าเครื่องมืออื่น),JSON (โครงสร้างล้วน — เข้าเครื่องมืออื่น)
JSON ที่โมเดลสั่ง,JSON ที่โมเดลสั่ง
JSON ผิดรูปแบบ ยังไม่บันทึก: ,JSON ผิดรูปแบบ ยังไม่บันทึก: 
JSON ไม่ถูกต้อง: ,JSON ไม่ถูกต้อง: 
 — JSON ล้วน (ตรวจรูปแบบก่อนเขียน), — JSON ล้วน (ตรวจรูปแบบก่อนเขียน)
Kanban (กระดานตามสถานะ),Kanban (กระดานตามสถานะ)
key (อังกฤษ),key (อังกฤษ)
Killian 2 (คิเลียน),Killian 2 (คิเลียน)
Legal (8.5 × 14 นิ้ว),Legal (8.5 × 14 นิ้ว)
Letter (8.5 × 11 นิ้ว),Letter (8.5 × 11 นิ้ว)
lower case — ตัวเล็กทั้งหมด,lower case — ตัวเล็กทั้งหมด
maps: พิมพ์แผนที่ไม่สำเร็จ,maps: พิมพ์แผนที่ไม่สำเร็จ
maps: ส่งออก PNG ไม่สำเร็จ,maps: ส่งออก PNG ไม่สำเร็จ
maps: อ่านฉากที่ปักหมุดไม่ได้,maps: อ่านฉากที่ปักหมุดไม่ได้
maps: อ่านรูปประจำตัวของเอนทิตี้ไม่ได้,maps: อ่านรูปประจำตัวของเอนทิตี้ไม่ได้
markCentralizeStale ล้มเหลว,markCentralizeStale ล้มเหลว
Markdown ดิบ — ,Markdown ดิบ — 
Markdown outline (รายการย่อหน้า),Markdown outline (รายการย่อหน้า)
.md (ฉาก/โน้ต/Memo),.md (ฉาก/โน้ต/Memo)
Medium (การ์ดครีม),Medium (การ์ดครีม)
Ollama (เครื่องตัวเอง),Ollama (เครื่องตัวเอง)
on = สั่งให้โมเดลคิดเป็นขั้นก่อนตอบ (ใช้ได้เฉพาะโมเดลที่รองรับ),on = สั่งให้โมเดลคิดเป็นขั้นก่อนตอบ (ใช้ได้เฉพาะโมเดลที่รองรับ)
PDF ในโปรแกรมใช้ฟอนต์ที่ฝังมาเสมอ — ช่องนี้มีผลกับพรีวิว/พิมพ์,PDF ในโปรแกรมใช้ฟอนต์ที่ฝังมาเสมอ — ช่องนี้มีผลกับพรีวิว/พิมพ์
PDF ลายน้ำ,PDF ลายน้ำ
Planner (กระดานวางแผน),Planner (กระดานวางแผน)
"planner: บันทึก ""{0}"" {1}","planner: บันทึก ""{0}"" {1}"
planner: เปิดแผงซ้ำ — คำนวณพิกัด canvas ใหม่,planner: เปิดแผงซ้ำ — คำนวณพิกัด canvas ใหม่
"planner: โหลดกระดาน ""{0}""","planner: โหลดกระดาน ""{0}"""
planner: _fit ข้าม — เวทีกระดานยังไม่มีขนาด (แผงถูกซ่อนอยู่?),planner: _fit ข้าม — เวทีกระดานยังไม่มีขนาด (แผงถูกซ่อนอยู่?)
planner/tree ตรวจสภาพ ({0}): หมวด={1} แถว={2} ,planner/tree ตรวจสภาพ ({0}): หมวด={1} แถว={2} 
"planner/tree: ตัวกรอง Explorer ซ่อนแถว ""{0}""","planner/tree: ตัวกรอง Explorer ซ่อนแถว ""{0}"""
"planner/tree: แถว ""{0}"" เปลี่ยน {1}","planner/tree: แถว ""{0}"" เปลี่ยน {1}"
planner/tree: แถวกระดานถูกถอดออกจาก DOM,planner/tree: แถวกระดานถูกถอดออกจาก DOM
planner/tree: เริ่มเฝ้าดูแถวกระดานใน Explorer,planner/tree: เริ่มเฝ้าดูแถวกระดานใน Explorer
planner/tree: สร้างหมวดกระดาน {0} ใบ,planner/tree: สร้างหมวดกระดาน {0} ใบ
planner/tree: หาแถวกระดานที่เปิดอยู่ไม่เจอ,planner/tree: หาแถวกระดานที่เปิดอยู่ไม่เจอ
player-mode: ใช้ ProseMirror ไม่ได้ ใช้ข้อความล้วนแทน,player-mode: ใช้ ProseMirror ไม่ได้ ใช้ข้อความล้วนแทน
player-mode: บันทึก playthroughs ไม่สำเร็จ,player-mode: บันทึก playthroughs ไม่สำเร็จ
player-mode: อ่านฉากไม่สำเร็จ,player-mode: อ่านฉากไม่สำเร็จ
plugin: path หลุดขอบเขตโปรเจกต์: ,plugin: path หลุดขอบเขตโปรเจกต์: 
PNG (ภาพผัง — ส่งในแชต/สไลด์),PNG (ภาพผัง — ส่งในแชต/สไลด์)
project: เปิดโปรเจกต์ไม่สำเร็จ: ,project: เปิดโปรเจกต์ไม่สำเร็จ: 
props: สร้างแถวตำแหน่งบนแผนที่ไม่ได้,props: สร้างแถวตำแหน่งบนแผนที่ไม่ได้
quit: บันทึกก่อนปิดไม่สำเร็จ: ,quit: บันทึกก่อนปิดไม่สำเร็จ: 
record: ส่งออก CSV ,record: ส่งออก CSV 
registerPanel ล้มเหลว: ,registerPanel ล้มเหลว: 
remove-elements: เก็บเวอร์ชันก่อนลบไม่สำเร็จ (ลบต่อ),remove-elements: เก็บเวอร์ชันก่อนลบไม่สำเร็จ (ลบต่อ)
remove-elements ล้มเหลว,remove-elements ล้มเหลว
resource: โหลดไม่สำเร็จ <,resource: โหลดไม่สำเร็จ <
saveAll: บันทึกไม่สำเร็จ: ,saveAll: บันทึกไม่สำเร็จ: 
"[{{""sceneId"":""<id ฉาก>"",""aspect"":""<ประเด็นจากรายการข้างบน>"",""severity"":""critical|major|minor"",","[{{""sceneId"":""<id ฉาก>"",""aspect"":""<ประเด็นจากรายการข้างบน>"",""severity"":""critical|major|minor"","
scene-table: โหลดฉากล้มเหลว,scene-table: โหลดฉากล้มเหลว
scrivener import: มีคำเตือน,scrivener import: มีคำเตือน
scrivener import สำเร็จ,scrivener import สำเร็จ
scrollToAnchor: เลือกช่วงไม่ได้,scrollToAnchor: เลือกช่วงไม่ได้
search-panel: ค้นล้มเหลว,search-panel: ค้นล้มเหลว
selectionAnchor: อ่านไฟล์ไม่ได้,selectionAnchor: อ่านไฟล์ไม่ได้
Sentence case — ขึ้นต้นประโยคตัวใหญ่,Sentence case — ขึ้นต้นประโยคตัวใหญ่
Shift+คลิกโหนด = ผลักโหนดรอบ ๆ ออก,Shift+คลิกโหนด = ผลักโหนดรอบ ๆ ออก
Shift+Enter = ส่ง · Enter = ขึ้นบรรทัด,Shift+Enter = ส่ง · Enter = ขึ้นบรรทัด
sk-… (เว้นว่างได้ถ้าเซิร์ฟเวอร์ไม่ต้องใช้คีย์ เช่น Ollama),sk-… (เว้นว่างได้ถ้าเซิร์ฟเวอร์ไม่ต้องใช้คีย์ เช่น Ollama)
Story Network (แผนผังความสัมพันธ์),Story Network (แผนผังความสัมพันธ์)
SVG (ภาพผังแบบเวกเตอร์),SVG (ภาพผังแบบเวกเตอร์)
🅃 ข้อความ,🅃 ข้อความ
🅃 ข้อความตรงนี้,🅃 ข้อความตรงนี้
tag-pane: อ่านแท็กล้มเหลว,tag-pane: อ่านแท็กล้มเหลว
templates: เติมบล็อก profile ไม่สำเร็จ,templates: เติมบล็อก profile ไม่สำเร็จ
templates: เติมบล็อก profile ให้เทมเพลตมาตรฐานของโปรเจกต์นี้แล้ว,templates: เติมบล็อก profile ให้เทมเพลตมาตรฐานของโปรเจกต์นี้แล้ว
templates.json ผิดรูปแบบ: ,templates.json ผิดรูปแบบ: 
templates.json — JSON ล้วน แก้เสร็จกดบันทึก (ตรวจรูปแบบให้ก่อนเขียน),templates.json — JSON ล้วน แก้เสร็จกดบันทึก (ตรวจรูปแบบให้ก่อนเขียน)
"// text = ข้อความที่ประกอบเสร็จ · คืนค่าข้อความใหม่
return text;","// text = ข้อความที่ประกอบเสร็จ · คืนค่าข้อความใหม่
return text;"
thesaurus: ค้นไม่สำเร็จ,thesaurus: ค้นไม่สำเร็จ
TH Sarabun New (ราชการไทย),TH Sarabun New (ราชการไทย)
Title Case — แบบชื่อเรื่อง,Title Case — แบบชื่อเรื่อง
token: เข้า {0} · ออก {1},token: เข้า {0} · ออก {1}
"{{""tool"":""scene.read"",""args"":{{""title"":""ฉากแรก""}}}}","{{""tool"":""scene.read"",""args"":{{""title"":""ฉากแรก""}}}}"
"{{""tool"":""scene.write"",""args"":{{""title"":""ฉากแรก"",""mode"":""append"",""text"":""เนื้อหาที่จะเขียนต่อ…""}}}}","{{""tool"":""scene.write"",""args"":{{""title"":""ฉากแรก"",""mode"":""append"",""text"":""เนื้อหาที่จะเขียนต่อ…""}}}}"
"[{{""type"":""<ชนิดจากรายการข้างบน>"",""severity"":""critical|major|minor"",","[{{""type"":""<ชนิดจากรายการข้างบน>"",""severity"":""critical|major|minor"","
UPPER CASE — ตัวใหญ่ทั้งหมด,UPPER CASE — ตัวใหญ่ทั้งหมด
X-Header: ค่า  (บรรทัดละหนึ่งคู่),X-Header: ค่า  (บรรทัดละหนึ่งคู่)
XML ไม่ถูกต้อง: ,XML ไม่ถูกต้อง: 
