icon_id,glyph,unicode,name,status,file,line,context,position,i18n_key,snippet
I069,→,U+2192,,keep_text,languages/k2_en.csv,6,i18n,กลางข้อความ,ui.ai.aiChatRAGUse,ai chat: RAG ใช้ไม่ได้ → ถามตรง ๆ
I086,✨,U+2728,magic,need_svg,languages/k2_en.csv,9,i18n,นำหน้าข้อความ,ui.ai.assistantTitle,✨ AI writing assistant
I069,→,U+2192,,keep_text,languages/k2_en.csv,13,i18n,กลางข้อความ,ui.ai.cantSettingsAPIKey,ยังไม่ได้ตั้งค่า API key (ไฟล์ → ตั้งค่า AI)
I143,🎭,U+1F3AD,mask,need_svg,languages/k2_en.csv,22,i18n,นำหน้าข้อความ,ui.ai.consistTitle,🎭 Consistency check —
I143,🎭,U+1F3AD,mask,need_svg,languages/k2_en.csv,23,i18n,นำหน้าข้อความ,ui.ai.consistWorking,🎭 Checking consistency…
I082,💬,U+1F4AC,chat,has_svg,languages/k2_en.csv,30,i18n,นำหน้าข้อความ,ui.ai.dialogueTitle,💬 Generate dialogue
I072,❌,U+274C,x,has_svg,languages/k2_en.csv,36,i18n,นำหน้าข้อความ,ui.ai.errorMark,❌ Something went wrong
I074,⚠,U+26A0,error,has_svg,languages/k2_en.csv,49,i18n,นำหน้าข้อความ,ui.ai.hasRoundCallAI,⚠ มี {0} รอบที่เรียก AI ไม่สำเร็จ
I107,📥,U+1F4E5,import,need_svg,languages/k2_en.csv,52,i18n,นำหน้าข้อความ,ui.ai.insert,📥 แทรก
I107,📥,U+1F4E5,import,need_svg,languages/k2_en.csv,55,i18n,นำหน้าข้อความ,ui.ai.insertScene,📥 แทรกลงฉาก
I072,❌,U+274C,x,has_svg,languages/k2_en.csv,60,i18n,นำหน้าข้อความ,ui.ai.needBothChars,❌ Enter both character names
I069,→,U+2192,,keep_text,languages/k2_en.csv,61,i18n,กลางข้อความ,ui.ai.needSetup,Set up AI first: File → AI settings
I077,▶,U+25B6,play,need_svg,languages/k2_en.csv,62,i18n,นำหน้าข้อความ,ui.ai.new,▶ สร้าง
I099,✅,U+2705,check-circle,need_svg,languages/k2_en.csv,64,i18n,นำหน้าข้อความ,ui.ai.noInconsist,✅ No inconsistencies found
I099,✅,U+2705,check-circle,need_svg,languages/k2_en.csv,65,i18n,นำหน้าข้อความ,ui.ai.noPlotHoles,✅ No plot holes found
I079,🔍,U+1F50D,search,has_svg,languages/k2_en.csv,80,i18n,นำหน้าข้อความ,ui.ai.plotTitle,🔍 Plot hole check
I079,🔍,U+1F50D,search,has_svg,languages/k2_en.csv,81,i18n,นำหน้าข้อความ,ui.ai.plotWorking,🔍 Checking for plot holes…
I072,❌,U+274C,x,has_svg,languages/k2_en.csv,83,i18n,นำหน้าข้อความ,ui.ai.readFail,❌ Could not read file:
I077,▶,U+25B6,play,need_svg,languages/k2_en.csv,84,i18n,นำหน้าข้อความ,ui.ai.result,▶ ประมวลผล
I107,📥,U+1F4E5,import,need_svg,languages/k2_en.csv,89,i18n,นำหน้าข้อความ,ui.ai.saveWiki,📥 บันทึกลง Wiki
I111,📎,U+1F4CE,paperclip,need_svg,languages/k2_en.csv,94,i18n,นำหน้าข้อความ,ui.ai.sources,📎 Sources:
I259,🌍,U+1F30D,globe,has_svg,languages/k2_en.csv,116,i18n,นำหน้าข้อความ,ui.ai.worldTitle,🌍 World builder
I069,→,U+2192,,keep_text,languages/k2_en.csv,260,i18n,กลางข้อความ,ui.aia.runRange,{0} → {1} · {2} in a row
I069,→,U+2192,,keep_text,languages/k2_en.csv,331,i18n,กลางข้อความ,ui.aia.toolCheckFindWord,เครื่องมือ → ตรวจหาคำซ้ำ · AI → ตรวจ Plot Hole · AI → ตรวจความสอดคล้อง
I069,→,U+2192,,keep_text,languages/k2_en.csv,331,i18n,กลางข้อความ,ui.aia.toolCheckFindWord,เครื่องมือ → ตรวจหาคำซ้ำ · AI → ตรวจ Plot Hole · AI → ตรวจความสอดคล้อง
I069,→,U+2192,,keep_text,languages/k2_en.csv,331,i18n,กลางข้อความ,ui.aia.toolCheckFindWord,เครื่องมือ → ตรวจหาคำซ้ำ · AI → ตรวจ Plot Hole · AI → ตรวจความสอดคล้อง
I146,⚡,U+26A1,zap,need_svg,languages/k2_en.csv,471,i18n,นำหน้าข้อความ,ui.aiChatPanel.actCmdOk,⚡ ลงมือทำ {0} คำสั่ง — สำเร็จ {1}/{2}
I074,⚠,U+26A0,error,has_svg,languages/k2_en.csv,481,i18n,นำหน้าข้อความ,ui.aiChatPanel.aIDelProject,⚠ AI ขอลบของในโปรเจกต์:
I107,📥,U+1F4E5,import,need_svg,languages/k2_en.csv,484,i18n,นำหน้าข้อความ,ui.aiChatPanel.arrangeKeep,📥 จัดเก็บ
I104,🤖,U+1F916,bot,has_svg,languages/k2_en.csv,488,i18n,นำหน้าข้อความ,ui.aiChatPanel.assistant,🤖 ผู้ช่วย
I069,→,U+2192,,keep_text,languages/k2_en.csv,490,i18n,กลางข้อความ,ui.aiChatPanel.btnSendSetFile,ปุ่มส่งตั้งได้ที่ ไฟล์ → ตั้งค่า AI
I146,⚡,U+26A1,zap,need_svg,languages/k2_en.csv,491,i18n,นำหน้าข้อความ,ui.aiChatPanel.busyAct,⚡ กำลังลงมือทำ
I104,🤖,U+1F916,bot,has_svg,languages/k2_en.csv,492,i18n,นำหน้าข้อความ,ui.aiChatPanel.busyThink,🤖 กำลังคิด…
I104,🤖,U+1F916,bot,has_svg,languages/k2_en.csv,493,i18n,นำหน้าข้อความ,ui.aiChatPanel.busyThinkNext,🤖 กำลังคิดต่อ…
I072,❌,U+274C,x,has_svg,languages/k2_en.csv,498,i18n,นำหน้าข้อความ,ui.aiChatPanel.cantSettingsProviderAI,❌ ยังไม่ได้ตั้งค่าผู้ให้บริการ AI — ไฟล์ → ตั้งค่า AI
I069,→,U+2192,,keep_text,languages/k2_en.csv,498,i18n,กลางข้อความ,ui.aiChatPanel.cantSettingsProviderAI,❌ ยังไม่ได้ตั้งค่าผู้ให้บริการ AI — ไฟล์ → ตั้งค่า AI
I095,✎,U+270E,edit,has_svg,languages/k2_en.csv,499,i18n,นำหน้าข้อความ,ui.aiChatPanel.changeName,✎ เปลี่ยนชื่อ
I146,⚡,U+26A1,zap,need_svg,languages/k2_en.csv,508,i18n,นำหน้าข้อความ,ui.aiChatPanel.cmdAct,⚡ คำสั่งที่ลงมือทำ (
I260,↗,U+2197,link-external,need_svg,languages/k2_en.csv,511,i18n,นำหน้าข้อความ,ui.aiChatPanel.copyMarkdown,↗ แชร์ (คัดลอกเป็น Markdown)
I075,🗑,U+1F5D1,trash,has_svg,languages/k2_en.csv,524,i18n,นำหน้าข้อความ,ui.aiChatPanel.delSession2,🗑 ลบเซสชันนี้
I090,📤,U+1F4E4,export,need_svg,languages/k2_en.csv,529,i18n,นำหน้าข้อความ,ui.aiChatPanel.exitArrangeKeep,📤 เอาออกจากที่จัดเก็บ
I185,✍,U+270D,pen,need_svg,languages/k2_en.csv,531,i18n,นำหน้าข้อความ,ui.aiChatPanel.helpWriteNewEdit,✍ ช่วยเขียน — สร้าง/แก้ เล่ม บท ฉาก เอนทิตี้ ได้จริง (ลบไม่ได้)
I105,🧠,U+1F9E0,brain,has_svg,languages/k2_en.csv,533,i18n,นำหน้าข้อความ,ui.aiChatPanel.ideaModel,🧠 ความคิดของโมเดล
I087,➕,U+2795,plus,has_svg,languages/k2_en.csv,548,i18n,กลางข้อความ,ui.aiChatPanel.notHasSessionPress,"ยังไม่มีเซสชัน — กด """"➕ เซสชันใหม่"""" เพื่อเริ่มคุย"
I076,📖,U+1F4D6,book-open,has_svg,languages/k2_en.csv,552,i18n,นำหน้าข้อความ,ui.aiChatPanel.plannerReadProjectNot,📖 วางแผน — อ่านโปรเจกต์ได้ แต่ไม่แตะไฟล์
I118,↻,U+21BB,refresh,need_svg,languages/k2_en.csv,556,i18n,นำหน้าข้อความ,ui.aiChatPanel.restartClearDialogue,↻ เริ่มใหม่ (ล้างบทสนทนา)
I096,↩,U+21A9,return,need_svg,languages/k2_en.csv,559,i18n,นำหน้าข้อความ,ui.aiChatPanel.resultCmdSendBack,↩ ผลคำสั่งที่ส่งกลับให้โมเดล
I087,➕,U+2795,plus,has_svg,languages/k2_en.csv,568,i18n,นำหน้าข้อความ,ui.aiChatPanel.sessionNew,➕ เซสชันใหม่
I091,⚙,U+2699,cog,has_svg,languages/k2_en.csv,577,i18n,นำหน้าข้อความ,ui.aiChatPanel.systemPromptSendRound,⚙ system prompt ที่ส่งไปรอบนี้
I074,⚠,U+26A0,error,has_svg,languages/k2_en.csv,583,i18n,นำหน้าข้อความ,ui.aiChatPanel.unlockFullAIDel,⚠ ปลดล็อกเต็มที่ — AI ลบของได้เองโดยไม่ถาม
I135,🔓,U+1F513,lock-open,has_svg,languages/k2_en.csv,584,i18n,นำหน้าข้อความ,ui.aiChatPanel.unlockFullDoAll,🔓 ปลดล็อกเต็มที่ — ทำได้ทุกอย่างรวมทั้งลบ (ของไปถังขยะ กู้คืนได้)
I087,➕,U+2795,plus,has_svg,languages/k2_en.csv,665,i18n,นำหน้าข้อความ,ui.aiProvider.add,➕ เพิ่ม
I087,➕,U+2795,plus,has_svg,languages/k2_en.csv,666,i18n,นำหน้าข้อความ,ui.aiProvider.addProvider,➕ เพิ่มผู้ให้บริการ
I069,→,U+2192,,keep_text,languages/k2_en.csv,678,i18n,กลางข้อความ,ui.aiProvider.cantSettingsProviderAI,ยังไม่ได้ตั้งค่าผู้ให้บริการ AI (ไฟล์ → ตั้งค่า AI)
I095,✎,U+270E,edit,has_svg,languages/k2_en.csv,685,i18n,นำหน้าข้อความ,ui.aiProvider.edit,✎ แก้ไข
I095,✎,U+270E,edit,has_svg,languages/k2_en.csv,686,i18n,นำหน้าข้อความ,ui.aiProvider.editProvider,✎ แก้ไขผู้ให้บริการ
I087,➕,U+2795,plus,has_svg,languages/k2_en.csv,699,i18n,กลางข้อความ,ui.aiProvider.notHasProviderPress,ยังไม่มีผู้ให้บริการ — กด ➕ เพิ่ม แล้วกรอกชื่อ · Credential · เลือกโมเดล · ตั้งพารามิเตอร์
I099,✅,U+2705,check-circle,need_svg,languages/k2_en.csv,704,i18n,นำหน้าข้อความ,ui.aiProvider.saveCredentialDoneKey,✅ บันทึก Credential แล้ว (คีย์เก็บแยกที่
I211,🔌,U+1F50C,plug,need_svg,languages/k2_en.csv,708,i18n,นำหน้าข้อความ,ui.aiProvider.testConnect,🔌 ทดสอบการเชื่อมต่อ
I072,❌,U+274C,x,has_svg,languages/k2_en.csv,756,i18n,นำหน้าข้อความ,ui.aiSet.aICantPickProvider,❌ AI: ยังไม่ได้เลือกผู้ให้บริการ (ไฟล์ → ตั้งค่า AI)
I069,→,U+2192,,keep_text,languages/k2_en.csv,756,i18n,กลางข้อความ,ui.aiSet.aICantPickProvider,❌ AI: ยังไม่ได้เลือกผู้ให้บริการ (ไฟล์ → ตั้งค่า AI)
I099,✅,U+2705,check-circle,need_svg,languages/k2_en.csv,757,i18n,นำหน้าข้อความ,ui.aiSet.aIConnectOk,✅ AI: เชื่อมต่อสำเร็จ
I072,❌,U+274C,x,has_svg,languages/k2_en.csv,759,i18n,นำหน้าข้อความ,ui.aiSet.aITestFail,❌ AI: ทดสอบล้มเหลว
I069,→,U+2192,,keep_text,languages/k2_en.csv,761,i18n,กลางข้อความ,ui.aiSet.cantPickModelFile,""""" ยังไม่ได้เลือกโมเดล (ไฟล์ → ตั้งค่า AI)"
I069,→,U+2192,,keep_text,languages/k2_en.csv,762,i18n,กลางข้อความ,ui.aiSet.cantPickProviderAI,ยังไม่ได้เลือกผู้ให้บริการ AI (ไฟล์ → ตั้งค่า AI)
I072,❌,U+274C,x,has_svg,languages/k2_en.csv,763,i18n,นำหน้าข้อความ,ui.aiSet.cantSettingsAIFile,❌ ยังไม่ได้ตั้งค่า AI — ไฟล์ → ตั้งค่า AI
I069,→,U+2192,,keep_text,languages/k2_en.csv,763,i18n,กลางข้อความ,ui.aiSet.cantSettingsAIFile,❌ ยังไม่ได้ตั้งค่า AI — ไฟล์ → ตั้งค่า AI
I072,❌,U+274C,x,has_svg,languages/k2_en.csv,764,i18n,นำหน้าข้อความ,ui.aiSet.connectAICant,❌ เชื่อมต่อ AI ไม่ได้:
I069,→,U+2192,,keep_text,languages/k2_en.csv,773,i18n,กลางข้อความ,ui.aiSet.settingsAIFileSettings,ตั้งค่า AI ที่ ไฟล์ → ตั้งค่า AI ก่อน
I211,🔌,U+1F50C,plug,need_svg,languages/k2_en.csv,774,i18n,นำหน้าข้อความ,ui.aiSet.testConnect,🔌 ทดสอบเชื่อมต่อ
I104,🤖,U+1F916,bot,has_svg,languages/k2_en.csv,776,i18n,นำหน้าข้อความ,ui.aiSum.aISummaryBody,🤖 AI สรุปเนื้อหา
I104,🤖,U+1F916,bot,has_svg,languages/k2_en.csv,777,i18n,นำหน้าข้อความ,ui.aiSum.aISummaryBody2,🤖 AI สรุปเนื้อหา —
I084,📌,U+1F4CC,pin,need_svg,languages/k2_en.csv,796,i18n,นำหน้าข้อความ,ui.aiSum.resultSave,📌 ผลที่บันทึกไว้เมื่อ
I122,🕘,U+1F558,history,has_svg,languages/k2_en.csv,800,i18n,นำหน้าข้อความ,ui.aiSum.suggestBeforePage,🕘 เคยแนะนำไว้ก่อนหน้า
I086,✨,U+2728,magic,need_svg,languages/k2_en.csv,801,i18n,นำหน้าข้อความ,ui.aiSum.suggestName,✨ แนะนำชื่อ{0}
I086,✨,U+2728,magic,need_svg,languages/k2_en.csv,802,i18n,นำหน้าข้อความ,ui.aiSum.suggestName2,"✨ แนะนำชื่อ{0} — """"{1}"""""
I089,🔄,U+1F504,refresh,need_svg,languages/k2_en.csv,810,i18n,นำหน้าข้อความ,ui.aiSum.summaryNew,🔄 สรุปใหม่
I089,🔄,U+1F504,refresh,need_svg,languages/k2_en.csv,811,i18n,นำหน้าข้อความ,ui.aiSum.tryNew,🔄 ลองใหม่
I086,✨,U+2728,magic,need_svg,languages/k2_en.csv,818,i18n,นำหน้าข้อความ,ui.aiSyn.busyAIWrite,✨ กำลังให้ AI เขียน
I086,✨,U+2728,magic,need_svg,languages/k2_en.csv,821,i18n,นำหน้าข้อความ,ui.aiSyn.fill,✨ เติม
I069,→,U+2192,,keep_text,languages/k2_en.csv,832,i18n,กลางข้อความ,ui.aiTools.changeNameChapter2,"เปลี่ยนชื่อบท """"{0}"""" → """"{1}"""""
I069,→,U+2192,,keep_text,languages/k2_en.csv,834,i18n,กลางข้อความ,ui.aiTools.changeNameScene2,"เปลี่ยนชื่อฉาก """"{0}"""" → """"{1}"""""
I074,⚠,U+26A0,error,has_svg,languages/k2_en.csv,841,i18n,นำหน้าข้อความ,ui.aiTools.del,⚠ ลบของ
I069,→,U+2192,,keep_text,languages/k2_en.csv,878,i18n,กลางข้อความ,ui.aiTools.viewStructureProjectBook,ดูโครงสร้างทั้งโปรเจกต์ (เล่ม → บท → ฉาก) และรายชื่อเอนทิตี้ใน Wiki
I069,→,U+2192,,keep_text,languages/k2_en.csv,878,i18n,กลางข้อความ,ui.aiTools.viewStructureProjectBook,ดูโครงสร้างทั้งโปรเจกต์ (เล่ม → บท → ฉาก) และรายชื่อเอนทิตี้ใน Wiki
I262,📗,U+1F4D7,book,has_svg,languages/k2_en.csv,968,i18n,นำหน้าข้อความ,ui.app.addBookNew,📗 เพิ่มเล่มใหม่…
I200,▤,U+25A4,page-break,need_svg,languages/k2_en.csv,989,i18n,นำหน้าข้อความ,ui.app.back,▤ กลับไปฟอร์ม
I071,📄,U+1F4C4,file,has_svg,languages/k2_en.csv,991,i18n,นำหน้าข้อความ,ui.app.backSceneNormalMerge,📄 กลับเป็นฉากปกติ (รวมตอนส่งออก)
I096,↩,U+21A9,return,need_svg,languages/k2_en.csv,992,i18n,นำหน้าข้อความ,ui.app.backVersionLatestSave,↩ กลับไปยังเวอร์ชันล่าสุดที่บันทึก
I094,📁,U+1F4C1,folder,has_svg,languages/k2_en.csv,996,i18n,นำหน้าข้อความ,ui.app.bindCardDocProject,📁 ผูกการ์ดกับเอกสารในโปรเจกต์
I079,🔍,U+1F50D,search,has_svg,languages/k2_en.csv,999,i18n,นำหน้าข้อความ,ui.app.boardItemHideItem,🔍 กระดาน {0} ใบถูกซ่อนด้วยตัวกรอง — ล้างช่องค้นหาเพื่อดูทั้งหมด
I083,📋,U+1F4CB,clipboard,has_svg,languages/k2_en.csv,1002,i18n,นำหน้าข้อความ,ui.app.boardPlanner2,📋 กระดานวางแผน ({0})
I083,📋,U+1F4CB,clipboard,has_svg,languages/k2_en.csv,1004,i18n,นำหน้าข้อความ,ui.app.boardPlannerReadCant,📋 กระดานวางแผน (อ่านไม่ได้)
I073,📝,U+1F4DD,note,has_svg,languages/k2_en.csv,1053,i18n,นำหน้าข้อความ,ui.app.changeNoteNotMerge,📝 เปลี่ยนเป็นโน้ต (ไม่รวมตอนส่งออก)
I093,▾,U+25BE,chevron-down,has_svg,languages/k2_en.csv,1057,i18n,ท้ายข้อความ,ui.app.chapterFilm2,บทหนัง ▾
I099,✅,U+2705,check-circle,need_svg,languages/k2_en.csv,1069,i18n,นำหน้าข้อความ,ui.app.checkDone,✅ ตรวจแล้ว ▾
I093,▾,U+25BE,chevron-down,has_svg,languages/k2_en.csv,1069,i18n,ท้ายข้อความ,ui.app.checkDone,✅ ตรวจแล้ว ▾
I089,🔄,U+1F504,refresh,need_svg,languages/k2_en.csv,1070,i18n,นำหน้าข้อความ,ui.app.checkNew,🔄 ตรวจใหม่
I140,🧹,U+1F9F9,broom,need_svg,languages/k2_en.csv,1074,i18n,นำหน้าข้อความ,ui.app.clearResult,🧹 ล้างผล
I123,↑,U+2191,arrow-up,need_svg,languages/k2_en.csv,1076,i18n,กลางข้อความ,ui.app.clickPickFormatCtrl,คลิกเลือกรูปแบบ · หรือ Ctrl+↑/↓ สลับ
I124,↓,U+2193,arrow-down,need_svg,languages/k2_en.csv,1076,i18n,กลางข้อความ,ui.app.clickPickFormatCtrl,คลิกเลือกรูปแบบ · หรือ Ctrl+↑/↓ สลับ
I128,▸,U+25B8,chevron-right,has_svg,languages/k2_en.csv,1091,i18n,ท้ายข้อความ,ui.app.color,สี ▸
I082,💬,U+1F4AC,chat,has_svg,languages/k2_en.csv,1092,i18n,นำหน้าข้อความ,ui.app.commentPanel,💬 คอมเมนต์ (แผง)
I121,⇋,U+21CB,swap,need_svg,languages/k2_en.csv,1093,i18n,นำหน้าข้อความ,ui.app.comparePlanOther,⇋ เทียบกับแผนอื่น…
I121,⇋,U+21CB,swap,need_svg,languages/k2_en.csv,1095,i18n,นำหน้าข้อความ,ui.app.compareVersion2,⇋ เทียบเวอร์ชัน
I121,⇋,U+21CB,swap,need_svg,languages/k2_en.csv,1096,i18n,นำหน้าข้อความ,ui.app.compareVersion3,⇋ เทียบเวอร์ชัน…
I212,🛠,U+1F6E0,wrench,need_svg,languages/k2_en.csv,1097,i18n,นำหน้าข้อความ,ui.app.consoleDev,🛠 คอนโซลนักพัฒนา
I069,→,U+2192,,keep_text,languages/k2_en.csv,1100,i18n,กลางข้อความ,ui.app.convertLostItem,{0} → {1} ({2})
I083,📋,U+1F4CB,clipboard,has_svg,languages/k2_en.csv,1104,i18n,นำหน้าข้อความ,ui.app.copyResult,📋 คัดลอกผล
I077,▶,U+25B6,play,need_svg,languages/k2_en.csv,1110,i18n,นำหน้าข้อความ,ui.app.ctrlEnter,▶ รัน (Ctrl+Enter)
I149,ℹ,U+2139,info,need_svg,languages/k2_en.csv,1113,i18n,นำหน้าข้อความ,ui.app.dataSystem,ℹ ข้อมูลระบบ
I075,🗑,U+1F5D1,trash,has_svg,languages/k2_en.csv,1131,i18n,นำหน้าข้อความ,ui.app.delFolder,🗑 ลบโฟลเดอร์
I069,→,U+2192,,keep_text,languages/k2_en.csv,1149,i18n,กลางข้อความ,ui.app.doneOpenBackChapter,"""""{0}"""" ให้แล้ว (เปิดกลับได้ที่ บท → 🔠 ตัวพิมพ์ใหญ่/เล็ก)"
I213,🔠,U+1F520,text-case,need_svg,languages/k2_en.csv,1149,i18n,กลางข้อความ,ui.app.doneOpenBackChapter,"""""{0}"""" ให้แล้ว (เปิดกลับได้ที่ บท → 🔠 ตัวพิมพ์ใหญ่/เล็ก)"
I085,📂,U+1F4C2,folder-open,need_svg,languages/k2_en.csv,1198,i18n,นำหน้าข้อความ,ui.app.findDiskFindOn,📂 หาในดิสก์ (Find on disk)
I069,→,U+2192,,keep_text,languages/k2_en.csv,1199,i18n,กลางข้อความ,ui.app.findRowNotFound,หาแถวไม่เจอ → ซ่อมต้นไม้
I101,🌿,U+1F33F,branch,need_svg,languages/k2_en.csv,1210,i18n,นำหน้าข้อความ,ui.app.graphBreakBranch2,🌿 แผนผังแตกสาย ({0})
I108,📊,U+1F4CA,chart,has_svg,languages/k2_en.csv,1212,i18n,นำหน้าข้อความ,ui.app.graphDialogueNextPage,📊 กราฟบทพูดต่อหน้า
I069,→,U+2192,,keep_text,languages/k2_en.csv,1225,i18n,นำหน้าข้อความ,ui.app.hide,→ ถูกซ่อน!
I122,🕘,U+1F558,history,has_svg,languages/k2_en.csv,1229,i18n,นำหน้าข้อความ,ui.app.history,🕘 ประวัติ
I122,🕘,U+1F558,history,has_svg,languages/k2_en.csv,1231,i18n,นำหน้าข้อความ,ui.app.historyVersion2,🕘 ประวัติเวอร์ชัน…
I080,🖼,U+1F5BC,image,has_svg,languages/k2_en.csv,1256,i18n,นำหน้าข้อความ,ui.app.libraryImage,🖼 คลังรูป ({0})
I080,🖼,U+1F5BC,image,has_svg,languages/k2_en.csv,1257,i18n,นำหน้าข้อความ,ui.app.libraryImage2,🖼 คลังรูปภาพ
I136,⤓,U+2913,download,need_svg,languages/k2_en.csv,1260,i18n,นำหน้าข้อความ,ui.app.lineLatest,⤓ ตามบรรทัดล่าสุด
I158,🕒,U+1F552,time,need_svg,languages/k2_en.csv,1262,i18n,นำหน้าข้อความ,ui.app.lineTime,🕒 เส้นเวลา…
I109,🔒,U+1F512,lock,has_svg,languages/k2_en.csv,1268,i18n,นำหน้าข้อความ,ui.app.lockEditCant,🔒 ล็อกอยู่ (แก้ไม่ได้)
I109,🔒,U+1F512,lock,has_svg,languages/k2_en.csv,1269,i18n,นำหน้าข้อความ,ui.app.lockEditCant2,🔒 ล็อก (แก้ไม่ได้)
I135,🔓,U+1F513,lock-open,has_svg,languages/k2_en.csv,1270,i18n,นำหน้าข้อความ,ui.app.lockScene,🔓 ล็อกฉากนี้
I109,🔒,U+1F512,lock,has_svg,languages/k2_en.csv,1271,i18n,นำหน้าข้อความ,ui.app.lockSceneDoneEdit,🔒 ล็อกฉากแล้ว (แก้ไม่ได้จนปลดล็อก)
I100,📚,U+1F4DA,book-content,has_svg,languages/k2_en.csv,1272,i18n,นำหน้าข้อความ,ui.app.manageBook,📚 จัดการเล่ม…
I106,🗺,U+1F5FA,globe,has_svg,languages/k2_en.csv,1274,i18n,นำหน้าข้อความ,ui.app.map,🗺 แผนที่ ({0})
I106,🗺,U+1F5FA,globe,has_svg,languages/k2_en.csv,1275,i18n,นำหน้าข้อความ,ui.app.map2,🗺 แผนที่…
I106,🗺,U+1F5FA,globe,has_svg,languages/k2_en.csv,1279,i18n,นำหน้าข้อความ,ui.app.mapReadCant,🗺 แผนที่ (อ่านไม่ได้)
I076,📖,U+1F4D6,book-open,has_svg,languages/k2_en.csv,1299,i18n,กลางข้อความ,ui.app.modeReadPressEsc,โหมดอ่าน — กด Esc หรือคลิก 📖 เพื่อออก
I096,↩,U+21A9,return,need_svg,languages/k2_en.csv,1303,i18n,นำหน้าข้อความ,ui.app.moveBackInChapter,↩ ย้ายกลับเข้าบท…
I128,▸,U+25B8,chevron-right,has_svg,languages/k2_en.csv,1306,i18n,ท้ายข้อความ,ui.app.moveChapter,ย้ายไปบท ▸
I073,📝,U+1F4DD,note,has_svg,languages/k2_en.csv,1311,i18n,นำหน้าข้อความ,ui.app.moveOutMEMO,📝 ย้ายออกไปที่ MEMO
I087,➕,U+2795,plus,has_svg,languages/k2_en.csv,1348,i18n,นำหน้าข้อความ,ui.app.newCatNew,➕ สร้างหมวดใหม่
I102,🔗,U+1F517,link,has_svg,languages/k2_en.csv,1374,i18n,นำหน้าข้อความ,ui.app.newRelationBetween,"🔗 สร้างความสัมพันธ์ """"{0}"""" ระหว่าง {1} ↔ {2}"
I115,↔,U+2194,swap,need_svg,languages/k2_en.csv,1374,i18n,กลางข้อความ,ui.app.newRelationBetween,"🔗 สร้างความสัมพันธ์ """"{0}"""" ระหว่าง {1} ↔ {2}"
I263,🎉,U+1F389,,keep_text,languages/k2_en.csv,1385,i18n,ท้ายข้อความ,ui.app.notFoundError,ไม่พบข้อผิดพลาด 🎉
I099,✅,U+2705,check-circle,need_svg,languages/k2_en.csv,1386,i18n,นำหน้าข้อความ,ui.app.notFoundErrorChapter,✅ ไม่พบข้อผิดพลาดในบทนี้
I069,→,U+2192,,keep_text,languages/k2_en.csv,1428,i18n,กลางข้อความ,ui.app.notRememberEditChapter,"ไม่จำ """"{0}"""" อีก (แก้ได้ที่ บท → จัดการ SmartType)"
I181,✚,U+271A,plus-plain,need_svg,languages/k2_en.csv,1429,i18n,กลางข้อความ,ui.app.notRememberFoundNot,ยังไม่จำ (เจอไม่ถึง {0} ครั้ง) — กด ✚ เพื่อจำเลย
I132,⏳,U+23F3,hourglass,need_svg,languages/k2_en.csv,1430,i18n,นำหน้าข้อความ,ui.app.notSave,⏳ ยังไม่บันทึก
I093,▾,U+25BE,chevron-down,has_svg,languages/k2_en.csv,1435,i18n,ท้ายข้อความ,ui.app.novel2,นิยาย ▾
I073,📝,U+1F4DD,note,has_svg,languages/k2_en.csv,1445,i18n,นำหน้าข้อความ,ui.app.open,📝 เปิด
I085,📂,U+1F4C2,folder-open,need_svg,languages/k2_en.csv,1446,i18n,นำหน้าข้อความ,ui.app.openApp,📂 เปิดในโปรแกรม
I121,⇋,U+21CB,swap,need_svg,languages/k2_en.csv,1449,i18n,นำหน้าข้อความ,ui.app.openCompareRight,⇋ เปิดเทียบด้านขวา
I085,📂,U+1F4C2,folder-open,need_svg,languages/k2_en.csv,1452,i18n,นำหน้าข้อความ,ui.app.openFolder,📂 เปิดในโฟลเดอร์
I085,📂,U+1F4C2,folder-open,need_svg,languages/k2_en.csv,1453,i18n,นำหน้าข้อความ,ui.app.openFolderDone,📂 เปิดโฟลเดอร์แล้ว:
I101,🌿,U+1F33F,branch,need_svg,languages/k2_en.csv,1457,i18n,นำหน้าข้อความ,ui.app.openGraphBreakBranch,🌿 เปิดผังแตกสาย
I080,🖼,U+1F5BC,image,has_svg,languages/k2_en.csv,1458,i18n,นำหน้าข้อความ,ui.app.openLibraryImage,🖼 เปิดคลังรูป
I071,📄,U+1F4C4,file,has_svg,languages/k2_en.csv,1461,i18n,นำหน้าข้อความ,ui.app.openMapsJson,📄 เปิด maps.json
I106,🗺,U+1F5FA,globe,has_svg,languages/k2_en.csv,1462,i18n,นำหน้าข้อความ,ui.app.openPanelMap,🗺 เปิดแผงแผนที่
I083,📋,U+1F4CB,clipboard,has_svg,languages/k2_en.csv,1464,i18n,นำหน้าข้อความ,ui.app.openPlanner,📋 เปิด Planner
I085,📂,U+1F4C2,folder-open,need_svg,languages/k2_en.csv,1503,i18n,นำหน้าข้อความ,ui.app.pickFolderTo,📂 เลือกโฟลเดอร์ปลายทาง
I168,☆,U+2606,star-outline,need_svg,languages/k2_en.csv,1508,i18n,นำหน้าข้อความ,ui.app.pinOut,☆ เอาหมุดออก
I117,⭐,U+2B50,star,has_svg,languages/k2_en.csv,1509,i18n,นำหน้าข้อความ,ui.app.pinPin,⭐ ปักหมุด
I091,⚙,U+2699,cog,has_svg,languages/k2_en.csv,1536,i18n,นำหน้าข้อความ,ui.app.propsPlan,⚙ คุณสมบัติแผน…
I096,↩,U+21A9,return,need_svg,languages/k2_en.csv,1560,i18n,นำหน้าข้อความ,ui.app.remember,↩ เลิกจำเอง
I181,✚,U+271A,plus-plain,need_svg,languages/k2_en.csv,1561,i18n,นำหน้าข้อความ,ui.app.remember2,✚ จำ
I096,↩,U+21A9,return,need_svg,languages/k2_en.csv,1562,i18n,นำหน้าข้อความ,ui.app.rememberTimes,↩ จำอีกครั้ง
I180,👥,U+1F465,group,need_svg,languages/k2_en.csv,1571,i18n,นำหน้าข้อความ,ui.app.report2,👥 รายงานตัวละคร
I088,📍,U+1F4CD,map,has_svg,languages/k2_en.csv,1574,i18n,นำหน้าข้อความ,ui.app.reportPlace2,📍 รายงานสถานที่
I137,⤢,U+2922,expand,has_svg,languages/k2_en.csv,1580,i18n,นำหน้าข้อความ,ui.app.restoreTab2,⤢ คืนเป็นแท็บ
I092,💾,U+1F4BE,save,has_svg,languages/k2_en.csv,1584,i18n,นำหน้าข้อความ,ui.app.save,💾 บันทึก
I092,💾,U+1F4BE,save,has_svg,languages/k2_en.csv,1594,i18n,นำหน้าข้อความ,ui.app.saveFile,💾 บันทึกเป็นไฟล์…
I264,📜,U+1F4DC,log,need_svg,languages/k2_en.csv,1595,i18n,นำหน้าข้อความ,ui.app.saveLatestLog,📜 บันทึกล่าสุด (log)
I265,📸,U+1F4F8,camera,has_svg,languages/k2_en.csv,1602,i18n,นำหน้าข้อความ,ui.app.saveVersion,📸 บันทึกเวอร์ชันนี้
I120,▲,U+25B2,chevron-up,has_svg,languages/k2_en.csv,1612,i18n,นำหน้าข้อความ,ui.app.scroll2,▲ เลื่อนขึ้น
I114,▼,U+25BC,chevron-down,has_svg,languages/k2_en.csv,1613,i18n,นำหน้าข้อความ,ui.app.scroll3,▼ เลื่อนลง
I079,🔍,U+1F50D,search,has_svg,languages/k2_en.csv,1617,i18n,นำหน้าข้อความ,ui.app.searchOnlyChapter2,🔍 ค้นเฉพาะในบทนี้
I079,🔍,U+1F50D,search,has_svg,languages/k2_en.csv,1619,i18n,นำหน้าข้อความ,ui.app.searchSave,🔍 ค้นในบันทึก
I094,📁,U+1F4C1,folder,has_svg,languages/k2_en.csv,1623,i18n,นำหน้าข้อความ,ui.app.setCat,📁 ตั้งหมวด…
I210,🪟,U+1FA9F,window,need_svg,languages/k2_en.csv,1638,i18n,นำหน้าข้อความ,ui.app.splitWindowFloat,🪟 แยกเป็นหน้าต่างลอย
I128,▸,U+25B8,chevron-right,has_svg,languages/k2_en.csv,1643,i18n,ท้ายข้อความ,ui.app.status,สถานะ ▸
I086,✨,U+2728,magic,need_svg,languages/k2_en.csv,1647,i18n,นำหน้าข้อความ,ui.app.suggestNameChapterAI,✨ แนะนำชื่อบทด้วย AI…
I086,✨,U+2728,magic,need_svg,languages/k2_en.csv,1648,i18n,นำหน้าข้อความ,ui.app.suggestNameSceneAI,✨ แนะนำชื่อฉากด้วย AI…
I091,⚙,U+2699,cog,has_svg,languages/k2_en.csv,1651,i18n,นำหน้าข้อความ,ui.app.templateManage,⚙ เทมเพลต (จัดการ)
I115,↔,U+2194,swap,need_svg,languages/k2_en.csv,1673,i18n,กลางข้อความ,ui.app.toggleModeDocNovel,สลับโหมดเอกสาร นิยาย ↔ บทหนัง (Ctrl+Shift+M)
I075,🗑,U+1F5D1,trash,has_svg,languages/k2_en.csv,1675,i18n,นำหน้าข้อความ,ui.app.trash,🗑 ถังขยะ ({0})
I118,↻,U+21BB,refresh,need_svg,languages/k2_en.csv,1676,i18n,นำหน้าข้อความ,ui.app.tryNew,↻ ลองใหม่
I135,🔓,U+1F513,lock-open,has_svg,languages/k2_en.csv,1677,i18n,นำหน้าข้อความ,ui.app.unlockSceneDone,🔓 ปลดล็อกฉากแล้ว
I139,👁,U+1F441,eye,has_svg,languages/k2_en.csv,1687,i18n,นำหน้าข้อความ,ui.app.viewSample,👁 ดูตัวอย่าง
I070,✕,U+2715,close,need_svg,languages/k2_en.csv,1694,i18n,กลางข้อความ,ui.app.wordKeepThingPrint,"คำเหล่านี้เก็บจาก """"สิ่งที่พิมพ์ในบทนี้"""" — กด ✕ เพื่อสั่งไม่ให้จำอีก"
I069,→,U+2192,,keep_text,languages/k2_en.csv,1705,i18n,กลางข้อความ,ui.autoTaskEventQueue.file,{0} → {1} ({2} ไฟล์)
I100,📚,U+1F4DA,book-content,has_svg,languages/k2_en.csv,1712,i18n,นำหน้าข้อความ,ui.books.bookAllProject,📚 เล่มทั้งหมดในโปรเจกต์
I073,📝,U+1F4DD,note,has_svg,languages/k2_en.csv,1719,i18n,นำหน้าข้อความ,ui.books.draft2,📝 ฉบับร่าง
I090,📤,U+1F4E4,export,need_svg,languages/k2_en.csv,1721,i18n,นำหน้าข้อความ,ui.books.export,📤 ส่งออก
I085,📂,U+1F4C2,folder-open,need_svg,languages/k2_en.csv,1726,i18n,นำหน้าข้อความ,ui.books.open,📂 เปิด
I080,🖼,U+1F5BC,image,has_svg,languages/k2_en.csv,1728,i18n,นำหน้าข้อความ,ui.books.pickCover,🖼 เลือกปก
I121,⇋,U+21CB,swap,need_svg,languages/k2_en.csv,1806,i18n,นำหน้าข้อความ,ui.branch.comparePlan,⇋ เทียบแผน —
I101,🌿,U+1F33F,branch,need_svg,languages/k2_en.csv,1957,i18n,นำหน้าข้อความ,ui.branch.propsPlan,🌿 คุณสมบัติแผน —
I099,✅,U+2705,check-circle,need_svg,languages/k2_en.csv,2036,i18n,นำหน้าข้อความ,ui.central.allCurrent,✅ ทุกอย่างเป็นปัจจุบัน
I102,🔗,U+1F517,link,has_svg,languages/k2_en.csv,2037,i18n,นำหน้าข้อความ,ui.central.backlinksSceneToWiki,🔗 Backlinks (ฉากที่อ้างถึง Wiki นี้)
I182,🔥,U+1F525,fire,need_svg,languages/k2_en.csv,2039,i18n,นำหน้าข้อความ,ui.central.cantWrite,🔥 วันนี้ยังไม่ได้เขียน!
I078,●,U+25CF,,keep_text,languages/k2_en.csv,2042,i18n,นำหน้าข้อความ,ui.central.fresh,● สด
I108,📊,U+1F4CA,chart,has_svg,languages/k2_en.csv,2043,i18n,นำหน้าข้อความ,ui.central.hub,📊 ศูนย์รวม
I089,🔄,U+1F504,refresh,need_svg,languages/k2_en.csv,2046,i18n,นำหน้าข้อความ,ui.central.newIndexNew,🔄 สร้างดัชนีใหม่
I089,🔄,U+1F504,refresh,need_svg,languages/k2_en.csv,2047,i18n,กลางข้อความ,ui.central.newIndexNotOk,"สร้างดัชนีไม่สำเร็จ — กด """"🔄 สร้างดัชนีใหม่"""""
I184,🕳,U+1F573,plot-hole,need_svg,languages/k2_en.csv,2049,i18n,นำหน้าข้อความ,ui.central.notMention,🕳 ยังไม่ถูกกล่าวถึงเลย
I165,🎮,U+1F3AE,gamepad,need_svg,languages/k2_en.csv,2050,i18n,นำหน้าข้อความ,ui.central.saveDecisionTimes,🎮 บันทึกการตัดสินใจไว้ {0} ครั้ง
I103,←,U+2190,arrow-left,need_svg,languages/k2_en.csv,2051,i18n,นำหน้าข้อความ,ui.central.scene,← {0} ฉาก:
I071,📄,U+1F4C4,file,has_svg,languages/k2_en.csv,2052,i18n,นำหน้าข้อความ,ui.central.sceneCantSetStatus,📄 {0} ฉากยังไม่ได้ตั้งสถานะ
I071,📄,U+1F4C4,file,has_svg,languages/k2_en.csv,2053,i18n,นำหน้าข้อความ,ui.central.sceneWordCharacter,📄 {0} ฉาก · 📝 {1} คำ · 👤 {2} ตัวละคร
I073,📝,U+1F4DD,note,has_svg,languages/k2_en.csv,2053,i18n,กลางข้อความ,ui.central.sceneWordCharacter,📄 {0} ฉาก · 📝 {1} คำ · 👤 {2} ตัวละคร
I110,👤,U+1F464,user,has_svg,languages/k2_en.csv,2053,i18n,กลางข้อความ,ui.central.sceneWordCharacter,📄 {0} ฉาก · 📝 {1} คำ · 👤 {2} ตัวละคร
I108,📊,U+1F4CA,chart,has_svg,languages/k2_en.csv,2054,i18n,นำหน้าข้อความ,ui.central.stats,📊 สถิติ
I083,📋,U+1F4CB,clipboard,has_svg,languages/k2_en.csv,2055,i18n,นำหน้าข้อความ,ui.central.thingMustUpdate,📋 สิ่งที่ต้องอัปเดต
I088,📍,U+1F4CD,map,has_svg,languages/k2_en.csv,2084,i18n,นำหน้าข้อความ,ui.cmt.anchorLost,📍✕ (anchor text was removed)
I070,✕,U+2715,close,need_svg,languages/k2_en.csv,2084,i18n,กลางข้อความ,ui.cmt.anchorLost,📍✕ (anchor text was removed)
I214,🔽,U+1F53D,filter,need_svg,languages/k2_en.csv,2098,i18n,นำหน้าข้อความ,ui.cmt.filterAll,🔽 All
I214,🔽,U+1F53D,filter,need_svg,languages/k2_en.csv,2100,i18n,นำหน้าข้อความ,ui.cmt.filterOpen,🔽 Open only
I082,💬,U+1F4AC,chat,has_svg,languages/k2_en.csv,2113,i18n,นำหน้าข้อความ,ui.cmtComment.add,💬 เพิ่ม
I088,📍,U+1F4CD,map,has_svg,languages/k2_en.csv,2114,i18n,นำหน้าข้อความ,ui.cmtComment.bind,📍 ผูกกับ: “
I069,→,U+2192,,keep_text,languages/k2_en.csv,2116,i18n,กลางข้อความ,ui.cmtComment.moveCommentPrevScenes,ย้ายคอมเมนต์เดิมจาก scenes.json → .md แล้ว {0} รายการ
I179,↳,U+21B3,subdirectory-right,need_svg,languages/k2_en.csv,2118,i18n,นำหน้าข้อความ,ui.cmtComment.replyBack,↳ {0} การตอบกลับ
I129,🌐,U+1F310,globe,has_svg,languages/k2_en.csv,2128,i18n,นำหน้าข้อความ,ui.codex.exportWeb,🌐 ส่งออกเป็นเว็บ
I069,→,U+2192,,keep_text,languages/k2_en.csv,2129,i18n,กลางข้อความ,ui.codex.exportWebCodexDone,ส่งออกเว็บสารานุกรมแล้ว {0} หน้า → {1}
I076,📖,U+1F4D6,book-open,has_svg,languages/k2_en.csv,2135,i18n,นำหน้าข้อความ,ui.codex.openPageWiki,📖 เปิดหน้า Wiki
I069,→,U+2192,,keep_text,languages/k2_en.csv,2138,i18n,ท้ายข้อความ,ui.codex.page,หน้า →
I105,🧠,U+1F9E0,brain,has_svg,languages/k2_en.csv,2168,i18n,นำหน้าข้อความ,ui.common.aIAnalyze,🧠 AI วิเคราะห์
I082,💬,U+1F4AC,chat,has_svg,languages/k2_en.csv,2169,i18n,นำหน้าข้อความ,ui.common.aIAssistantWrite,💬 AI ผู้ช่วยเขียน
I126,🎨,U+1F3A8,palette,need_svg,languages/k2_en.csv,2181,i18n,นำหน้าข้อความ,ui.common.boardMood,🎨 กระดานอารมณ์
I095,✎,U+270E,edit,has_svg,languages/k2_en.csv,2194,i18n,นำหน้าข้อความ,ui.common.changeNameBook,✎ เปลี่ยนชื่อเล่ม…
I075,🗑,U+1F5D1,trash,has_svg,languages/k2_en.csv,2204,i18n,นำหน้าข้อความ,ui.common.clear2,🗑 ล้าง
I083,📋,U+1F4CB,clipboard,has_svg,languages/k2_en.csv,2214,i18n,นำหน้าข้อความ,ui.common.copyText,📋 คัดลอกเป็นข้อความ
I202,⌐,U+2310,line-elbow,need_svg,languages/k2_en.csv,2215,i18n,นำหน้าข้อความ,ui.common.cornerScene,⌐ หักมุมฉาก
I203,⌒,U+2312,line-curve,need_svg,languages/k2_en.csv,2216,i18n,นำหน้าข้อความ,ui.common.curve,⌒ โค้ง
I075,🗑,U+1F5D1,trash,has_svg,languages/k2_en.csv,2220,i18n,นำหน้าข้อความ,ui.common.del2,🗑 ลบ
I075,🗑,U+1F5D1,trash,has_svg,languages/k2_en.csv,2221,i18n,นำหน้าข้อความ,ui.common.delBookBook,🗑 ลบเล่มทั้งเล่ม
I075,🗑,U+1F5D1,trash,has_svg,languages/k2_en.csv,2223,i18n,นำหน้าข้อความ,ui.common.delMoveTrash,🗑 ลบ (ย้ายไปถังขยะ)
I107,📥,U+1F4E5,import,need_svg,languages/k2_en.csv,2239,i18n,นำหน้าข้อความ,ui.common.exportMd,📥 ส่งออก .md
I090,📤,U+1F4E4,export,need_svg,languages/k2_en.csv,2240,i18n,นำหน้าข้อความ,ui.common.exportOnlyImageUse,📤 ส่งออกเฉพาะรูปที่ถูกใช้จริง…
I090,📤,U+1F4E4,export,need_svg,languages/k2_en.csv,2242,i18n,นำหน้าข้อความ,ui.common.exportPNG,📤 ส่งออก PNG
I170,🔎,U+1F50E,search,has_svg,languages/k2_en.csv,2245,i18n,นำหน้าข้อความ,ui.common.findImageDupLibrary,🔎 หารูปซ้ำในคลัง
I137,⤢,U+2922,expand,has_svg,languages/k2_en.csv,2246,i18n,นำหน้าข้อความ,ui.common.fitScreen,⤢ พอดีจอ
I167,⏪,U+23EA,rewind,need_svg,languages/k2_en.csv,2247,i18n,นำหน้าข้อความ,ui.common.flashback,⏪ ย้อนอดีต (Flashback)
I088,📍,U+1F4CD,map,has_svg,languages/k2_en.csv,2252,i18n,นำหน้าข้อความ,ui.common.graphArea,📍 ผังพื้นที่
I101,🌿,U+1F33F,branch,need_svg,languages/k2_en.csv,2254,i18n,นำหน้าข้อความ,ui.common.graphBreakBranch2,🌿 ผังแตกสาย
I122,🕘,U+1F558,history,has_svg,languages/k2_en.csv,2257,i18n,นำหน้าข้อความ,ui.common.historyRun,🕘 ประวัติการทำงาน
I080,🖼,U+1F5BC,image,has_svg,languages/k2_en.csv,2261,i18n,นำหน้าข้อความ,ui.common.insertSceneOpen,🖼 แทรกลงฉากที่เปิดอยู่
I164,🗒,U+1F5D2,notepad,need_svg,languages/k2_en.csv,2262,i18n,นำหน้าข้อความ,ui.common.journal,🗒 บันทึกประจำวัน
I106,🗺,U+1F5FA,globe,has_svg,languages/k2_en.csv,2276,i18n,นำหน้าข้อความ,ui.common.map3,🗺 แผนที่
I076,📖,U+1F4D6,book-open,has_svg,languages/k2_en.csv,2321,i18n,นำหน้าข้อความ,ui.common.novel,📖 นิยาย
I266,🔢,U+1F522,sort-number,need_svg,languages/k2_en.csv,2330,i18n,นำหน้าข้อความ,ui.common.orderNumNew,🔢 เรียงลำดับหมายเลขใหม่
I188,⏩,U+23E9,fast-forward,need_svg,languages/k2_en.csv,2340,i18n,นำหน้าข้อความ,ui.common.pageFlashforward,⏩ ล่วงหน้า (Flashforward)
I089,🔄,U+1F504,refresh,need_svg,languages/k2_en.csv,2351,i18n,นำหน้าข้อความ,ui.common.refresh2,🔄 รีเฟรช
I097,✏,U+270F,edit,has_svg,languages/k2_en.csv,2352,i18n,นำหน้าข้อความ,ui.common.renameNew,✏ ตั้งชื่อใหม่
I104,🤖,U+1F916,bot,has_svg,languages/k2_en.csv,2375,i18n,นำหน้าข้อความ,ui.common.settingsAI,🤖 ตั้งค่า AI
I085,📂,U+1F4C2,folder-open,need_svg,languages/k2_en.csv,2377,i18n,นำหน้าข้อความ,ui.common.showFolder,📂 แสดงในโฟลเดอร์
I085,📂,U+1F4C2,folder-open,need_svg,languages/k2_en.csv,2378,i18n,นำหน้าข้อความ,ui.common.showFolderImages,📂 แสดงโฟลเดอร์ Images
I139,👁,U+1F441,eye,has_svg,languages/k2_en.csv,2390,i18n,นำหน้าข้อความ,ui.common.thingSee,👁 สิ่งที่เห็น
I163,⇄,U+21C4,swap,need_svg,languages/k2_en.csv,2393,i18n,นำหน้าข้อความ,ui.common.toggle,⇄ สลับทิศ
I077,▶,U+25B6,play,need_svg,languages/k2_en.csv,2394,i18n,นำหน้าข้อความ,ui.common.trialPlay,▶ ทดลองเล่น
I135,🔓,U+1F513,lock-open,has_svg,languages/k2_en.csv,2396,i18n,นำหน้าข้อความ,ui.common.unlock,🔓 ปลดล็อก
I079,🔍,U+1F50D,search,has_svg,languages/k2_en.csv,2401,i18n,นำหน้าข้อความ,ui.common.viewImageFull,🔍 ดูภาพเต็ม
I081,🎬,U+1F3AC,film,has_svg,languages/k2_en.csv,2436,i18n,นำหน้าข้อความ,ui.compile.screenplayCONTINUEDMORE,🎬 บทภาพยนตร์ (CONTINUED · MORE)
I081,🎬,U+1F3AC,film,has_svg,languages/k2_en.csv,2439,i18n,นำหน้าข้อความ,ui.compile.screenplayPDFTocCover,🎬 บทภาพยนตร์ → PDF (สารบัญ · หน้าปก)
I069,→,U+2192,,keep_text,languages/k2_en.csv,2439,i18n,กลางข้อความ,ui.compile.screenplayPDFTocCover,🎬 บทภาพยนตร์ → PDF (สารบัญ · หน้าปก)
I080,🖼,U+1F5BC,image,has_svg,languages/k2_en.csv,2473,i18n,นำหน้าข้อความ,ui.dash.libraryImage,🖼 คลังรูป
I076,📖,U+1F4D6,book-open,has_svg,languages/k2_en.csv,2475,i18n,นำหน้าข้อความ,ui.dash.longEachChapterWord,📖 ความยาวแต่ละบท (คำ)
I182,🔥,U+1F525,fire,need_svg,languages/k2_en.csv,2478,i18n,นำหน้าข้อความ,ui.dash.notStartWriteNext,🔥 ยังไม่เริ่มนับวันเขียนติดต่อกัน
I108,📊,U+1F4CA,chart,has_svg,languages/k2_en.csv,2480,i18n,นำหน้าข้อความ,ui.dash.pageStatusScene,📊 ความคืบหน้าตามสถานะฉาก
I117,⭐,U+2B50,star,has_svg,languages/k2_en.csv,2482,i18n,นำหน้าข้อความ,ui.dash.scenePinPin,⭐ ฉากปักหมุด ({0})
I116,🗂,U+1F5C2,collection,need_svg,languages/k2_en.csv,2485,i18n,นำหน้าข้อความ,ui.dash.wikiCat,🗂 Wiki ตามหมวด
I182,🔥,U+1F525,fire,need_svg,languages/k2_en.csv,2489,i18n,นำหน้าข้อความ,ui.dash.writeNext,🔥 เขียนติดต่อกัน {0} วัน
I121,⇋,U+21CB,swap,need_svg,languages/k2_en.csv,2826,i18n,นำหน้าข้อความ,ui.dlg.compareRight,⇋ เทียบด้านขวา
I090,📤,U+1F4E4,export,need_svg,languages/k2_en.csv,2839,i18n,นำหน้าข้อความ,ui.dlg.exportFileCSV,📤 ส่งออกไฟล์แปล (CSV)
I069,→,U+2192,,keep_text,languages/k2_en.csv,2841,i18n,กลางข้อความ,ui.dlg.exportTableRow,ส่งออกตารางแปล {0} แถว → {1}
I118,↻,U+21BB,refresh,need_svg,languages/k2_en.csv,2859,i18n,นำหน้าข้อความ,ui.dlg.loadFileLangNew2,↻ โหลดไฟล์ภาษาใหม่
I094,📁,U+1F4C1,folder,has_svg,languages/k2_en.csv,2863,i18n,นำหน้าข้อความ,ui.dlg.openFolderLang,📁 เปิดโฟลเดอร์ภาษา
I154,💭,U+1F4AD,thought,need_svg,languages/k2_en.csv,2907,i18n,นำหน้าข้อความ,ui.dlgb.monoTip,💭 Let the selected character speak a monologue — an inner voice the others never hear
I267,⤵,U+2935,arrow-turn-down,need_svg,languages/k2_en.csv,2923,i18n,นำหน้าข้อความ,ui.dlgb.keepTalking,⤵ Keep talking
I105,🧠,U+1F9E0,brain,has_svg,languages/k2_en.csv,2937,i18n,นำหน้าข้อความ,ui.dlgb.modelThinking,🧠 Model thinking
I091,⚙,U+2699,cog,has_svg,languages/k2_en.csv,2955,i18n,นำหน้าข้อความ,ui.dlgb.overrideTitle,⚙ Model and parameters for this character
I077,▶,U+25B6,play,need_svg,languages/k2_en.csv,2974,i18n,นำหน้าข้อความ,ui.dlgb.send,▶ Send
I143,🎭,U+1F3AD,mask,need_svg,languages/k2_en.csv,2981,i18n,นำหน้าข้อความ,ui.dlgb.thinking,🎭 Thinking…
I069,→,U+2192,,keep_text,languages/k2_en.csv,2984,i18n,นำหน้าข้อความ,ui.dlgb.toWhom,→ {0}
I104,🤖,U+1F916,bot,has_svg,languages/k2_en.csv,2993,i18n,นำหน้าข้อความ,ui.dlgBuilder.aiPick,🤖 Let AI choose
I154,💭,U+1F4AD,thought,need_svg,languages/k2_en.csv,3000,i18n,นำหน้าข้อความ,ui.dlgBuilder.selfMono,💭 monologue
I205,🎲,U+1F3B2,dice,need_svg,languages/k2_en.csv,3037,i18n,นำหน้าข้อความ,ui.dlgBuilder.randomPick,🎲 Random
I129,🌐,U+1F310,globe,has_svg,languages/k2_en.csv,3086,i18n,นำหน้าข้อความ,ui.exportBlog.exportHTMLBlock,🌐 ส่งออกเป็น HTML สำหรับบล็อก
I215,✖,U+2716,close,need_svg,languages/k2_en.csv,3169,i18n,นำหน้าข้อความ,ui.floorplan.cancelPin,✖ ยกเลิกการปัก
I084,📌,U+1F4CC,pin,need_svg,languages/k2_en.csv,3171,i18n,กลางข้อความ,ui.floorplan.cantPinPosPress,"ยังไม่ได้ปักตำแหน่ง — กด """"📌 ปักตำแหน่งฉากนี้"""""
I155,🚫,U+1F6AB,block,need_svg,languages/k2_en.csv,3172,i18n,นำหน้าข้อความ,ui.floorplan.clearPos,🚫 ล้างตำแหน่ง
I084,📌,U+1F4CC,pin,need_svg,languages/k2_en.csv,3177,i18n,นำหน้าข้อความ,ui.floorplan.clickTopMapTop,📌 คลิกบนแผนที่ (หรือบนหมุด) เพื่อกำหนดตำแหน่งของฉากนี้
I158,🕒,U+1F552,time,need_svg,languages/k2_en.csv,3185,i18n,นำหน้าข้อความ,ui.floorplan.lineTimePlace,🕒 เส้นเวลาของสถานที่นี้
I084,📌,U+1F4CC,pin,need_svg,languages/k2_en.csv,3187,i18n,กลางข้อความ,ui.floorplan.notHasSceneBind,"ยังไม่มีฉากผูกกับแผนที่นี้ — เปิดฉากแล้วกด """"📌 ปักตำแหน่งฉากนี้"""""
I069,→,U+2192,,keep_text,languages/k2_en.csv,3189,i18n,กลางข้อความ,ui.floorplan.notPlannedNewView,ยังไม่มีแผนที่ — สร้างได้ที่ มุมมอง → แผนที่ (Maps)
I084,📌,U+1F4CC,pin,need_svg,languages/k2_en.csv,3193,i18n,นำหน้าข้อความ,ui.floorplan.pinPosScene2,📌 ปักตำแหน่งฉากนี้
I071,📄,U+1F4C4,file,has_svg,languages/k2_en.csv,3198,i18n,นำหน้าข้อความ,ui.floorplan.sceneOpen,📄 ฉากที่เปิดอยู่
I173,📦,U+1F4E6,package,need_svg,languages/k2_en.csv,3199,i18n,นำหน้าข้อความ,ui.floorplan.thingFound,📦 สิ่งที่พบ
I175,🔊,U+1F50A,volume,need_svg,languages/k2_en.csv,3200,i18n,นำหน้าข้อความ,ui.floorplan.thingHear,🔊 สิ่งที่ได้ยิน
I104,🤖,U+1F916,bot,has_svg,languages/k2_en.csv,3250,i18n,นำหน้าข้อความ,ui.gallery.aISetCaptionImage,🤖 AI: ตั้งคำบรรยายให้รูปที่เลือก
I104,🤖,U+1F916,bot,has_svg,languages/k2_en.csv,3251,i18n,นำหน้าข้อความ,ui.gallery.aISuggestTagImage,🤖 AI: แนะนำแท็กให้รูปที่เลือก
I097,✏,U+270F,edit,has_svg,languages/k2_en.csv,3266,i18n,นำหน้าข้อความ,ui.gallery.changeName,✏ เปลี่ยนชื่อ…
I097,✏,U+270F,edit,has_svg,languages/k2_en.csv,3271,i18n,นำหน้าข้อความ,ui.gallery.changeNameTagLibrary,✏ เปลี่ยนชื่อแท็กนี้ทั้งคลัง
I070,✕,U+2715,close,need_svg,languages/k2_en.csv,3272,i18n,นำหน้าข้อความ,ui.gallery.clearItemFilterTag,✕ ล้างตัวกรองแท็ก
I149,ℹ,U+2139,info,need_svg,languages/k2_en.csv,3276,i18n,นำหน้าข้อความ,ui.gallery.dataImage2,ℹ ข้อมูลรูป
I075,🗑,U+1F5D1,trash,has_svg,languages/k2_en.csv,3278,i18n,นำหน้าข้อความ,ui.gallery.delAlbumMoveTrash,🗑 ลบอัลบั้ม (ย้ายไปถังขยะ)
I075,🗑,U+1F5D1,trash,has_svg,languages/k2_en.csv,3286,i18n,นำหน้าข้อความ,ui.gallery.detachTagExitAll2,🗑 ถอดแท็กนี้ออกจากทุกรูป
I097,✏,U+270F,edit,has_svg,languages/k2_en.csv,3288,i18n,นำหน้าข้อความ,ui.gallery.editCaption,✏ แก้คำบรรยาย…
I098,🏷,U+1F3F7,tag,need_svg,languages/k2_en.csv,3291,i18n,นำหน้าข้อความ,ui.gallery.editTag,🏷 แก้แท็ก…
I090,📤,U+1F4E4,export,need_svg,languages/k2_en.csv,3293,i18n,นำหน้าข้อความ,ui.gallery.exportAlbum,📤 ส่งออกอัลบั้มนี้…
I090,📤,U+1F4E4,export,need_svg,languages/k2_en.csv,3294,i18n,นำหน้าข้อความ,ui.gallery.exportAlbumPick,📤 ส่งออกอัลบั้มที่เลือกอยู่…
I090,📤,U+1F4E4,export,need_svg,languages/k2_en.csv,3295,i18n,นำหน้าข้อความ,ui.gallery.exportPick,📤 ส่งออกที่เลือก
I170,🔎,U+1F50E,search,has_svg,languages/k2_en.csv,3297,i18n,นำหน้าข้อความ,ui.gallery.findImageTiredLift,🔎 หารูปที่คล้ายกัน
I094,📁,U+1F4C1,folder,has_svg,languages/k2_en.csv,3320,i18n,นำหน้าข้อความ,ui.gallery.moveAlbum2,📁 ย้ายไปอัลบั้ม
I094,📁,U+1F4C1,folder,has_svg,languages/k2_en.csv,3321,i18n,นำหน้าข้อความ,ui.gallery.moveAlbum3,📁 ย้ายไปอัลบั้ม…
I094,📁,U+1F4C1,folder,has_svg,languages/k2_en.csv,3329,i18n,นำหน้าข้อความ,ui.gallery.moveUnder,📁 ย้ายไปอยู่ใต้…
I089,🔄,U+1F504,refresh,need_svg,languages/k2_en.csv,3336,i18n,นำหน้าข้อความ,ui.gallery.newImagesJsonNew,🔄 สร้าง images.json ใหม่ (ดัชนี v1)
I074,⚠,U+26A0,error,has_svg,languages/k2_en.csv,3345,i18n,นำหน้าข้อความ,ui.gallery.openImageCant,⚠ เปิดรูปไม่ได้
I126,🎨,U+1F3A8,palette,need_svg,languages/k2_en.csv,3347,i18n,นำหน้าข้อความ,ui.gallery.pasteTopBoardMood,🎨 วางบนกระดานอารมณ์
I079,🔍,U+1F50D,search,has_svg,languages/k2_en.csv,3361,i18n,นำหน้าข้อความ,ui.gallery.searchNameFileCaption,🔍 ค้นชื่อไฟล์ / คำบรรยาย / แท็ก
I140,🧹,U+1F9F9,broom,need_svg,languages/k2_en.csv,3363,i18n,นำหน้าข้อความ,ui.gallery.showOnlyImageNot,🧹 แสดงเฉพาะรูปที่ยังไม่ถูกใช้
I098,🏷,U+1F3F7,tag,need_svg,languages/k2_en.csv,3365,i18n,นำหน้าข้อความ,ui.gallery.tag,🏷 ติดแท็ก
I069,→,U+2192,,keep_text,languages/k2_en.csv,3388,i18n,กลางข้อความ,ui.galleryAi.galleryAiVisionUse,gallery-ai: vision ใช้ไม่ได้ → ตกไปทางข้อความ
I131,📐,U+1F4D0,ruler,need_svg,languages/k2_en.csv,3441,i18n,นำหน้าข้อความ,ui.galleryMoodboard.adjustAllItemAt2,📐 ปรับทุกชิ้นให้ตรงสัดส่วนรูป
I131,📐,U+1F4D0,ruler,need_svg,languages/k2_en.csv,3442,i18n,นำหน้าข้อความ,ui.galleryMoodboard.adjustAtRatioImage,📐 ปรับให้ตรงสัดส่วนรูป
I130,▦,U+25A6,grid,has_svg,languages/k2_en.csv,3443,i18n,นำหน้าข้อความ,ui.galleryMoodboard.arrangeAuto,▦ จัดเรียงอัตโนมัติ
I142,⬇,U+2B07,arrow-down,need_svg,languages/k2_en.csv,3446,i18n,นำหน้าข้อความ,ui.galleryMoodboard.bottomLast,⬇ ลงล่างสุด
I075,🗑,U+1F5D1,trash,has_svg,languages/k2_en.csv,3448,i18n,นำหน้าข้อความ,ui.galleryMoodboard.clearBoardNotDel,🗑 ล้างกระดาน (ไม่ลบไฟล์)
I070,✕,U+2715,close,need_svg,languages/k2_en.csv,3450,i18n,นำหน้าข้อความ,ui.galleryMoodboard.exitBoardNotDel,✕ เอาออกจากกระดาน (ไม่ลบไฟล์)
I141,📷,U+1F4F7,camera,has_svg,languages/k2_en.csv,3451,i18n,นำหน้าข้อความ,ui.galleryMoodboard.exportBoardImage,📷 ส่งออกกระดานเป็นภาพ…
I126,🎨,U+1F3A8,palette,need_svg,languages/k2_en.csv,3453,i18n,กลางข้อความ,ui.galleryMoodboard.pickImageLibraryDone,"(หรือเลือกรูปในคลังแล้วกด """"🎨 วางบนกระดาน"""")"
I162,⬆,U+2B06,arrow-up,need_svg,languages/k2_en.csv,3454,i18n,นำหน้าข้อความ,ui.galleryMoodboard.top,⬆ ขึ้นบนสุด
I069,→,U+2192,,keep_text,languages/k2_en.csv,3458,i18n,กลางข้อความ,ui.histOry.adjustCountTimesKeep,· ปรับจำนวนครั้งที่เก็บได้ที่ ตั้งค่า → ทั่วไป
I075,🗑,U+1F5D1,trash,has_svg,languages/k2_en.csv,3461,i18n,นำหน้าข้อความ,ui.histOry.clearHistory,🗑 ล้างประวัติ
I096,↩,U+21A9,return,need_svg,languages/k2_en.csv,3475,i18n,นำหน้าข้อความ,ui.histOry.msg,↩ ย้อนมาที่นี่
I070,✕,U+2715,close,need_svg,languages/k2_en.csv,3490,i18n,นำหน้าข้อความ,ui.home.close,✕ Close
I090,📤,U+1F4E4,export,need_svg,languages/k2_en.csv,3493,i18n,นำหน้าข้อความ,ui.home.export,📤 Export
I107,📥,U+1F4E5,import,need_svg,languages/k2_en.csv,3498,i18n,นำหน้าข้อความ,ui.home.import,📥 Import
I087,➕,U+2795,plus,has_svg,languages/k2_en.csv,3502,i18n,นำหน้าข้อความ,ui.home.newProject,➕ New Project
I085,📂,U+1F4C2,folder-open,need_svg,languages/k2_en.csv,3510,i18n,นำหน้าข้อความ,ui.home.openProject,📂 Open Project
I216,🏠,U+1F3E0,home,has_svg,languages/k2_en.csv,3512,i18n,นำหน้าข้อความ,ui.home.pageFirst,🏠 หน้าแรก
I079,🔍,U+1F50D,search,has_svg,languages/k2_en.csv,3513,i18n,นำหน้าข้อความ,ui.home.search,🔍 ค้นหา
I074,⚠,U+26A0,error,has_svg,languages/k2_en.csv,3537,i18n,นำหน้าข้อความ,ui.imp.warnPrefix,⚠ Warnings:
I069,→,U+2192,,keep_text,languages/k2_en.csv,3541,i18n,กลางข้อความ,ui.impOrt.importDoneFile,นำเข้าเสร็จ {0} ไฟล์ → {1}
I148,🛣,U+1F6E3,road,need_svg,languages/k2_en.csv,3584,i18n,นำหน้าข้อความ,ui.maps.busyNextRouteClick,🛣 กำลังต่อเส้นทาง “{0}” — คลิกหมุดตามลำดับที่เดินทาง ({1} จุด)
I215,✖,U+2716,close,need_svg,languages/k2_en.csv,3585,i18n,นำหน้าข้อความ,ui.maps.cancelPick,✖ ยกเลิกการเลือก
I080,🖼,U+1F5BC,image,has_svg,languages/k2_en.csv,3589,i18n,นำหน้าข้อความ,ui.maps.changeImage,🖼 เปลี่ยนรูป
I075,🗑,U+1F5D1,trash,has_svg,languages/k2_en.csv,3601,i18n,นำหน้าข้อความ,ui.maps.delMap,🗑 ลบแผนที่
I075,🗑,U+1F5D1,trash,has_svg,languages/k2_en.csv,3602,i18n,นำหน้าข้อความ,ui.maps.delPick,🗑 ลบที่เลือก
I217,✔,U+2714,checkmark,need_svg,languages/k2_en.csv,3607,i18n,นำหน้าข้อความ,ui.maps.done,✔ เสร็จ
I096,↩,U+21A9,return,need_svg,languages/k2_en.csv,3609,i18n,นำหน้าข้อความ,ui.maps.dotLatest,↩ ถอยจุดล่าสุด
I079,🔍,U+1F50D,search,has_svg,languages/k2_en.csv,3612,i18n,นำหน้าข้อความ,ui.maps.foundPinTopMap,"🔍 """"{0}"""" — เจอ {1} หมุดบนแผนที่นี้"
I095,✎,U+270E,edit,has_svg,languages/k2_en.csv,3622,i18n,นำหน้าข้อความ,ui.maps.nextDot,✎ ต่อจุด
I141,📷,U+1F4F7,camera,has_svg,languages/k2_en.csv,3624,i18n,นำหน้าข้อความ,ui.maps.notHasImagePress,"📷 ยังไม่มีรูป — กด """"🖼 เปลี่ยนรูป"""""
I080,🖼,U+1F5BC,image,has_svg,languages/k2_en.csv,3624,i18n,กลางข้อความ,ui.maps.notHasImagePress,"📷 ยังไม่มีรูป — กด """"🖼 เปลี่ยนรูป"""""
I083,📋,U+1F4CB,clipboard,has_svg,languages/k2_en.csv,3628,i18n,นำหน้าข้อความ,ui.maps.pastePin,📋 วาง {0} หมุด
I088,📍,U+1F4CD,map,has_svg,languages/k2_en.csv,3636,i18n,นำหน้าข้อความ,ui.maps.portalSceneBindMap,📍 {0} เอนทิตี้ · 🚪 {1} ประตู · 📌 {2} หมายเหตุ · 📄 {3} ฉากผูกกับแผนที่นี้
I177,🚪,U+1F6AA,door,need_svg,languages/k2_en.csv,3636,i18n,กลางข้อความ,ui.maps.portalSceneBindMap,📍 {0} เอนทิตี้ · 🚪 {1} ประตู · 📌 {2} หมายเหตุ · 📄 {3} ฉากผูกกับแผนที่นี้
I084,📌,U+1F4CC,pin,need_svg,languages/k2_en.csv,3636,i18n,กลางข้อความ,ui.maps.portalSceneBindMap,📍 {0} เอนทิตี้ · 🚪 {1} ประตู · 📌 {2} หมายเหตุ · 📄 {3} ฉากผูกกับแผนที่นี้
I071,📄,U+1F4C4,file,has_svg,languages/k2_en.csv,3636,i18n,กลางข้อความ,ui.maps.portalSceneBindMap,📍 {0} เอนทิตี้ · 🚪 {1} ประตู · 📌 {2} หมายเหตุ · 📄 {3} ฉากผูกกับแผนที่นี้
I095,✎,U+270E,edit,has_svg,languages/k2_en.csv,3638,i18n,กลางข้อความ,ui.maps.pressBtnEditTop,"· กดปุ่ม """"✎ แก้ไข"""" บนแถบเครื่องมือเพื่อแก้หมุดนี้"
I268,🖨,U+1F5A8,printer,need_svg,languages/k2_en.csv,3639,i18n,นำหน้าข้อความ,ui.maps.print,🖨 พิมพ์
I148,🛣,U+1F6E3,road,need_svg,languages/k2_en.csv,3643,i18n,นำหน้าข้อความ,ui.maps.route2,🛣 เส้นทาง
I148,🛣,U+1F6E3,road,need_svg,languages/k2_en.csv,3644,i18n,นำหน้าข้อความ,ui.maps.route3,🛣 เส้นทาง ({0})
I141,📷,U+1F4F7,camera,has_svg,languages/k2_en.csv,3648,i18n,นำหน้าข้อความ,ui.maps.saveMapLibraryImage,📷 บันทึกแผนที่ลงคลังรูปแล้ว:
I079,🔍,U+1F50D,search,has_svg,languages/k2_en.csv,3654,i18n,นำหน้าข้อความ,ui.maps.searchPinName,🔍 ค้นหาหมุด (ชื่อ/หมายเหตุ)
I199,📏,U+1F4CF,ruler,need_svg,languages/k2_en.csv,3655,i18n,กลางข้อความ,ui.maps.setGapField,(ตั้งระยะได้ที่ช่องข้าง 📏)
I160,🔤,U+1F524,font,need_svg,languages/k2_en.csv,3658,i18n,นำหน้าข้อความ,ui.maps.showItemFilm,🔤 แสดงตัวหนังสือ
I088,📍,U+1F4CD,map,has_svg,languages/k2_en.csv,3661,i18n,นำหน้าข้อความ,ui.maps.sizePin,📍 ขนาดหมุด
I105,🧠,U+1F9E0,brain,has_svg,languages/k2_en.csv,3671,i18n,นำหน้าข้อความ,ui.menu.aIAnalyzePaceStory,🧠 AI วิเคราะห์ (จังหวะเรื่อง · ตัวละคร · คำซ้ำ)
I096,↩,U+21A9,return,need_svg,languages/k2_en.csv,3676,i18n,นำหน้าข้อความ,ui.menu.backVersionLatestRevert,↩ กลับไปเวอร์ชันล่าสุด (Revert)
I126,🎨,U+1F3A8,palette,need_svg,languages/k2_en.csv,3678,i18n,นำหน้าข้อความ,ui.menu.boardMoodMoodBoard,🎨 กระดานอารมณ์ (Mood Board) — เปิดเป็นแผงข้าง ๆ แล้วลากรูปมาวางได้
I213,🔠,U+1F520,text-case,need_svg,languages/k2_en.csv,3681,i18n,นำหน้าข้อความ,ui.menu.caseBigSmall,🔠 ตัวพิมพ์ใหญ่/เล็ก (ให้อิสระ)
I081,🎬,U+1F3AC,film,has_svg,languages/k2_en.csv,3683,i18n,นำหน้าข้อความ,ui.menu.chapterFilm,🎬 บทหนัง
I100,📚,U+1F4DA,book-content,has_svg,languages/k2_en.csv,3694,i18n,นำหน้าข้อความ,ui.menu.codexCodex,📚 สารานุกรม (Codex)
I082,💬,U+1F4AC,chat,has_svg,languages/k2_en.csv,3697,i18n,นำหน้าข้อความ,ui.menu.commentScenePanel,💬 คอมเมนต์ในฉากนี้ (แผง)
I108,📊,U+1F4CA,chart,has_svg,languages/k2_en.csv,3698,i18n,นำหน้าข้อความ,ui.menu.compareChapter,📊 เปรียบเทียบบท / สคริปต์…
I212,🛠,U+1F6E0,wrench,need_svg,languages/k2_en.csv,3699,i18n,นำหน้าข้อความ,ui.menu.consoleDev,🛠 คอนโซลนักพัฒนา… ({0}+{1}+`)
I071,📄,U+1F4C4,file,has_svg,languages/k2_en.csv,3701,i18n,นำหน้าข้อความ,ui.menu.coverTitlePages,📄 หน้าปก (Title Pages)…
I269,🎞,U+1F39E,film,has_svg,languages/k2_en.csv,3707,i18n,นำหน้าข้อความ,ui.menu.dataResultTaskAuthor,🎞 ข้อมูลผลงาน (ผู้เขียน · ตัวแทน · ลิขสิทธิ์)…
I140,🧹,U+1F9F9,broom,need_svg,languages/k2_en.csv,3709,i18n,นำหน้าข้อความ,ui.menu.delElementType,🧹 ลบ element ตามประเภท…
I143,🎭,U+1F3AD,mask,need_svg,languages/k2_en.csv,3712,i18n,นำหน้าข้อความ,ui.menu.dlgbPanel,🎭 Rehearsal Room
I081,🎬,U+1F3AC,film,has_svg,languages/k2_en.csv,3720,i18n,นำหน้าข้อความ,ui.menu.exportChapterFinalDraft,🎬 ส่งออกบทเป็น Final Draft (.fdx)…
I081,🎬,U+1F3AC,film,has_svg,languages/k2_en.csv,3721,i18n,นำหน้าข้อความ,ui.menu.exportChapterRichText,🎬 ส่งออกบทเป็น Rich Text (.rtf)…
I081,🎬,U+1F3AC,film,has_svg,languages/k2_en.csv,3723,i18n,นำหน้าข้อความ,ui.menu.exportFinalDraftFdx,🎬 ส่งออกเป็น Final Draft (.fdx)…
I129,🌐,U+1F310,globe,has_svg,languages/k2_en.csv,3726,i18n,นำหน้าข้อความ,ui.menu.exportLangCSVKey,🌐 ส่งออกภาษาเป็น CSV (key · ไทย · อังกฤษ)…
I090,📤,U+1F4E4,export,need_svg,languages/k2_en.csv,3727,i18n,นำหน้าข้อความ,ui.menu.exportLayoutPanelJSON,📤 ส่งออกการจัดวางแผง (JSON)…
I174,🧾,U+1F9FE,receipt,need_svg,languages/k2_en.csv,3729,i18n,นำหน้าข้อความ,ui.menu.exportPDFItemNew,🧾 ส่งออก PDF (ตัวสร้างในโปรแกรม — สารบัญ · หน้าปก)…
I174,🧾,U+1F9FE,receipt,need_svg,languages/k2_en.csv,3730,i18n,นำหน้าข้อความ,ui.menu.exportPDFTocCover,🧾 ส่งออก PDF (สารบัญ · หน้าปก · เปิดที่หน้าเดิม)…
I194,💧,U+1F4A7,water,need_svg,languages/k2_en.csv,3731,i18n,นำหน้าข้อความ,ui.menu.exportPDFWatermarkPerson,💧 ส่งออก PDF ลายน้ำรายคน…
I081,🎬,U+1F3AC,film,has_svg,languages/k2_en.csv,3734,i18n,นำหน้าข้อความ,ui.menu.exportRichTextRtf,🎬 ส่งออกเป็น Rich Text (.rtf)…
I160,🔤,U+1F524,font,need_svg,languages/k2_en.csv,3740,i18n,นำหน้าข้อความ,ui.menu.fontLangOther,🔤 ฟอนต์ตามภาษา (ไทย/ละติน/อื่น ๆ)…
I076,📖,U+1F4D6,book-open,has_svg,languages/k2_en.csv,3745,i18n,นำหน้าข้อความ,ui.menu.formatNovelParaRange,📖 รูปแบบนิยาย (ย่อหน้า · ช่วงบรรทัด · หัวข้อ)…
I108,📊,U+1F4CA,chart,has_svg,languages/k2_en.csv,3749,i18n,นำหน้าข้อความ,ui.menu.graphDialogueNextPage,📊 กราฟบทพูดต่อหน้า (Dialogue Chart)…
I270,📑,U+1F4D1,page-header,need_svg,languages/k2_en.csv,3752,i18n,นำหน้าข้อความ,ui.menu.headPaperAllPage,📑 หัวกระดาษทุกหน้า (Page Headers)…
I218,◨,U+25E8,panel-hide-left,need_svg,languages/k2_en.csv,3756,i18n,นำหน้าข้อความ,ui.menu.hidePanelSideLeft,◨ ซ่อนแผงฝั่งซ้าย
I183,⬓,U+2B13,panel-hide-right,need_svg,languages/k2_en.csv,3757,i18n,นำหน้าข้อความ,ui.menu.hidePanelSideRight,⬓ ซ่อนแผงฝั่งขวา ({0}+{1}+[)
I166,⬒,U+2B12,panel-hide-all,need_svg,languages/k2_en.csv,3758,i18n,นำหน้าข้อความ,ui.menu.hideShowPanelAll,⬒ ซ่อน/แสดงแผงทั้งหมด ({0}+\)
I140,🧹,U+1F9F9,broom,need_svg,languages/k2_en.csv,3762,i18n,นำหน้าข้อความ,ui.menu.imageNotUse,🧹 รูปที่ยังไม่ถูกใช้
I129,🌐,U+1F310,globe,has_svg,languages/k2_en.csv,3765,i18n,นำหน้าข้อความ,ui.menu.importLangCSV,🌐 นำเข้าภาษาจาก CSV…
I076,📖,U+1F4D6,book-open,has_svg,languages/k2_en.csv,3773,i18n,นำหน้าข้อความ,ui.readbook.button,📖 Read whole book
I076,📖,U+1F4D6,book-open,has_svg,languages/k2_en.csv,3774,i18n,นำหน้าข้อความ,ui.readbook.buttonAll,📖 Read whole project
I080,🖼,U+1F5BC,image,has_svg,languages/k2_en.csv,3833,i18n,นำหน้าข้อความ,ui.menu.libraryImageGalleryG,🖼 คลังรูปภาพ (Gallery) ({0}+{1}+G)
I131,📐,U+1F4D0,ruler,need_svg,languages/k2_en.csv,3839,i18n,นำหน้าข้อความ,ui.menu.managePanelShowHide,📐 จัดการแผง (แสดง/ซ่อน)…
I105,🧠,U+1F9E0,brain,has_svg,languages/k2_en.csv,3840,i18n,นำหน้าข้อความ,ui.menu.manageSmartTypeDelWord,🧠 จัดการ SmartType (ลบคำที่จำผิด)…
I160,🔤,U+1F524,font,need_svg,languages/k2_en.csv,3843,i18n,นำหน้าข้อความ,ui.menu.mapChar,🔤 แผนที่อักขระพิเศษ…
I071,📄,U+1F4C4,file,has_svg,languages/k2_en.csv,3862,i18n,นำหน้าข้อความ,ui.menu.pageChapterG,📄 ไปที่หน้า/บท… ({0}+G)
I190,⏮,U+23EE,skip-previous,need_svg,languages/k2_en.csv,3863,i18n,นำหน้าข้อความ,ui.menu.pageFirst,⏮ ไปหน้าแรก
I069,→,U+2192,,keep_text,languages/k2_en.csv,3864,i18n,กลางข้อความ,ui.menu.pageFirstHasIn,หน้าแรกมีทางเข้าของตัวเองที่เมนู ไฟล์ → หน้าแรก
I216,🏠,U+1F3E0,home,has_svg,languages/k2_en.csv,3865,i18n,นำหน้าข้อความ,ui.menu.pageFirstHome,🏠 หน้าแรก (Home)
I143,🎭,U+1F3AD,mask,need_svg,languages/k2_en.csv,3867,i18n,นำหน้าข้อความ,ui.menu.pageListCharacterCast,🎭 หน้ารายชื่อตัวละคร (Cast of Characters)…
I131,📐,U+1F4D0,ruler,need_svg,languages/k2_en.csv,3869,i18n,นำหน้าข้อความ,ui.menu.pagePaperGapMargin,📐 หน้ากระดาษ · ระยะขอบ · รูปแบบบท…
I131,📐,U+1F4D0,ruler,need_svg,languages/k2_en.csv,3870,i18n,นำหน้าข้อความ,ui.menu.pagePaperGapMargin2,📐 หน้ากระดาษ · ระยะขอบ…
I082,💬,U+1F4AC,chat,has_svg,languages/k2_en.csv,3873,i18n,นำหน้าข้อความ,ui.menu.panelAIAssistantWrite,💬 แผง AI ผู้ช่วยเขียน
I089,🔄,U+1F504,refresh,need_svg,languages/k2_en.csv,3888,i18n,นำหน้าข้อความ,ui.menu.propsSceneFileMd,🔄 ซิงก์คุณสมบัติฉากจากไฟล์ .md (แก้ไฟล์นอกโปรแกรมแล้วใช้)
I180,👥,U+1F465,group,need_svg,languages/k2_en.csv,3890,i18n,นำหน้าข้อความ,ui.menu.reportCharacterReport,👥 รายงานตัวละคร (Character Report)…
I088,📍,U+1F4CD,map,has_svg,languages/k2_en.csv,3891,i18n,นำหน้าข้อความ,ui.menu.reportPlaceLocationReport,📍 รายงานสถานที่ (Location Report)…
I087,➕,U+2795,plus,has_svg,languages/k2_en.csv,3908,i18n,นำหน้าข้อความ,ui.menu.sessionNew,➕ เซสชันแชทใหม่
I175,🔊,U+1F50A,volume,need_svg,languages/k2_en.csv,3918,i18n,นำหน้าข้อความ,ui.menu.soundTypewriterPrint,🔊 เสียงเครื่องพิมพ์ดีดขณะพิมพ์
I115,↔,U+2194,swap,need_svg,languages/k2_en.csv,3930,i18n,กลางข้อความ,ui.menu.toggleModeNovelChapter,สลับโหมด นิยาย ↔ บทหนัง ({0}+{1}+M)
I077,▶,U+25B6,play,need_svg,languages/k2_en.csv,3933,i18n,นำหน้าข้อความ,ui.menu.trialPlayStoryBreak,▶ ทดลองเล่นเรื่องแตกสาย (Player Mode)
I116,🗂,U+1F5C2,collection,need_svg,languages/k2_en.csv,3939,i18n,นำหน้าข้อความ,ui.menu.workY,🗂 เวิร์กสเปซ… ({0}+{1}+Y)
I098,🏷,U+1F3F7,tag,need_svg,languages/k2_en.csv,3951,i18n,นำหน้าข้อความ,ui.net.cat,🏷 หมวด:
I095,✎,U+270E,edit,has_svg,languages/k2_en.csv,3952,i18n,นำหน้าข้อความ,ui.net.changeName,✎ เปลี่ยนชื่อ…
I095,✎,U+270E,edit,has_svg,languages/k2_en.csv,3953,i18n,นำหน้าข้อความ,ui.net.changeNameChapter,✎ เปลี่ยนชื่อบท…
I075,🗑,U+1F5D1,trash,has_svg,languages/k2_en.csv,3963,i18n,นำหน้าข้อความ,ui.net.delChapterChapter,🗑 ลบบททั้งบท
I271,🖱,U+1F5B1,mouse,need_svg,languages/k2_en.csv,3965,i18n,นำหน้าข้อความ,ui.net.dragBgScrollWheel,🖱 ลากพื้น=เลื่อน · ล้อ=ซูม · ลากโหนด=ย้าย · Shift+คลิก=ผลัก · ดับเบิลคลิก=เปิด · คลิกขวา=
I085,📂,U+1F4C2,folder-open,need_svg,languages/k2_en.csv,3968,i18n,นำหน้าข้อความ,ui.net.findDisk,📂 หาในดิสก์
I071,📄,U+1F4C4,file,has_svg,languages/k2_en.csv,3985,i18n,นำหน้าข้อความ,ui.net.open,📄 เปิด
I076,📖,U+1F4D6,book-open,has_svg,languages/k2_en.csv,3986,i18n,นำหน้าข้อความ,ui.net.open2,📖 เปิด
I085,📂,U+1F4C2,folder-open,need_svg,languages/k2_en.csv,3987,i18n,นำหน้าข้อความ,ui.net.openBook,📂 เปิดเล่ม
I085,📂,U+1F4C2,folder-open,need_svg,languages/k2_en.csv,3988,i18n,นำหน้าข้อความ,ui.net.openChapter,📂 เปิดบท
I102,🔗,U+1F517,link,has_svg,languages/k2_en.csv,4000,i18n,นำหน้าข้อความ,ui.net.relation,🔗 ความสัมพันธ์ (
I083,📋,U+1F4CB,clipboard,has_svg,languages/k2_en.csv,4001,i18n,นำหน้าข้อความ,ui.net.repeat,📋 ทำซ้ำ
I201,⤾,U+293E,rotate-right,need_svg,languages/k2_en.csv,4003,i18n,นำหน้าข้อความ,ui.net.resetView,⤾ รีเซ็ตมุมมอง
I115,↔,U+2194,swap,need_svg,languages/k2_en.csv,4004,i18n,กลางข้อความ,ui.net.scene,เอนทิตี้ ↔ ฉาก
I115,↔,U+2194,swap,need_svg,languages/k2_en.csv,4005,i18n,กลางข้อความ,ui.net.scene2,เอนทิตี้↔ฉาก
I079,🔍,U+1F50D,search,has_svg,languages/k2_en.csv,4007,i18n,นำหน้าข้อความ,ui.net.search,🔍 ค้นหา…
I098,🏷,U+1F3F7,tag,need_svg,languages/k2_en.csv,4017,i18n,นำหน้าข้อความ,ui.net.tag,🏷 แท็ก:
I084,📌,U+1F4CC,pin,need_svg,languages/k2_en.csv,4020,i18n,นำหน้าข้อความ,ui.net.unsetPinAllNode2,📌 ปลดหมุดทุกโหนด แล้วจัดผังใหม่
I084,📌,U+1F4CC,pin,need_svg,languages/k2_en.csv,4021,i18n,นำหน้าข้อความ,ui.net.unsetPinNode,📌 ปลดหมุดโหนดนี้
I073,📝,U+1F4DD,note,has_svg,languages/k2_en.csv,4038,i18n,นำหน้าข้อความ,ui.notes.do2,📝 ไว้ทำภายหลัง ({0})
I099,✅,U+2705,check-circle,need_svg,languages/k2_en.csv,4040,i18n,นำหน้าข้อความ,ui.notes.doneDoDoneList,✅ เคลียร์หมดแล้ว (ทำไปแล้ว {0} รายการ)
I083,📋,U+1F4CB,clipboard,has_svg,languages/k2_en.csv,4045,i18n,นำหน้าข้อความ,ui.notes.moveInMemo,📋 ย้ายเข้า Memo
I073,📝,U+1F4DD,note,has_svg,languages/k2_en.csv,4048,i18n,นำหน้าข้อความ,ui.notes.noteAll,📝 โน้ตทั้งหมด (
I073,📝,U+1F4DD,note,has_svg,languages/k2_en.csv,4049,i18n,นำหน้าข้อความ,ui.notes.notebookNoteQuick,📝 สมุดโน้ตด่วน
I073,📝,U+1F4DD,note,has_svg,languages/k2_en.csv,4050,i18n,นำหน้าข้อความ,ui.notes.noteQuick,📝 โน้ตด่วน —
I073,📝,U+1F4DD,note,has_svg,languages/k2_en.csv,4051,i18n,กลางข้อความ,ui.notes.notHasNotePress,ยังไม่มีโน้ต — กด 📝 ใน toolbar
I073,📝,U+1F4DD,note,has_svg,languages/k2_en.csv,4052,i18n,กลางข้อความ,ui.notes.notHasNoteStuck,"ยังไม่มีโน้ตค้าง — กด 📝 บนแถบเครื่องมือแล้วติ๊ก """"ไว้ทำภายหลัง"""""
I105,🧠,U+1F9E0,brain,has_svg,languages/k2_en.csv,4058,i18n,นำหน้าข้อความ,ui.panel.aiAnalyzerTitle,🧠 AI Analyzer
I082,💬,U+1F4AC,chat,has_svg,languages/k2_en.csv,4059,i18n,นำหน้าข้อความ,ui.panel.aiChatTitle,💬 AI Writing Assistant
I101,🌿,U+1F33F,branch,need_svg,languages/k2_en.csv,4112,i18n,นำหน้าข้อความ,ui.panel.branchTitle,🌿 Branching Map
I100,📚,U+1F4DA,book-content,has_svg,languages/k2_en.csv,4119,i18n,นำหน้าข้อความ,ui.panel.codex,📚 สารานุกรม
I100,📚,U+1F4DA,book-content,has_svg,languages/k2_en.csv,4120,i18n,นำหน้าข้อความ,ui.panel.codexTitle,📚 Codex
I069,→,U+2192,,keep_text,languages/k2_en.csv,4157,i18n,กลางข้อความ,ui.panel.doFileProjectDone,ไทม์ไลน์ว่าทำอะไรกับไฟล์ในโปรเจกต์ไปบ้าง แล้วย้อนกลับไปจุดไหนก็ได้ · จำนวนครั้งที่เก็บตั้ง
I090,📤,U+1F4E4,export,need_svg,languages/k2_en.csv,4165,i18n,นำหน้าข้อความ,ui.panel.exportLayout,📤 ส่งออกการจัดวางแผงเป็นไฟล์ JSON…
I166,⬒,U+2B12,panel-hide-all,need_svg,languages/k2_en.csv,4178,i18n,นำหน้าข้อความ,ui.panel.hidePanelAllArea,⬒ ซ่อนแผงทั้งหมด (เหลือแต่พื้นที่เขียน)
I183,⬓,U+2B13,panel-hide-right,need_svg,languages/k2_en.csv,4179,i18n,นำหน้าข้อความ,ui.panel.hidePanelSide,⬓ ซ่อนแผงฝั่งนี้
I122,🕘,U+1F558,history,has_svg,languages/k2_en.csv,4180,i18n,นำหน้าข้อความ,ui.panel.historyTitle,🕘 History
I131,📐,U+1F4D0,ruler,need_svg,languages/k2_en.csv,4189,i18n,นำหน้าข้อความ,ui.panel.manage,📐 Manage panels
I077,▶,U+25B6,play,need_svg,languages/k2_en.csv,4208,i18n,นำหน้าข้อความ,ui.panel.playerTitle,▶ Play Test
I164,🗒,U+1F5D2,notepad,need_svg,languages/k2_en.csv,4217,i18n,นำหน้าข้อความ,ui.panel.recordTitle,🗒 Daily Record
I272,⏸,U+23F8,pause,need_svg,languages/k2_en.csv,4221,i18n,นำหน้าข้อความ,ui.panel.sceneGuard,⏸ Unsaved changes in the main window:
I166,⬒,U+2B12,panel-hide-all,need_svg,languages/k2_en.csv,4237,i18n,นำหน้าข้อความ,ui.panel.spaceHideAll,⬒ Hide all panels (canvas only)
I218,◨,U+25E8,panel-hide-left,need_svg,languages/k2_en.csv,4238,i18n,นำหน้าข้อความ,ui.panel.spaceHideLeft,◨ Hide left panels
I183,⬓,U+2B13,panel-hide-right,need_svg,languages/k2_en.csv,4239,i18n,นำหน้าข้อความ,ui.panel.spaceHideRight,⬓ Hide right panels
I166,⬒,U+2B12,panel-hide-all,need_svg,languages/k2_en.csv,4242,i18n,นำหน้าข้อความ,ui.panel.spaceShow,⬒ Restore hidden panels
I069,→,U+2192,,keep_text,languages/k2_en.csv,4248,i18n,กลางข้อความ,ui.panel.tocResultTaskBook,สารบัญของผลงานทั้งเล่ม — เล่ม → บท → ฉาก พร้อม Wiki คลังรูป และถังขยะ · ลากสลับลำดับได้ · 
I069,→,U+2192,,keep_text,languages/k2_en.csv,4248,i18n,กลางข้อความ,ui.panel.tocResultTaskBook,สารบัญของผลงานทั้งเล่ม — เล่ม → บท → ฉาก พร้อม Wiki คลังรูป และถังขยะ · ลากสลับลำดับได้ · 
I219,❔,U+2754,help,need_svg,languages/k2_en.csv,4258,i18n,นำหน้าข้อความ,ui.panel.whatIsThis,❔ What is this?
I116,🗂,U+1F5C2,collection,need_svg,languages/k2_en.csv,4260,i18n,นำหน้าข้อความ,ui.panel.work,🗂 เวิร์กสเปซ…
I075,🗑,U+1F5D1,trash,has_svg,languages/k2_en.csv,4265,i18n,นำหน้าข้อความ,ui.panel.wsDelete,🗑 Delete workspace…
I116,🗂,U+1F5C2,collection,need_svg,languages/k2_en.csv,4267,i18n,นำหน้าข้อความ,ui.panel.wsMenu,🗂 Workspaces…
I116,🗂,U+1F5C2,collection,need_svg,languages/k2_en.csv,4270,i18n,นำหน้าข้อความ,ui.panel.wsPick,🗂 Workspace — switch panel layout set
I070,✕,U+2715,close,need_svg,languages/k2_en.csv,4288,i18n,นำหน้าข้อความ,ui.panelRenderer.closePanelOpenBack,✕ ปิดแผง (เปิดกลับที่ มุมมอง → แผง)
I069,→,U+2192,,keep_text,languages/k2_en.csv,4288,i18n,กลางข้อความ,ui.panelRenderer.closePanelOpenBack,✕ ปิดแผง (เปิดกลับที่ มุมมอง → แผง)
I153,🖥,U+1F5A5,desktop,need_svg,languages/k2_en.csv,4296,i18n,นำหน้าข้อความ,ui.panelRenderer.moveWindowSplitDrag2,🖥 ย้ายไปหน้าต่างแยก (ลากไปจออื่นได้)
I128,▸,U+25B8,chevron-right,has_svg,languages/k2_en.csv,4297,i18n,นำหน้าข้อความ,ui.panelRenderer.panel,▸ คลี่แผง
I093,▾,U+25BE,chevron-down,has_svg,languages/k2_en.csv,4298,i18n,นำหน้าข้อความ,ui.panelRenderer.panel2,▾ พับแผง
I219,❔,U+2754,help,need_svg,languages/k2_en.csv,4299,i18n,นำหน้าข้อความ,ui.panelRenderer.whatIsThis,❔ นี่คืออะไร — <b>
I087,➕,U+2795,plus,has_svg,languages/k2_en.csv,4300,i18n,นำหน้าข้อความ,ui.pdf.addPage,➕ เพิ่มหน้า
I087,➕,U+2795,plus,has_svg,languages/k2_en.csv,4301,i18n,นำหน้าข้อความ,ui.pdf.addText,➕ เพิ่มข้อความ
I069,→,U+2192,,keep_text,languages/k2_en.csv,4304,i18n,กลางข้อความ,ui.pdf.cantSetCoverChapter,ยังไม่ได้ตั้งหน้าปก — เมนู บท → หน้าปก
I069,→,U+2192,,keep_text,languages/k2_en.csv,4309,i18n,กลางข้อความ,ui.pdf.closeChapterHeadPaper,ยังปิดอยู่ — เมนู บท → หัวกระดาษ
I157,↺,U+21BA,rotate-left,need_svg,languages/k2_en.csv,4315,i18n,นำหน้าข้อความ,ui.pdf.default,↺ ค่าเริ่มต้น
I075,🗑,U+1F5D1,trash,has_svg,languages/k2_en.csv,4319,i18n,นำหน้าข้อความ,ui.pdf.delPage,🗑 ลบหน้า
I075,🗑,U+1F5D1,trash,has_svg,languages/k2_en.csv,4320,i18n,นำหน้าข้อความ,ui.pdf.delText,🗑 ลบข้อความนี้
I081,🎬,U+1F3AC,film,has_svg,languages/k2_en.csv,4367,i18n,นำหน้าข้อความ,ui.pdf.putCoverDefault,🎬 ใส่หน้าปกมาตรฐาน
I069,→,U+2192,,keep_text,languages/k2_en.csv,4371,i18n,ท้ายข้อความ,ui.pdf.samplePage,ตัวอย่างหน้า 2 →
I191,➜,U+279C,send,need_svg,languages/k2_en.csv,4411,i18n,นำหน้าข้อความ,ui.planner.arrow,➜ ลูกศร
I094,📁,U+1F4C1,folder,has_svg,languages/k2_en.csv,4413,i18n,นำหน้าข้อความ,ui.planner.bindFileProject,📁 ผูกไฟล์จากโปรเจกต์…
I094,📁,U+1F4C1,folder,has_svg,languages/k2_en.csv,4445,i18n,กลางข้อความ,ui.planner.cardCantBindFile2,"การ์ดนี้ยังไม่ได้ผูกไฟล์ — กด """"📁 เลือกจากโปรเจกต์"""" ในแผงคุณสมบัติ"
I097,✏,U+270F,edit,has_svg,languages/k2_en.csv,4450,i18n,นำหน้าข้อความ,ui.planner.changeNameGroup,✏ เปลี่ยนชื่อกลุ่ม…
I176,⌗,U+2317,hash,need_svg,languages/k2_en.csv,4457,i18n,นำหน้าข้อความ,ui.planner.closeSnap,⌗ ปิด snap
I082,💬,U+1F4AC,chat,has_svg,languages/k2_en.csv,4460,i18n,นำหน้าข้อความ,ui.planner.comment,💬 คอมเมนต์ตรงนี้
I273,▢,U+25A2,shape-rounded,need_svg,languages/k2_en.csv,4464,i18n,นำหน้าข้อความ,ui.planner.corner,▢ มุมมน
I274,◇,U+25C7,shape-diamond,need_svg,languages/k2_en.csv,4468,i18n,นำหน้าข้อความ,ui.planner.cut,◇ ข้าวหลามตัด
I275,⛁,U+26C1,shape-cylinder,need_svg,languages/k2_en.csv,4469,i18n,นำหน้าข้อความ,ui.planner.cylinder,⛁ ทรงกระบอก
I075,🗑,U+1F5D1,trash,has_svg,languages/k2_en.csv,4474,i18n,นำหน้าข้อความ,ui.planner.delLine,🗑 ลบเส้น
I098,🏷,U+1F3F7,tag,need_svg,languages/k2_en.csv,4479,i18n,นำหน้าข้อความ,ui.planner.editBadge,🏷 แก้ป้ายกำกับ…
I097,✏,U+270F,edit,has_svg,languages/k2_en.csv,4480,i18n,นำหน้าข้อความ,ui.planner.editText,✏ แก้ข้อความ
I276,⬭,U+2B2D,shape-ellipse,need_svg,languages/k2_en.csv,4481,i18n,นำหน้าข้อความ,ui.planner.ellipse,⬭ วงรี
I069,→,U+2192,,keep_text,languages/k2_en.csv,4483,i18n,กลางข้อความ,ui.planner.fileNewRefreshExplorer,(ไฟล์ใหม่ → รีเฟรช Explorer)
I075,🗑,U+1F5D1,trash,has_svg,languages/k2_en.csv,4504,i18n,นำหน้าข้อความ,ui.planner.group2,🗑 ยุบกลุ่ม
I116,🗂,U+1F5C2,collection,need_svg,languages/k2_en.csv,4507,i18n,นำหน้าข้อความ,ui.planner.groupPick,🗂 จัดกลุ่มที่เลือก
I130,▦,U+25A6,grid,has_svg,languages/k2_en.csv,4509,i18n,นำหน้าข้อความ,ui.planner.hideGrid,▦ ซ่อนกริด
I123,↑,U+2191,arrow-up,need_svg,languages/k2_en.csv,4512,i18n,นำหน้าข้อความ,ui.planner.liftOneLayer,↑ ยกขึ้นหนึ่งชั้น
I123,↑,U+2191,arrow-up,need_svg,languages/k2_en.csv,4513,i18n,นำหน้าข้อความ,ui.planner.liftOneLayerCtrl,"↑ ยกขึ้นหนึ่งชั้น <span style=""""opacity:.55"""">Ctrl+]</span>"
I162,⬆,U+2B06,arrow-up,need_svg,languages/k2_en.csv,4514,i18n,นำหน้าข้อความ,ui.planner.liftTop,⬆ ยกไปบนสุด
I162,⬆,U+2B06,arrow-up,need_svg,languages/k2_en.csv,4516,i18n,นำหน้าข้อความ,ui.planner.liftTopCtrlShift2,"⬆ ยกไปบนสุด <span style=""""opacity:.55"""">Ctrl+Shift+]</span>"
I109,🔒,U+1F512,lock,has_svg,languages/k2_en.csv,4523,i18n,นำหน้าข้อความ,ui.planner.lock,🔒 ล็อก
I181,✚,U+271A,plus-plain,need_svg,languages/k2_en.csv,4528,i18n,กลางข้อความ,ui.planner.notHasBoardProject,ยังไม่มีกระดานในโปรเจกต์ — กด ✚ ใหม่ เพื่อสร้าง
I083,📋,U+1F4CB,clipboard,has_svg,languages/k2_en.csv,4532,i18n,นำหน้าข้อความ,ui.planner.openBoardPlanner,📋 เปิดกระดานวางแผน
I076,📖,U+1F4D6,book-open,has_svg,languages/k2_en.csv,4533,i18n,นำหน้าข้อความ,ui.planner.openFile,📖 เปิดไฟล์
I176,⌗,U+2317,hash,need_svg,languages/k2_en.csv,4535,i18n,นำหน้าข้อความ,ui.planner.openSnap,⌗ เปิด snap
I116,🗂,U+1F5C2,collection,need_svg,languages/k2_en.csv,4539,i18n,กลางข้อความ,ui.planner.pickCardBeforeDrag,เลือกการ์ดก่อน (ลากคลุม / Shift+คลิก) แล้วกด 🗂 จัดกลุ่ม
I085,📂,U+1F4C2,folder-open,need_svg,languages/k2_en.csv,4556,i18n,นำหน้าข้อความ,ui.planner.pointPosExplorer,📂 ชี้ตำแหน่งใน Explorer
I092,💾,U+1F4BE,save,has_svg,languages/k2_en.csv,4558,i18n,กลางข้อความ,ui.planner.putSampleDonePress,ใส่ตัวอย่างแล้ว — กด 💾 ถ้าจะเก็บไว้
I277,▭,U+25AD,shape-rect,need_svg,languages/k2_en.csv,4559,i18n,นำหน้าข้อความ,ui.planner.rect,▭ สี่เหลี่ยม
I124,↓,U+2193,arrow-down,need_svg,languages/k2_en.csv,4560,i18n,นำหน้าข้อความ,ui.planner.reduceOneLayer,↓ ลดลงหนึ่งชั้น
I124,↓,U+2193,arrow-down,need_svg,languages/k2_en.csv,4561,i18n,นำหน้าข้อความ,ui.planner.reduceOneLayerCtrl,"↓ ลดลงหนึ่งชั้น <span style=""""opacity:.55"""">Ctrl+[</span>"
I208,↷,U+21B7,redo,need_svg,languages/k2_en.csv,4563,i18n,นำหน้าข้อความ,ui.planner.repeat,↷ ทำซ้ำ
I092,💾,U+1F4BE,save,has_svg,languages/k2_en.csv,4567,i18n,นำหน้าข้อความ,ui.planner.save,"💾 บันทึกเป็น """""
I092,💾,U+1F4BE,save,has_svg,languages/k2_en.csv,4568,i18n,นำหน้าข้อความ,ui.planner.saveBefore,💾 บันทึกก่อน
I092,💾,U+1F4BE,save,has_svg,languages/k2_en.csv,4569,i18n,นำหน้าข้อความ,ui.planner.saveBoard,💾 บันทึกกระดาน
I092,💾,U+1F4BE,save,has_svg,languages/k2_en.csv,4570,i18n,นำหน้าข้อความ,ui.planner.saveBoard2,"💾 บันทึกกระดาน """""
I080,🖼,U+1F5BC,image,has_svg,languages/k2_en.csv,4573,i18n,นำหน้าข้อความ,ui.planner.saveImageBoardDone,🖼 บันทึกรูปกระดานแล้ว:
I142,⬇,U+2B07,arrow-down,need_svg,languages/k2_en.csv,4581,i18n,นำหน้าข้อความ,ui.planner.sendBottomLast,⬇ ส่งไปล่างสุด
I142,⬇,U+2B07,arrow-down,need_svg,languages/k2_en.csv,4583,i18n,นำหน้าข้อความ,ui.planner.sendBottomLastCtrl2,"⬇ ส่งไปล่างสุด <span style=""""opacity:.55"""">Ctrl+Shift+[</span>"
I161,⬛,U+2B1B,square,need_svg,languages/k2_en.csv,4584,i18n,นำหน้าข้อความ,ui.planner.shape,⬛ รูปทรงตรงนี้
I130,▦,U+25A6,grid,has_svg,languages/k2_en.csv,4587,i18n,นำหน้าข้อความ,ui.planner.showGrid,▦ แสดงกริด
I168,☆,U+2606,star-outline,need_svg,languages/k2_en.csv,4588,i18n,นำหน้าข้อความ,ui.planner.star,☆ ดาว
I084,📌,U+1F4CC,pin,need_svg,languages/k2_en.csv,4590,i18n,นำหน้าข้อความ,ui.planner.sticky2,📌 โพสต์อิตตรงนี้
I178,🅃,U+1F143,text-tool,need_svg,languages/k2_en.csv,4591,i18n,นำหน้าข้อความ,ui.planner.text,🅃 ข้อความตรงนี้
I278,△,U+25B3,shape-triangle,need_svg,languages/k2_en.csv,4596,i18n,นำหน้าข้อความ,ui.planner.triangle,△ สามเหลี่ยม
I207,↶,U+21B6,undo,need_svg,languages/k2_en.csv,4597,i18n,นำหน้าข้อความ,ui.planner.undo,↶ ย้อนกลับ
I172,➤,U+27A4,send,need_svg,languages/k2_en.csv,4610,i18n,นำหน้าข้อความ,ui.plannerProps.arrow2,➤ ลูกศร
I136,⤓,U+2913,download,need_svg,languages/k2_en.csv,4617,i18n,นำหน้าข้อความ,ui.plannerProps.bottom2,⤓ ล่าง
I279,⇹,U+21F9,align-center-h,need_svg,languages/k2_en.csv,4618,i18n,นำหน้าข้อความ,ui.plannerProps.centerHoriz,⇹ กลางแนวนอน
I280,⇳,U+21F3,align-center-v,need_svg,languages/k2_en.csv,4619,i18n,นำหน้าข้อความ,ui.plannerProps.centerVert,⇳ กลางแนวตั้ง
I094,📁,U+1F4C1,folder,has_svg,languages/k2_en.csv,4620,i18n,นำหน้าข้อความ,ui.plannerProps.chapter,📁 บท
I078,●,U+25CF,,keep_text,languages/k2_en.csv,4621,i18n,นำหน้าข้อความ,ui.plannerProps.circle,● วงกลม
I082,💬,U+1F4AC,chat,has_svg,languages/k2_en.csv,4623,i18n,นำหน้าข้อความ,ui.plannerProps.comment,💬 คอมเมนต์
I281,◆,U+25C6,shape-diamond,need_svg,languages/k2_en.csv,4626,i18n,นำหน้าข้อความ,ui.plannerProps.cut2,◆ ข้าวหลามตัด
I075,🗑,U+1F5D1,trash,has_svg,languages/k2_en.csv,4629,i18n,นำหน้าข้อความ,ui.plannerProps.delAll,🗑 ลบทั้งหมด
I075,🗑,U+1F5D1,trash,has_svg,languages/k2_en.csv,4631,i18n,นำหน้าข้อความ,ui.plannerProps.delLine2,🗑 ลบเส้นนี้
I075,🗑,U+1F5D1,trash,has_svg,languages/k2_en.csv,4632,i18n,นำหน้าข้อความ,ui.plannerProps.delObject,🗑 ลบวัตถุนี้
I282,⇿,U+21FF,distribute-h,need_svg,languages/k2_en.csv,4633,i18n,นำหน้าข้อความ,ui.plannerProps.distributeHoriz,⇿ กระจายแนวนอน
I283,↕,U+2195,distribute-v,need_svg,languages/k2_en.csv,4634,i18n,นำหน้าข้อความ,ui.plannerProps.distributeVert,↕ กระจายแนวตั้ง
I080,🖼,U+1F5BC,image,has_svg,languages/k2_en.csv,4639,i18n,นำหน้าข้อความ,ui.plannerProps.frame,🖼 เฟรม
I116,🗂,U+1F5C2,collection,need_svg,languages/k2_en.csv,4640,i18n,นำหน้าข้อความ,ui.plannerProps.group,🗂 จัดกลุ่ม
I209,⇤,U+21E4,outdent,need_svg,languages/k2_en.csv,4642,i18n,นำหน้าข้อความ,ui.plannerProps.left,⇤ ซ้าย
I102,🔗,U+1F517,link,has_svg,languages/k2_en.csv,4644,i18n,นำหน้าข้อความ,ui.plannerProps.lineLink,🔗 เส้นเชื่อม
I102,🔗,U+1F517,link,has_svg,languages/k2_en.csv,4645,i18n,นำหน้าข้อความ,ui.plannerProps.lineNext,🔗 เส้นที่ต่ออยู่ (
I069,→,U+2192,,keep_text,languages/k2_en.csv,4651,i18n,กลางข้อความ,ui.plannerProps.linkTo,เชื่อมจาก → ถึง
I109,🔒,U+1F512,lock,has_svg,languages/k2_en.csv,4652,i18n,กลางข้อความ,ui.plannerProps.lockNotMoveEdit,"<label class=""""planner-check""""><input type=""""checkbox"""" id=""""plp-lock""""{0}> 🔒 ล็อกไม่ให้ย"
I073,📝,U+1F4DD,note,has_svg,languages/k2_en.csv,4659,i18n,นำหน้าข้อความ,ui.plannerProps.note,📝 โน้ต
I284,⬚,U+2B1A,selection,need_svg,languages/k2_en.csv,4663,i18n,นำหน้าข้อความ,ui.plannerProps.pickItem,⬚ เลือกไว้ {0} ชิ้น
I159,⇥,U+21E5,indent,need_svg,languages/k2_en.csv,4673,i18n,นำหน้าข้อความ,ui.plannerProps.right,⇥ ขวา
I071,📄,U+1F4C4,file,has_svg,languages/k2_en.csv,4674,i18n,นำหน้าข้อความ,ui.plannerProps.scene,📄 ฉาก
I161,⬛,U+2B1B,square,need_svg,languages/k2_en.csv,4675,i18n,นำหน้าข้อความ,ui.plannerProps.shape,⬛ รูปทรง
I084,📌,U+1F4CC,pin,need_svg,languages/k2_en.csv,4678,i18n,นำหน้าข้อความ,ui.plannerProps.sticky,📌 โพสต์อิต
I178,🅃,U+1F143,text-tool,need_svg,languages/k2_en.csv,4680,i18n,นำหน้าข้อความ,ui.plannerProps.text,🅃 ข้อความ
I285,⤒,U+2912,align-top,need_svg,languages/k2_en.csv,4682,i18n,นำหน้าข้อความ,ui.plannerProps.top2,⤒ บน
I077,▶,U+25B6,play,need_svg,languages/k2_en.csv,4684,i18n,นำหน้าข้อความ,ui.plannerProps.triangleSolid,▶ สามเหลี่ยมทึบ
I101,🌿,U+1F33F,branch,need_svg,languages/k2_en.csv,4705,i18n,กลางข้อความ,ui.player.empty,Nothing branching to play yet — add a choice to a scene in the Branching Map (🌿) first
I107,📥,U+1F4E5,import,need_svg,languages/k2_en.csv,4708,i18n,นำหน้าข้อความ,ui.player.export,📥 ส่งออก
I165,🎮,U+1F3AE,gamepad,need_svg,languages/k2_en.csv,4714,i18n,นำหน้าข้อความ,ui.player.historyDecide,🎮 ประวัติการตัดสินใจ
I165,🎮,U+1F3AE,gamepad,need_svg,languages/k2_en.csv,4715,i18n,นำหน้าข้อความ,ui.player.historyDecide2,🎮 ประวัติการตัดสินใจ (
I101,🌿,U+1F33F,branch,need_svg,languages/k2_en.csv,4725,i18n,กลางข้อความ,ui.player.notHasDecisionChoice,ยังไม่มีการตัดสินใจ — เดินตามทางเลือกในผังแตกสาย (🌿) แล้วจะบันทึกที่นี่
I101,🌿,U+1F33F,branch,need_svg,languages/k2_en.csv,4727,i18n,กลางข้อความ,ui.player.notHasStoryBreak,ยังไม่มีเรื่องแตกสายให้เล่น — เพิ่มทางเลือกให้ฉากสักฉากที่ผังแตกสาย (🌿) ก่อน
I074,⚠,U+26A0,error,has_svg,languages/k2_en.csv,4810,i18n,นำหน้าข้อความ,ui.plug.installWarn,⚠ Plugins run with full access to your project files — only install from sources you trust
I286,🐉,U+1F409,fantasy,need_svg,languages/k2_en.csv,4847,i18n,นำหน้าข้อความ,ui.project.fantasy,🐉 แฟนตาซี
I079,🔍,U+1F50D,search,has_svg,languages/k2_en.csv,4850,i18n,นำหน้าข้อความ,ui.project.investigateBack,🔍 สืบสวน/ลึกลับ
I081,🎬,U+1F3AC,film,has_svg,languages/k2_en.csv,4858,i18n,นำหน้าข้อความ,ui.project.screenplay,🎬 บทภาพยนตร์
I123,↑,U+2191,arrow-up,need_svg,languages/k2_en.csv,4867,i18n,นำหน้าข้อความ,ui.quickOpen.pickEnterOpenEsc,↑↓ เลือก · Enter เปิด · Esc ปิด · Ctrl+R สแกนใหม่
I124,↓,U+2193,arrow-down,need_svg,languages/k2_en.csv,4867,i18n,กลางข้อความ,ui.quickOpen.pickEnterOpenEsc,↑↓ เลือก · Enter เปิด · Esc ปิด · Ctrl+R สแกนใหม่
I090,📤,U+1F4E4,export,need_svg,languages/k2_en.csv,4877,i18n,นำหน้าข้อความ,ui.recOrd.exportCSV,📤 ส่งออก CSV
I287,😄,U+1F604,,keep_text,languages/k2_en.csv,4879,i18n,นำหน้าข้อความ,ui.recOrd.flowing,😄 ลื่นไหล
I206,🙂,U+1F642,smile,need_svg,languages/k2_en.csv,4884,i18n,นำหน้าข้อความ,ui.recOrd.normal,🙂 ปกติ
I217,✔,U+2714,checkmark,need_svg,languages/k2_en.csv,4891,i18n,นำหน้าข้อความ,ui.recOrd.save,✔ บันทึก
I087,➕,U+2795,plus,has_svg,languages/k2_en.csv,4892,i18n,นำหน้าข้อความ,ui.recOrd.save2,➕ บันทึก
I288,😖,U+1F616,,keep_text,languages/k2_en.csv,4894,i18n,นำหน้าข้อความ,ui.recOrd.stuck,😖 ติดขัด
I289,😴,U+1F634,,keep_text,languages/k2_en.csv,4897,i18n,นำหน้าข้อความ,ui.recOrd.tired,😴 ล้า
I124,↓,U+2193,arrow-down,need_svg,languages/k2_en.csv,4905,i18n,นำหน้าข้อความ,ui.roster.fetchWiki,↓ ดึงจาก Wiki
I117,⭐,U+2B50,star,has_svg,languages/k2_en.csv,4921,i18n,นำหน้าข้อความ,ui.scene.chapterImportantFavorite,⭐ บทสำคัญ (Favorite)
I079,🔍,U+1F50D,search,has_svg,languages/k2_en.csv,4928,i18n,นำหน้าข้อความ,ui.scene.filterSearchNameTag,🔍 กรอง — ค้นชื่อ/แท็ก/สถานะ/เรื่องย่อ
I117,⭐,U+2B50,star,has_svg,languages/k2_en.csv,4942,i18n,นำหน้าข้อความ,ui.scene.pinPin,⭐ ปักหมุด:
I108,📊,U+1F4CA,chart,has_svg,languages/k2_en.csv,4953,i18n,นำหน้าข้อความ,ui.scene.tableScene2,📊 ตารางฉาก
I108,📊,U+1F4CA,chart,has_svg,languages/k2_en.csv,4954,i18n,นำหน้าข้อความ,ui.scene.tableSceneAll,📊 ตารางฉากทั้งหมด
I079,🔍,U+1F50D,search,has_svg,languages/k2_en.csv,4967,i18n,นำหน้าข้อความ,ui.search.searchProject,🔍 ค้นหาทั้งโปรเจกต์
I070,✕,U+2715,close,need_svg,languages/k2_en.csv,4971,i18n,นำหน้าข้อความ,ui.section.coverOut,✕ เอาปกออก
I080,🖼,U+1F5BC,image,has_svg,languages/k2_en.csv,4981,i18n,นำหน้าข้อความ,ui.section.pickImage,🖼 เลือกรูป…
I129,🌐,U+1F310,globe,has_svg,languages/k2_en.csv,4988,i18n,นำหน้าข้อความ,ui.sensory.ambienceSensory,🌐 บรรยากาศรับรู้
I290,👃,U+1F443,sense-smell,need_svg,languages/k2_en.csv,4994,i18n,นำหน้าข้อความ,ui.sensory.smell,👃 กลิ่น
I291,👅,U+1F445,sense-taste,need_svg,languages/k2_en.csv,4995,i18n,นำหน้าข้อความ,ui.sensory.taste,👅 รสชาติ
I292,👂,U+1F442,sense-hearing,need_svg,languages/k2_en.csv,4996,i18n,นำหน้าข้อความ,ui.sensory.thingHear,👂 สิ่งที่ได้ยิน
I293,🖐,U+1F590,sense-touch,need_svg,languages/k2_en.csv,4997,i18n,นำหน้าข้อความ,ui.sensory.touch,🖐 สัมผัส
I070,✕,U+2715,close,need_svg,languages/k2_en.csv,5208,i18n,นำหน้าข้อความ,ui.split.closePane,✕ Close pane
I099,✅,U+2705,check-circle,need_svg,languages/k2_en.csv,5245,i18n,นำหน้าข้อความ,ui.spValidator.notFoundError,✅ ไม่พบข้อผิดพลาด
I069,→,U+2192,,keep_text,languages/k2_en.csv,5341,i18n,กลางข้อความ,ui.starter.cvWhereHint,ฉากใหม่จะไปอยู่ใน เล่ม “{0}” → บท “{1}”
I069,→,U+2192,,keep_text,languages/k2_en.csv,5385,i18n,ท้ายข้อความ,ui.starter.goScenarios,ไปที่รายการตอน →
I090,📤,U+1F4E4,export,need_svg,languages/k2_en.csv,5593,i18n,นำหน้าข้อความ,ui.status.export,📤 ส่งออก…
I107,📥,U+1F4E5,import,need_svg,languages/k2_en.csv,5599,i18n,นำหน้าข้อความ,ui.status.import,📥 นำเข้า…
I098,🏷,U+1F3F7,tag,need_svg,languages/k2_en.csv,5606,i18n,นำหน้าข้อความ,ui.status.manageStatusScene,🏷 จัดการสถานะฉาก
I069,→,U+2192,,keep_text,languages/k2_en.csv,5640,i18n,กลางข้อความ,ui.tags.clickFilterExplorerShow,คลิกเพื่อกรอง Explorer → แสดงเฉพาะฉากที่มีแท็ก:
I083,📋,U+1F4CB,clipboard,has_svg,languages/k2_en.csv,5644,i18n,นำหน้าข้อความ,ui.tags.list,📋 รายการ
I098,🏷,U+1F3F7,tag,need_svg,languages/k2_en.csv,5645,i18n,นำหน้าข้อความ,ui.tags.manageVisualTags,🏷 จัดการ Visual Tags
I294,☁,U+2601,cloud,need_svg,languages/k2_en.csv,5650,i18n,นำหน้าข้อความ,ui.tags.tag3,☁ เมฆแท็ก
I098,🏷,U+1F3F7,tag,need_svg,languages/k2_en.csv,5651,i18n,นำหน้าข้อความ,ui.tags.tag4,🏷 แท็ก
I098,🏷,U+1F3F7,tag,need_svg,languages/k2_en.csv,5652,i18n,นำหน้าข้อความ,ui.tags.tagAll,🏷 แท็กทั้งหมด
I157,↺,U+21BA,rotate-left,need_svg,languages/k2_en.csv,5674,i18n,นำหน้าข้อความ,ui.tbcfg.reset,↺ Reset
I115,↔,U+2194,swap,need_svg,languages/k2_en.csv,5680,i18n,กลางข้อความ,ui.textCase.iNVERSECASEBackItem,iNVERSE cASE — กลับตัวเล็ก↔ใหญ่
I070,✕,U+2715,close,need_svg,languages/k2_en.csv,5686,i18n,นำหน้าข้อความ,ui.thes.close,✕ ปิด
I076,📖,U+1F4D6,book-open,has_svg,languages/k2_en.csv,5691,i18n,นำหน้าข้อความ,ui.thes.thesaurusWordOpposite,"📖 คำพ้อง/คำตรงข้าม: """"{0}"""""
I130,▦,U+25A6,grid,has_svg,languages/k2_en.csv,5694,i18n,นำหน้าข้อความ,ui.timeline.card,▦ การ์ด
I074,⚠,U+26A0,error,has_svg,languages/k2_en.csv,5697,i18n,นำหน้าข้อความ,ui.timeline.hasDotEventTime,⚠ มี {0} จุดที่เหตุการณ์เวลาตรงกัน (ไฮไลต์สีส้ม) — ตรวจว่าตั้งใจหรือไม่
I074,⚠,U+26A0,error,has_svg,languages/k2_en.csv,5698,i18n,นำหน้าข้อความ,ui.timeline.hasDotTimeAt,⚠ มี {0} จุดที่เวลาตรงกัน (ไฮไลต์สีส้ม)
I158,🕒,U+1F552,time,need_svg,languages/k2_en.csv,5699,i18n,นำหน้าข้อความ,ui.timeline.lineTime,🕒 เส้นเวลา
I086,✨,U+2728,magic,need_svg,languages/k2_en.csv,5737,i18n,นำหน้าข้อความ,ui.toolbar.starter,✨ Story Starter (ตั้งต้นเรื่อง · เล่นเป็นตอนกับ AI)
I087,➕,U+2795,plus,has_svg,languages/k2_en.csv,5803,i18n,นำหน้าข้อความ,ui.vis.addFree,➕ Blank row
I087,➕,U+2795,plus,has_svg,languages/k2_en.csv,5804,i18n,นำหน้าข้อความ,ui.vis.addRow,➕ Add from scene lines
I091,⚙,U+2699,cog,has_svg,languages/k2_en.csv,5820,i18n,นำหน้าข้อความ,ui.vis.cols,⚙ Columns
I081,🎬,U+1F3AC,film,has_svg,languages/k2_en.csv,5830,i18n,นำหน้าข้อความ,ui.vis.menu,🎬 Visual telling
I295,⛶,U+26F6,fullscreen,has_svg,languages/k2_en.csv,5853,i18n,นำหน้าข้อความ,ui.vis.viewFull,⛶ Full screen
I086,✨,U+2728,magic,need_svg,languages/k2_en.csv,5879,i18n,นำหน้าข้อความ,ui.wiki.aiFillTip,✨ Let AI fill this field (one click)
I165,🎮,U+1F3AE,gamepad,need_svg,languages/k2_en.csv,5908,i18n,นำหน้าข้อความ,ui.wiki.decision,🎮 การตัดสินใจที่เกี่ยวกับ
I115,↔,U+2194,swap,need_svg,languages/k2_en.csv,6018,i18n,กลางข้อความ,ui.html.tbMode,Switch document mode: prose ↔ screenplay (Ctrl+Shift+M)
I086,✨,U+2728,magic,need_svg,languages/k2_en.csv,6061,i18n,นำหน้าข้อความ,ui.html.tbStarter,✨ Story Starter — set a story up and play it out with AI
I105,🧠,U+1F9E0,brain,has_svg,languages/k2_en.csv,6062,i18n,นำหน้าข้อความ,ui.html.tbAiAnalyzer,🧠 AI analysis — pacing · characters · repeated words
I100,📚,U+1F4DA,book-content,has_svg,languages/k2_en.csv,6063,i18n,นำหน้าข้อความ,ui.html.tbCodex,"📚 Codex — every Wiki entry in one book, exportable as a website"
I122,🕘,U+1F558,history,has_svg,languages/k2_en.csv,6064,i18n,นำหน้าข้อความ,ui.html.tbHistory,🕘 Work history — roll back to any point
I164,🗒,U+1F5D2,notepad,need_svg,languages/k2_en.csv,6065,i18n,นำหน้าข้อความ,ui.html.tbRecord,"🗒 Daily journal — what you did today, exportable as CSV"
I076,📖,U+1F4D6,book-open,has_svg,languages/k2_en.csv,6100,i18n,นำหน้าข้อความ,ui.html.tbModeText,📖 Prose ▾
I093,▾,U+25BE,chevron-down,has_svg,languages/k2_en.csv,6100,i18n,ท้ายข้อความ,ui.html.tbModeText,📖 Prose ▾
I102,🔗,U+1F517,link,has_svg,languages/k2_en.csv,6436,i18n,นำหน้าข้อความ,ui.menu.backlinksPanelB,🔗 Mentions ({0}+{1}+{2}+B)
I069,→,U+2192,,keep_text,languages/k2_th.csv,6,i18n,กลางข้อความ,ui.ai.aiChatRAGUse,ai chat: RAG ใช้ไม่ได้ → ถามตรง ๆ
I086,✨,U+2728,magic,need_svg,languages/k2_th.csv,9,i18n,นำหน้าข้อความ,ui.ai.assistantTitle,✨ AI ผู้ช่วยเขียน
I069,→,U+2192,,keep_text,languages/k2_th.csv,13,i18n,กลางข้อความ,ui.ai.cantSettingsAPIKey,ยังไม่ได้ตั้งค่า API key (ไฟล์ → ตั้งค่า AI)
I143,🎭,U+1F3AD,mask,need_svg,languages/k2_th.csv,22,i18n,นำหน้าข้อความ,ui.ai.consistTitle,🎭 ตรวจสอบความสม่ำเสมอ —
I143,🎭,U+1F3AD,mask,need_svg,languages/k2_th.csv,23,i18n,นำหน้าข้อความ,ui.ai.consistWorking,🎭 กำลังตรวจสอบความสม่ำเสมอ…
I082,💬,U+1F4AC,chat,has_svg,languages/k2_th.csv,30,i18n,นำหน้าข้อความ,ui.ai.dialogueTitle,💬 สร้างบทสนทนา
I072,❌,U+274C,x,has_svg,languages/k2_th.csv,36,i18n,นำหน้าข้อความ,ui.ai.errorMark,❌ เกิดข้อผิดพลาด
I074,⚠,U+26A0,error,has_svg,languages/k2_th.csv,49,i18n,นำหน้าข้อความ,ui.ai.hasRoundCallAI,⚠ มี {0} รอบที่เรียก AI ไม่สำเร็จ
I107,📥,U+1F4E5,import,need_svg,languages/k2_th.csv,52,i18n,นำหน้าข้อความ,ui.ai.insert,📥 แทรก
I107,📥,U+1F4E5,import,need_svg,languages/k2_th.csv,55,i18n,นำหน้าข้อความ,ui.ai.insertScene,📥 แทรกลงฉาก
I072,❌,U+274C,x,has_svg,languages/k2_th.csv,60,i18n,นำหน้าข้อความ,ui.ai.needBothChars,❌ กรุณาใส่ชื่อตัวละครทั้งสอง
I069,→,U+2192,,keep_text,languages/k2_th.csv,61,i18n,กลางข้อความ,ui.ai.needSetup,ตั้งค่า AI ที่ ไฟล์ → ตั้งค่า AI ก่อน
I077,▶,U+25B6,play,need_svg,languages/k2_th.csv,62,i18n,นำหน้าข้อความ,ui.ai.new,▶ สร้าง
I099,✅,U+2705,check-circle,need_svg,languages/k2_th.csv,64,i18n,นำหน้าข้อความ,ui.ai.noInconsist,✅ ไม่พบความไม่สม่ำเสมอ
I099,✅,U+2705,check-circle,need_svg,languages/k2_th.csv,65,i18n,นำหน้าข้อความ,ui.ai.noPlotHoles,✅ ไม่พบจุดบกพร่องของพล็อต
I079,🔍,U+1F50D,search,has_svg,languages/k2_th.csv,80,i18n,นำหน้าข้อความ,ui.ai.plotTitle,🔍 ตรวจสอบ Plot Hole
I079,🔍,U+1F50D,search,has_svg,languages/k2_th.csv,81,i18n,นำหน้าข้อความ,ui.ai.plotWorking,🔍 กำลังตรวจสอบ Plot Holes…
I072,❌,U+274C,x,has_svg,languages/k2_th.csv,83,i18n,นำหน้าข้อความ,ui.ai.readFail,❌ อ่านไฟล์ไม่สำเร็จ:
I077,▶,U+25B6,play,need_svg,languages/k2_th.csv,84,i18n,นำหน้าข้อความ,ui.ai.result,▶ ประมวลผล
I107,📥,U+1F4E5,import,need_svg,languages/k2_th.csv,89,i18n,นำหน้าข้อความ,ui.ai.saveWiki,📥 บันทึกลง Wiki
I111,📎,U+1F4CE,paperclip,need_svg,languages/k2_th.csv,94,i18n,นำหน้าข้อความ,ui.ai.sources,📎 อ้างอิง:
I259,🌍,U+1F30D,globe,has_svg,languages/k2_th.csv,116,i18n,นำหน้าข้อความ,ui.ai.worldTitle,🌍 สร้างโลก
I069,→,U+2192,,keep_text,languages/k2_th.csv,260,i18n,กลางข้อความ,ui.aia.runRange,{0} → {1} · ติดกัน {2}
I069,→,U+2192,,keep_text,languages/k2_th.csv,331,i18n,กลางข้อความ,ui.aia.toolCheckFindWord,เครื่องมือ → ตรวจหาคำซ้ำ · AI → ตรวจ Plot Hole · AI → ตรวจความสอดคล้อง
I069,→,U+2192,,keep_text,languages/k2_th.csv,331,i18n,กลางข้อความ,ui.aia.toolCheckFindWord,เครื่องมือ → ตรวจหาคำซ้ำ · AI → ตรวจ Plot Hole · AI → ตรวจความสอดคล้อง
I069,→,U+2192,,keep_text,languages/k2_th.csv,331,i18n,กลางข้อความ,ui.aia.toolCheckFindWord,เครื่องมือ → ตรวจหาคำซ้ำ · AI → ตรวจ Plot Hole · AI → ตรวจความสอดคล้อง
I146,⚡,U+26A1,zap,need_svg,languages/k2_th.csv,471,i18n,นำหน้าข้อความ,ui.aiChatPanel.actCmdOk,⚡ ลงมือทำ {0} คำสั่ง — สำเร็จ {1}/{2}
I074,⚠,U+26A0,error,has_svg,languages/k2_th.csv,481,i18n,นำหน้าข้อความ,ui.aiChatPanel.aIDelProject,⚠ AI ขอลบของในโปรเจกต์:
I107,📥,U+1F4E5,import,need_svg,languages/k2_th.csv,484,i18n,นำหน้าข้อความ,ui.aiChatPanel.arrangeKeep,📥 จัดเก็บ
I104,🤖,U+1F916,bot,has_svg,languages/k2_th.csv,488,i18n,นำหน้าข้อความ,ui.aiChatPanel.assistant,🤖 ผู้ช่วย
I069,→,U+2192,,keep_text,languages/k2_th.csv,490,i18n,กลางข้อความ,ui.aiChatPanel.btnSendSetFile,ปุ่มส่งตั้งได้ที่ ไฟล์ → ตั้งค่า AI
I146,⚡,U+26A1,zap,need_svg,languages/k2_th.csv,491,i18n,นำหน้าข้อความ,ui.aiChatPanel.busyAct,⚡ กำลังลงมือทำ
I104,🤖,U+1F916,bot,has_svg,languages/k2_th.csv,492,i18n,นำหน้าข้อความ,ui.aiChatPanel.busyThink,🤖 กำลังคิด…
I104,🤖,U+1F916,bot,has_svg,languages/k2_th.csv,493,i18n,นำหน้าข้อความ,ui.aiChatPanel.busyThinkNext,🤖 กำลังคิดต่อ…
I072,❌,U+274C,x,has_svg,languages/k2_th.csv,498,i18n,นำหน้าข้อความ,ui.aiChatPanel.cantSettingsProviderAI,❌ ยังไม่ได้ตั้งค่าผู้ให้บริการ AI — ไฟล์ → ตั้งค่า AI
I069,→,U+2192,,keep_text,languages/k2_th.csv,498,i18n,กลางข้อความ,ui.aiChatPanel.cantSettingsProviderAI,❌ ยังไม่ได้ตั้งค่าผู้ให้บริการ AI — ไฟล์ → ตั้งค่า AI
I095,✎,U+270E,edit,has_svg,languages/k2_th.csv,499,i18n,นำหน้าข้อความ,ui.aiChatPanel.changeName,✎ เปลี่ยนชื่อ
I146,⚡,U+26A1,zap,need_svg,languages/k2_th.csv,508,i18n,นำหน้าข้อความ,ui.aiChatPanel.cmdAct,⚡ คำสั่งที่ลงมือทำ (
I260,↗,U+2197,link-external,need_svg,languages/k2_th.csv,511,i18n,นำหน้าข้อความ,ui.aiChatPanel.copyMarkdown,↗ แชร์ (คัดลอกเป็น Markdown)
I075,🗑,U+1F5D1,trash,has_svg,languages/k2_th.csv,524,i18n,นำหน้าข้อความ,ui.aiChatPanel.delSession2,🗑 ลบเซสชันนี้
I090,📤,U+1F4E4,export,need_svg,languages/k2_th.csv,529,i18n,นำหน้าข้อความ,ui.aiChatPanel.exitArrangeKeep,📤 เอาออกจากที่จัดเก็บ
I185,✍,U+270D,pen,need_svg,languages/k2_th.csv,531,i18n,นำหน้าข้อความ,ui.aiChatPanel.helpWriteNewEdit,✍ ช่วยเขียน — สร้าง/แก้ เล่ม บท ฉาก เอนทิตี้ ได้จริง (ลบไม่ได้)
I105,🧠,U+1F9E0,brain,has_svg,languages/k2_th.csv,533,i18n,นำหน้าข้อความ,ui.aiChatPanel.ideaModel,🧠 ความคิดของโมเดล
I087,➕,U+2795,plus,has_svg,languages/k2_th.csv,548,i18n,กลางข้อความ,ui.aiChatPanel.notHasSessionPress,"ยังไม่มีเซสชัน — กด """"➕ เซสชันใหม่"""" เพื่อเริ่มคุย"
I076,📖,U+1F4D6,book-open,has_svg,languages/k2_th.csv,552,i18n,นำหน้าข้อความ,ui.aiChatPanel.plannerReadProjectNot,📖 วางแผน — อ่านโปรเจกต์ได้ แต่ไม่แตะไฟล์
I118,↻,U+21BB,refresh,need_svg,languages/k2_th.csv,556,i18n,นำหน้าข้อความ,ui.aiChatPanel.restartClearDialogue,↻ เริ่มใหม่ (ล้างบทสนทนา)
I096,↩,U+21A9,return,need_svg,languages/k2_th.csv,559,i18n,นำหน้าข้อความ,ui.aiChatPanel.resultCmdSendBack,↩ ผลคำสั่งที่ส่งกลับให้โมเดล
I087,➕,U+2795,plus,has_svg,languages/k2_th.csv,568,i18n,นำหน้าข้อความ,ui.aiChatPanel.sessionNew,➕ เซสชันใหม่
I091,⚙,U+2699,cog,has_svg,languages/k2_th.csv,577,i18n,นำหน้าข้อความ,ui.aiChatPanel.systemPromptSendRound,⚙ system prompt ที่ส่งไปรอบนี้
I074,⚠,U+26A0,error,has_svg,languages/k2_th.csv,583,i18n,นำหน้าข้อความ,ui.aiChatPanel.unlockFullAIDel,⚠ ปลดล็อกเต็มที่ — AI ลบของได้เองโดยไม่ถาม
I135,🔓,U+1F513,lock-open,has_svg,languages/k2_th.csv,584,i18n,นำหน้าข้อความ,ui.aiChatPanel.unlockFullDoAll,🔓 ปลดล็อกเต็มที่ — ทำได้ทุกอย่างรวมทั้งลบ (ของไปถังขยะ กู้คืนได้)
I087,➕,U+2795,plus,has_svg,languages/k2_th.csv,665,i18n,นำหน้าข้อความ,ui.aiProvider.add,➕ เพิ่ม
I087,➕,U+2795,plus,has_svg,languages/k2_th.csv,666,i18n,นำหน้าข้อความ,ui.aiProvider.addProvider,➕ เพิ่มผู้ให้บริการ
I069,→,U+2192,,keep_text,languages/k2_th.csv,678,i18n,กลางข้อความ,ui.aiProvider.cantSettingsProviderAI,ยังไม่ได้ตั้งค่าผู้ให้บริการ AI (ไฟล์ → ตั้งค่า AI)
I095,✎,U+270E,edit,has_svg,languages/k2_th.csv,685,i18n,นำหน้าข้อความ,ui.aiProvider.edit,✎ แก้ไข
I095,✎,U+270E,edit,has_svg,languages/k2_th.csv,686,i18n,นำหน้าข้อความ,ui.aiProvider.editProvider,✎ แก้ไขผู้ให้บริการ
I087,➕,U+2795,plus,has_svg,languages/k2_th.csv,699,i18n,กลางข้อความ,ui.aiProvider.notHasProviderPress,ยังไม่มีผู้ให้บริการ — กด ➕ เพิ่ม แล้วกรอกชื่อ · Credential · เลือกโมเดล · ตั้งพารามิเตอร์
I099,✅,U+2705,check-circle,need_svg,languages/k2_th.csv,704,i18n,นำหน้าข้อความ,ui.aiProvider.saveCredentialDoneKey,✅ บันทึก Credential แล้ว (คีย์เก็บแยกที่
I211,🔌,U+1F50C,plug,need_svg,languages/k2_th.csv,708,i18n,นำหน้าข้อความ,ui.aiProvider.testConnect,🔌 ทดสอบการเชื่อมต่อ
I072,❌,U+274C,x,has_svg,languages/k2_th.csv,756,i18n,นำหน้าข้อความ,ui.aiSet.aICantPickProvider,❌ AI: ยังไม่ได้เลือกผู้ให้บริการ (ไฟล์ → ตั้งค่า AI)
I069,→,U+2192,,keep_text,languages/k2_th.csv,756,i18n,กลางข้อความ,ui.aiSet.aICantPickProvider,❌ AI: ยังไม่ได้เลือกผู้ให้บริการ (ไฟล์ → ตั้งค่า AI)
I099,✅,U+2705,check-circle,need_svg,languages/k2_th.csv,757,i18n,นำหน้าข้อความ,ui.aiSet.aIConnectOk,✅ AI: เชื่อมต่อสำเร็จ
I072,❌,U+274C,x,has_svg,languages/k2_th.csv,759,i18n,นำหน้าข้อความ,ui.aiSet.aITestFail,❌ AI: ทดสอบล้มเหลว
I069,→,U+2192,,keep_text,languages/k2_th.csv,761,i18n,กลางข้อความ,ui.aiSet.cantPickModelFile,""""" ยังไม่ได้เลือกโมเดล (ไฟล์ → ตั้งค่า AI)"
I069,→,U+2192,,keep_text,languages/k2_th.csv,762,i18n,กลางข้อความ,ui.aiSet.cantPickProviderAI,ยังไม่ได้เลือกผู้ให้บริการ AI (ไฟล์ → ตั้งค่า AI)
I072,❌,U+274C,x,has_svg,languages/k2_th.csv,763,i18n,นำหน้าข้อความ,ui.aiSet.cantSettingsAIFile,❌ ยังไม่ได้ตั้งค่า AI — ไฟล์ → ตั้งค่า AI
I069,→,U+2192,,keep_text,languages/k2_th.csv,763,i18n,กลางข้อความ,ui.aiSet.cantSettingsAIFile,❌ ยังไม่ได้ตั้งค่า AI — ไฟล์ → ตั้งค่า AI
I072,❌,U+274C,x,has_svg,languages/k2_th.csv,764,i18n,นำหน้าข้อความ,ui.aiSet.connectAICant,❌ เชื่อมต่อ AI ไม่ได้:
I069,→,U+2192,,keep_text,languages/k2_th.csv,773,i18n,กลางข้อความ,ui.aiSet.settingsAIFileSettings,ตั้งค่า AI ที่ ไฟล์ → ตั้งค่า AI ก่อน
I211,🔌,U+1F50C,plug,need_svg,languages/k2_th.csv,774,i18n,นำหน้าข้อความ,ui.aiSet.testConnect,🔌 ทดสอบเชื่อมต่อ
I104,🤖,U+1F916,bot,has_svg,languages/k2_th.csv,776,i18n,นำหน้าข้อความ,ui.aiSum.aISummaryBody,🤖 AI สรุปเนื้อหา
I104,🤖,U+1F916,bot,has_svg,languages/k2_th.csv,777,i18n,นำหน้าข้อความ,ui.aiSum.aISummaryBody2,🤖 AI สรุปเนื้อหา —
I084,📌,U+1F4CC,pin,need_svg,languages/k2_th.csv,796,i18n,นำหน้าข้อความ,ui.aiSum.resultSave,📌 ผลที่บันทึกไว้เมื่อ
I122,🕘,U+1F558,history,has_svg,languages/k2_th.csv,800,i18n,นำหน้าข้อความ,ui.aiSum.suggestBeforePage,🕘 เคยแนะนำไว้ก่อนหน้า
I086,✨,U+2728,magic,need_svg,languages/k2_th.csv,801,i18n,นำหน้าข้อความ,ui.aiSum.suggestName,✨ แนะนำชื่อ{0}
I086,✨,U+2728,magic,need_svg,languages/k2_th.csv,802,i18n,นำหน้าข้อความ,ui.aiSum.suggestName2,"✨ แนะนำชื่อ{0} — """"{1}"""""
I089,🔄,U+1F504,refresh,need_svg,languages/k2_th.csv,810,i18n,นำหน้าข้อความ,ui.aiSum.summaryNew,🔄 สรุปใหม่
I089,🔄,U+1F504,refresh,need_svg,languages/k2_th.csv,811,i18n,นำหน้าข้อความ,ui.aiSum.tryNew,🔄 ลองใหม่
I086,✨,U+2728,magic,need_svg,languages/k2_th.csv,818,i18n,นำหน้าข้อความ,ui.aiSyn.busyAIWrite,✨ กำลังให้ AI เขียน
I086,✨,U+2728,magic,need_svg,languages/k2_th.csv,821,i18n,นำหน้าข้อความ,ui.aiSyn.fill,✨ เติม
I069,→,U+2192,,keep_text,languages/k2_th.csv,832,i18n,กลางข้อความ,ui.aiTools.changeNameChapter2,"เปลี่ยนชื่อบท """"{0}"""" → """"{1}"""""
I069,→,U+2192,,keep_text,languages/k2_th.csv,834,i18n,กลางข้อความ,ui.aiTools.changeNameScene2,"เปลี่ยนชื่อฉาก """"{0}"""" → """"{1}"""""
I074,⚠,U+26A0,error,has_svg,languages/k2_th.csv,841,i18n,นำหน้าข้อความ,ui.aiTools.del,⚠ ลบของ
I069,→,U+2192,,keep_text,languages/k2_th.csv,878,i18n,กลางข้อความ,ui.aiTools.viewStructureProjectBook,ดูโครงสร้างทั้งโปรเจกต์ (เล่ม → บท → ฉาก) และรายชื่อเอนทิตี้ใน Wiki
I069,→,U+2192,,keep_text,languages/k2_th.csv,878,i18n,กลางข้อความ,ui.aiTools.viewStructureProjectBook,ดูโครงสร้างทั้งโปรเจกต์ (เล่ม → บท → ฉาก) และรายชื่อเอนทิตี้ใน Wiki
I261,⌨,U+2328,keyboard,need_svg,languages/k2_th.csv,965,i18n,นำหน้าข้อความ,ui.allShortcutsTitle,⌨ ปุ่มลัดทั้งหมด
I262,📗,U+1F4D7,book,has_svg,languages/k2_th.csv,968,i18n,นำหน้าข้อความ,ui.app.addBookNew,📗 เพิ่มเล่มใหม่…
I200,▤,U+25A4,page-break,need_svg,languages/k2_th.csv,989,i18n,นำหน้าข้อความ,ui.app.back,▤ กลับไปฟอร์ม
I071,📄,U+1F4C4,file,has_svg,languages/k2_th.csv,991,i18n,นำหน้าข้อความ,ui.app.backSceneNormalMerge,📄 กลับเป็นฉากปกติ (รวมตอนส่งออก)
I096,↩,U+21A9,return,need_svg,languages/k2_th.csv,992,i18n,นำหน้าข้อความ,ui.app.backVersionLatestSave,↩ กลับไปยังเวอร์ชันล่าสุดที่บันทึก
I094,📁,U+1F4C1,folder,has_svg,languages/k2_th.csv,996,i18n,นำหน้าข้อความ,ui.app.bindCardDocProject,📁 ผูกการ์ดกับเอกสารในโปรเจกต์
I079,🔍,U+1F50D,search,has_svg,languages/k2_th.csv,999,i18n,นำหน้าข้อความ,ui.app.boardItemHideItem,🔍 กระดาน {0} ใบถูกซ่อนด้วยตัวกรอง — ล้างช่องค้นหาเพื่อดูทั้งหมด
I083,📋,U+1F4CB,clipboard,has_svg,languages/k2_th.csv,1002,i18n,นำหน้าข้อความ,ui.app.boardPlanner2,📋 กระดานวางแผน ({0})
I083,📋,U+1F4CB,clipboard,has_svg,languages/k2_th.csv,1004,i18n,นำหน้าข้อความ,ui.app.boardPlannerReadCant,📋 กระดานวางแผน (อ่านไม่ได้)
I073,📝,U+1F4DD,note,has_svg,languages/k2_th.csv,1053,i18n,นำหน้าข้อความ,ui.app.changeNoteNotMerge,📝 เปลี่ยนเป็นโน้ต (ไม่รวมตอนส่งออก)
I093,▾,U+25BE,chevron-down,has_svg,languages/k2_th.csv,1057,i18n,ท้ายข้อความ,ui.app.chapterFilm2,บทหนัง ▾
I099,✅,U+2705,check-circle,need_svg,languages/k2_th.csv,1069,i18n,นำหน้าข้อความ,ui.app.checkDone,✅ ตรวจแล้ว ▾
I093,▾,U+25BE,chevron-down,has_svg,languages/k2_th.csv,1069,i18n,ท้ายข้อความ,ui.app.checkDone,✅ ตรวจแล้ว ▾
I089,🔄,U+1F504,refresh,need_svg,languages/k2_th.csv,1070,i18n,นำหน้าข้อความ,ui.app.checkNew,🔄 ตรวจใหม่
I140,🧹,U+1F9F9,broom,need_svg,languages/k2_th.csv,1074,i18n,นำหน้าข้อความ,ui.app.clearResult,🧹 ล้างผล
I123,↑,U+2191,arrow-up,need_svg,languages/k2_th.csv,1076,i18n,กลางข้อความ,ui.app.clickPickFormatCtrl,คลิกเลือกรูปแบบ · หรือ Ctrl+↑/↓ สลับ
I124,↓,U+2193,arrow-down,need_svg,languages/k2_th.csv,1076,i18n,กลางข้อความ,ui.app.clickPickFormatCtrl,คลิกเลือกรูปแบบ · หรือ Ctrl+↑/↓ สลับ
I128,▸,U+25B8,chevron-right,has_svg,languages/k2_th.csv,1091,i18n,ท้ายข้อความ,ui.app.color,สี ▸
I082,💬,U+1F4AC,chat,has_svg,languages/k2_th.csv,1092,i18n,นำหน้าข้อความ,ui.app.commentPanel,💬 คอมเมนต์ (แผง)
I121,⇋,U+21CB,swap,need_svg,languages/k2_th.csv,1093,i18n,นำหน้าข้อความ,ui.app.comparePlanOther,⇋ เทียบกับแผนอื่น…
I121,⇋,U+21CB,swap,need_svg,languages/k2_th.csv,1095,i18n,นำหน้าข้อความ,ui.app.compareVersion2,⇋ เทียบเวอร์ชัน
I121,⇋,U+21CB,swap,need_svg,languages/k2_th.csv,1096,i18n,นำหน้าข้อความ,ui.app.compareVersion3,⇋ เทียบเวอร์ชัน…
I212,🛠,U+1F6E0,wrench,need_svg,languages/k2_th.csv,1097,i18n,นำหน้าข้อความ,ui.app.consoleDev,🛠 คอนโซลนักพัฒนา
I069,→,U+2192,,keep_text,languages/k2_th.csv,1100,i18n,กลางข้อความ,ui.app.convertLostItem,{0} → {1} ({2})
I083,📋,U+1F4CB,clipboard,has_svg,languages/k2_th.csv,1104,i18n,นำหน้าข้อความ,ui.app.copyResult,📋 คัดลอกผล
I077,▶,U+25B6,play,need_svg,languages/k2_th.csv,1110,i18n,นำหน้าข้อความ,ui.app.ctrlEnter,▶ รัน (Ctrl+Enter)
I149,ℹ,U+2139,info,need_svg,languages/k2_th.csv,1113,i18n,นำหน้าข้อความ,ui.app.dataSystem,ℹ ข้อมูลระบบ
I075,🗑,U+1F5D1,trash,has_svg,languages/k2_th.csv,1131,i18n,นำหน้าข้อความ,ui.app.delFolder,🗑 ลบโฟลเดอร์
I069,→,U+2192,,keep_text,languages/k2_th.csv,1149,i18n,กลางข้อความ,ui.app.doneOpenBackChapter,"""""{0}"""" ให้แล้ว (เปิดกลับได้ที่ บท → 🔠 ตัวพิมพ์ใหญ่/เล็ก)"
I213,🔠,U+1F520,text-case,need_svg,languages/k2_th.csv,1149,i18n,กลางข้อความ,ui.app.doneOpenBackChapter,"""""{0}"""" ให้แล้ว (เปิดกลับได้ที่ บท → 🔠 ตัวพิมพ์ใหญ่/เล็ก)"
I085,📂,U+1F4C2,folder-open,need_svg,languages/k2_th.csv,1198,i18n,นำหน้าข้อความ,ui.app.findDiskFindOn,📂 หาในดิสก์ (Find on disk)
I069,→,U+2192,,keep_text,languages/k2_th.csv,1199,i18n,กลางข้อความ,ui.app.findRowNotFound,หาแถวไม่เจอ → ซ่อมต้นไม้
I101,🌿,U+1F33F,branch,need_svg,languages/k2_th.csv,1210,i18n,นำหน้าข้อความ,ui.app.graphBreakBranch2,🌿 แผนผังแตกสาย ({0})
I108,📊,U+1F4CA,chart,has_svg,languages/k2_th.csv,1212,i18n,นำหน้าข้อความ,ui.app.graphDialogueNextPage,📊 กราฟบทพูดต่อหน้า
I069,→,U+2192,,keep_text,languages/k2_th.csv,1225,i18n,นำหน้าข้อความ,ui.app.hide,→ ถูกซ่อน!
I122,🕘,U+1F558,history,has_svg,languages/k2_th.csv,1229,i18n,นำหน้าข้อความ,ui.app.history,🕘 ประวัติ
I122,🕘,U+1F558,history,has_svg,languages/k2_th.csv,1231,i18n,นำหน้าข้อความ,ui.app.historyVersion2,🕘 ประวัติเวอร์ชัน…
I080,🖼,U+1F5BC,image,has_svg,languages/k2_th.csv,1256,i18n,นำหน้าข้อความ,ui.app.libraryImage,🖼 คลังรูป ({0})
I080,🖼,U+1F5BC,image,has_svg,languages/k2_th.csv,1257,i18n,นำหน้าข้อความ,ui.app.libraryImage2,🖼 คลังรูปภาพ
I136,⤓,U+2913,download,need_svg,languages/k2_th.csv,1260,i18n,นำหน้าข้อความ,ui.app.lineLatest,⤓ ตามบรรทัดล่าสุด
I158,🕒,U+1F552,time,need_svg,languages/k2_th.csv,1262,i18n,นำหน้าข้อความ,ui.app.lineTime,🕒 เส้นเวลา…
I109,🔒,U+1F512,lock,has_svg,languages/k2_th.csv,1268,i18n,นำหน้าข้อความ,ui.app.lockEditCant,🔒 ล็อกอยู่ (แก้ไม่ได้)
I109,🔒,U+1F512,lock,has_svg,languages/k2_th.csv,1269,i18n,นำหน้าข้อความ,ui.app.lockEditCant2,🔒 ล็อก (แก้ไม่ได้)
I135,🔓,U+1F513,lock-open,has_svg,languages/k2_th.csv,1270,i18n,นำหน้าข้อความ,ui.app.lockScene,🔓 ล็อกฉากนี้
I109,🔒,U+1F512,lock,has_svg,languages/k2_th.csv,1271,i18n,นำหน้าข้อความ,ui.app.lockSceneDoneEdit,🔒 ล็อกฉากแล้ว (แก้ไม่ได้จนปลดล็อก)
I100,📚,U+1F4DA,book-content,has_svg,languages/k2_th.csv,1272,i18n,นำหน้าข้อความ,ui.app.manageBook,📚 จัดการเล่ม…
I106,🗺,U+1F5FA,globe,has_svg,languages/k2_th.csv,1274,i18n,นำหน้าข้อความ,ui.app.map,🗺 แผนที่ ({0})
I106,🗺,U+1F5FA,globe,has_svg,languages/k2_th.csv,1275,i18n,นำหน้าข้อความ,ui.app.map2,🗺 แผนที่…
I106,🗺,U+1F5FA,globe,has_svg,languages/k2_th.csv,1279,i18n,นำหน้าข้อความ,ui.app.mapReadCant,🗺 แผนที่ (อ่านไม่ได้)
I076,📖,U+1F4D6,book-open,has_svg,languages/k2_th.csv,1299,i18n,กลางข้อความ,ui.app.modeReadPressEsc,โหมดอ่าน — กด Esc หรือคลิก 📖 เพื่อออก
I096,↩,U+21A9,return,need_svg,languages/k2_th.csv,1303,i18n,นำหน้าข้อความ,ui.app.moveBackInChapter,↩ ย้ายกลับเข้าบท…
I128,▸,U+25B8,chevron-right,has_svg,languages/k2_th.csv,1306,i18n,ท้ายข้อความ,ui.app.moveChapter,ย้ายไปบท ▸
I073,📝,U+1F4DD,note,has_svg,languages/k2_th.csv,1311,i18n,นำหน้าข้อความ,ui.app.moveOutMEMO,📝 ย้ายออกไปที่ MEMO
I087,➕,U+2795,plus,has_svg,languages/k2_th.csv,1348,i18n,นำหน้าข้อความ,ui.app.newCatNew,➕ สร้างหมวดใหม่
I102,🔗,U+1F517,link,has_svg,languages/k2_th.csv,1374,i18n,นำหน้าข้อความ,ui.app.newRelationBetween,"🔗 สร้างความสัมพันธ์ """"{0}"""" ระหว่าง {1} ↔ {2}"
I115,↔,U+2194,swap,need_svg,languages/k2_th.csv,1374,i18n,กลางข้อความ,ui.app.newRelationBetween,"🔗 สร้างความสัมพันธ์ """"{0}"""" ระหว่าง {1} ↔ {2}"
I263,🎉,U+1F389,,keep_text,languages/k2_th.csv,1385,i18n,ท้ายข้อความ,ui.app.notFoundError,ไม่พบข้อผิดพลาด 🎉
I099,✅,U+2705,check-circle,need_svg,languages/k2_th.csv,1386,i18n,นำหน้าข้อความ,ui.app.notFoundErrorChapter,✅ ไม่พบข้อผิดพลาดในบทนี้
I069,→,U+2192,,keep_text,languages/k2_th.csv,1428,i18n,กลางข้อความ,ui.app.notRememberEditChapter,"ไม่จำ """"{0}"""" อีก (แก้ได้ที่ บท → จัดการ SmartType)"
I181,✚,U+271A,plus-plain,need_svg,languages/k2_th.csv,1429,i18n,กลางข้อความ,ui.app.notRememberFoundNot,ยังไม่จำ (เจอไม่ถึง {0} ครั้ง) — กด ✚ เพื่อจำเลย
I132,⏳,U+23F3,hourglass,need_svg,languages/k2_th.csv,1430,i18n,นำหน้าข้อความ,ui.app.notSave,⏳ ยังไม่บันทึก
I093,▾,U+25BE,chevron-down,has_svg,languages/k2_th.csv,1435,i18n,ท้ายข้อความ,ui.app.novel2,นิยาย ▾
I073,📝,U+1F4DD,note,has_svg,languages/k2_th.csv,1445,i18n,นำหน้าข้อความ,ui.app.open,📝 เปิด
I085,📂,U+1F4C2,folder-open,need_svg,languages/k2_th.csv,1446,i18n,นำหน้าข้อความ,ui.app.openApp,📂 เปิดในโปรแกรม
I121,⇋,U+21CB,swap,need_svg,languages/k2_th.csv,1449,i18n,นำหน้าข้อความ,ui.app.openCompareRight,⇋ เปิดเทียบด้านขวา
I085,📂,U+1F4C2,folder-open,need_svg,languages/k2_th.csv,1452,i18n,นำหน้าข้อความ,ui.app.openFolder,📂 เปิดในโฟลเดอร์
I085,📂,U+1F4C2,folder-open,need_svg,languages/k2_th.csv,1453,i18n,นำหน้าข้อความ,ui.app.openFolderDone,📂 เปิดโฟลเดอร์แล้ว:
I101,🌿,U+1F33F,branch,need_svg,languages/k2_th.csv,1457,i18n,นำหน้าข้อความ,ui.app.openGraphBreakBranch,🌿 เปิดผังแตกสาย
I080,🖼,U+1F5BC,image,has_svg,languages/k2_th.csv,1458,i18n,นำหน้าข้อความ,ui.app.openLibraryImage,🖼 เปิดคลังรูป
I071,📄,U+1F4C4,file,has_svg,languages/k2_th.csv,1461,i18n,นำหน้าข้อความ,ui.app.openMapsJson,📄 เปิด maps.json
I106,🗺,U+1F5FA,globe,has_svg,languages/k2_th.csv,1462,i18n,นำหน้าข้อความ,ui.app.openPanelMap,🗺 เปิดแผงแผนที่
I083,📋,U+1F4CB,clipboard,has_svg,languages/k2_th.csv,1464,i18n,นำหน้าข้อความ,ui.app.openPlanner,📋 เปิด Planner
I085,📂,U+1F4C2,folder-open,need_svg,languages/k2_th.csv,1503,i18n,นำหน้าข้อความ,ui.app.pickFolderTo,📂 เลือกโฟลเดอร์ปลายทาง
I168,☆,U+2606,star-outline,need_svg,languages/k2_th.csv,1508,i18n,นำหน้าข้อความ,ui.app.pinOut,☆ เอาหมุดออก
I117,⭐,U+2B50,star,has_svg,languages/k2_th.csv,1509,i18n,นำหน้าข้อความ,ui.app.pinPin,⭐ ปักหมุด
I091,⚙,U+2699,cog,has_svg,languages/k2_th.csv,1536,i18n,นำหน้าข้อความ,ui.app.propsPlan,⚙ คุณสมบัติแผน…
I096,↩,U+21A9,return,need_svg,languages/k2_th.csv,1560,i18n,นำหน้าข้อความ,ui.app.remember,↩ เลิกจำเอง
I181,✚,U+271A,plus-plain,need_svg,languages/k2_th.csv,1561,i18n,นำหน้าข้อความ,ui.app.remember2,✚ จำ
I096,↩,U+21A9,return,need_svg,languages/k2_th.csv,1562,i18n,นำหน้าข้อความ,ui.app.rememberTimes,↩ จำอีกครั้ง
I180,👥,U+1F465,group,need_svg,languages/k2_th.csv,1571,i18n,นำหน้าข้อความ,ui.app.report2,👥 รายงานตัวละคร
I088,📍,U+1F4CD,map,has_svg,languages/k2_th.csv,1574,i18n,นำหน้าข้อความ,ui.app.reportPlace2,📍 รายงานสถานที่
I137,⤢,U+2922,expand,has_svg,languages/k2_th.csv,1580,i18n,นำหน้าข้อความ,ui.app.restoreTab2,⤢ คืนเป็นแท็บ
I092,💾,U+1F4BE,save,has_svg,languages/k2_th.csv,1584,i18n,นำหน้าข้อความ,ui.app.save,💾 บันทึก
I092,💾,U+1F4BE,save,has_svg,languages/k2_th.csv,1594,i18n,นำหน้าข้อความ,ui.app.saveFile,💾 บันทึกเป็นไฟล์…
I264,📜,U+1F4DC,log,need_svg,languages/k2_th.csv,1595,i18n,นำหน้าข้อความ,ui.app.saveLatestLog,📜 บันทึกล่าสุด (log)
I265,📸,U+1F4F8,camera,has_svg,languages/k2_th.csv,1602,i18n,นำหน้าข้อความ,ui.app.saveVersion,📸 บันทึกเวอร์ชันนี้
I120,▲,U+25B2,chevron-up,has_svg,languages/k2_th.csv,1612,i18n,นำหน้าข้อความ,ui.app.scroll2,▲ เลื่อนขึ้น
I114,▼,U+25BC,chevron-down,has_svg,languages/k2_th.csv,1613,i18n,นำหน้าข้อความ,ui.app.scroll3,▼ เลื่อนลง
I079,🔍,U+1F50D,search,has_svg,languages/k2_th.csv,1617,i18n,นำหน้าข้อความ,ui.app.searchOnlyChapter2,🔍 ค้นเฉพาะในบทนี้
I079,🔍,U+1F50D,search,has_svg,languages/k2_th.csv,1619,i18n,นำหน้าข้อความ,ui.app.searchSave,🔍 ค้นในบันทึก
I094,📁,U+1F4C1,folder,has_svg,languages/k2_th.csv,1623,i18n,นำหน้าข้อความ,ui.app.setCat,📁 ตั้งหมวด…
I210,🪟,U+1FA9F,window,need_svg,languages/k2_th.csv,1638,i18n,นำหน้าข้อความ,ui.app.splitWindowFloat,🪟 แยกเป็นหน้าต่างลอย
I128,▸,U+25B8,chevron-right,has_svg,languages/k2_th.csv,1643,i18n,ท้ายข้อความ,ui.app.status,สถานะ ▸
I086,✨,U+2728,magic,need_svg,languages/k2_th.csv,1647,i18n,นำหน้าข้อความ,ui.app.suggestNameChapterAI,✨ แนะนำชื่อบทด้วย AI…
I086,✨,U+2728,magic,need_svg,languages/k2_th.csv,1648,i18n,นำหน้าข้อความ,ui.app.suggestNameSceneAI,✨ แนะนำชื่อฉากด้วย AI…
I091,⚙,U+2699,cog,has_svg,languages/k2_th.csv,1651,i18n,นำหน้าข้อความ,ui.app.templateManage,⚙ เทมเพลต (จัดการ)
I115,↔,U+2194,swap,need_svg,languages/k2_th.csv,1673,i18n,กลางข้อความ,ui.app.toggleModeDocNovel,สลับโหมดเอกสาร นิยาย ↔ บทหนัง (Ctrl+Shift+M)
I075,🗑,U+1F5D1,trash,has_svg,languages/k2_th.csv,1675,i18n,นำหน้าข้อความ,ui.app.trash,🗑 ถังขยะ ({0})
I118,↻,U+21BB,refresh,need_svg,languages/k2_th.csv,1676,i18n,นำหน้าข้อความ,ui.app.tryNew,↻ ลองใหม่
I135,🔓,U+1F513,lock-open,has_svg,languages/k2_th.csv,1677,i18n,นำหน้าข้อความ,ui.app.unlockSceneDone,🔓 ปลดล็อกฉากแล้ว
I139,👁,U+1F441,eye,has_svg,languages/k2_th.csv,1687,i18n,นำหน้าข้อความ,ui.app.viewSample,👁 ดูตัวอย่าง
I070,✕,U+2715,close,need_svg,languages/k2_th.csv,1694,i18n,กลางข้อความ,ui.app.wordKeepThingPrint,"คำเหล่านี้เก็บจาก """"สิ่งที่พิมพ์ในบทนี้"""" — กด ✕ เพื่อสั่งไม่ให้จำอีก"
I069,→,U+2192,,keep_text,languages/k2_th.csv,1705,i18n,กลางข้อความ,ui.autoTaskEventQueue.file,{0} → {1} ({2} ไฟล์)
I100,📚,U+1F4DA,book-content,has_svg,languages/k2_th.csv,1712,i18n,นำหน้าข้อความ,ui.books.bookAllProject,📚 เล่มทั้งหมดในโปรเจกต์
I073,📝,U+1F4DD,note,has_svg,languages/k2_th.csv,1719,i18n,นำหน้าข้อความ,ui.books.draft2,📝 ฉบับร่าง
I090,📤,U+1F4E4,export,need_svg,languages/k2_th.csv,1721,i18n,นำหน้าข้อความ,ui.books.export,📤 ส่งออก
I085,📂,U+1F4C2,folder-open,need_svg,languages/k2_th.csv,1726,i18n,นำหน้าข้อความ,ui.books.open,📂 เปิด
I080,🖼,U+1F5BC,image,has_svg,languages/k2_th.csv,1728,i18n,นำหน้าข้อความ,ui.books.pickCover,🖼 เลือกปก
I121,⇋,U+21CB,swap,need_svg,languages/k2_th.csv,1806,i18n,นำหน้าข้อความ,ui.branch.comparePlan,⇋ เทียบแผน —
I101,🌿,U+1F33F,branch,need_svg,languages/k2_th.csv,1957,i18n,นำหน้าข้อความ,ui.branch.propsPlan,🌿 คุณสมบัติแผน —
I099,✅,U+2705,check-circle,need_svg,languages/k2_th.csv,2036,i18n,นำหน้าข้อความ,ui.central.allCurrent,✅ ทุกอย่างเป็นปัจจุบัน
I102,🔗,U+1F517,link,has_svg,languages/k2_th.csv,2037,i18n,นำหน้าข้อความ,ui.central.backlinksSceneToWiki,🔗 Backlinks (ฉากที่อ้างถึง Wiki นี้)
I182,🔥,U+1F525,fire,need_svg,languages/k2_th.csv,2039,i18n,นำหน้าข้อความ,ui.central.cantWrite,🔥 วันนี้ยังไม่ได้เขียน!
I078,●,U+25CF,,keep_text,languages/k2_th.csv,2042,i18n,นำหน้าข้อความ,ui.central.fresh,● สด
I108,📊,U+1F4CA,chart,has_svg,languages/k2_th.csv,2043,i18n,นำหน้าข้อความ,ui.central.hub,📊 ศูนย์รวม
I089,🔄,U+1F504,refresh,need_svg,languages/k2_th.csv,2046,i18n,นำหน้าข้อความ,ui.central.newIndexNew,🔄 สร้างดัชนีใหม่
I089,🔄,U+1F504,refresh,need_svg,languages/k2_th.csv,2047,i18n,กลางข้อความ,ui.central.newIndexNotOk,"สร้างดัชนีไม่สำเร็จ — กด """"🔄 สร้างดัชนีใหม่"""""
I184,🕳,U+1F573,plot-hole,need_svg,languages/k2_th.csv,2049,i18n,นำหน้าข้อความ,ui.central.notMention,🕳 ยังไม่ถูกกล่าวถึงเลย
I165,🎮,U+1F3AE,gamepad,need_svg,languages/k2_th.csv,2050,i18n,นำหน้าข้อความ,ui.central.saveDecisionTimes,🎮 บันทึกการตัดสินใจไว้ {0} ครั้ง
I103,←,U+2190,arrow-left,need_svg,languages/k2_th.csv,2051,i18n,นำหน้าข้อความ,ui.central.scene,← {0} ฉาก:
I071,📄,U+1F4C4,file,has_svg,languages/k2_th.csv,2052,i18n,นำหน้าข้อความ,ui.central.sceneCantSetStatus,📄 {0} ฉากยังไม่ได้ตั้งสถานะ
I071,📄,U+1F4C4,file,has_svg,languages/k2_th.csv,2053,i18n,นำหน้าข้อความ,ui.central.sceneWordCharacter,📄 {0} ฉาก · 📝 {1} คำ · 👤 {2} ตัวละคร
I073,📝,U+1F4DD,note,has_svg,languages/k2_th.csv,2053,i18n,กลางข้อความ,ui.central.sceneWordCharacter,📄 {0} ฉาก · 📝 {1} คำ · 👤 {2} ตัวละคร
I110,👤,U+1F464,user,has_svg,languages/k2_th.csv,2053,i18n,กลางข้อความ,ui.central.sceneWordCharacter,📄 {0} ฉาก · 📝 {1} คำ · 👤 {2} ตัวละคร
I108,📊,U+1F4CA,chart,has_svg,languages/k2_th.csv,2054,i18n,นำหน้าข้อความ,ui.central.stats,📊 สถิติ
I083,📋,U+1F4CB,clipboard,has_svg,languages/k2_th.csv,2055,i18n,นำหน้าข้อความ,ui.central.thingMustUpdate,📋 สิ่งที่ต้องอัปเดต
I088,📍,U+1F4CD,map,has_svg,languages/k2_th.csv,2084,i18n,นำหน้าข้อความ,ui.cmt.anchorLost,📍✕ (ข้อความถูกลบไปแล้ว)
I070,✕,U+2715,close,need_svg,languages/k2_th.csv,2084,i18n,กลางข้อความ,ui.cmt.anchorLost,📍✕ (ข้อความถูกลบไปแล้ว)
I214,🔽,U+1F53D,filter,need_svg,languages/k2_th.csv,2098,i18n,นำหน้าข้อความ,ui.cmt.filterAll,🔽 ทั้งหมด
I214,🔽,U+1F53D,filter,need_svg,languages/k2_th.csv,2100,i18n,นำหน้าข้อความ,ui.cmt.filterOpen,🔽 เฉพาะที่ยังไม่ปิด
I082,💬,U+1F4AC,chat,has_svg,languages/k2_th.csv,2113,i18n,นำหน้าข้อความ,ui.cmtComment.add,💬 เพิ่ม
I088,📍,U+1F4CD,map,has_svg,languages/k2_th.csv,2114,i18n,นำหน้าข้อความ,ui.cmtComment.bind,📍 ผูกกับ: “
I069,→,U+2192,,keep_text,languages/k2_th.csv,2116,i18n,กลางข้อความ,ui.cmtComment.moveCommentPrevScenes,ย้ายคอมเมนต์เดิมจาก scenes.json → .md แล้ว {0} รายการ
I179,↳,U+21B3,subdirectory-right,need_svg,languages/k2_th.csv,2118,i18n,นำหน้าข้อความ,ui.cmtComment.replyBack,↳ {0} การตอบกลับ
I129,🌐,U+1F310,globe,has_svg,languages/k2_th.csv,2128,i18n,นำหน้าข้อความ,ui.codex.exportWeb,🌐 ส่งออกเป็นเว็บ
I069,→,U+2192,,keep_text,languages/k2_th.csv,2129,i18n,กลางข้อความ,ui.codex.exportWebCodexDone,ส่งออกเว็บสารานุกรมแล้ว {0} หน้า → {1}
I076,📖,U+1F4D6,book-open,has_svg,languages/k2_th.csv,2135,i18n,นำหน้าข้อความ,ui.codex.openPageWiki,📖 เปิดหน้า Wiki
I069,→,U+2192,,keep_text,languages/k2_th.csv,2138,i18n,ท้ายข้อความ,ui.codex.page,หน้า →
I105,🧠,U+1F9E0,brain,has_svg,languages/k2_th.csv,2168,i18n,นำหน้าข้อความ,ui.common.aIAnalyze,🧠 AI วิเคราะห์
I082,💬,U+1F4AC,chat,has_svg,languages/k2_th.csv,2169,i18n,นำหน้าข้อความ,ui.common.aIAssistantWrite,💬 AI ผู้ช่วยเขียน
I126,🎨,U+1F3A8,palette,need_svg,languages/k2_th.csv,2181,i18n,นำหน้าข้อความ,ui.common.boardMood,🎨 กระดานอารมณ์
I095,✎,U+270E,edit,has_svg,languages/k2_th.csv,2194,i18n,นำหน้าข้อความ,ui.common.changeNameBook,✎ เปลี่ยนชื่อเล่ม…
I075,🗑,U+1F5D1,trash,has_svg,languages/k2_th.csv,2204,i18n,นำหน้าข้อความ,ui.common.clear2,🗑 ล้าง
I083,📋,U+1F4CB,clipboard,has_svg,languages/k2_th.csv,2214,i18n,นำหน้าข้อความ,ui.common.copyText,📋 คัดลอกเป็นข้อความ
I202,⌐,U+2310,line-elbow,need_svg,languages/k2_th.csv,2215,i18n,นำหน้าข้อความ,ui.common.cornerScene,⌐ หักมุมฉาก
I203,⌒,U+2312,line-curve,need_svg,languages/k2_th.csv,2216,i18n,นำหน้าข้อความ,ui.common.curve,⌒ โค้ง
I075,🗑,U+1F5D1,trash,has_svg,languages/k2_th.csv,2220,i18n,นำหน้าข้อความ,ui.common.del2,🗑 ลบ
I075,🗑,U+1F5D1,trash,has_svg,languages/k2_th.csv,2221,i18n,นำหน้าข้อความ,ui.common.delBookBook,🗑 ลบเล่มทั้งเล่ม
I075,🗑,U+1F5D1,trash,has_svg,languages/k2_th.csv,2223,i18n,นำหน้าข้อความ,ui.common.delMoveTrash,🗑 ลบ (ย้ายไปถังขยะ)
I107,📥,U+1F4E5,import,need_svg,languages/k2_th.csv,2239,i18n,นำหน้าข้อความ,ui.common.exportMd,📥 ส่งออก .md
I090,📤,U+1F4E4,export,need_svg,languages/k2_th.csv,2240,i18n,นำหน้าข้อความ,ui.common.exportOnlyImageUse,📤 ส่งออกเฉพาะรูปที่ถูกใช้จริง…
I090,📤,U+1F4E4,export,need_svg,languages/k2_th.csv,2242,i18n,นำหน้าข้อความ,ui.common.exportPNG,📤 ส่งออก PNG
I170,🔎,U+1F50E,search,has_svg,languages/k2_th.csv,2245,i18n,นำหน้าข้อความ,ui.common.findImageDupLibrary,🔎 หารูปซ้ำในคลัง
I137,⤢,U+2922,expand,has_svg,languages/k2_th.csv,2246,i18n,นำหน้าข้อความ,ui.common.fitScreen,⤢ พอดีจอ
I167,⏪,U+23EA,rewind,need_svg,languages/k2_th.csv,2247,i18n,นำหน้าข้อความ,ui.common.flashback,⏪ ย้อนอดีต (Flashback)
I088,📍,U+1F4CD,map,has_svg,languages/k2_th.csv,2252,i18n,นำหน้าข้อความ,ui.common.graphArea,📍 ผังพื้นที่
I101,🌿,U+1F33F,branch,need_svg,languages/k2_th.csv,2254,i18n,นำหน้าข้อความ,ui.common.graphBreakBranch2,🌿 ผังแตกสาย
I122,🕘,U+1F558,history,has_svg,languages/k2_th.csv,2257,i18n,นำหน้าข้อความ,ui.common.historyRun,🕘 ประวัติการทำงาน
I080,🖼,U+1F5BC,image,has_svg,languages/k2_th.csv,2261,i18n,นำหน้าข้อความ,ui.common.insertSceneOpen,🖼 แทรกลงฉากที่เปิดอยู่
I164,🗒,U+1F5D2,notepad,need_svg,languages/k2_th.csv,2262,i18n,นำหน้าข้อความ,ui.common.journal,🗒 บันทึกประจำวัน
I106,🗺,U+1F5FA,globe,has_svg,languages/k2_th.csv,2276,i18n,นำหน้าข้อความ,ui.common.map3,🗺 แผนที่
I076,📖,U+1F4D6,book-open,has_svg,languages/k2_th.csv,2321,i18n,นำหน้าข้อความ,ui.common.novel,📖 นิยาย
I266,🔢,U+1F522,sort-number,need_svg,languages/k2_th.csv,2330,i18n,นำหน้าข้อความ,ui.common.orderNumNew,🔢 เรียงลำดับหมายเลขใหม่
I188,⏩,U+23E9,fast-forward,need_svg,languages/k2_th.csv,2340,i18n,นำหน้าข้อความ,ui.common.pageFlashforward,⏩ ล่วงหน้า (Flashforward)
I089,🔄,U+1F504,refresh,need_svg,languages/k2_th.csv,2351,i18n,นำหน้าข้อความ,ui.common.refresh2,🔄 รีเฟรช
I097,✏,U+270F,edit,has_svg,languages/k2_th.csv,2352,i18n,นำหน้าข้อความ,ui.common.renameNew,✏ ตั้งชื่อใหม่
I104,🤖,U+1F916,bot,has_svg,languages/k2_th.csv,2375,i18n,นำหน้าข้อความ,ui.common.settingsAI,🤖 ตั้งค่า AI
I085,📂,U+1F4C2,folder-open,need_svg,languages/k2_th.csv,2377,i18n,นำหน้าข้อความ,ui.common.showFolder,📂 แสดงในโฟลเดอร์
I085,📂,U+1F4C2,folder-open,need_svg,languages/k2_th.csv,2378,i18n,นำหน้าข้อความ,ui.common.showFolderImages,📂 แสดงโฟลเดอร์ Images
I139,👁,U+1F441,eye,has_svg,languages/k2_th.csv,2390,i18n,นำหน้าข้อความ,ui.common.thingSee,👁 สิ่งที่เห็น
I163,⇄,U+21C4,swap,need_svg,languages/k2_th.csv,2393,i18n,นำหน้าข้อความ,ui.common.toggle,⇄ สลับทิศ
I077,▶,U+25B6,play,need_svg,languages/k2_th.csv,2394,i18n,นำหน้าข้อความ,ui.common.trialPlay,▶ ทดลองเล่น
I135,🔓,U+1F513,lock-open,has_svg,languages/k2_th.csv,2396,i18n,นำหน้าข้อความ,ui.common.unlock,🔓 ปลดล็อก
I079,🔍,U+1F50D,search,has_svg,languages/k2_th.csv,2401,i18n,นำหน้าข้อความ,ui.common.viewImageFull,🔍 ดูภาพเต็ม
I081,🎬,U+1F3AC,film,has_svg,languages/k2_th.csv,2436,i18n,นำหน้าข้อความ,ui.compile.screenplayCONTINUEDMORE,🎬 บทภาพยนตร์ (CONTINUED · MORE)
I081,🎬,U+1F3AC,film,has_svg,languages/k2_th.csv,2439,i18n,นำหน้าข้อความ,ui.compile.screenplayPDFTocCover,🎬 บทภาพยนตร์ → PDF (สารบัญ · หน้าปก)
I069,→,U+2192,,keep_text,languages/k2_th.csv,2439,i18n,กลางข้อความ,ui.compile.screenplayPDFTocCover,🎬 บทภาพยนตร์ → PDF (สารบัญ · หน้าปก)
I080,🖼,U+1F5BC,image,has_svg,languages/k2_th.csv,2473,i18n,นำหน้าข้อความ,ui.dash.libraryImage,🖼 คลังรูป
I076,📖,U+1F4D6,book-open,has_svg,languages/k2_th.csv,2475,i18n,นำหน้าข้อความ,ui.dash.longEachChapterWord,📖 ความยาวแต่ละบท (คำ)
I182,🔥,U+1F525,fire,need_svg,languages/k2_th.csv,2478,i18n,นำหน้าข้อความ,ui.dash.notStartWriteNext,🔥 ยังไม่เริ่มนับวันเขียนติดต่อกัน
I108,📊,U+1F4CA,chart,has_svg,languages/k2_th.csv,2480,i18n,นำหน้าข้อความ,ui.dash.pageStatusScene,📊 ความคืบหน้าตามสถานะฉาก
I117,⭐,U+2B50,star,has_svg,languages/k2_th.csv,2482,i18n,นำหน้าข้อความ,ui.dash.scenePinPin,⭐ ฉากปักหมุด ({0})
I116,🗂,U+1F5C2,collection,need_svg,languages/k2_th.csv,2485,i18n,นำหน้าข้อความ,ui.dash.wikiCat,🗂 Wiki ตามหมวด
I182,🔥,U+1F525,fire,need_svg,languages/k2_th.csv,2489,i18n,นำหน้าข้อความ,ui.dash.writeNext,🔥 เขียนติดต่อกัน {0} วัน
I121,⇋,U+21CB,swap,need_svg,languages/k2_th.csv,2826,i18n,นำหน้าข้อความ,ui.dlg.compareRight,⇋ เทียบด้านขวา
I090,📤,U+1F4E4,export,need_svg,languages/k2_th.csv,2839,i18n,นำหน้าข้อความ,ui.dlg.exportFileCSV,📤 ส่งออกไฟล์แปล (CSV)
I069,→,U+2192,,keep_text,languages/k2_th.csv,2841,i18n,กลางข้อความ,ui.dlg.exportTableRow,ส่งออกตารางแปล {0} แถว → {1}
I118,↻,U+21BB,refresh,need_svg,languages/k2_th.csv,2859,i18n,นำหน้าข้อความ,ui.dlg.loadFileLangNew2,↻ โหลดไฟล์ภาษาใหม่
I094,📁,U+1F4C1,folder,has_svg,languages/k2_th.csv,2863,i18n,นำหน้าข้อความ,ui.dlg.openFolderLang,📁 เปิดโฟลเดอร์ภาษา
I154,💭,U+1F4AD,thought,need_svg,languages/k2_th.csv,2907,i18n,นำหน้าข้อความ,ui.dlgb.monoTip,💭 ให้ตัวละครที่เลือกไว้รำพึงคนเดียว — เสียงในใจ ตัวละครอื่นไม่ได้ยิน
I267,⤵,U+2935,arrow-turn-down,need_svg,languages/k2_th.csv,2923,i18n,นำหน้าข้อความ,ui.dlgb.keepTalking,⤵ พูดต่อ
I105,🧠,U+1F9E0,brain,has_svg,languages/k2_th.csv,2937,i18n,นำหน้าข้อความ,ui.dlgb.modelThinking,🧠 ความคิดของโมเดล
I091,⚙,U+2699,cog,has_svg,languages/k2_th.csv,2955,i18n,นำหน้าข้อความ,ui.dlgb.overrideTitle,⚙ โมเดลและพารามิเตอร์ของตัวนี้
I077,▶,U+25B6,play,need_svg,languages/k2_th.csv,2974,i18n,นำหน้าข้อความ,ui.dlgb.send,▶ ส่ง
I143,🎭,U+1F3AD,mask,need_svg,languages/k2_th.csv,2981,i18n,นำหน้าข้อความ,ui.dlgb.thinking,🎭 กำลังคิด…
I069,→,U+2192,,keep_text,languages/k2_th.csv,2984,i18n,นำหน้าข้อความ,ui.dlgb.toWhom,→ {0}
I104,🤖,U+1F916,bot,has_svg,languages/k2_th.csv,2993,i18n,นำหน้าข้อความ,ui.dlgBuilder.aiPick,🤖 ให้ AI เลือก
I154,💭,U+1F4AD,thought,need_svg,languages/k2_th.csv,3000,i18n,นำหน้าข้อความ,ui.dlgBuilder.selfMono,💭 รำพึงคนเดียว
I205,🎲,U+1F3B2,dice,need_svg,languages/k2_th.csv,3037,i18n,นำหน้าข้อความ,ui.dlgBuilder.randomPick,🎲 สุ่ม
I069,→,U+2192,,keep_text,languages/k2_th.csv,3059,i18n,กลางข้อความ,ui.errors.aiNoKey,กรุณาตั้งค่า API Key ในไฟล์ → ตั้งค่า AI
I069,→,U+2192,,keep_text,languages/k2_th.csv,3060,i18n,กลางข้อความ,ui.errors.aiSettingsFirst,ตั้งค่า AI ที่ ไฟล์ → ตั้งค่า AI ก่อน
I151,⌘,U+2318,,keep_text,languages/k2_th.csv,3079,i18n,ท้ายข้อความ,ui.errors.requiresCtrl,ต้องมี Ctrl/⌘
I129,🌐,U+1F310,globe,has_svg,languages/k2_th.csv,3086,i18n,นำหน้าข้อความ,ui.exportBlog.exportHTMLBlock,🌐 ส่งออกเป็น HTML สำหรับบล็อก
I079,🔍,U+1F50D,search,has_svg,languages/k2_th.csv,3167,i18n,นำหน้าข้อความ,ui.filterCommands,🔍 กรองคำสั่ง…
I215,✖,U+2716,close,need_svg,languages/k2_th.csv,3169,i18n,นำหน้าข้อความ,ui.floorplan.cancelPin,✖ ยกเลิกการปัก
I084,📌,U+1F4CC,pin,need_svg,languages/k2_th.csv,3171,i18n,กลางข้อความ,ui.floorplan.cantPinPosPress,"ยังไม่ได้ปักตำแหน่ง — กด """"📌 ปักตำแหน่งฉากนี้"""""
I155,🚫,U+1F6AB,block,need_svg,languages/k2_th.csv,3172,i18n,นำหน้าข้อความ,ui.floorplan.clearPos,🚫 ล้างตำแหน่ง
I084,📌,U+1F4CC,pin,need_svg,languages/k2_th.csv,3177,i18n,นำหน้าข้อความ,ui.floorplan.clickTopMapTop,📌 คลิกบนแผนที่ (หรือบนหมุด) เพื่อกำหนดตำแหน่งของฉากนี้
I158,🕒,U+1F552,time,need_svg,languages/k2_th.csv,3185,i18n,นำหน้าข้อความ,ui.floorplan.lineTimePlace,🕒 เส้นเวลาของสถานที่นี้
I084,📌,U+1F4CC,pin,need_svg,languages/k2_th.csv,3187,i18n,กลางข้อความ,ui.floorplan.notHasSceneBind,"ยังไม่มีฉากผูกกับแผนที่นี้ — เปิดฉากแล้วกด """"📌 ปักตำแหน่งฉากนี้"""""
I069,→,U+2192,,keep_text,languages/k2_th.csv,3189,i18n,กลางข้อความ,ui.floorplan.notPlannedNewView,ยังไม่มีแผนที่ — สร้างได้ที่ มุมมอง → แผนที่ (Maps)
I084,📌,U+1F4CC,pin,need_svg,languages/k2_th.csv,3193,i18n,นำหน้าข้อความ,ui.floorplan.pinPosScene2,📌 ปักตำแหน่งฉากนี้
I071,📄,U+1F4C4,file,has_svg,languages/k2_th.csv,3198,i18n,นำหน้าข้อความ,ui.floorplan.sceneOpen,📄 ฉากที่เปิดอยู่
I173,📦,U+1F4E6,package,need_svg,languages/k2_th.csv,3199,i18n,นำหน้าข้อความ,ui.floorplan.thingFound,📦 สิ่งที่พบ
I175,🔊,U+1F50A,volume,need_svg,languages/k2_th.csv,3200,i18n,นำหน้าข้อความ,ui.floorplan.thingHear,🔊 สิ่งที่ได้ยิน
I104,🤖,U+1F916,bot,has_svg,languages/k2_th.csv,3250,i18n,นำหน้าข้อความ,ui.gallery.aISetCaptionImage,🤖 AI: ตั้งคำบรรยายให้รูปที่เลือก
I104,🤖,U+1F916,bot,has_svg,languages/k2_th.csv,3251,i18n,นำหน้าข้อความ,ui.gallery.aISuggestTagImage,🤖 AI: แนะนำแท็กให้รูปที่เลือก
I097,✏,U+270F,edit,has_svg,languages/k2_th.csv,3266,i18n,นำหน้าข้อความ,ui.gallery.changeName,✏ เปลี่ยนชื่อ…
I097,✏,U+270F,edit,has_svg,languages/k2_th.csv,3271,i18n,นำหน้าข้อความ,ui.gallery.changeNameTagLibrary,✏ เปลี่ยนชื่อแท็กนี้ทั้งคลัง
I070,✕,U+2715,close,need_svg,languages/k2_th.csv,3272,i18n,นำหน้าข้อความ,ui.gallery.clearItemFilterTag,✕ ล้างตัวกรองแท็ก
I149,ℹ,U+2139,info,need_svg,languages/k2_th.csv,3276,i18n,นำหน้าข้อความ,ui.gallery.dataImage2,ℹ ข้อมูลรูป
I075,🗑,U+1F5D1,trash,has_svg,languages/k2_th.csv,3278,i18n,นำหน้าข้อความ,ui.gallery.delAlbumMoveTrash,🗑 ลบอัลบั้ม (ย้ายไปถังขยะ)
I075,🗑,U+1F5D1,trash,has_svg,languages/k2_th.csv,3286,i18n,นำหน้าข้อความ,ui.gallery.detachTagExitAll2,🗑 ถอดแท็กนี้ออกจากทุกรูป
I097,✏,U+270F,edit,has_svg,languages/k2_th.csv,3288,i18n,นำหน้าข้อความ,ui.gallery.editCaption,✏ แก้คำบรรยาย…
I098,🏷,U+1F3F7,tag,need_svg,languages/k2_th.csv,3291,i18n,นำหน้าข้อความ,ui.gallery.editTag,🏷 แก้แท็ก…
I090,📤,U+1F4E4,export,need_svg,languages/k2_th.csv,3293,i18n,นำหน้าข้อความ,ui.gallery.exportAlbum,📤 ส่งออกอัลบั้มนี้…
I090,📤,U+1F4E4,export,need_svg,languages/k2_th.csv,3294,i18n,นำหน้าข้อความ,ui.gallery.exportAlbumPick,📤 ส่งออกอัลบั้มที่เลือกอยู่…
I090,📤,U+1F4E4,export,need_svg,languages/k2_th.csv,3295,i18n,นำหน้าข้อความ,ui.gallery.exportPick,📤 ส่งออกที่เลือก
I170,🔎,U+1F50E,search,has_svg,languages/k2_th.csv,3297,i18n,นำหน้าข้อความ,ui.gallery.findImageTiredLift,🔎 หารูปที่คล้ายกัน
I094,📁,U+1F4C1,folder,has_svg,languages/k2_th.csv,3320,i18n,นำหน้าข้อความ,ui.gallery.moveAlbum2,📁 ย้ายไปอัลบั้ม
I094,📁,U+1F4C1,folder,has_svg,languages/k2_th.csv,3321,i18n,นำหน้าข้อความ,ui.gallery.moveAlbum3,📁 ย้ายไปอัลบั้ม…
I094,📁,U+1F4C1,folder,has_svg,languages/k2_th.csv,3329,i18n,นำหน้าข้อความ,ui.gallery.moveUnder,📁 ย้ายไปอยู่ใต้…
I089,🔄,U+1F504,refresh,need_svg,languages/k2_th.csv,3336,i18n,นำหน้าข้อความ,ui.gallery.newImagesJsonNew,🔄 สร้าง images.json ใหม่ (ดัชนี v1)
I074,⚠,U+26A0,error,has_svg,languages/k2_th.csv,3345,i18n,นำหน้าข้อความ,ui.gallery.openImageCant,⚠ เปิดรูปไม่ได้
I126,🎨,U+1F3A8,palette,need_svg,languages/k2_th.csv,3347,i18n,นำหน้าข้อความ,ui.gallery.pasteTopBoardMood,🎨 วางบนกระดานอารมณ์
I079,🔍,U+1F50D,search,has_svg,languages/k2_th.csv,3361,i18n,นำหน้าข้อความ,ui.gallery.searchNameFileCaption,🔍 ค้นชื่อไฟล์ / คำบรรยาย / แท็ก
I140,🧹,U+1F9F9,broom,need_svg,languages/k2_th.csv,3363,i18n,นำหน้าข้อความ,ui.gallery.showOnlyImageNot,🧹 แสดงเฉพาะรูปที่ยังไม่ถูกใช้
I098,🏷,U+1F3F7,tag,need_svg,languages/k2_th.csv,3365,i18n,นำหน้าข้อความ,ui.gallery.tag,🏷 ติดแท็ก
I069,→,U+2192,,keep_text,languages/k2_th.csv,3388,i18n,กลางข้อความ,ui.galleryAi.galleryAiVisionUse,gallery-ai: vision ใช้ไม่ได้ → ตกไปทางข้อความ
I131,📐,U+1F4D0,ruler,need_svg,languages/k2_th.csv,3441,i18n,นำหน้าข้อความ,ui.galleryMoodboard.adjustAllItemAt2,📐 ปรับทุกชิ้นให้ตรงสัดส่วนรูป
I131,📐,U+1F4D0,ruler,need_svg,languages/k2_th.csv,3442,i18n,นำหน้าข้อความ,ui.galleryMoodboard.adjustAtRatioImage,📐 ปรับให้ตรงสัดส่วนรูป
I130,▦,U+25A6,grid,has_svg,languages/k2_th.csv,3443,i18n,นำหน้าข้อความ,ui.galleryMoodboard.arrangeAuto,▦ จัดเรียงอัตโนมัติ
I142,⬇,U+2B07,arrow-down,need_svg,languages/k2_th.csv,3446,i18n,นำหน้าข้อความ,ui.galleryMoodboard.bottomLast,⬇ ลงล่างสุด
I075,🗑,U+1F5D1,trash,has_svg,languages/k2_th.csv,3448,i18n,นำหน้าข้อความ,ui.galleryMoodboard.clearBoardNotDel,🗑 ล้างกระดาน (ไม่ลบไฟล์)
I070,✕,U+2715,close,need_svg,languages/k2_th.csv,3450,i18n,นำหน้าข้อความ,ui.galleryMoodboard.exitBoardNotDel,✕ เอาออกจากกระดาน (ไม่ลบไฟล์)
I141,📷,U+1F4F7,camera,has_svg,languages/k2_th.csv,3451,i18n,นำหน้าข้อความ,ui.galleryMoodboard.exportBoardImage,📷 ส่งออกกระดานเป็นภาพ…
I126,🎨,U+1F3A8,palette,need_svg,languages/k2_th.csv,3453,i18n,กลางข้อความ,ui.galleryMoodboard.pickImageLibraryDone,"(หรือเลือกรูปในคลังแล้วกด """"🎨 วางบนกระดาน"""")"
I162,⬆,U+2B06,arrow-up,need_svg,languages/k2_th.csv,3454,i18n,นำหน้าข้อความ,ui.galleryMoodboard.top,⬆ ขึ้นบนสุด
I069,→,U+2192,,keep_text,languages/k2_th.csv,3458,i18n,กลางข้อความ,ui.histOry.adjustCountTimesKeep,· ปรับจำนวนครั้งที่เก็บได้ที่ ตั้งค่า → ทั่วไป
I075,🗑,U+1F5D1,trash,has_svg,languages/k2_th.csv,3461,i18n,นำหน้าข้อความ,ui.histOry.clearHistory,🗑 ล้างประวัติ
I096,↩,U+21A9,return,need_svg,languages/k2_th.csv,3475,i18n,นำหน้าข้อความ,ui.histOry.msg,↩ ย้อนมาที่นี่
I070,✕,U+2715,close,need_svg,languages/k2_th.csv,3490,i18n,นำหน้าข้อความ,ui.home.close,✕ ปิด
I090,📤,U+1F4E4,export,need_svg,languages/k2_th.csv,3493,i18n,นำหน้าข้อความ,ui.home.export,📤 ส่งออก
I107,📥,U+1F4E5,import,need_svg,languages/k2_th.csv,3498,i18n,นำหน้าข้อความ,ui.home.import,📥 นำเข้า
I087,➕,U+2795,plus,has_svg,languages/k2_th.csv,3502,i18n,นำหน้าข้อความ,ui.home.newProject,➕ สร้างโปรเจกต์ใหม่
I085,📂,U+1F4C2,folder-open,need_svg,languages/k2_th.csv,3510,i18n,นำหน้าข้อความ,ui.home.openProject,📂 เปิดโปรเจกต์
I216,🏠,U+1F3E0,home,has_svg,languages/k2_th.csv,3512,i18n,นำหน้าข้อความ,ui.home.pageFirst,🏠 หน้าแรก
I079,🔍,U+1F50D,search,has_svg,languages/k2_th.csv,3513,i18n,นำหน้าข้อความ,ui.home.search,🔍 ค้นหา
I074,⚠,U+26A0,error,has_svg,languages/k2_th.csv,3537,i18n,นำหน้าข้อความ,ui.imp.warnPrefix,⚠ คำเตือน
I069,→,U+2192,,keep_text,languages/k2_th.csv,3541,i18n,กลางข้อความ,ui.impOrt.importDoneFile,นำเข้าเสร็จ {0} ไฟล์ → {1}
I148,🛣,U+1F6E3,road,need_svg,languages/k2_th.csv,3584,i18n,นำหน้าข้อความ,ui.maps.busyNextRouteClick,🛣 กำลังต่อเส้นทาง “{0}” — คลิกหมุดตามลำดับที่เดินทาง ({1} จุด)
I215,✖,U+2716,close,need_svg,languages/k2_th.csv,3585,i18n,นำหน้าข้อความ,ui.maps.cancelPick,✖ ยกเลิกการเลือก
I080,🖼,U+1F5BC,image,has_svg,languages/k2_th.csv,3589,i18n,นำหน้าข้อความ,ui.maps.changeImage,🖼 เปลี่ยนรูป
I075,🗑,U+1F5D1,trash,has_svg,languages/k2_th.csv,3601,i18n,นำหน้าข้อความ,ui.maps.delMap,🗑 ลบแผนที่
I075,🗑,U+1F5D1,trash,has_svg,languages/k2_th.csv,3602,i18n,นำหน้าข้อความ,ui.maps.delPick,🗑 ลบที่เลือก
I217,✔,U+2714,checkmark,need_svg,languages/k2_th.csv,3607,i18n,นำหน้าข้อความ,ui.maps.done,✔ เสร็จ
I096,↩,U+21A9,return,need_svg,languages/k2_th.csv,3609,i18n,นำหน้าข้อความ,ui.maps.dotLatest,↩ ถอยจุดล่าสุด
I079,🔍,U+1F50D,search,has_svg,languages/k2_th.csv,3612,i18n,นำหน้าข้อความ,ui.maps.foundPinTopMap,"🔍 """"{0}"""" — เจอ {1} หมุดบนแผนที่นี้"
I095,✎,U+270E,edit,has_svg,languages/k2_th.csv,3622,i18n,นำหน้าข้อความ,ui.maps.nextDot,✎ ต่อจุด
I141,📷,U+1F4F7,camera,has_svg,languages/k2_th.csv,3624,i18n,นำหน้าข้อความ,ui.maps.notHasImagePress,"📷 ยังไม่มีรูป — กด """"🖼 เปลี่ยนรูป"""""
I080,🖼,U+1F5BC,image,has_svg,languages/k2_th.csv,3624,i18n,กลางข้อความ,ui.maps.notHasImagePress,"📷 ยังไม่มีรูป — กด """"🖼 เปลี่ยนรูป"""""
I083,📋,U+1F4CB,clipboard,has_svg,languages/k2_th.csv,3628,i18n,นำหน้าข้อความ,ui.maps.pastePin,📋 วาง {0} หมุด
I088,📍,U+1F4CD,map,has_svg,languages/k2_th.csv,3636,i18n,นำหน้าข้อความ,ui.maps.portalSceneBindMap,📍 {0} เอนทิตี้ · 🚪 {1} ประตู · 📌 {2} หมายเหตุ · 📄 {3} ฉากผูกกับแผนที่นี้
I177,🚪,U+1F6AA,door,need_svg,languages/k2_th.csv,3636,i18n,กลางข้อความ,ui.maps.portalSceneBindMap,📍 {0} เอนทิตี้ · 🚪 {1} ประตู · 📌 {2} หมายเหตุ · 📄 {3} ฉากผูกกับแผนที่นี้
I084,📌,U+1F4CC,pin,need_svg,languages/k2_th.csv,3636,i18n,กลางข้อความ,ui.maps.portalSceneBindMap,📍 {0} เอนทิตี้ · 🚪 {1} ประตู · 📌 {2} หมายเหตุ · 📄 {3} ฉากผูกกับแผนที่นี้
I071,📄,U+1F4C4,file,has_svg,languages/k2_th.csv,3636,i18n,กลางข้อความ,ui.maps.portalSceneBindMap,📍 {0} เอนทิตี้ · 🚪 {1} ประตู · 📌 {2} หมายเหตุ · 📄 {3} ฉากผูกกับแผนที่นี้
I095,✎,U+270E,edit,has_svg,languages/k2_th.csv,3638,i18n,กลางข้อความ,ui.maps.pressBtnEditTop,"· กดปุ่ม """"✎ แก้ไข"""" บนแถบเครื่องมือเพื่อแก้หมุดนี้"
I268,🖨,U+1F5A8,printer,need_svg,languages/k2_th.csv,3639,i18n,นำหน้าข้อความ,ui.maps.print,🖨 พิมพ์
I148,🛣,U+1F6E3,road,need_svg,languages/k2_th.csv,3643,i18n,นำหน้าข้อความ,ui.maps.route2,🛣 เส้นทาง
I148,🛣,U+1F6E3,road,need_svg,languages/k2_th.csv,3644,i18n,นำหน้าข้อความ,ui.maps.route3,🛣 เส้นทาง ({0})
I141,📷,U+1F4F7,camera,has_svg,languages/k2_th.csv,3648,i18n,นำหน้าข้อความ,ui.maps.saveMapLibraryImage,📷 บันทึกแผนที่ลงคลังรูปแล้ว:
I079,🔍,U+1F50D,search,has_svg,languages/k2_th.csv,3654,i18n,นำหน้าข้อความ,ui.maps.searchPinName,🔍 ค้นหาหมุด (ชื่อ/หมายเหตุ)
I199,📏,U+1F4CF,ruler,need_svg,languages/k2_th.csv,3655,i18n,กลางข้อความ,ui.maps.setGapField,(ตั้งระยะได้ที่ช่องข้าง 📏)
I160,🔤,U+1F524,font,need_svg,languages/k2_th.csv,3658,i18n,นำหน้าข้อความ,ui.maps.showItemFilm,🔤 แสดงตัวหนังสือ
I088,📍,U+1F4CD,map,has_svg,languages/k2_th.csv,3661,i18n,นำหน้าข้อความ,ui.maps.sizePin,📍 ขนาดหมุด
I105,🧠,U+1F9E0,brain,has_svg,languages/k2_th.csv,3671,i18n,นำหน้าข้อความ,ui.menu.aIAnalyzePaceStory,🧠 AI วิเคราะห์ (จังหวะเรื่อง · ตัวละคร · คำซ้ำ)
I096,↩,U+21A9,return,need_svg,languages/k2_th.csv,3676,i18n,นำหน้าข้อความ,ui.menu.backVersionLatestRevert,↩ กลับไปเวอร์ชันล่าสุด (Revert)
I126,🎨,U+1F3A8,palette,need_svg,languages/k2_th.csv,3678,i18n,นำหน้าข้อความ,ui.menu.boardMoodMoodBoard,🎨 กระดานอารมณ์ (Mood Board) — เปิดเป็นแผงข้าง ๆ แล้วลากรูปมาวางได้
I213,🔠,U+1F520,text-case,need_svg,languages/k2_th.csv,3681,i18n,นำหน้าข้อความ,ui.menu.caseBigSmall,🔠 ตัวพิมพ์ใหญ่/เล็ก (ให้อิสระ)
I081,🎬,U+1F3AC,film,has_svg,languages/k2_th.csv,3683,i18n,นำหน้าข้อความ,ui.menu.chapterFilm,🎬 บทหนัง
I100,📚,U+1F4DA,book-content,has_svg,languages/k2_th.csv,3694,i18n,นำหน้าข้อความ,ui.menu.codexCodex,📚 สารานุกรม (Codex)
I082,💬,U+1F4AC,chat,has_svg,languages/k2_th.csv,3697,i18n,นำหน้าข้อความ,ui.menu.commentScenePanel,💬 คอมเมนต์ในฉากนี้ (แผง)
I108,📊,U+1F4CA,chart,has_svg,languages/k2_th.csv,3698,i18n,นำหน้าข้อความ,ui.menu.compareChapter,📊 เปรียบเทียบบท / สคริปต์…
I212,🛠,U+1F6E0,wrench,need_svg,languages/k2_th.csv,3699,i18n,นำหน้าข้อความ,ui.menu.consoleDev,🛠 คอนโซลนักพัฒนา… ({0}+{1}+`)
I071,📄,U+1F4C4,file,has_svg,languages/k2_th.csv,3701,i18n,นำหน้าข้อความ,ui.menu.coverTitlePages,📄 หน้าปก (Title Pages)…
I269,🎞,U+1F39E,film,has_svg,languages/k2_th.csv,3707,i18n,นำหน้าข้อความ,ui.menu.dataResultTaskAuthor,🎞 ข้อมูลผลงาน (ผู้เขียน · ตัวแทน · ลิขสิทธิ์)…
I140,🧹,U+1F9F9,broom,need_svg,languages/k2_th.csv,3709,i18n,นำหน้าข้อความ,ui.menu.delElementType,🧹 ลบ element ตามประเภท…
I143,🎭,U+1F3AD,mask,need_svg,languages/k2_th.csv,3712,i18n,นำหน้าข้อความ,ui.menu.dlgbPanel,🎭 ห้องซ้อมบท
I081,🎬,U+1F3AC,film,has_svg,languages/k2_th.csv,3720,i18n,นำหน้าข้อความ,ui.menu.exportChapterFinalDraft,🎬 ส่งออกบทเป็น Final Draft (.fdx)…
I081,🎬,U+1F3AC,film,has_svg,languages/k2_th.csv,3721,i18n,นำหน้าข้อความ,ui.menu.exportChapterRichText,🎬 ส่งออกบทเป็น Rich Text (.rtf)…
I081,🎬,U+1F3AC,film,has_svg,languages/k2_th.csv,3723,i18n,นำหน้าข้อความ,ui.menu.exportFinalDraftFdx,🎬 ส่งออกเป็น Final Draft (.fdx)…
I129,🌐,U+1F310,globe,has_svg,languages/k2_th.csv,3726,i18n,นำหน้าข้อความ,ui.menu.exportLangCSVKey,🌐 ส่งออกภาษาเป็น CSV (key · ไทย · อังกฤษ)…
I090,📤,U+1F4E4,export,need_svg,languages/k2_th.csv,3727,i18n,นำหน้าข้อความ,ui.menu.exportLayoutPanelJSON,📤 ส่งออกการจัดวางแผง (JSON)…
I174,🧾,U+1F9FE,receipt,need_svg,languages/k2_th.csv,3729,i18n,นำหน้าข้อความ,ui.menu.exportPDFItemNew,🧾 ส่งออก PDF (ตัวสร้างในโปรแกรม — สารบัญ · หน้าปก)…
I174,🧾,U+1F9FE,receipt,need_svg,languages/k2_th.csv,3730,i18n,นำหน้าข้อความ,ui.menu.exportPDFTocCover,🧾 ส่งออก PDF (สารบัญ · หน้าปก · เปิดที่หน้าเดิม)…
I194,💧,U+1F4A7,water,need_svg,languages/k2_th.csv,3731,i18n,นำหน้าข้อความ,ui.menu.exportPDFWatermarkPerson,💧 ส่งออก PDF ลายน้ำรายคน…
I081,🎬,U+1F3AC,film,has_svg,languages/k2_th.csv,3734,i18n,นำหน้าข้อความ,ui.menu.exportRichTextRtf,🎬 ส่งออกเป็น Rich Text (.rtf)…
I160,🔤,U+1F524,font,need_svg,languages/k2_th.csv,3740,i18n,นำหน้าข้อความ,ui.menu.fontLangOther,🔤 ฟอนต์ตามภาษา (ไทย/ละติน/อื่น ๆ)…
I076,📖,U+1F4D6,book-open,has_svg,languages/k2_th.csv,3745,i18n,นำหน้าข้อความ,ui.menu.formatNovelParaRange,📖 รูปแบบนิยาย (ย่อหน้า · ช่วงบรรทัด · หัวข้อ)…
I108,📊,U+1F4CA,chart,has_svg,languages/k2_th.csv,3749,i18n,นำหน้าข้อความ,ui.menu.graphDialogueNextPage,📊 กราฟบทพูดต่อหน้า (Dialogue Chart)…
I270,📑,U+1F4D1,page-header,need_svg,languages/k2_th.csv,3752,i18n,นำหน้าข้อความ,ui.menu.headPaperAllPage,📑 หัวกระดาษทุกหน้า (Page Headers)…
I218,◨,U+25E8,panel-hide-left,need_svg,languages/k2_th.csv,3756,i18n,นำหน้าข้อความ,ui.menu.hidePanelSideLeft,◨ ซ่อนแผงฝั่งซ้าย
I183,⬓,U+2B13,panel-hide-right,need_svg,languages/k2_th.csv,3757,i18n,นำหน้าข้อความ,ui.menu.hidePanelSideRight,⬓ ซ่อนแผงฝั่งขวา ({0}+{1}+[)
I166,⬒,U+2B12,panel-hide-all,need_svg,languages/k2_th.csv,3758,i18n,นำหน้าข้อความ,ui.menu.hideShowPanelAll,⬒ ซ่อน/แสดงแผงทั้งหมด ({0}+\)
I140,🧹,U+1F9F9,broom,need_svg,languages/k2_th.csv,3762,i18n,นำหน้าข้อความ,ui.menu.imageNotUse,🧹 รูปที่ยังไม่ถูกใช้
I129,🌐,U+1F310,globe,has_svg,languages/k2_th.csv,3765,i18n,นำหน้าข้อความ,ui.menu.importLangCSV,🌐 นำเข้าภาษาจาก CSV…
I076,📖,U+1F4D6,book-open,has_svg,languages/k2_th.csv,3773,i18n,นำหน้าข้อความ,ui.readbook.button,📖 อ่านทั้งเล่ม
I076,📖,U+1F4D6,book-open,has_svg,languages/k2_th.csv,3774,i18n,นำหน้าข้อความ,ui.readbook.buttonAll,📖 อ่านทั้งโปรเจกต์
I069,→,U+2192,,keep_text,languages/k2_th.csv,3784,i18n,กลางข้อความ,ui.readbook.next,หน้าถัดไป (→ หรือ PageDown หรือ Space)
I103,←,U+2190,arrow-left,need_svg,languages/k2_th.csv,3789,i18n,กลางข้อความ,ui.readbook.prev,หน้าก่อนหน้า (← หรือ PageUp)
I103,←,U+2190,arrow-left,need_svg,languages/k2_th.csv,3793,i18n,นำหน้าข้อความ,ui.readbook.stageTip,← → เปลี่ยนหน้า · Ctrl+ล้อ = ซูม · Esc = ออก
I069,→,U+2192,,keep_text,languages/k2_th.csv,3793,i18n,กลางข้อความ,ui.readbook.stageTip,← → เปลี่ยนหน้า · Ctrl+ล้อ = ซูม · Esc = ออก
I080,🖼,U+1F5BC,image,has_svg,languages/k2_th.csv,3833,i18n,นำหน้าข้อความ,ui.menu.libraryImageGalleryG,🖼 คลังรูปภาพ (Gallery) ({0}+{1}+G)
I131,📐,U+1F4D0,ruler,need_svg,languages/k2_th.csv,3839,i18n,นำหน้าข้อความ,ui.menu.managePanelShowHide,📐 จัดการแผง (แสดง/ซ่อน)…
I105,🧠,U+1F9E0,brain,has_svg,languages/k2_th.csv,3840,i18n,นำหน้าข้อความ,ui.menu.manageSmartTypeDelWord,🧠 จัดการ SmartType (ลบคำที่จำผิด)…
I160,🔤,U+1F524,font,need_svg,languages/k2_th.csv,3843,i18n,นำหน้าข้อความ,ui.menu.mapChar,🔤 แผนที่อักขระพิเศษ…
I071,📄,U+1F4C4,file,has_svg,languages/k2_th.csv,3862,i18n,นำหน้าข้อความ,ui.menu.pageChapterG,📄 ไปที่หน้า/บท… ({0}+G)
I190,⏮,U+23EE,skip-previous,need_svg,languages/k2_th.csv,3863,i18n,นำหน้าข้อความ,ui.menu.pageFirst,⏮ ไปหน้าแรก
I069,→,U+2192,,keep_text,languages/k2_th.csv,3864,i18n,กลางข้อความ,ui.menu.pageFirstHasIn,หน้าแรกมีทางเข้าของตัวเองที่เมนู ไฟล์ → หน้าแรก
I216,🏠,U+1F3E0,home,has_svg,languages/k2_th.csv,3865,i18n,นำหน้าข้อความ,ui.menu.pageFirstHome,🏠 หน้าแรก (Home)
I143,🎭,U+1F3AD,mask,need_svg,languages/k2_th.csv,3867,i18n,นำหน้าข้อความ,ui.menu.pageListCharacterCast,🎭 หน้ารายชื่อตัวละคร (Cast of Characters)…
I131,📐,U+1F4D0,ruler,need_svg,languages/k2_th.csv,3869,i18n,นำหน้าข้อความ,ui.menu.pagePaperGapMargin,📐 หน้ากระดาษ · ระยะขอบ · รูปแบบบท…
I131,📐,U+1F4D0,ruler,need_svg,languages/k2_th.csv,3870,i18n,นำหน้าข้อความ,ui.menu.pagePaperGapMargin2,📐 หน้ากระดาษ · ระยะขอบ…
I082,💬,U+1F4AC,chat,has_svg,languages/k2_th.csv,3873,i18n,นำหน้าข้อความ,ui.menu.panelAIAssistantWrite,💬 แผง AI ผู้ช่วยเขียน
I089,🔄,U+1F504,refresh,need_svg,languages/k2_th.csv,3888,i18n,นำหน้าข้อความ,ui.menu.propsSceneFileMd,🔄 ซิงก์คุณสมบัติฉากจากไฟล์ .md (แก้ไฟล์นอกโปรแกรมแล้วใช้)
I180,👥,U+1F465,group,need_svg,languages/k2_th.csv,3890,i18n,นำหน้าข้อความ,ui.menu.reportCharacterReport,👥 รายงานตัวละคร (Character Report)…
I088,📍,U+1F4CD,map,has_svg,languages/k2_th.csv,3891,i18n,นำหน้าข้อความ,ui.menu.reportPlaceLocationReport,📍 รายงานสถานที่ (Location Report)…
I087,➕,U+2795,plus,has_svg,languages/k2_th.csv,3908,i18n,นำหน้าข้อความ,ui.menu.sessionNew,➕ เซสชันแชทใหม่
I175,🔊,U+1F50A,volume,need_svg,languages/k2_th.csv,3918,i18n,นำหน้าข้อความ,ui.menu.soundTypewriterPrint,🔊 เสียงเครื่องพิมพ์ดีดขณะพิมพ์
I115,↔,U+2194,swap,need_svg,languages/k2_th.csv,3930,i18n,กลางข้อความ,ui.menu.toggleModeNovelChapter,สลับโหมด นิยาย ↔ บทหนัง ({0}+{1}+M)
I077,▶,U+25B6,play,need_svg,languages/k2_th.csv,3933,i18n,นำหน้าข้อความ,ui.menu.trialPlayStoryBreak,▶ ทดลองเล่นเรื่องแตกสาย (Player Mode)
I116,🗂,U+1F5C2,collection,need_svg,languages/k2_th.csv,3939,i18n,นำหน้าข้อความ,ui.menu.workY,🗂 เวิร์กสเปซ… ({0}+{1}+Y)
I098,🏷,U+1F3F7,tag,need_svg,languages/k2_th.csv,3951,i18n,นำหน้าข้อความ,ui.net.cat,🏷 หมวด:
I095,✎,U+270E,edit,has_svg,languages/k2_th.csv,3952,i18n,นำหน้าข้อความ,ui.net.changeName,✎ เปลี่ยนชื่อ…
I095,✎,U+270E,edit,has_svg,languages/k2_th.csv,3953,i18n,นำหน้าข้อความ,ui.net.changeNameChapter,✎ เปลี่ยนชื่อบท…
I075,🗑,U+1F5D1,trash,has_svg,languages/k2_th.csv,3963,i18n,นำหน้าข้อความ,ui.net.delChapterChapter,🗑 ลบบททั้งบท
I271,🖱,U+1F5B1,mouse,need_svg,languages/k2_th.csv,3965,i18n,นำหน้าข้อความ,ui.net.dragBgScrollWheel,🖱 ลากพื้น=เลื่อน · ล้อ=ซูม · ลากโหนด=ย้าย · Shift+คลิก=ผลัก · ดับเบิลคลิก=เปิด · คลิกขวา=
I085,📂,U+1F4C2,folder-open,need_svg,languages/k2_th.csv,3968,i18n,นำหน้าข้อความ,ui.net.findDisk,📂 หาในดิสก์
I071,📄,U+1F4C4,file,has_svg,languages/k2_th.csv,3985,i18n,นำหน้าข้อความ,ui.net.open,📄 เปิด
I076,📖,U+1F4D6,book-open,has_svg,languages/k2_th.csv,3986,i18n,นำหน้าข้อความ,ui.net.open2,📖 เปิด
I085,📂,U+1F4C2,folder-open,need_svg,languages/k2_th.csv,3987,i18n,นำหน้าข้อความ,ui.net.openBook,📂 เปิดเล่ม
I085,📂,U+1F4C2,folder-open,need_svg,languages/k2_th.csv,3988,i18n,นำหน้าข้อความ,ui.net.openChapter,📂 เปิดบท
I102,🔗,U+1F517,link,has_svg,languages/k2_th.csv,4000,i18n,นำหน้าข้อความ,ui.net.relation,🔗 ความสัมพันธ์ (
I083,📋,U+1F4CB,clipboard,has_svg,languages/k2_th.csv,4001,i18n,นำหน้าข้อความ,ui.net.repeat,📋 ทำซ้ำ
I201,⤾,U+293E,rotate-right,need_svg,languages/k2_th.csv,4003,i18n,นำหน้าข้อความ,ui.net.resetView,⤾ รีเซ็ตมุมมอง
I115,↔,U+2194,swap,need_svg,languages/k2_th.csv,4004,i18n,กลางข้อความ,ui.net.scene,เอนทิตี้ ↔ ฉาก
I115,↔,U+2194,swap,need_svg,languages/k2_th.csv,4005,i18n,กลางข้อความ,ui.net.scene2,เอนทิตี้↔ฉาก
I079,🔍,U+1F50D,search,has_svg,languages/k2_th.csv,4007,i18n,นำหน้าข้อความ,ui.net.search,🔍 ค้นหา…
I098,🏷,U+1F3F7,tag,need_svg,languages/k2_th.csv,4017,i18n,นำหน้าข้อความ,ui.net.tag,🏷 แท็ก:
I084,📌,U+1F4CC,pin,need_svg,languages/k2_th.csv,4020,i18n,นำหน้าข้อความ,ui.net.unsetPinAllNode2,📌 ปลดหมุดทุกโหนด แล้วจัดผังใหม่
I084,📌,U+1F4CC,pin,need_svg,languages/k2_th.csv,4021,i18n,นำหน้าข้อความ,ui.net.unsetPinNode,📌 ปลดหมุดโหนดนี้
I073,📝,U+1F4DD,note,has_svg,languages/k2_th.csv,4038,i18n,นำหน้าข้อความ,ui.notes.do2,📝 ไว้ทำภายหลัง ({0})
I099,✅,U+2705,check-circle,need_svg,languages/k2_th.csv,4040,i18n,นำหน้าข้อความ,ui.notes.doneDoDoneList,✅ เคลียร์หมดแล้ว (ทำไปแล้ว {0} รายการ)
I083,📋,U+1F4CB,clipboard,has_svg,languages/k2_th.csv,4045,i18n,นำหน้าข้อความ,ui.notes.moveInMemo,📋 ย้ายเข้า Memo
I073,📝,U+1F4DD,note,has_svg,languages/k2_th.csv,4048,i18n,นำหน้าข้อความ,ui.notes.noteAll,📝 โน้ตทั้งหมด (
I073,📝,U+1F4DD,note,has_svg,languages/k2_th.csv,4049,i18n,นำหน้าข้อความ,ui.notes.notebookNoteQuick,📝 สมุดโน้ตด่วน
I073,📝,U+1F4DD,note,has_svg,languages/k2_th.csv,4050,i18n,นำหน้าข้อความ,ui.notes.noteQuick,📝 โน้ตด่วน —
I073,📝,U+1F4DD,note,has_svg,languages/k2_th.csv,4051,i18n,กลางข้อความ,ui.notes.notHasNotePress,ยังไม่มีโน้ต — กด 📝 ใน toolbar
I073,📝,U+1F4DD,note,has_svg,languages/k2_th.csv,4052,i18n,กลางข้อความ,ui.notes.notHasNoteStuck,"ยังไม่มีโน้ตค้าง — กด 📝 บนแถบเครื่องมือแล้วติ๊ก """"ไว้ทำภายหลัง"""""
I105,🧠,U+1F9E0,brain,has_svg,languages/k2_th.csv,4058,i18n,นำหน้าข้อความ,ui.panel.aiAnalyzerTitle,🧠 AI วิเคราะห์
I082,💬,U+1F4AC,chat,has_svg,languages/k2_th.csv,4059,i18n,นำหน้าข้อความ,ui.panel.aiChatTitle,💬 AI ผู้ช่วยเขียน
I101,🌿,U+1F33F,branch,need_svg,languages/k2_th.csv,4112,i18n,นำหน้าข้อความ,ui.panel.branchTitle,🌿 ผังแตกสาย
I069,→,U+2192,,keep_text,languages/k2_th.csv,4118,i18n,กลางข้อความ,ui.panel.closePanel,ปิดแผง (เปิดกลับที่เมนู มุมมอง → แผง)
I100,📚,U+1F4DA,book-content,has_svg,languages/k2_th.csv,4119,i18n,นำหน้าข้อความ,ui.panel.codex,📚 สารานุกรม
I100,📚,U+1F4DA,book-content,has_svg,languages/k2_th.csv,4120,i18n,นำหน้าข้อความ,ui.panel.codexTitle,📚 สารานุกรม
I069,→,U+2192,,keep_text,languages/k2_th.csv,4151,i18n,กลางข้อความ,ui.panel.desc_tree,สารบัญของผลงานทั้งเล่ม — เล่ม → บท → ฉาก พร้อม Wiki คลังรูป และถังขยะ · ลากสลับลำดับได้ · 
I069,→,U+2192,,keep_text,languages/k2_th.csv,4151,i18n,กลางข้อความ,ui.panel.desc_tree,สารบัญของผลงานทั้งเล่ม — เล่ม → บท → ฉาก พร้อม Wiki คลังรูป และถังขยะ · ลากสลับลำดับได้ · 
I069,→,U+2192,,keep_text,languages/k2_th.csv,4157,i18n,กลางข้อความ,ui.panel.doFileProjectDone,ไทม์ไลน์ว่าทำอะไรกับไฟล์ในโปรเจกต์ไปบ้าง แล้วย้อนกลับไปจุดไหนก็ได้ · จำนวนครั้งที่เก็บตั้ง
I090,📤,U+1F4E4,export,need_svg,languages/k2_th.csv,4165,i18n,นำหน้าข้อความ,ui.panel.exportLayout,📤 ส่งออกการจัดวางแผงเป็นไฟล์ JSON…
I166,⬒,U+2B12,panel-hide-all,need_svg,languages/k2_th.csv,4178,i18n,นำหน้าข้อความ,ui.panel.hidePanelAllArea,⬒ ซ่อนแผงทั้งหมด (เหลือแต่พื้นที่เขียน)
I183,⬓,U+2B13,panel-hide-right,need_svg,languages/k2_th.csv,4179,i18n,นำหน้าข้อความ,ui.panel.hidePanelSide,⬓ ซ่อนแผงฝั่งนี้
I122,🕘,U+1F558,history,has_svg,languages/k2_th.csv,4180,i18n,นำหน้าข้อความ,ui.panel.historyTitle,🕘 ประวัติการทำงาน
I131,📐,U+1F4D0,ruler,need_svg,languages/k2_th.csv,4189,i18n,นำหน้าข้อความ,ui.panel.manage,📐 จัดการแผง
I077,▶,U+25B6,play,need_svg,languages/k2_th.csv,4208,i18n,นำหน้าข้อความ,ui.panel.playerTitle,▶ ทดลองเล่น
I164,🗒,U+1F5D2,notepad,need_svg,languages/k2_th.csv,4217,i18n,นำหน้าข้อความ,ui.panel.recordTitle,🗒 บันทึกประจำวัน
I272,⏸,U+23F8,pause,need_svg,languages/k2_th.csv,4221,i18n,นำหน้าข้อความ,ui.panel.sceneGuard,⏸ หน้าต่างหลักยังไม่ได้บันทึก
I079,🔍,U+1F50D,search,has_svg,languages/k2_th.csv,4225,i18n,นำหน้าข้อความ,ui.panel.searchPlaceholder,🔍 ค้นหา / กรอง — เช่น status:กำลังเขียน tag:บู๊
I166,⬒,U+2B12,panel-hide-all,need_svg,languages/k2_th.csv,4237,i18n,นำหน้าข้อความ,ui.panel.spaceHideAll,⬒ ซ่อนแผงทั้งหมด (เหลือแต่พื้นที่เขียน)
I218,◨,U+25E8,panel-hide-left,need_svg,languages/k2_th.csv,4238,i18n,นำหน้าข้อความ,ui.panel.spaceHideLeft,◨ ซ่อนแผงฝั่งซ้าย
I183,⬓,U+2B13,panel-hide-right,need_svg,languages/k2_th.csv,4239,i18n,นำหน้าข้อความ,ui.panel.spaceHideRight,⬓ ซ่อนแผงฝั่งขวา
I166,⬒,U+2B12,panel-hide-all,need_svg,languages/k2_th.csv,4242,i18n,นำหน้าข้อความ,ui.panel.spaceShow,⬒ คืนแผงที่ซ่อนไว้
I069,→,U+2192,,keep_text,languages/k2_th.csv,4248,i18n,กลางข้อความ,ui.panel.tocResultTaskBook,สารบัญของผลงานทั้งเล่ม — เล่ม → บท → ฉาก พร้อม Wiki คลังรูป และถังขยะ · ลากสลับลำดับได้ · 
I069,→,U+2192,,keep_text,languages/k2_th.csv,4248,i18n,กลางข้อความ,ui.panel.tocResultTaskBook,สารบัญของผลงานทั้งเล่ม — เล่ม → บท → ฉาก พร้อม Wiki คลังรูป และถังขยะ · ลากสลับลำดับได้ · 
I219,❔,U+2754,help,need_svg,languages/k2_th.csv,4258,i18n,นำหน้าข้อความ,ui.panel.whatIsThis,❔ นี่คืออะไร
I116,🗂,U+1F5C2,collection,need_svg,languages/k2_th.csv,4260,i18n,นำหน้าข้อความ,ui.panel.work,🗂 เวิร์กสเปซ…
I075,🗑,U+1F5D1,trash,has_svg,languages/k2_th.csv,4265,i18n,นำหน้าข้อความ,ui.panel.wsDelete,🗑 ลบเวิร์กสเปซ…
I116,🗂,U+1F5C2,collection,need_svg,languages/k2_th.csv,4267,i18n,นำหน้าข้อความ,ui.panel.wsMenu,🗂 เวิร์กสเปซ…
I116,🗂,U+1F5C2,collection,need_svg,languages/k2_th.csv,4270,i18n,นำหน้าข้อความ,ui.panel.wsPick,🗂 เวิร์กสเปซ — สลับชุดการจัดวางแผง
I070,✕,U+2715,close,need_svg,languages/k2_th.csv,4288,i18n,นำหน้าข้อความ,ui.panelRenderer.closePanelOpenBack,✕ ปิดแผง (เปิดกลับที่ มุมมอง → แผง)
I069,→,U+2192,,keep_text,languages/k2_th.csv,4288,i18n,กลางข้อความ,ui.panelRenderer.closePanelOpenBack,✕ ปิดแผง (เปิดกลับที่ มุมมอง → แผง)
I153,🖥,U+1F5A5,desktop,need_svg,languages/k2_th.csv,4296,i18n,นำหน้าข้อความ,ui.panelRenderer.moveWindowSplitDrag2,🖥 ย้ายไปหน้าต่างแยก (ลากไปจออื่นได้)
I128,▸,U+25B8,chevron-right,has_svg,languages/k2_th.csv,4297,i18n,นำหน้าข้อความ,ui.panelRenderer.panel,▸ คลี่แผง
I093,▾,U+25BE,chevron-down,has_svg,languages/k2_th.csv,4298,i18n,นำหน้าข้อความ,ui.panelRenderer.panel2,▾ พับแผง
I219,❔,U+2754,help,need_svg,languages/k2_th.csv,4299,i18n,นำหน้าข้อความ,ui.panelRenderer.whatIsThis,❔ นี่คืออะไร — <b>
I087,➕,U+2795,plus,has_svg,languages/k2_th.csv,4300,i18n,นำหน้าข้อความ,ui.pdf.addPage,➕ เพิ่มหน้า
I087,➕,U+2795,plus,has_svg,languages/k2_th.csv,4301,i18n,นำหน้าข้อความ,ui.pdf.addText,➕ เพิ่มข้อความ
I069,→,U+2192,,keep_text,languages/k2_th.csv,4304,i18n,กลางข้อความ,ui.pdf.cantSetCoverChapter,ยังไม่ได้ตั้งหน้าปก — เมนู บท → หน้าปก
I069,→,U+2192,,keep_text,languages/k2_th.csv,4309,i18n,กลางข้อความ,ui.pdf.closeChapterHeadPaper,ยังปิดอยู่ — เมนู บท → หัวกระดาษ
I157,↺,U+21BA,rotate-left,need_svg,languages/k2_th.csv,4315,i18n,นำหน้าข้อความ,ui.pdf.default,↺ ค่าเริ่มต้น
I075,🗑,U+1F5D1,trash,has_svg,languages/k2_th.csv,4319,i18n,นำหน้าข้อความ,ui.pdf.delPage,🗑 ลบหน้า
I075,🗑,U+1F5D1,trash,has_svg,languages/k2_th.csv,4320,i18n,นำหน้าข้อความ,ui.pdf.delText,🗑 ลบข้อความนี้
I081,🎬,U+1F3AC,film,has_svg,languages/k2_th.csv,4367,i18n,นำหน้าข้อความ,ui.pdf.putCoverDefault,🎬 ใส่หน้าปกมาตรฐาน
I069,→,U+2192,,keep_text,languages/k2_th.csv,4371,i18n,ท้ายข้อความ,ui.pdf.samplePage,ตัวอย่างหน้า 2 →
I191,➜,U+279C,send,need_svg,languages/k2_th.csv,4411,i18n,นำหน้าข้อความ,ui.planner.arrow,➜ ลูกศร
I094,📁,U+1F4C1,folder,has_svg,languages/k2_th.csv,4413,i18n,นำหน้าข้อความ,ui.planner.bindFileProject,📁 ผูกไฟล์จากโปรเจกต์…
I094,📁,U+1F4C1,folder,has_svg,languages/k2_th.csv,4445,i18n,กลางข้อความ,ui.planner.cardCantBindFile2,"การ์ดนี้ยังไม่ได้ผูกไฟล์ — กด """"📁 เลือกจากโปรเจกต์"""" ในแผงคุณสมบัติ"
I097,✏,U+270F,edit,has_svg,languages/k2_th.csv,4450,i18n,นำหน้าข้อความ,ui.planner.changeNameGroup,✏ เปลี่ยนชื่อกลุ่ม…
I176,⌗,U+2317,hash,need_svg,languages/k2_th.csv,4457,i18n,นำหน้าข้อความ,ui.planner.closeSnap,⌗ ปิด snap
I082,💬,U+1F4AC,chat,has_svg,languages/k2_th.csv,4460,i18n,นำหน้าข้อความ,ui.planner.comment,💬 คอมเมนต์ตรงนี้
I273,▢,U+25A2,shape-rounded,need_svg,languages/k2_th.csv,4464,i18n,นำหน้าข้อความ,ui.planner.corner,▢ มุมมน
I274,◇,U+25C7,shape-diamond,need_svg,languages/k2_th.csv,4468,i18n,นำหน้าข้อความ,ui.planner.cut,◇ ข้าวหลามตัด
I275,⛁,U+26C1,shape-cylinder,need_svg,languages/k2_th.csv,4469,i18n,นำหน้าข้อความ,ui.planner.cylinder,⛁ ทรงกระบอก
I075,🗑,U+1F5D1,trash,has_svg,languages/k2_th.csv,4474,i18n,นำหน้าข้อความ,ui.planner.delLine,🗑 ลบเส้น
I098,🏷,U+1F3F7,tag,need_svg,languages/k2_th.csv,4479,i18n,นำหน้าข้อความ,ui.planner.editBadge,🏷 แก้ป้ายกำกับ…
I097,✏,U+270F,edit,has_svg,languages/k2_th.csv,4480,i18n,นำหน้าข้อความ,ui.planner.editText,✏ แก้ข้อความ
I276,⬭,U+2B2D,shape-ellipse,need_svg,languages/k2_th.csv,4481,i18n,นำหน้าข้อความ,ui.planner.ellipse,⬭ วงรี
I069,→,U+2192,,keep_text,languages/k2_th.csv,4483,i18n,กลางข้อความ,ui.planner.fileNewRefreshExplorer,(ไฟล์ใหม่ → รีเฟรช Explorer)
I075,🗑,U+1F5D1,trash,has_svg,languages/k2_th.csv,4504,i18n,นำหน้าข้อความ,ui.planner.group2,🗑 ยุบกลุ่ม
I116,🗂,U+1F5C2,collection,need_svg,languages/k2_th.csv,4507,i18n,นำหน้าข้อความ,ui.planner.groupPick,🗂 จัดกลุ่มที่เลือก
I130,▦,U+25A6,grid,has_svg,languages/k2_th.csv,4509,i18n,นำหน้าข้อความ,ui.planner.hideGrid,▦ ซ่อนกริด
I123,↑,U+2191,arrow-up,need_svg,languages/k2_th.csv,4512,i18n,นำหน้าข้อความ,ui.planner.liftOneLayer,↑ ยกขึ้นหนึ่งชั้น
I123,↑,U+2191,arrow-up,need_svg,languages/k2_th.csv,4513,i18n,นำหน้าข้อความ,ui.planner.liftOneLayerCtrl,"↑ ยกขึ้นหนึ่งชั้น <span style=""""opacity:.55"""">Ctrl+]</span>"
I162,⬆,U+2B06,arrow-up,need_svg,languages/k2_th.csv,4514,i18n,นำหน้าข้อความ,ui.planner.liftTop,⬆ ยกไปบนสุด
I162,⬆,U+2B06,arrow-up,need_svg,languages/k2_th.csv,4516,i18n,นำหน้าข้อความ,ui.planner.liftTopCtrlShift2,"⬆ ยกไปบนสุด <span style=""""opacity:.55"""">Ctrl+Shift+]</span>"
I109,🔒,U+1F512,lock,has_svg,languages/k2_th.csv,4523,i18n,นำหน้าข้อความ,ui.planner.lock,🔒 ล็อก
I181,✚,U+271A,plus-plain,need_svg,languages/k2_th.csv,4528,i18n,กลางข้อความ,ui.planner.notHasBoardProject,ยังไม่มีกระดานในโปรเจกต์ — กด ✚ ใหม่ เพื่อสร้าง
I083,📋,U+1F4CB,clipboard,has_svg,languages/k2_th.csv,4532,i18n,นำหน้าข้อความ,ui.planner.openBoardPlanner,📋 เปิดกระดานวางแผน
I076,📖,U+1F4D6,book-open,has_svg,languages/k2_th.csv,4533,i18n,นำหน้าข้อความ,ui.planner.openFile,📖 เปิดไฟล์
I176,⌗,U+2317,hash,need_svg,languages/k2_th.csv,4535,i18n,นำหน้าข้อความ,ui.planner.openSnap,⌗ เปิด snap
I116,🗂,U+1F5C2,collection,need_svg,languages/k2_th.csv,4539,i18n,กลางข้อความ,ui.planner.pickCardBeforeDrag,เลือกการ์ดก่อน (ลากคลุม / Shift+คลิก) แล้วกด 🗂 จัดกลุ่ม
I085,📂,U+1F4C2,folder-open,need_svg,languages/k2_th.csv,4556,i18n,นำหน้าข้อความ,ui.planner.pointPosExplorer,📂 ชี้ตำแหน่งใน Explorer
I092,💾,U+1F4BE,save,has_svg,languages/k2_th.csv,4558,i18n,กลางข้อความ,ui.planner.putSampleDonePress,ใส่ตัวอย่างแล้ว — กด 💾 ถ้าจะเก็บไว้
I277,▭,U+25AD,shape-rect,need_svg,languages/k2_th.csv,4559,i18n,นำหน้าข้อความ,ui.planner.rect,▭ สี่เหลี่ยม
I124,↓,U+2193,arrow-down,need_svg,languages/k2_th.csv,4560,i18n,นำหน้าข้อความ,ui.planner.reduceOneLayer,↓ ลดลงหนึ่งชั้น
I124,↓,U+2193,arrow-down,need_svg,languages/k2_th.csv,4561,i18n,นำหน้าข้อความ,ui.planner.reduceOneLayerCtrl,"↓ ลดลงหนึ่งชั้น <span style=""""opacity:.55"""">Ctrl+[</span>"
I208,↷,U+21B7,redo,need_svg,languages/k2_th.csv,4563,i18n,นำหน้าข้อความ,ui.planner.repeat,↷ ทำซ้ำ
I092,💾,U+1F4BE,save,has_svg,languages/k2_th.csv,4567,i18n,นำหน้าข้อความ,ui.planner.save,"💾 บันทึกเป็น """""
I092,💾,U+1F4BE,save,has_svg,languages/k2_th.csv,4568,i18n,นำหน้าข้อความ,ui.planner.saveBefore,💾 บันทึกก่อน
I092,💾,U+1F4BE,save,has_svg,languages/k2_th.csv,4569,i18n,นำหน้าข้อความ,ui.planner.saveBoard,💾 บันทึกกระดาน
I092,💾,U+1F4BE,save,has_svg,languages/k2_th.csv,4570,i18n,นำหน้าข้อความ,ui.planner.saveBoard2,"💾 บันทึกกระดาน """""
I080,🖼,U+1F5BC,image,has_svg,languages/k2_th.csv,4573,i18n,นำหน้าข้อความ,ui.planner.saveImageBoardDone,🖼 บันทึกรูปกระดานแล้ว:
I142,⬇,U+2B07,arrow-down,need_svg,languages/k2_th.csv,4581,i18n,นำหน้าข้อความ,ui.planner.sendBottomLast,⬇ ส่งไปล่างสุด
I142,⬇,U+2B07,arrow-down,need_svg,languages/k2_th.csv,4583,i18n,นำหน้าข้อความ,ui.planner.sendBottomLastCtrl2,"⬇ ส่งไปล่างสุด <span style=""""opacity:.55"""">Ctrl+Shift+[</span>"
I161,⬛,U+2B1B,square,need_svg,languages/k2_th.csv,4584,i18n,นำหน้าข้อความ,ui.planner.shape,⬛ รูปทรงตรงนี้
I130,▦,U+25A6,grid,has_svg,languages/k2_th.csv,4587,i18n,นำหน้าข้อความ,ui.planner.showGrid,▦ แสดงกริด
I168,☆,U+2606,star-outline,need_svg,languages/k2_th.csv,4588,i18n,นำหน้าข้อความ,ui.planner.star,☆ ดาว
I084,📌,U+1F4CC,pin,need_svg,languages/k2_th.csv,4590,i18n,นำหน้าข้อความ,ui.planner.sticky2,📌 โพสต์อิตตรงนี้
I178,🅃,U+1F143,text-tool,need_svg,languages/k2_th.csv,4591,i18n,นำหน้าข้อความ,ui.planner.text,🅃 ข้อความตรงนี้
I278,△,U+25B3,shape-triangle,need_svg,languages/k2_th.csv,4596,i18n,นำหน้าข้อความ,ui.planner.triangle,△ สามเหลี่ยม
I207,↶,U+21B6,undo,need_svg,languages/k2_th.csv,4597,i18n,นำหน้าข้อความ,ui.planner.undo,↶ ย้อนกลับ
I172,➤,U+27A4,send,need_svg,languages/k2_th.csv,4610,i18n,นำหน้าข้อความ,ui.plannerProps.arrow2,➤ ลูกศร
I136,⤓,U+2913,download,need_svg,languages/k2_th.csv,4617,i18n,นำหน้าข้อความ,ui.plannerProps.bottom2,⤓ ล่าง
I279,⇹,U+21F9,align-center-h,need_svg,languages/k2_th.csv,4618,i18n,นำหน้าข้อความ,ui.plannerProps.centerHoriz,⇹ กลางแนวนอน
I280,⇳,U+21F3,align-center-v,need_svg,languages/k2_th.csv,4619,i18n,นำหน้าข้อความ,ui.plannerProps.centerVert,⇳ กลางแนวตั้ง
I094,📁,U+1F4C1,folder,has_svg,languages/k2_th.csv,4620,i18n,นำหน้าข้อความ,ui.plannerProps.chapter,📁 บท
I078,●,U+25CF,,keep_text,languages/k2_th.csv,4621,i18n,นำหน้าข้อความ,ui.plannerProps.circle,● วงกลม
I082,💬,U+1F4AC,chat,has_svg,languages/k2_th.csv,4623,i18n,นำหน้าข้อความ,ui.plannerProps.comment,💬 คอมเมนต์
I281,◆,U+25C6,shape-diamond,need_svg,languages/k2_th.csv,4626,i18n,นำหน้าข้อความ,ui.plannerProps.cut2,◆ ข้าวหลามตัด
I075,🗑,U+1F5D1,trash,has_svg,languages/k2_th.csv,4629,i18n,นำหน้าข้อความ,ui.plannerProps.delAll,🗑 ลบทั้งหมด
I075,🗑,U+1F5D1,trash,has_svg,languages/k2_th.csv,4631,i18n,นำหน้าข้อความ,ui.plannerProps.delLine2,🗑 ลบเส้นนี้
I075,🗑,U+1F5D1,trash,has_svg,languages/k2_th.csv,4632,i18n,นำหน้าข้อความ,ui.plannerProps.delObject,🗑 ลบวัตถุนี้
I282,⇿,U+21FF,distribute-h,need_svg,languages/k2_th.csv,4633,i18n,นำหน้าข้อความ,ui.plannerProps.distributeHoriz,⇿ กระจายแนวนอน
I283,↕,U+2195,distribute-v,need_svg,languages/k2_th.csv,4634,i18n,นำหน้าข้อความ,ui.plannerProps.distributeVert,↕ กระจายแนวตั้ง
I080,🖼,U+1F5BC,image,has_svg,languages/k2_th.csv,4639,i18n,นำหน้าข้อความ,ui.plannerProps.frame,🖼 เฟรม
I116,🗂,U+1F5C2,collection,need_svg,languages/k2_th.csv,4640,i18n,นำหน้าข้อความ,ui.plannerProps.group,🗂 จัดกลุ่ม
I209,⇤,U+21E4,outdent,need_svg,languages/k2_th.csv,4642,i18n,นำหน้าข้อความ,ui.plannerProps.left,⇤ ซ้าย
I102,🔗,U+1F517,link,has_svg,languages/k2_th.csv,4644,i18n,นำหน้าข้อความ,ui.plannerProps.lineLink,🔗 เส้นเชื่อม
I102,🔗,U+1F517,link,has_svg,languages/k2_th.csv,4645,i18n,นำหน้าข้อความ,ui.plannerProps.lineNext,🔗 เส้นที่ต่ออยู่ (
I069,→,U+2192,,keep_text,languages/k2_th.csv,4651,i18n,กลางข้อความ,ui.plannerProps.linkTo,เชื่อมจาก → ถึง
I109,🔒,U+1F512,lock,has_svg,languages/k2_th.csv,4652,i18n,กลางข้อความ,ui.plannerProps.lockNotMoveEdit,"<label class=""""planner-check""""><input type=""""checkbox"""" id=""""plp-lock""""{0}> 🔒 ล็อกไม่ให้ย"
I073,📝,U+1F4DD,note,has_svg,languages/k2_th.csv,4659,i18n,นำหน้าข้อความ,ui.plannerProps.note,📝 โน้ต
I284,⬚,U+2B1A,selection,need_svg,languages/k2_th.csv,4663,i18n,นำหน้าข้อความ,ui.plannerProps.pickItem,⬚ เลือกไว้ {0} ชิ้น
I159,⇥,U+21E5,indent,need_svg,languages/k2_th.csv,4673,i18n,นำหน้าข้อความ,ui.plannerProps.right,⇥ ขวา
I071,📄,U+1F4C4,file,has_svg,languages/k2_th.csv,4674,i18n,นำหน้าข้อความ,ui.plannerProps.scene,📄 ฉาก
I161,⬛,U+2B1B,square,need_svg,languages/k2_th.csv,4675,i18n,นำหน้าข้อความ,ui.plannerProps.shape,⬛ รูปทรง
I084,📌,U+1F4CC,pin,need_svg,languages/k2_th.csv,4678,i18n,นำหน้าข้อความ,ui.plannerProps.sticky,📌 โพสต์อิต
I178,🅃,U+1F143,text-tool,need_svg,languages/k2_th.csv,4680,i18n,นำหน้าข้อความ,ui.plannerProps.text,🅃 ข้อความ
I285,⤒,U+2912,align-top,need_svg,languages/k2_th.csv,4682,i18n,นำหน้าข้อความ,ui.plannerProps.top2,⤒ บน
I077,▶,U+25B6,play,need_svg,languages/k2_th.csv,4684,i18n,นำหน้าข้อความ,ui.plannerProps.triangleSolid,▶ สามเหลี่ยมทึบ
I101,🌿,U+1F33F,branch,need_svg,languages/k2_th.csv,4705,i18n,กลางข้อความ,ui.player.empty,ยังไม่มีเรื่องแตกสายให้เล่น — เพิ่มทางเลือกให้ฉากสักฉากที่ผังแตกสาย (🌿) ก่อน
I107,📥,U+1F4E5,import,need_svg,languages/k2_th.csv,4708,i18n,นำหน้าข้อความ,ui.player.export,📥 ส่งออก
I165,🎮,U+1F3AE,gamepad,need_svg,languages/k2_th.csv,4714,i18n,นำหน้าข้อความ,ui.player.historyDecide,🎮 ประวัติการตัดสินใจ
I165,🎮,U+1F3AE,gamepad,need_svg,languages/k2_th.csv,4715,i18n,นำหน้าข้อความ,ui.player.historyDecide2,🎮 ประวัติการตัดสินใจ (
I101,🌿,U+1F33F,branch,need_svg,languages/k2_th.csv,4725,i18n,กลางข้อความ,ui.player.notHasDecisionChoice,ยังไม่มีการตัดสินใจ — เดินตามทางเลือกในผังแตกสาย (🌿) แล้วจะบันทึกที่นี่
I101,🌿,U+1F33F,branch,need_svg,languages/k2_th.csv,4727,i18n,กลางข้อความ,ui.player.notHasStoryBreak,ยังไม่มีเรื่องแตกสายให้เล่น — เพิ่มทางเลือกให้ฉากสักฉากที่ผังแตกสาย (🌿) ก่อน
I074,⚠,U+26A0,error,has_svg,languages/k2_th.csv,4810,i18n,นำหน้าข้อความ,ui.plug.installWarn,⚠ ปลั๊กอินรันโค้ดได้เต็มที่ในโปรแกรม (อ่าน-เขียนไฟล์ในผลงานได้) — ติดตั้งเฉพาะจากคนที่เชื่
I286,🐉,U+1F409,fantasy,need_svg,languages/k2_th.csv,4847,i18n,นำหน้าข้อความ,ui.project.fantasy,🐉 แฟนตาซี
I079,🔍,U+1F50D,search,has_svg,languages/k2_th.csv,4850,i18n,นำหน้าข้อความ,ui.project.investigateBack,🔍 สืบสวน/ลึกลับ
I081,🎬,U+1F3AC,film,has_svg,languages/k2_th.csv,4858,i18n,นำหน้าข้อความ,ui.project.screenplay,🎬 บทภาพยนตร์
I123,↑,U+2191,arrow-up,need_svg,languages/k2_th.csv,4867,i18n,นำหน้าข้อความ,ui.quickOpen.pickEnterOpenEsc,↑↓ เลือก · Enter เปิด · Esc ปิด · Ctrl+R สแกนใหม่
I124,↓,U+2193,arrow-down,need_svg,languages/k2_th.csv,4867,i18n,กลางข้อความ,ui.quickOpen.pickEnterOpenEsc,↑↓ เลือก · Enter เปิด · Esc ปิด · Ctrl+R สแกนใหม่
I090,📤,U+1F4E4,export,need_svg,languages/k2_th.csv,4877,i18n,นำหน้าข้อความ,ui.recOrd.exportCSV,📤 ส่งออก CSV
I287,😄,U+1F604,,keep_text,languages/k2_th.csv,4879,i18n,นำหน้าข้อความ,ui.recOrd.flowing,😄 ลื่นไหล
I206,🙂,U+1F642,smile,need_svg,languages/k2_th.csv,4884,i18n,นำหน้าข้อความ,ui.recOrd.normal,🙂 ปกติ
I217,✔,U+2714,checkmark,need_svg,languages/k2_th.csv,4891,i18n,นำหน้าข้อความ,ui.recOrd.save,✔ บันทึก
I087,➕,U+2795,plus,has_svg,languages/k2_th.csv,4892,i18n,นำหน้าข้อความ,ui.recOrd.save2,➕ บันทึก
I288,😖,U+1F616,,keep_text,languages/k2_th.csv,4894,i18n,นำหน้าข้อความ,ui.recOrd.stuck,😖 ติดขัด
I289,😴,U+1F634,,keep_text,languages/k2_th.csv,4897,i18n,นำหน้าข้อความ,ui.recOrd.tired,😴 ล้า
I124,↓,U+2193,arrow-down,need_svg,languages/k2_th.csv,4905,i18n,นำหน้าข้อความ,ui.roster.fetchWiki,↓ ดึงจาก Wiki
I117,⭐,U+2B50,star,has_svg,languages/k2_th.csv,4921,i18n,นำหน้าข้อความ,ui.scene.chapterImportantFavorite,⭐ บทสำคัญ (Favorite)
I079,🔍,U+1F50D,search,has_svg,languages/k2_th.csv,4928,i18n,นำหน้าข้อความ,ui.scene.filterSearchNameTag,🔍 กรอง — ค้นชื่อ/แท็ก/สถานะ/เรื่องย่อ
I117,⭐,U+2B50,star,has_svg,languages/k2_th.csv,4942,i18n,นำหน้าข้อความ,ui.scene.pinPin,⭐ ปักหมุด:
I108,📊,U+1F4CA,chart,has_svg,languages/k2_th.csv,4953,i18n,นำหน้าข้อความ,ui.scene.tableScene2,📊 ตารางฉาก
I108,📊,U+1F4CA,chart,has_svg,languages/k2_th.csv,4954,i18n,นำหน้าข้อความ,ui.scene.tableSceneAll,📊 ตารางฉากทั้งหมด
I079,🔍,U+1F50D,search,has_svg,languages/k2_th.csv,4967,i18n,นำหน้าข้อความ,ui.search.searchProject,🔍 ค้นหาทั้งโปรเจกต์
I070,✕,U+2715,close,need_svg,languages/k2_th.csv,4971,i18n,นำหน้าข้อความ,ui.section.coverOut,✕ เอาปกออก
I080,🖼,U+1F5BC,image,has_svg,languages/k2_th.csv,4981,i18n,นำหน้าข้อความ,ui.section.pickImage,🖼 เลือกรูป…
I129,🌐,U+1F310,globe,has_svg,languages/k2_th.csv,4988,i18n,นำหน้าข้อความ,ui.sensory.ambienceSensory,🌐 บรรยากาศรับรู้
I290,👃,U+1F443,sense-smell,need_svg,languages/k2_th.csv,4994,i18n,นำหน้าข้อความ,ui.sensory.smell,👃 กลิ่น
I291,👅,U+1F445,sense-taste,need_svg,languages/k2_th.csv,4995,i18n,นำหน้าข้อความ,ui.sensory.taste,👅 รสชาติ
I292,👂,U+1F442,sense-hearing,need_svg,languages/k2_th.csv,4996,i18n,นำหน้าข้อความ,ui.sensory.thingHear,👂 สิ่งที่ได้ยิน
I293,🖐,U+1F590,sense-touch,need_svg,languages/k2_th.csv,4997,i18n,นำหน้าข้อความ,ui.sensory.touch,🖐 สัมผัส
I151,⌘,U+2318,,keep_text,languages/k2_th.csv,5032,i18n,กลางข้อความ,ui.settings.shortcutsHint,"คลิก """"แก้"""" แล้วกดปุ่มลัดชุดใหม่ (ต้องมี Ctrl/⌘) · ปุ่มลัดที่ซ้ำกันจะถูกเตือน"
I097,✏,U+270F,edit,has_svg,languages/k2_th.csv,5043,i18n,นำหน้าข้อความ,ui.shortcutCategories.edit,✏ แก้ไข
I085,📂,U+1F4C2,folder-open,need_svg,languages/k2_th.csv,5044,i18n,นำหน้าข้อความ,ui.shortcutCategories.file,📂 ไฟล์
I126,🎨,U+1F3A8,palette,need_svg,languages/k2_th.csv,5045,i18n,นำหน้าข้อความ,ui.shortcutCategories.format,🎨 รูปแบบ
I089,🔄,U+1F504,refresh,need_svg,languages/k2_th.csv,5046,i18n,นำหน้าข้อความ,ui.shortcutCategories.navigation,🔄 การนำทาง
I139,👁,U+1F441,eye,has_svg,languages/k2_th.csv,5047,i18n,นำหน้าข้อความ,ui.shortcutCategories.view,👁 มุมมอง
I070,✕,U+2715,close,need_svg,languages/k2_th.csv,5208,i18n,นำหน้าข้อความ,ui.split.closePane,✕ ปิดช่องนี้
I099,✅,U+2705,check-circle,need_svg,languages/k2_th.csv,5245,i18n,นำหน้าข้อความ,ui.spValidator.notFoundError,✅ ไม่พบข้อผิดพลาด
I069,→,U+2192,,keep_text,languages/k2_th.csv,5341,i18n,กลางข้อความ,ui.starter.cvWhereHint,ฉากใหม่จะไปอยู่ใน เล่ม “{0}” → บท “{1}”
I069,→,U+2192,,keep_text,languages/k2_th.csv,5385,i18n,ท้ายข้อความ,ui.starter.goScenarios,ไปที่รายการตอน →
I090,📤,U+1F4E4,export,need_svg,languages/k2_th.csv,5593,i18n,นำหน้าข้อความ,ui.status.export,📤 ส่งออก…
I107,📥,U+1F4E5,import,need_svg,languages/k2_th.csv,5599,i18n,นำหน้าข้อความ,ui.status.import,📥 นำเข้า…
I098,🏷,U+1F3F7,tag,need_svg,languages/k2_th.csv,5606,i18n,นำหน้าข้อความ,ui.status.manageStatusScene,🏷 จัดการสถานะฉาก
I069,→,U+2192,,keep_text,languages/k2_th.csv,5640,i18n,กลางข้อความ,ui.tags.clickFilterExplorerShow,คลิกเพื่อกรอง Explorer → แสดงเฉพาะฉากที่มีแท็ก:
I083,📋,U+1F4CB,clipboard,has_svg,languages/k2_th.csv,5644,i18n,นำหน้าข้อความ,ui.tags.list,📋 รายการ
I098,🏷,U+1F3F7,tag,need_svg,languages/k2_th.csv,5645,i18n,นำหน้าข้อความ,ui.tags.manageVisualTags,🏷 จัดการ Visual Tags
I294,☁,U+2601,cloud,need_svg,languages/k2_th.csv,5650,i18n,นำหน้าข้อความ,ui.tags.tag3,☁ เมฆแท็ก
I098,🏷,U+1F3F7,tag,need_svg,languages/k2_th.csv,5651,i18n,นำหน้าข้อความ,ui.tags.tag4,🏷 แท็ก
I098,🏷,U+1F3F7,tag,need_svg,languages/k2_th.csv,5652,i18n,นำหน้าข้อความ,ui.tags.tagAll,🏷 แท็กทั้งหมด
I157,↺,U+21BA,rotate-left,need_svg,languages/k2_th.csv,5674,i18n,นำหน้าข้อความ,ui.tbcfg.reset,↺ คืนค่าเริ่มต้น
I115,↔,U+2194,swap,need_svg,languages/k2_th.csv,5680,i18n,กลางข้อความ,ui.textCase.iNVERSECASEBackItem,iNVERSE cASE — กลับตัวเล็ก↔ใหญ่
I070,✕,U+2715,close,need_svg,languages/k2_th.csv,5686,i18n,นำหน้าข้อความ,ui.thes.close,✕ ปิด
I076,📖,U+1F4D6,book-open,has_svg,languages/k2_th.csv,5691,i18n,นำหน้าข้อความ,ui.thes.thesaurusWordOpposite,"📖 คำพ้อง/คำตรงข้าม: """"{0}"""""
I130,▦,U+25A6,grid,has_svg,languages/k2_th.csv,5694,i18n,นำหน้าข้อความ,ui.timeline.card,▦ การ์ด
I074,⚠,U+26A0,error,has_svg,languages/k2_th.csv,5697,i18n,นำหน้าข้อความ,ui.timeline.hasDotEventTime,⚠ มี {0} จุดที่เหตุการณ์เวลาตรงกัน (ไฮไลต์สีส้ม) — ตรวจว่าตั้งใจหรือไม่
I074,⚠,U+26A0,error,has_svg,languages/k2_th.csv,5698,i18n,นำหน้าข้อความ,ui.timeline.hasDotTimeAt,⚠ มี {0} จุดที่เวลาตรงกัน (ไฮไลต์สีส้ม)
I158,🕒,U+1F552,time,need_svg,languages/k2_th.csv,5699,i18n,นำหน้าข้อความ,ui.timeline.lineTime,🕒 เส้นเวลา
I086,✨,U+2728,magic,need_svg,languages/k2_th.csv,5737,i18n,นำหน้าข้อความ,ui.toolbar.starter,✨ Story Starter (ตั้งต้นเรื่อง · เล่นเป็นตอนกับ AI)
I087,➕,U+2795,plus,has_svg,languages/k2_th.csv,5803,i18n,นำหน้าข้อความ,ui.vis.addFree,➕ แถวว่าง
I087,➕,U+2795,plus,has_svg,languages/k2_th.csv,5804,i18n,นำหน้าข้อความ,ui.vis.addRow,➕ เพิ่มจากบรรทัดในฉาก
I091,⚙,U+2699,cog,has_svg,languages/k2_th.csv,5820,i18n,นำหน้าข้อความ,ui.vis.cols,⚙ คอลัมน์
I081,🎬,U+1F3AC,film,has_svg,languages/k2_th.csv,5830,i18n,นำหน้าข้อความ,ui.vis.menu,🎬 เล่าด้วยภาพ
I295,⛶,U+26F6,fullscreen,has_svg,languages/k2_th.csv,5853,i18n,นำหน้าข้อความ,ui.vis.viewFull,⛶ เต็มจอ
I086,✨,U+2728,magic,need_svg,languages/k2_th.csv,5879,i18n,นำหน้าข้อความ,ui.wiki.aiFillTip,✨ ให้ AI เติมช่องนี้ให้ (คลิกเดียว)
I165,🎮,U+1F3AE,gamepad,need_svg,languages/k2_th.csv,5908,i18n,นำหน้าข้อความ,ui.wiki.decision,🎮 การตัดสินใจที่เกี่ยวกับ
I115,↔,U+2194,swap,need_svg,languages/k2_th.csv,6018,i18n,กลางข้อความ,ui.html.tbMode,สลับโหมดเอกสาร นิยาย ↔ บทหนัง (Ctrl+Shift+M)
I086,✨,U+2728,magic,need_svg,languages/k2_th.csv,6061,i18n,นำหน้าข้อความ,ui.html.tbStarter,✨ Story Starter (ตั้งต้นเรื่อง · เล่นเป็นตอนกับ AI)
I105,🧠,U+1F9E0,brain,has_svg,languages/k2_th.csv,6062,i18n,นำหน้าข้อความ,ui.html.tbAiAnalyzer,🧠 AI วิเคราะห์ (จังหวะเรื่อง · ตัวละคร · คำซ้ำ)
I100,📚,U+1F4DA,book-content,has_svg,languages/k2_th.csv,6063,i18n,นำหน้าข้อความ,ui.html.tbCodex,📚 สารานุกรม (Codex — เอนทิตี้ Wiki ทั้งเล่ม · ส่งออกเป็นเว็บได้)
I122,🕘,U+1F558,history,has_svg,languages/k2_th.csv,6064,i18n,นำหน้าข้อความ,ui.html.tbHistory,🕘 ประวัติการทำงาน (ย้อนกลับไปจุดไหนก็ได้)
I164,🗒,U+1F5D2,notepad,need_svg,languages/k2_th.csv,6065,i18n,นำหน้าข้อความ,ui.html.tbRecord,🗒 บันทึกประจำวัน (จดว่าวันนี้ทำอะไร · ส่งออก CSV)
I076,📖,U+1F4D6,book-open,has_svg,languages/k2_th.csv,6100,i18n,นำหน้าข้อความ,ui.html.tbModeText,📖 นิยาย ▾
I093,▾,U+25BE,chevron-down,has_svg,languages/k2_th.csv,6100,i18n,ท้ายข้อความ,ui.html.tbModeText,📖 นิยาย ▾
I102,🔗,U+1F517,link,has_svg,languages/k2_th.csv,6436,i18n,นำหน้าข้อความ,ui.menu.backlinksPanelB,🔗 ฉากที่กล่าวถึง ({0}+{1}+{2}+B)
I069,→,U+2192,,keep_text,languages/k2_th.csv,6466,i18n,กลางข้อความ,ui.xhub.autoKind,ตามไฟล์ต้นทาง → ตัดสินได้เป็น: {0}
I151,⌘,U+2318,,keep_text,main.js,119,js,เมนูระบบ (native — ใส่ SVG ไม่ได้),,⌘
I192,⌥,U+2325,,keep_text,main.js,123,js,เมนูระบบ (native — ใส่ SVG ไม่ได้),,⌥
I074,⚠,U+26A0,error,has_svg,main.js,178,js,เมนูระบบ (native — ใส่ SVG ไม่ได้),,⚠
I258,🕸,U+1F578,network,need_svg,main.js,769,js,เมนูระบบ (native — ใส่ SVG ไม่ได้),,🕸 Story Network
I106,🗺,U+1F5FA,globe,has_svg,main.js,772,js,เมนูระบบ (native — ใส่ SVG ไม่ได้),,🗺 Planner
I115,↔,U+2194,swap,need_svg,renderer/index.html,40,html,tooltip (ใส่ SVG ไม่ได้),,"<button id=""tb-mode"" data-i18n=""ui.html.tbModeText"" title=""สลับโหมดเอกสาร นิยาย ↔ บทหนัง ("
I076,📖,U+1F4D6,book-open,has_svg,renderer/index.html,40,html,HTML,,"<button id=""tb-mode"" data-i18n=""ui.html.tbModeText"" title=""สลับโหมดเอกสาร นิยาย ↔ บทหนัง ("
I093,▾,U+25BE,chevron-down,has_svg,renderer/index.html,40,html,HTML,,"<button id=""tb-mode"" data-i18n=""ui.html.tbModeText"" title=""สลับโหมดเอกสาร นิยาย ↔ บทหนัง ("
I093,▾,U+25BE,chevron-down,has_svg,renderer/index.html,84,html,HTML,,"<option value="""">Aa ▾</option>"
I159,⇥,U+21E5,indent,need_svg,renderer/index.html,114,html,HTML,,"<button id=""tb-indent"" class=""tb tb-toggle"" style=""display:none"" title=""ย่อหน้าอัตโนมัติ ("
I086,✨,U+2728,magic,need_svg,renderer/index.html,143,html,tooltip (ใส่ SVG ไม่ได้),,"<button id=""tb-starter"" class=""tb tb-toggle"" title=""✨ Story Starter (ตั้งต้นเรื่อง · เล่นเ"
I105,🧠,U+1F9E0,brain,has_svg,renderer/index.html,145,html,tooltip (ใส่ SVG ไม่ได้),,"<button id=""tb-ai-analyzer"" class=""tb tb-toggle"" title=""🧠 AI วิเคราะห์ (จังหวะเรื่อง · ตั"
I100,📚,U+1F4DA,book-content,has_svg,renderer/index.html,147,html,tooltip (ใส่ SVG ไม่ได้),,"<button id=""tb-codex"" class=""tb tb-toggle"" title=""📚 สารานุกรม (Codex — เอนทิตี้ Wiki ทั้ง"
I122,🕘,U+1F558,history,has_svg,renderer/index.html,148,html,tooltip (ใส่ SVG ไม่ได้),,"<button id=""tb-history"" class=""tb tb-toggle"" title=""🕘 ประวัติการทำงาน (ย้อนกลับไปจุดไหนก็"
I164,🗒,U+1F5D2,notepad,need_svg,renderer/index.html,149,html,tooltip (ใส่ SVG ไม่ได้),,"<button id=""tb-record"" class=""tb tb-toggle"" title=""🗒 บันทึกประจำวัน (จดว่าวันนี้ทำอะไร · "
I123,↑,U+2191,arrow-up,need_svg,renderer/index.html,176,html,HTML,,"<button id=""find-prev"" data-i18n-attr=""title"" data-i18n=""toolbar.findPrev"">↑</button>"
I124,↓,U+2193,arrow-down,need_svg,renderer/index.html,177,html,HTML,,"<button id=""find-next"" data-i18n-attr=""title"" data-i18n=""toolbar.findNext"">↓</button>"
I070,✕,U+2715,close,need_svg,renderer/index.html,181,html,HTML,,"<button id=""find-close"" title=""ปิดแถบค้นหา (Esc)"" data-i18n-title=""ui.html.findClose"">✕</b"
I109,🔒,U+1F512,lock,has_svg,renderer/style.css,1566,css,CSS content,,🔒 ล็อกอยู่ — แก้ไม่ได้ (ปลดล็อกที่แผงคุณสมบัติ)
I078,●,U+25CF,,keep_text,renderer/style.css,1847,css,CSS content,,●
I210,🪟,U+1FA9F,window,need_svg,renderer/style.css,2131,css,CSS content,,🪟
I084,📌,U+1F4CC,pin,need_svg,renderer/style.css,2871,css,CSS content,,📌
I132,⏳,U+23F3,hourglass,need_svg,renderer/style.css,4674,css,CSS content,,⏳
I128,▸,U+25B8,chevron-right,has_svg,renderer/style.css,4734,css,CSS content,,▸
I093,▾,U+25BE,chevron-down,has_svg,renderer/style.css,4735,css,CSS content,,▾
I128,▸,U+25B8,chevron-right,has_svg,renderer/style.css,5809,css,CSS content,,▸
I093,▾,U+25BE,chevron-down,has_svg,renderer/style.css,5810,css,CSS content,,▾
I072,❌,U+274C,x,has_svg,src/ai-analyzer-ui.js,349,js,ไอคอนเดี่ยว,,❌
I069,→,U+2192,,keep_text,src/ai-analyzer-ui.js,360,js,ไอคอนเดี่ยว,,→
I105,🧠,U+1F9E0,brain,has_svg,src/ai-analyzer-ui.js,404,js,ไอคอนเดี่ยว,,🧠
I074,⚠,U+26A0,error,has_svg,src/ai-analyzer-ui.js,411,js,ไอคอนเดี่ยว,,⚠
I072,❌,U+274C,x,has_svg,src/ai-analyzer-ui.js,466,js,ไอคอนเดี่ยว,,❌
I092,💾,U+1F4BE,save,has_svg,src/ai-analyzer-ui.js,471,js,ไอคอนเดี่ยว,,💾
I085,📂,U+1F4C2,folder-open,need_svg,src/ai-analyzer-ui.js,489,js,ไอคอนเดี่ยว,,📂
I075,🗑,U+1F5D1,trash,has_svg,src/ai-analyzer-ui.js,499,js,ไอคอนเดี่ยว,,🗑
I072,❌,U+274C,x,has_svg,src/ai-analyzer-ui.js,550,js,ไอคอนเดี่ยว,,❌
I136,⤓,U+2913,download,need_svg,src/ai-analyzer-ui.js,551,js,ไอคอนเดี่ยว,,⤓
I091,⚙,U+2699,cog,has_svg,src/ai-analyzer-ui.js,604,js,ไอคอนเดี่ยว,,⚙
I092,💾,U+1F4BE,save,has_svg,src/ai-analyzer-ui.js,611,js,ไอคอนเดี่ยว,,💾
I085,📂,U+1F4C2,folder-open,need_svg,src/ai-analyzer-ui.js,620,js,ไอคอนเดี่ยว,,📂
I136,⤓,U+2913,download,need_svg,src/ai-analyzer-ui.js,623,js,ไอคอนเดี่ยว,,⤓
I136,⤓,U+2913,download,need_svg,src/ai-analyzer-ui.js,680,js,ไอคอนเดี่ยว,,⤓
I119,⏹,U+23F9,stop,need_svg,src/ai-settings.js,102,js,ไอคอนเดี่ยว,,⏹
I072,❌,U+274C,x,has_svg,src/ai-settings.js,102,js,ไอคอนเดี่ยว,,❌
I072,❌,U+274C,x,has_svg,src/ai-settings.js,145,js,นำหน้าข้อความ,,❌ AI: HTTP
I072,❌,U+274C,x,has_svg,src/ai-summary.js,15,js,ไอคอนเดี่ยว,,❌
I076,📖,U+1F4D6,book-open,has_svg,src/ai-summary.js,263,js,ไอคอนเดี่ยว,,📖
I086,✨,U+2728,magic,need_svg,src/ai-synopsis.js,96,js,ไอคอนเดี่ยว,,✨
I132,⏳,U+23F3,hourglass,need_svg,src/ai-synopsis.js,104,js,ไอคอนเดี่ยว,,⏳
I108,📊,U+1F4CA,chart,has_svg,src/ai/ai-analyze.js,469,js,ไอคอนเดี่ยว,,📊
I110,👤,U+1F464,user,has_svg,src/ai/ai-analyze.js,470,js,ไอคอนเดี่ยว,,👤
I073,📝,U+1F4DD,note,has_svg,src/ai/ai-analyze.js,471,js,ไอคอนเดี่ยว,,📝
I144,⚔,U+2694,conflict,need_svg,src/ai/ai-analyze.js,472,js,ไอคอนเดี่ยว,,⚔
I220,⏱,U+23F1,timer,need_svg,src/ai/ai-analyze.js,473,js,ไอคอนเดี่ยว,,⏱
I184,🕳,U+1F573,plot-hole,need_svg,src/ai/ai-analyze.js,474,js,ไอคอนเดี่ยว,,🕳
I102,🔗,U+1F517,link,has_svg,src/ai/ai-analyze.js,475,js,ไอคอนเดี่ยว,,🔗
I145,🔁,U+1F501,repeat,need_svg,src/ai/ai-analyze.js,476,js,ไอคอนเดี่ยว,,🔁
I221,💞,U+1F49E,heart,need_svg,src/ai/ai-analyze.js,477,js,ไอคอนเดี่ยว,,💞
I117,⭐,U+2B50,star,has_svg,src/ai/ai-analyze.js,478,js,ไอคอนเดี่ยว,,⭐
I081,🎬,U+1F3AC,film,has_svg,src/ai/ai-analyze.js,479,js,ไอคอนเดี่ยว,,🎬
I069,→,U+2192,,keep_text,src/ai/ai-analyze.js,549,js,ไอคอนเดี่ยว,,→
I111,📎,U+1F4CE,paperclip,need_svg,src/ai/ai-chat-panel.js,198,js,ไอคอนเดี่ยว,,📎
I111,📎,U+1F4CE,paperclip,need_svg,src/ai/ai-chat-panel.js,284,js,ท้ายข้อความ,,### 📎
I103,←,U+2190,arrow-left,need_svg,src/ai/ai-chat-panel.js,423,js,ไอคอนเดี่ยว,,←
I118,↻,U+21BB,refresh,need_svg,src/ai/ai-chat-panel.js,441,js,ไอคอนเดี่ยว,,↻
I119,⏹,U+23F9,stop,need_svg,src/ai/ai-chat-panel.js,523,js,ไอคอนเดี่ยว,,⏹
I132,⏳,U+23F3,hourglass,need_svg,src/ai/ai-chat-panel.js,580,js,ไอคอนเดี่ยว,,⏳
I132,⏳,U+23F3,hourglass,need_svg,src/ai/ai-chat-panel.js,592,js,นำหน้าข้อความ,,⏳ กำลังทำงาน:
I104,🤖,U+1F916,bot,has_svg,src/ai/ai-chat-panel.js,612,js,ไอคอนเดี่ยว,,🤖
I112,✓,U+2713,checkmark,need_svg,src/ai/ai-chat-panel.js,620,js,ไอคอนเดี่ยว,,✓
I070,✕,U+2715,close,need_svg,src/ai/ai-chat-panel.js,620,js,ไอคอนเดี่ยว,,✕
I074,⚠,U+26A0,error,has_svg,src/ai/ai-chat-panel.js,655,js,ไอคอนเดี่ยว,,⚠
I111,📎,U+1F4CE,paperclip,need_svg,src/ai/ai-chat-panel.js,661,js,ไอคอนเดี่ยว,,📎
I112,✓,U+2713,checkmark,need_svg,src/ai/ai-chat-panel.js,692,js,ไอคอนเดี่ยว,,✓
I070,✕,U+2715,close,need_svg,src/ai/ai-chat-panel.js,692,js,ไอคอนเดี่ยว,,✕
I222,🙋,U+1F64B,user,has_svg,src/ai/ai-chat-panel.js,720,js,ไอคอนเดี่ยว,,🙋
I074,⚠,U+26A0,error,has_svg,src/ai/ai-chat-panel.js,720,js,ไอคอนเดี่ยว,,⚠
I104,🤖,U+1F916,bot,has_svg,src/ai/ai-chat-panel.js,720,js,ไอคอนเดี่ยว,,🤖
I146,⚡,U+26A1,zap,need_svg,src/ai/ai-chat-panel.js,729,js,ไอคอนเดี่ยว,,⚡
I112,✓,U+2713,checkmark,need_svg,src/ai/ai-chat-panel.js,750,js,ไอคอนเดี่ยว,,✓
I070,✕,U+2715,close,need_svg,src/ai/ai-chat-panel.js,750,js,ไอคอนเดี่ยว,,✕
I111,📎,U+1F4CE,paperclip,need_svg,src/ai/ai-chat-panel.js,770,js,ไอคอนเดี่ยว,,📎
I098,🏷,U+1F3F7,tag,need_svg,src/ai/ai-chat-panel.js,774,js,ไอคอนเดี่ยว,,🏷
I147,🧩,U+1F9E9,extension,has_svg,src/ai/ai-chat-panel.js,799,js,ไอคอนเดี่ยว,,🧩
I111,📎,U+1F4CE,paperclip,need_svg,src/ai/ai-chat-panel.js,814,js,ไอคอนเดี่ยว,,📎
I147,🧩,U+1F9E9,extension,has_svg,src/ai/ai-chat-panel.js,895,js,ไอคอนเดี่ยว,,🧩
I133,☑,U+2611,checkbox-checked,need_svg,src/ai/ai-chat-panel.js,907,js,ไอคอนเดี่ยว,,☑
I134,☐,U+2610,checkbox,need_svg,src/ai/ai-chat-panel.js,907,js,ไอคอนเดี่ยว,,☐
I099,✅,U+2705,check-circle,need_svg,src/ai/ai-chat-panel.js,918,js,ไอคอนเดี่ยว,,✅
I223,⬜,U+2B1C,square-outline,need_svg,src/ai/ai-chat-panel.js,918,js,ไอคอนเดี่ยว,,⬜
I085,📂,U+1F4C2,folder-open,need_svg,src/ai/ai-chat-panel.js,923,js,นำหน้าข้อความ,,📂 เปิดโฟลเดอร์ทักษะ
I086,✨,U+2728,magic,need_svg,src/ai/ai-chat-panel.js,923,js,นำหน้าข้อความ,,✨ สร้างโฟลเดอร์ทักษะ + ไฟล์ตัวอย่าง
I074,⚠,U+26A0,error,has_svg,src/ai/ai-chat-panel.js,1020,js,นำหน้าข้อความ,,⚠ ทักษะยาวเกินโควตา ข้ามไป:
I072,❌,U+274C,x,has_svg,src/ai/ai-chat-panel.js,1144,js,ไอคอนเดี่ยว,,❌
I134,☐,U+2610,checkbox,need_svg,src/ai/ai-chat-panel.js,1244,js,ไอคอนเดี่ยว,,☐
I133,☑,U+2611,checkbox-checked,need_svg,src/ai/ai-chat-panel.js,1244,js,ไอคอนเดี่ยว,,☑
I134,☐,U+2610,checkbox,need_svg,src/ai/ai-chat-panel.js,1249,js,ไอคอนเดี่ยว,,☐
I133,☑,U+2611,checkbox-checked,need_svg,src/ai/ai-chat-panel.js,1249,js,ไอคอนเดี่ยว,,☑
I070,✕,U+2715,close,need_svg,src/ai/ai-chat-panel.js,1295,js,ไอคอนเดี่ยว,,✕
I069,→,U+2192,,keep_text,src/ai/ai-error.js,120,js,กลางข้อความ,,เพิ่มค่า Timeout ใน ตั้งค่า AI → แก้ผู้ให้บริการ → Parameters
I069,→,U+2192,,keep_text,src/ai/ai-error.js,120,js,กลางข้อความ,,เพิ่มค่า Timeout ใน ตั้งค่า AI → แก้ผู้ให้บริการ → Parameters
I069,→,U+2192,,keep_text,src/ai/ai-error.js,134,js,กลางข้อความ,,ใส่คีย์ใหม่ที่ ตั้งค่า AI → แก้ผู้ให้บริการ → Credential แล้วกด 💾 Save Credential
I069,→,U+2192,,keep_text,src/ai/ai-error.js,134,js,กลางข้อความ,,ใส่คีย์ใหม่ที่ ตั้งค่า AI → แก้ผู้ให้บริการ → Credential แล้วกด 💾 Save Credential
I092,💾,U+1F4BE,save,has_svg,src/ai/ai-error.js,134,js,กลางข้อความ,,ใส่คีย์ใหม่ที่ ตั้งค่า AI → แก้ผู้ให้บริการ → Credential แล้วกด 💾 Save Credential
I069,→,U+2192,,keep_text,src/ai/ai-plot.js,119,js,ไอคอนเดี่ยว,,→
I075,🗑,U+1F5D1,trash,has_svg,src/ai/ai-provider-ui.js,298,js,ไอคอนเดี่ยว,,🗑
I092,💾,U+1F4BE,save,has_svg,src/ai/ai-provider-ui.js,471,js,นำหน้าข้อความ,,💾 Save Credential
I099,✅,U+2705,check-circle,need_svg,src/ai/ai-provider-ui.js,594,js,ไอคอนเดี่ยว,,✅
I072,❌,U+274C,x,has_svg,src/ai/ai-provider-ui.js,594,js,ไอคอนเดี่ยว,,❌
I072,❌,U+274C,x,has_svg,src/ai/ai-provider-ui.js,604,js,ไอคอนเดี่ยว,,❌
I074,⚠,U+26A0,error,has_svg,src/ai/ai-provider-ui.js,636,js,ไอคอนเดี่ยว,,⚠
I076,📖,U+1F4D6,book-open,has_svg,src/ai/ai-session.js,17,js,ไอคอนเดี่ยว,,📖
I185,✍,U+270D,pen,need_svg,src/ai/ai-session.js,21,js,ไอคอนเดี่ยว,,✍
I135,🔓,U+1F513,lock-open,has_svg,src/ai/ai-session.js,24,js,ไอคอนเดี่ยว,,🔓
I082,💬,U+1F4AC,chat,has_svg,src/ai/ai-session.js,36,js,ไอคอนเดี่ยว,,💬
I105,🧠,U+1F9E0,brain,has_svg,src/ai/ai-session.js,38,js,ไอคอนเดี่ยว,,🧠
I079,🔍,U+1F50D,search,has_svg,src/ai/ai-session.js,40,js,ไอคอนเดี่ยว,,🔍
I083,📋,U+1F4CB,clipboard,has_svg,src/ai/ai-session.js,42,js,ไอคอนเดี่ยว,,📋
I147,🧩,U+1F9E9,extension,has_svg,src/ai/ai-skills.js,99,js,นำหน้าข้อความ,,🧩 {0}/{1}
I069,→,U+2192,,keep_text,src/ai/ai-tools.js,178,js,นำหน้าข้อความ,,"→ """
I072,❌,U+274C,x,has_svg,src/ai/ai-ui.js,13,js,ไอคอนเดี่ยว,,❌
I072,❌,U+274C,x,has_svg,src/ai/ai-ui.js,104,js,ไอคอนเดี่ยว,,❌
I072,❌,U+274C,x,has_svg,src/ai/ai-ui.js,106,js,ไอคอนเดี่ยว,,❌
I072,❌,U+274C,x,has_svg,src/ai/ai-ui.js,118,js,ไอคอนเดี่ยว,,❌
I072,❌,U+274C,x,has_svg,src/ai/ai-ui.js,165,js,ไอคอนเดี่ยว,,❌
I224,🔴,U+1F534,,keep_text,src/ai/ai-ui.js,171,js,ไอคอนเดี่ยว,,🔴
I225,🟡,U+1F7E1,,keep_text,src/ai/ai-ui.js,171,js,ไอคอนเดี่ยว,,🟡
I226,⚪,U+26AA,,keep_text,src/ai/ai-ui.js,171,js,ไอคอนเดี่ยว,,⚪
I186,💡,U+1F4A1,bulb,need_svg,src/ai/ai-ui.js,175,js,ไอคอนเดี่ยว,,💡
I072,❌,U+274C,x,has_svg,src/ai/ai-ui.js,251,js,ไอคอนเดี่ยว,,❌
I072,❌,U+274C,x,has_svg,src/ai/ai-ui.js,253,js,ไอคอนเดี่ยว,,❌
I072,❌,U+274C,x,has_svg,src/ai/ai-ui.js,261,js,ไอคอนเดี่ยว,,❌
I072,❌,U+274C,x,has_svg,src/ai/ai-ui.js,303,js,ไอคอนเดี่ยว,,❌
I186,💡,U+1F4A1,bulb,need_svg,src/ai/ai-ui.js,312,js,ไอคอนเดี่ยว,,💡
I072,❌,U+274C,x,has_svg,src/ai/ai-ui.js,369,js,ไอคอนเดี่ยว,,❌
I072,❌,U+274C,x,has_svg,src/ai/ai-ui.js,371,js,ไอคอนเดี่ยว,,❌
I072,❌,U+274C,x,has_svg,src/ai/ai-ui.js,379,js,ไอคอนเดี่ยว,,❌
I082,💬,U+1F4AC,chat,has_svg,src/ai/ai-ui.js,422,js,นำหน้าข้อความ,,💬 Chat with Story
I077,▶,U+25B6,play,need_svg,src/ai/ai-ui.js,436,js,ไอคอนเดี่ยว,,▶
I072,❌,U+274C,x,has_svg,src/ai/ai-ui.js,493,js,ไอคอนเดี่ยว,,❌
I082,💬,U+1F4AC,chat,has_svg,src/ai/ai-ui.js,507,js,นำหน้าข้อความ,,💬 Chat
I086,✨,U+2728,magic,need_svg,src/ai/ai-world.js,14,js,ไอคอนเดี่ยว,,✨
I227,🏙,U+1F3D9,city,need_svg,src/ai/ai-world.js,26,js,ไอคอนเดี่ยว,,🏙
I228,🎎,U+1F38E,doll,need_svg,src/ai/ai-world.js,38,js,ไอคอนเดี่ยว,,🎎
I229,💰,U+1F4B0,coin,need_svg,src/ai/ai-world.js,50,js,ไอคอนเดี่ยว,,💰
I230,⛩,U+26E9,torii,need_svg,src/ai/ai-world.js,62,js,ไอคอนเดี่ยว,,⛩
I144,⚔,U+2694,conflict,need_svg,src/ai/ai-world.js,74,js,ไอคอนเดี่ยว,,⚔
I069,→,U+2192,,keep_text,src/app.js,579,js,ท้ายข้อความ,,โมเดล: หน้าที่ใช้เกินโควตา →
I078,●,U+25CF,,keep_text,src/app.js,1948,js,ไอคอนเดี่ยว,,●
I074,⚠,U+26A0,error,has_svg,src/app.js,2146,js,ไอคอนเดี่ยว,,⚠
I074,⚠,U+26A0,error,has_svg,src/app.js,2168,js,ไอคอนเดี่ยว,,⚠
I093,▾,U+25BE,chevron-down,has_svg,src/app.js,2168,js,ไอคอนเดี่ยว,,▾
I133,☑,U+2611,checkbox-checked,need_svg,src/app.js,2197,js,ไอคอนเดี่ยว,,☑
I134,☐,U+2610,checkbox,need_svg,src/app.js,2197,js,ไอคอนเดี่ยว,,☐
I187,⛔,U+26D4,block,need_svg,src/app.js,2235,js,ไอคอนเดี่ยว,,⛔
I074,⚠,U+26A0,error,has_svg,src/app.js,2235,js,ไอคอนเดี่ยว,,⚠
I070,✕,U+2715,close,need_svg,src/app.js,3476,js,ไอคอนเดี่ยว,,✕
I091,⚙,U+2699,cog,has_svg,src/app.js,3968,js,ไอคอนเดี่ยว,,⚙
I100,📚,U+1F4DA,book-content,has_svg,src/app.js,4072,js,ไอคอนเดี่ยว,,📚
I091,⚙,U+2699,cog,has_svg,src/app.js,4086,js,ไอคอนเดี่ยว,,⚙
I109,🔒,U+1F512,lock,has_svg,src/app.js,4201,js,ไอคอนเดี่ยว,,🔒
I073,📝,U+1F4DD,note,has_svg,src/app.js,4201,js,ไอคอนเดี่ยว,,📝
I117,⭐,U+2B50,star,has_svg,src/app.js,4201,js,ไอคอนเดี่ยว,,⭐
I071,📄,U+1F4C4,file,has_svg,src/app.js,4201,js,ไอคอนเดี่ยว,,📄
I167,⏪,U+23EA,rewind,need_svg,src/app.js,4204,js,ไอคอนเดี่ยว,,⏪
I188,⏩,U+23E9,fast-forward,need_svg,src/app.js,4205,js,ไอคอนเดี่ยว,,⏩
I073,📝,U+1F4DD,note,has_svg,src/app.js,4239,js,ไอคอนเดี่ยว,,📝
I071,📄,U+1F4C4,file,has_svg,src/app.js,4239,js,ไอคอนเดี่ยว,,📄
I081,🎬,U+1F3AC,film,has_svg,src/app.js,4352,js,ไอคอนเดี่ยว,,🎬
I091,⚙,U+2699,cog,has_svg,src/app.js,4394,js,ไอคอนเดี่ยว,,⚙
I073,📝,U+1F4DD,note,has_svg,src/app.js,4441,js,นำหน้าข้อความ,,📝 MEMO
I071,📄,U+1F4C4,file,has_svg,src/app.js,4479,js,ไอคอนเดี่ยว,,📄
I073,📝,U+1F4DD,note,has_svg,src/app.js,4482,js,ไอคอนเดี่ยว,,📝
I074,⚠,U+26A0,error,has_svg,src/app.js,4603,js,ไอคอนเดี่ยว,,⚠
I100,📚,U+1F4DA,book-content,has_svg,src/app.js,4632,js,นำหน้าข้อความ,,📚 RESEARCH
I073,📝,U+1F4DD,note,has_svg,src/app.js,4658,js,ไอคอนเดี่ยว,,📝
I189,📕,U+1F4D5,file-pdf,need_svg,src/app.js,4658,js,ไอคอนเดี่ยว,,📕
I080,🖼,U+1F5BC,image,has_svg,src/app.js,4658,js,ไอคอนเดี่ยว,,🖼
I111,📎,U+1F4CE,paperclip,need_svg,src/app.js,4658,js,ไอคอนเดี่ยว,,📎
I076,📖,U+1F4D6,book-open,has_svg,src/app.js,4712,js,นำหน้าข้อความ,,📖 WIKI
I231,♻,U+267B,recycle,need_svg,src/app.js,4865,js,ไอคอนเดี่ยว,,♻
I113,🔖,U+1F516,bookmark,has_svg,src/app.js,5077,js,ไอคอนเดี่ยว,,🔖
I113,🔖,U+1F516,bookmark,has_svg,src/app.js,5080,js,ไอคอนเดี่ยว,,🔖
I137,⤢,U+2922,expand,has_svg,src/app.js,5409,js,ไอคอนเดี่ยว,,⤢
I110,👤,U+1F464,user,has_svg,src/app.js,5584,js,นำหน้าข้อความ,,👤 Wiki /
I083,📋,U+1F4CB,clipboard,has_svg,src/app.js,5885,js,ไอคอนเดี่ยว,,📋
I094,📁,U+1F4C1,folder,has_svg,src/app.js,5949,js,ไอคอนเดี่ยว,,📁
I106,🗺,U+1F5FA,globe,has_svg,src/app.js,5958,js,ไอคอนเดี่ยว,,🗺
I088,📍,U+1F4CD,map,has_svg,src/app.js,5960,js,ไอคอนเดี่ยว,,📍
I148,🛣,U+1F6E3,road,need_svg,src/app.js,5960,js,ไอคอนเดี่ยว,,🛣
I101,🌿,U+1F33F,branch,need_svg,src/app.js,6023,js,ไอคอนเดี่ยว,,🌿
I073,📝,U+1F4DD,note,has_svg,src/app.js,6174,js,ไอคอนเดี่ยว,,📝
I071,📄,U+1F4C4,file,has_svg,src/app.js,6174,js,ไอคอนเดี่ยว,,📄
I073,📝,U+1F4DD,note,has_svg,src/app.js,6186,js,นำหน้าข้อความ,,📝 MEMO /
I073,📝,U+1F4DD,note,has_svg,src/app.js,6310,js,ไอคอนเดี่ยว,,📝
I071,📄,U+1F4C4,file,has_svg,src/app.js,6310,js,ไอคอนเดี่ยว,,📄
I070,✕,U+2715,close,need_svg,src/app.js,6311,js,ไอคอนเดี่ยว,,✕
I106,🗺,U+1F5FA,globe,has_svg,src/app.js,6419,js,ไอคอนเดี่ยว,,🗺
I078,●,U+25CF,,keep_text,src/app.js,6427,js,ไอคอนเดี่ยว,,●
I071,📄,U+1F4C4,file,has_svg,src/app.js,6706,js,ไอคอนเดี่ยว,,📄
I078,●,U+25CF,,keep_text,src/app.js,6786,js,ไอคอนเดี่ยว,,●
I120,▲,U+25B2,chevron-up,has_svg,src/app.js,7158,js,ไอคอนเดี่ยว,,▲
I114,▼,U+25BC,chevron-down,has_svg,src/app.js,7161,js,ไอคอนเดี่ยว,,▼
I070,✕,U+2715,close,need_svg,src/app.js,7917,js,ไอคอนเดี่ยว,,✕
I070,✕,U+2715,close,need_svg,src/app.js,7932,js,ไอคอนเดี่ยว,,✕
I078,●,U+25CF,,keep_text,src/app.js,8419,js,ไอคอนเดี่ยว,,●
I070,✕,U+2715,close,need_svg,src/app.js,8855,js,ไอคอนเดี่ยว,,✕
I070,✕,U+2715,close,need_svg,src/app.js,8872,js,ไอคอนเดี่ยว,,✕
I093,▾,U+25BE,chevron-down,has_svg,src/app.js,8927,js,ไอคอนเดี่ยว,,▾
I078,●,U+25CF,,keep_text,src/app.js,8933,js,ไอคอนเดี่ยว,,●
I078,●,U+25CF,,keep_text,src/app.js,9015,js,ไอคอนเดี่ยว,,●
I121,⇋,U+21CB,swap,need_svg,src/app.js,9714,js,ไอคอนเดี่ยว,,⇋
I122,🕘,U+1F558,history,has_svg,src/app.js,9720,js,ไอคอนเดี่ยว,,🕘
I078,●,U+25CF,,keep_text,src/app.js,9894,js,ไอคอนเดี่ยว,,●
I149,ℹ,U+2139,info,need_svg,src/app.js,11194,js,ไอคอนเดี่ยว,,ℹ
I138,★,U+2605,star,has_svg,src/app.js,11213,js,ไอคอนเดี่ยว,,★
I070,✕,U+2715,close,need_svg,src/app.js,11228,js,ไอคอนเดี่ยว,,✕
I138,★,U+2605,star,has_svg,src/app.js,11269,js,ไอคอนเดี่ยว,,★
I168,☆,U+2606,star-outline,need_svg,src/app.js,11269,js,ไอคอนเดี่ยว,,☆
I138,★,U+2605,star,has_svg,src/app.js,11292,js,ไอคอนเดี่ยว,,★
I169,⤷,U+2937,subdirectory-right,need_svg,src/app.js,11299,js,ไอคอนเดี่ยว,,⤷
I100,📚,U+1F4DA,book-content,has_svg,src/app.js,11392,js,ไอคอนเดี่ยว,,📚
I081,🎬,U+1F3AC,film,has_svg,src/app.js,11405,js,ไอคอนเดี่ยว,,🎬
I076,📖,U+1F4D6,book-open,has_svg,src/app.js,11405,js,ไอคอนเดี่ยว,,📖
I081,🎬,U+1F3AC,film,has_svg,src/app.js,11526,js,ไอคอนเดี่ยว,,🎬
I076,📖,U+1F4D6,book-open,has_svg,src/app.js,11526,js,ไอคอนเดี่ยว,,📖
I069,→,U+2192,,keep_text,src/app.js,13193,js,ไอคอนเดี่ยว,,→
I112,✓,U+2713,checkmark,need_svg,src/app.js,13411,js,ไอคอนเดี่ยว,,✓
I112,✓,U+2713,checkmark,need_svg,src/app.js,13707,js,ไอคอนเดี่ยว,,✓
I112,✓,U+2713,checkmark,need_svg,src/app.js,13708,js,ไอคอนเดี่ยว,,✓
I089,🔄,U+1F504,refresh,need_svg,src/app.js,13939,js,ไอคอนเดี่ยว,,🔄
I079,🔍,U+1F50D,search,has_svg,src/app.js,13956,js,ไอคอนเดี่ยว,,🔍
I100,📚,U+1F4DA,book-content,has_svg,src/app.js,13971,js,ไอคอนเดี่ยว,,📚
I118,↻,U+21BB,refresh,need_svg,src/app.js,13978,js,ไอคอนเดี่ยว,,↻
I083,📋,U+1F4CB,clipboard,has_svg,src/app.js,13984,js,ไอคอนเดี่ยว,,📋
I071,📄,U+1F4C4,file,has_svg,src/app.js,14683,js,ไอคอนเดี่ยว,,📄
I073,📝,U+1F4DD,note,has_svg,src/app.js,14684,js,ไอคอนเดี่ยว,,📝
I110,👤,U+1F464,user,has_svg,src/app.js,14685,js,ไอคอนเดี่ยว,,👤
I088,📍,U+1F4CD,map,has_svg,src/app.js,14686,js,ไอคอนเดี่ยว,,📍
I108,📊,U+1F4CA,chart,has_svg,src/app.js,14687,js,ไอคอนเดี่ยว,,📊
I123,↑,U+2191,arrow-up,need_svg,src/app.js,14722,js,กลางข้อความ,,Ctrl+↑ / Ctrl+↓
I124,↓,U+2193,arrow-down,need_svg,src/app.js,14722,js,ท้ายข้อความ,,Ctrl+↑ / Ctrl+↓
I138,★,U+2605,star,has_svg,src/books.js,55,js,ไอคอนเดี่ยว,,★
I095,✎,U+270E,edit,has_svg,src/books.js,70,js,ไอคอนเดี่ยว,,✎
I075,🗑,U+1F5D1,trash,has_svg,src/books.js,83,js,ไอคอนเดี่ยว,,🗑
I076,📖,U+1F4D6,book-open,has_svg,src/books.js,127,js,ไอคอนเดี่ยว,,📖
I070,✕,U+2715,close,need_svg,src/books.js,143,js,ไอคอนเดี่ยว,,✕
I078,●,U+25CF,,keep_text,src/books.js,169,js,ไอคอนเดี่ยว,,●
I096,↩,U+21A9,return,need_svg,src/branch-graph.js,552,js,ไอคอนเดี่ยว,,↩
I069,→,U+2192,,keep_text,src/branch-graph.js,553,js,ท้ายข้อความ,,] →
I077,▶,U+25B6,play,need_svg,src/branch-graph.js,558,js,ไอคอนเดี่ยว,,▶
I077,▶,U+25B6,play,need_svg,src/branch-graph.js,643,js,ท้ายข้อความ,,"<span class=""badge b-root"">▶"
I125,🏁,U+1F3C1,flag-checkered,need_svg,src/branch-graph.js,644,js,ท้ายข้อความ,,"<span class=""badge b-end"">🏁"
I069,→,U+2192,,keep_text,src/branch-graph.js,658,js,ท้ายข้อความ,,]</span> →
I096,↩,U+21A9,return,need_svg,src/branch-graph.js,661,js,ท้ายข้อความ,,"<span class=""loop"">↩"
I078,●,U+25CF,,keep_text,src/branching-ui.js,246,js,ไอคอนเดี่ยว,,●
I101,🌿,U+1F33F,branch,need_svg,src/branching-ui.js,481,js,ไอคอนเดี่ยว,,🌿
I101,🌿,U+1F33F,branch,need_svg,src/branching-ui.js,494,js,ไอคอนเดี่ยว,,🌿
I092,💾,U+1F4BE,save,has_svg,src/branching-ui.js,505,js,ไอคอนเดี่ยว,,💾
I092,💾,U+1F4BE,save,has_svg,src/branching-ui.js,511,js,นำหน้าข้อความ,,💾+
I091,⚙,U+2699,cog,has_svg,src/branching-ui.js,534,js,ไอคอนเดี่ยว,,⚙
I121,⇋,U+21CB,swap,need_svg,src/branching-ui.js,537,js,ไอคอนเดี่ยว,,⇋
I078,●,U+25CF,,keep_text,src/branching-ui.js,541,js,ไอคอนเดี่ยว,,●
I234,🌳,U+1F333,tree,need_svg,src/branching-ui.js,546,js,ไอคอนเดี่ยว,,🌳
I152,☰,U+2630,menu,need_svg,src/branching-ui.js,547,js,ไอคอนเดี่ยว,,☰
I079,🔍,U+1F50D,search,has_svg,src/branching-ui.js,558,js,ไอคอนเดี่ยว,,🔍
I137,⤢,U+2922,expand,has_svg,src/branching-ui.js,580,js,ไอคอนเดี่ยว,,⤢
I077,▶,U+25B6,play,need_svg,src/branching-ui.js,603,js,ไอคอนเดี่ยว,,▶
I090,📤,U+1F4E4,export,need_svg,src/branching-ui.js,612,js,ไอคอนเดี่ยว,,📤
I140,🧹,U+1F9F9,broom,need_svg,src/branching-ui.js,620,js,ไอคอนเดี่ยว,,🧹
I170,🔎,U+1F50E,search,has_svg,src/branching-ui.js,627,js,ไอคอนเดี่ยว,,🔎
I089,🔄,U+1F504,refresh,need_svg,src/branching-ui.js,632,js,ไอคอนเดี่ยว,,🔄
I077,▶,U+25B6,play,need_svg,src/branching-ui.js,637,js,ไอคอนเดี่ยว,,▶
I150,◀,U+25C0,chevron-left,need_svg,src/branching-ui.js,637,js,ไอคอนเดี่ยว,,◀
I074,⚠,U+26A0,error,has_svg,src/branching-ui.js,657,js,ไอคอนเดี่ยว,,⚠
I171,💔,U+1F494,heart-broken,need_svg,src/branching-ui.js,659,js,ไอคอนเดี่ยว,,💔
I155,🚫,U+1F6AB,block,need_svg,src/branching-ui.js,663,js,ไอคอนเดี่ยว,,🚫
I145,🔁,U+1F501,repeat,need_svg,src/branching-ui.js,664,js,ไอคอนเดี่ยว,,🔁
I125,🏁,U+1F3C1,flag-checkered,need_svg,src/branching-ui.js,665,js,ไอคอนเดี่ยว,,🏁
I077,▶,U+25B6,play,need_svg,src/branching-ui.js,827,js,ไอคอนเดี่ยว,,▶
I125,🏁,U+1F3C1,flag-checkered,need_svg,src/branching-ui.js,827,js,ไอคอนเดี่ยว,,🏁
I071,📄,U+1F4C4,file,has_svg,src/branching-ui.js,827,js,ไอคอนเดี่ยว,,📄
I169,⤷,U+2937,subdirectory-right,need_svg,src/branching-ui.js,831,js,ไอคอนเดี่ยว,,⤷
I077,▶,U+25B6,play,need_svg,src/branching-ui.js,838,js,ไอคอนเดี่ยว,,▶
I125,🏁,U+1F3C1,flag-checkered,need_svg,src/branching-ui.js,839,js,ไอคอนเดี่ยว,,🏁
I145,🔁,U+1F501,repeat,need_svg,src/branching-ui.js,840,js,ไอคอนเดี่ยว,,🔁
I155,🚫,U+1F6AB,block,need_svg,src/branching-ui.js,841,js,ไอคอนเดี่ยว,,🚫
I071,📄,U+1F4C4,file,has_svg,src/branching-ui.js,879,js,ไอคอนเดี่ยว,,📄
I172,➤,U+27A4,send,need_svg,src/branching-ui.js,887,js,ไอคอนเดี่ยว,,➤
I070,✕,U+2715,close,need_svg,src/branching-ui.js,895,js,ไอคอนเดี่ยว,,✕
I069,→,U+2192,,keep_text,src/branching-ui.js,1033,js,ท้ายข้อความ,,""" →"
I171,💔,U+1F494,heart-broken,need_svg,src/branching-ui.js,1067,js,ไอคอนเดี่ยว,,💔
I069,→,U+2192,,keep_text,src/branching-ui.js,1077,js,ไอคอนเดี่ยว,,→
I070,✕,U+2715,close,need_svg,src/branching-ui.js,1080,js,ไอคอนเดี่ยว,,✕
I171,💔,U+1F494,heart-broken,need_svg,src/branching-ui.js,1108,js,ไอคอนเดี่ยว,,💔
I129,🌐,U+1F310,globe,has_svg,src/branching-ui.js,1121,js,ไอคอนเดี่ยว,,🌐
I073,📝,U+1F4DD,note,has_svg,src/branching-ui.js,1122,js,ไอคอนเดี่ยว,,📝
I147,🧩,U+1F9E9,extension,has_svg,src/branching-ui.js,1123,js,ไอคอนเดี่ยว,,🧩
I080,🖼,U+1F5BC,image,has_svg,src/branching-ui.js,1125,js,ไอคอนเดี่ยว,,🖼
I141,📷,U+1F4F7,camera,has_svg,src/branching-ui.js,1126,js,ไอคอนเดี่ยว,,📷
I141,📷,U+1F4F7,camera,has_svg,src/branching-ui.js,1230,js,ไอคอนเดี่ยว,,📷
I087,➕,U+2795,plus,has_svg,src/branching-ui.js,1377,js,ไอคอนเดี่ยว,,➕
I069,→,U+2192,,keep_text,src/branching-ui.js,1401,js,ไอคอนเดี่ยว,,→
I069,→,U+2192,,keep_text,src/branching-ui.js,1425,js,ไอคอนเดี่ยว,,→
I156,🧭,U+1F9ED,compass,need_svg,src/branching-ui.js,1430,js,ไอคอนเดี่ยว,,🧭
I074,⚠,U+26A0,error,has_svg,src/branching-ui.js,1433,js,ไอคอนเดี่ยว,,⚠
I079,🔍,U+1F50D,search,has_svg,src/branching-ui.js,1437,js,ไอคอนเดี่ยว,,🔍
I083,📋,U+1F4CB,clipboard,has_svg,src/branching-ui.js,1469,js,ไอคอนเดี่ยว,,📋
I127,🎯,U+1F3AF,target,need_svg,src/branching-ui.js,1486,js,ไอคอนเดี่ยว,,🎯
I070,✕,U+2715,close,need_svg,src/branching-ui.js,1487,js,ไอคอนเดี่ยว,,✕
I071,📄,U+1F4C4,file,has_svg,src/branching-ui.js,1509,js,ไอคอนเดี่ยว,,📄
I077,▶,U+25B6,play,need_svg,src/branching-ui.js,1514,js,ไอคอนเดี่ยว,,▶
I077,▶,U+25B6,play,need_svg,src/branching-ui.js,1525,js,ไอคอนเดี่ยว,,▶
I125,🏁,U+1F3C1,flag-checkered,need_svg,src/branching-ui.js,1526,js,ไอคอนเดี่ยว,,🏁
I145,🔁,U+1F501,repeat,need_svg,src/branching-ui.js,1527,js,ไอคอนเดี่ยว,,🔁
I155,🚫,U+1F6AB,block,need_svg,src/branching-ui.js,1528,js,ไอคอนเดี่ยว,,🚫
I069,→,U+2192,,keep_text,src/branching-ui.js,1536,js,ไอคอนเดี่ยว,,→
I126,🎨,U+1F3A8,palette,need_svg,src/branching-ui.js,1542,js,ไอคอนเดี่ยว,,🎨
I102,🔗,U+1F517,link,has_svg,src/branching-ui.js,1552,js,ไอคอนเดี่ยว,,🔗
I112,✓,U+2713,checkmark,need_svg,src/branching-ui.js,1567,js,ไอคอนเดี่ยว,,✓
I096,↩,U+21A9,return,need_svg,src/branching-ui.js,1599,js,ไอคอนเดี่ยว,,↩
I126,🎨,U+1F3A8,palette,need_svg,src/branching-ui.js,1662,js,ไอคอนเดี่ยว,,🎨
I191,➜,U+279C,send,need_svg,src/branching-ui.js,1680,js,ไอคอนเดี่ยว,,➜
I070,✕,U+2715,close,need_svg,src/branching-ui.js,1691,js,ไอคอนเดี่ยว,,✕
I074,⚠,U+26A0,error,has_svg,src/branching-ui.js,1723,js,ไอคอนเดี่ยว,,⚠
I069,→,U+2192,,keep_text,src/branching-ui.js,1728,js,ไอคอนเดี่ยว,,→
I127,🎯,U+1F3AF,target,need_svg,src/branching-ui.js,1740,js,ไอคอนเดี่ยว,,🎯
I071,📄,U+1F4C4,file,has_svg,src/chapters-ui.js,108,js,ไอคอนเดี่ยว,,📄
I070,✕,U+2715,close,need_svg,src/chapters-ui.js,123,js,ไอคอนเดี่ยว,,✕
I082,💬,U+1F4AC,chat,has_svg,src/comments/comment-ui.js,135,js,ไอคอนเดี่ยว,,💬
I098,🏷,U+1F3F7,tag,need_svg,src/comments/comment-ui.js,166,js,ไอคอนเดี่ยว,,🏷
I110,👤,U+1F464,user,has_svg,src/comments/comment-ui.js,207,js,ไอคอนเดี่ยว,,👤
I096,↩,U+21A9,return,need_svg,src/comments/comment-ui.js,212,js,ไอคอนเดี่ยว,,↩
I112,✓,U+2713,checkmark,need_svg,src/comments/comment-ui.js,212,js,ไอคอนเดี่ยว,,✓
I097,✏,U+270F,edit,has_svg,src/comments/comment-ui.js,214,js,ไอคอนเดี่ยว,,✏
I096,↩,U+21A9,return,need_svg,src/comments/comment-ui.js,215,js,นำหน้าข้อความ,,↩💬
I082,💬,U+1F4AC,chat,has_svg,src/comments/comment-ui.js,215,js,ท้ายข้อความ,,↩💬
I075,🗑,U+1F5D1,trash,has_svg,src/comments/comment-ui.js,216,js,ไอคอนเดี่ยว,,🗑
I088,📍,U+1F4CD,map,has_svg,src/comments/comment-ui.js,230,js,ไอคอนเดี่ยว,,📍
I151,⌘,U+2318,,keep_text,src/core.js,944,js,ไอคอนเดี่ยว,,⌘
I192,⌥,U+2325,,keep_text,src/core.js,945,js,ไอคอนเดี่ยว,,⌥
I233,⇧,U+21E7,,keep_text,src/core.js,946,js,ไอคอนเดี่ยว,,⇧
I070,✕,U+2715,close,need_svg,src/custom-status.js,130,js,ไอคอนเดี่ยว,,✕
I073,📝,U+1F4DD,note,has_svg,src/dash-review.js,138,js,ไอคอนเดี่ยว,,📝
I117,⭐,U+2B50,star,has_svg,src/dashboard.js,256,js,ไอคอนเดี่ยว,,⭐
I071,📄,U+1F4C4,file,has_svg,src/dashboard.js,263,js,ไอคอนเดี่ยว,,📄
I193,▌,U+258C,,keep_text,src/dialogs.js,336,js,ไอคอนเดี่ยว,,▌
I157,↺,U+21BA,rotate-left,need_svg,src/dialogs.js,895,js,ไอคอนเดี่ยว,,↺
I069,→,U+2192,,keep_text,src/dialogs.js,914,js,ไอคอนเดี่ยว,,→
I069,→,U+2192,,keep_text,src/dialogs.js,915,js,ไอคอนเดี่ยว,,→
I069,→,U+2192,,keep_text,src/dialogs.js,916,js,ไอคอนเดี่ยว,,→
I123,↑,U+2191,arrow-up,need_svg,src/dialogs.js,1081,js,ไอคอนเดี่ยว,,↑
I070,✕,U+2715,close,need_svg,src/dialogs.js,1083,js,ไอคอนเดี่ยว,,✕
I157,↺,U+21BA,rotate-left,need_svg,src/dialogs.js,1195,js,ไอคอนเดี่ยว,,↺
I069,→,U+2192,,keep_text,src/dialogue/builder-core.js,566,js,ไอคอนเดี่ยว,,→
I103,←,U+2190,arrow-left,need_svg,src/dialogue/builder-ui.js,291,js,ไอคอนเดี่ยว,,←
I105,🧠,U+1F9E0,brain,has_svg,src/dialogue/builder-ui.js,299,js,ไอคอนเดี่ยว,,🧠
I082,💬,U+1F4AC,chat,has_svg,src/dialogue/builder-ui.js,299,js,ไอคอนเดี่ยว,,💬
I081,🎬,U+1F3AC,film,has_svg,src/dialogue/builder-ui.js,368,js,ไอคอนเดี่ยว,,🎬
I154,💭,U+1F4AD,thought,need_svg,src/dialogue/builder-ui.js,371,js,ไอคอนเดี่ยว,,💭
I112,✓,U+2713,checkmark,need_svg,src/dialogue/builder-ui.js,379,js,ไอคอนเดี่ยว,,✓
I118,↻,U+21BB,refresh,need_svg,src/dialogue/builder-ui.js,404,js,ไอคอนเดี่ยว,,↻
I095,✎,U+270E,edit,has_svg,src/dialogue/builder-ui.js,406,js,ไอคอนเดี่ยว,,✎
I142,⬇,U+2B07,arrow-down,need_svg,src/dialogue/builder-ui.js,407,js,ไอคอนเดี่ยว,,⬇
I075,🗑,U+1F5D1,trash,has_svg,src/dialogue/builder-ui.js,408,js,ไอคอนเดี่ยว,,🗑
I119,⏹,U+23F9,stop,need_svg,src/dialogue/builder-ui.js,428,js,ไอคอนเดี่ยว,,⏹
I154,💭,U+1F4AD,thought,need_svg,src/dialogue/builder-ui.js,495,js,ไอคอนเดี่ยว,,💭
I081,🎬,U+1F3AC,film,has_svg,src/dialogue/builder-ui.js,504,js,ไอคอนเดี่ยว,,🎬
I072,❌,U+274C,x,has_svg,src/dialogue/builder-ui.js,608,js,ไอคอนเดี่ยว,,❌
I072,❌,U+274C,x,has_svg,src/dialogue/builder-ui.js,630,js,ไอคอนเดี่ยว,,❌
I070,✕,U+2715,close,need_svg,src/dialogue/builder-ui.js,893,js,ไอคอนเดี่ยว,,✕
I074,⚠,U+26A0,error,has_svg,src/dialogue/dialogue-ui.js,328,js,ไอคอนเดี่ยว,,⚠
I074,⚠,U+26A0,error,has_svg,src/export-blog.js,252,js,ท้ายข้อความ,,· ⚠
I189,📕,U+1F4D5,file-pdf,need_svg,src/export-formats.js,26,js,ไอคอนเดี่ยว,,📕
I129,🌐,U+1F310,globe,has_svg,src/export-formats.js,28,js,ไอคอนเดี่ยว,,🌐
I073,📝,U+1F4DD,note,has_svg,src/export-formats.js,30,js,ไอคอนเดี่ยว,,📝
I235,🅣,U+1F163,file-txt,need_svg,src/export-formats.js,32,js,ไอคอนเดี่ยว,,🅣
I071,📄,U+1F4C4,file,has_svg,src/export-formats.js,34,js,ไอคอนเดี่ยว,,📄
I081,🎬,U+1F3AC,film,has_svg,src/export-formats.js,36,js,ไอคอนเดี่ยว,,🎬
I236,📰,U+1F4F0,news,need_svg,src/export-formats.js,38,js,ไอคอนเดี่ยว,,📰
I194,💧,U+1F4A7,water,need_svg,src/export-formats.js,40,js,ไอคอนเดี่ยว,,💧
I173,📦,U+1F4E6,package,need_svg,src/export-formats.js,42,js,ไอคอนเดี่ยว,,📦
I174,🧾,U+1F9FE,receipt,need_svg,src/export-formats.js,44,js,ไอคอนเดี่ยว,,🧾
I074,⚠,U+26A0,error,has_svg,src/export-hub.js,413,js,ไอคอนเดี่ยว,,⚠
I084,📌,U+1F4CC,pin,need_svg,src/floorplan-ui.js,165,js,ไอคอนเดี่ยว,,📌
I071,📄,U+1F4C4,file,has_svg,src/floorplan-ui.js,171,js,ไอคอนเดี่ยว,,📄
I195,◉,U+25C9,radio-on,need_svg,src/floorplan-ui.js,189,js,ไอคอนเดี่ยว,,◉
I106,🗺,U+1F5FA,globe,has_svg,src/floorplan-ui.js,218,js,ไอคอนเดี่ยว,,🗺
I088,📍,U+1F4CD,map,has_svg,src/floorplan-ui.js,233,js,ไอคอนเดี่ยว,,📍
I158,🕒,U+1F552,time,need_svg,src/floorplan-ui.js,235,js,ไอคอนเดี่ยว,,🕒
I070,✕,U+2715,close,need_svg,src/floorplan-ui.js,253,js,ไอคอนเดี่ยว,,✕
I088,📍,U+1F4CD,map,has_svg,src/floorplan-ui.js,295,js,ไอคอนเดี่ยว,,📍
I139,👁,U+1F441,eye,has_svg,src/floorplan-ui.js,296,js,ไอคอนเดี่ยว,,👁
I175,🔊,U+1F50A,volume,need_svg,src/floorplan-ui.js,297,js,ไอคอนเดี่ยว,,🔊
I173,📦,U+1F4E6,package,need_svg,src/floorplan-ui.js,298,js,ไอคอนเดี่ยว,,📦
I080,🖼,U+1F5BC,image,has_svg,src/gallery.js,414,js,ไอคอนเดี่ยว,,🖼
I074,⚠,U+26A0,error,has_svg,src/gallery.js,472,js,ไอคอนเดี่ยว,,⚠
I070,✕,U+2715,close,need_svg,src/gallery.js,617,js,ไอคอนเดี่ยว,,✕
I072,❌,U+274C,x,has_svg,src/gallery/gallery-ai.js,100,js,นำหน้าข้อความ,,❌ AI:
I072,❌,U+274C,x,has_svg,src/gallery/gallery-ai.js,144,js,นำหน้าข้อความ,,❌ AI:
I071,📄,U+1F4C4,file,has_svg,src/global-search.js,171,js,ไอคอนเดี่ยว,,📄
I083,📋,U+1F4CB,clipboard,has_svg,src/global-search.js,171,js,ไอคอนเดี่ยว,,📋
I130,▦,U+25A6,grid,has_svg,src/home-ui.js,10,js,ไอคอนเดี่ยว,,▦
I152,☰,U+2630,menu,need_svg,src/home-ui.js,11,js,ไอคอนเดี่ยว,,☰
I074,⚠,U+26A0,error,has_svg,src/home-ui.js,238,js,ไอคอนเดี่ยว,,⚠
I076,📖,U+1F4D6,book-open,has_svg,src/home-ui.js,295,js,กลางข้อความ,,"<div class=""home-card-cover-ph"">📖</div>"
I076,📖,U+1F4D6,book-open,has_svg,src/home-ui.js,298,js,ไอคอนเดี่ยว,,📖
I071,📄,U+1F4C4,file,has_svg,src/home-ui.js,314,js,ไอคอนเดี่ยว,,📄
I094,📁,U+1F4C1,folder,has_svg,src/home-ui.js,315,js,ไอคอนเดี่ยว,,📁
I073,📝,U+1F4DD,note,has_svg,src/home-ui.js,316,js,ไอคอนเดี่ยว,,📝
I085,📂,U+1F4C2,folder-open,need_svg,src/home-ui.js,340,js,ไอคอนเดี่ยว,,📂
I074,⚠,U+26A0,error,has_svg,src/import-sp.js,77,js,ไอคอนเดี่ยว,,⚠
I083,📋,U+1F4CB,clipboard,has_svg,src/kanban/kanban-ui.js,97,js,นำหน้าข้อความ,,📋 Kanban —
I074,⚠,U+26A0,error,has_svg,src/kanban/kanban-ui.js,131,js,ไอคอนเดี่ยว,,⚠
I077,▶,U+25B6,play,need_svg,src/kanban/kanban-ui.js,147,js,ไอคอนเดี่ยว,,▶
I114,▼,U+25BC,chevron-down,has_svg,src/kanban/kanban-ui.js,147,js,ไอคอนเดี่ยว,,▼
I176,⌗,U+2317,hash,need_svg,src/layout/split-ui.js,171,js,ไอคอนเดี่ยว,,⌗
I187,⛔,U+26D4,block,need_svg,src/log-core.js,17,js,ไอคอนเดี่ยว,,⛔
I074,⚠,U+26A0,error,has_svg,src/log-core.js,18,js,ไอคอนเดี่ยว,,⚠
I149,ℹ,U+2139,info,need_svg,src/log-core.js,19,js,ไอคอนเดี่ยว,,ℹ
I196,👆,U+1F446,pointer,need_svg,src/maps-ui.js,39,js,ไอคอนเดี่ยว,,👆
I095,✎,U+270E,edit,has_svg,src/maps-ui.js,40,js,ไอคอนเดี่ยว,,✎
I197,✥,U+2725,move,need_svg,src/maps-ui.js,41,js,ไอคอนเดี่ยว,,✥
I084,📌,U+1F4CC,pin,need_svg,src/maps-ui.js,146,js,ไอคอนเดี่ยว,,📌
I088,📍,U+1F4CD,map,has_svg,src/maps-ui.js,153,js,ไอคอนเดี่ยว,,📍
I106,🗺,U+1F5FA,globe,has_svg,src/maps-ui.js,154,js,ไอคอนเดี่ยว,,🗺
I177,🚪,U+1F6AA,door,need_svg,src/maps-ui.js,225,js,ไอคอนเดี่ยว,,🚪
I198,➖,U+2796,minus,has_svg,src/maps-ui.js,293,js,ไอคอนเดี่ยว,,➖
I087,➕,U+2795,plus,has_svg,src/maps-ui.js,294,js,ไอคอนเดี่ยว,,➕
I079,🔍,U+1F50D,search,has_svg,src/maps-ui.js,320,js,ไอคอนเดี่ยว,,🔍
I130,▦,U+25A6,grid,has_svg,src/maps-ui.js,327,js,ไอคอนเดี่ยว,,▦
I156,🧭,U+1F9ED,compass,need_svg,src/maps-ui.js,328,js,ไอคอนเดี่ยว,,🧭
I199,📏,U+1F4CF,ruler,need_svg,src/maps-ui.js,329,js,ไอคอนเดี่ยว,,📏
I198,➖,U+2796,minus,has_svg,src/maps-ui.js,370,js,ไอคอนเดี่ยว,,➖
I087,➕,U+2795,plus,has_svg,src/maps-ui.js,371,js,ไอคอนเดี่ยว,,➕
I071,📄,U+1F4C4,file,has_svg,src/maps-ui.js,580,js,ไอคอนเดี่ยว,,📄
I084,📌,U+1F4CC,pin,need_svg,src/maps-ui.js,598,js,ไอคอนเดี่ยว,,📌
I195,◉,U+25C9,radio-on,need_svg,src/maps-ui.js,644,js,ไอคอนเดี่ยว,,◉
I071,📄,U+1F4C4,file,has_svg,src/maps-ui.js,646,js,ไอคอนเดี่ยว,,📄
I120,▲,U+25B2,chevron-up,has_svg,src/maps-ui.js,660,js,กลางข้อความ,,"<span class=""map-compass-n"">N</span><span class=""map-compass-needle"">▲</span>"
I126,🎨,U+1F3A8,palette,need_svg,src/maps-ui.js,699,js,ไอคอนเดี่ยว,,🎨
I097,✏,U+270F,edit,has_svg,src/maps-ui.js,709,js,ไอคอนเดี่ยว,,✏
I075,🗑,U+1F5D1,trash,has_svg,src/maps-ui.js,713,js,ไอคอนเดี่ยว,,🗑
I088,📍,U+1F4CD,map,has_svg,src/maps.js,16,js,ไอคอนเดี่ยว,,📍
I177,🚪,U+1F6AA,door,need_svg,src/maps.js,17,js,ไอคอนเดี่ยว,,🚪
I084,📌,U+1F4CC,pin,need_svg,src/maps.js,18,js,ไอคอนเดี่ยว,,📌
I237,◧,U+25E7,scene-block,need_svg,src/nav-model.js,44,js,ไอคอนเดี่ยว,,◧
I152,☰,U+2630,menu,need_svg,src/nav-model.js,44,js,ไอคอนเดี่ยว,,☰
I159,⇥,U+21E5,indent,need_svg,src/nav-model.js,44,js,ไอคอนเดี่ยว,,⇥
I095,✎,U+270E,edit,has_svg,src/nav-model.js,44,js,ไอคอนเดี่ยว,,✎
I169,⤷,U+2937,subdirectory-right,need_svg,src/nav-model.js,54,js,ไอคอนเดี่ยว,,⤷
I138,★,U+2605,star,has_svg,src/nav-model.js,55,js,ไอคอนเดี่ยว,,★
I193,▌,U+258C,,keep_text,src/nav-model.js,56,js,ไอคอนเดี่ยว,,▌
I074,⚠,U+26A0,error,has_svg,src/nav-model.js,57,js,ไอคอนเดี่ยว,,⚠
I238,○,U+25CB,,keep_text,src/nav-model.js,58,js,ไอคอนเดี่ยว,,○
I109,🔒,U+1F512,lock,has_svg,src/nav-model.js,59,js,ไอคอนเดี่ยว,,🔒
I082,💬,U+1F4AC,chat,has_svg,src/nav-model.js,60,js,ไอคอนเดี่ยว,,💬
I200,▤,U+25A4,page-break,need_svg,src/nav-model.js,61,js,ไอคอนเดี่ยว,,▤
I196,👆,U+1F446,pointer,need_svg,src/network.js,35,js,ไอคอนเดี่ยว,,👆
I095,✎,U+270E,edit,has_svg,src/network.js,36,js,ไอคอนเดี่ยว,,✎
I197,✥,U+2725,move,need_svg,src/network.js,37,js,ไอคอนเดี่ยว,,✥
I114,▼,U+25BC,chevron-down,has_svg,src/network.js,47,js,ไอคอนเดี่ยว,,▼
I077,▶,U+25B6,play,need_svg,src/network.js,49,js,ไอคอนเดี่ยว,,▶
I114,▼,U+25BC,chevron-down,has_svg,src/network.js,49,js,ไอคอนเดี่ยว,,▼
I131,📐,U+1F4D0,ruler,need_svg,src/network.js,63,js,ไอคอนเดี่ยว,,📐
I160,🔤,U+1F524,font,need_svg,src/network.js,74,js,ไอคอนเดี่ยว,,🔤
I089,🔄,U+1F504,refresh,need_svg,src/network.js,94,js,ไอคอนเดี่ยว,,🔄
I084,📌,U+1F4CC,pin,need_svg,src/network.js,94,js,ไอคอนเดี่ยว,,📌
I080,🖼,U+1F5BC,image,has_svg,src/network.js,94,js,ไอคอนเดี่ยว,,🖼
I106,🗺,U+1F5FA,globe,has_svg,src/network.js,94,js,ไอคอนเดี่ยว,,🗺
I107,📥,U+1F4E5,import,need_svg,src/network.js,94,js,ไอคอนเดี่ยว,,📥
I201,⤾,U+293E,rotate-right,need_svg,src/network.js,94,js,ไอคอนเดี่ยว,,⤾
I118,↻,U+21BB,refresh,need_svg,src/network.js,588,js,ท้ายข้อความ,,· ↻
I073,📝,U+1F4DD,note,has_svg,src/network.js,805,js,ไอคอนเดี่ยว,,📝
I239,⬤,U+2B24,,keep_text,src/network.js,813,js,ไอคอนเดี่ยว,,⬤
I152,☰,U+2630,menu,need_svg,src/panels/panel-layout.js,712,js,ไอคอนเดี่ยว,,☰
I093,▾,U+25BE,chevron-down,has_svg,src/panels/panel-layout.js,713,js,ไอคอนเดี่ยว,,▾
I070,✕,U+2715,close,need_svg,src/panels/panel-layout.js,715,js,ไอคอนเดี่ยว,,✕
I153,🖥,U+1F5A5,desktop,need_svg,src/panels/panel-renderer.js,240,js,ไอคอนเดี่ยว,,🖥
I128,▸,U+25B8,chevron-right,has_svg,src/panels/panel-renderer.js,250,js,ไอคอนเดี่ยว,,▸
I070,✕,U+2715,close,need_svg,src/panels/panel-renderer.js,441,js,ไอคอนเดี่ยว,,✕
I153,🖥,U+1F5A5,desktop,need_svg,src/panels/panel-renderer.js,455,js,ไอคอนเดี่ยว,,🖥
I153,🖥,U+1F5A5,desktop,need_svg,src/panels/panel-ui.js,1170,js,ไอคอนเดี่ยว,,🖥
I133,☑,U+2611,checkbox-checked,need_svg,src/panels/panel-ui.js,1170,js,ไอคอนเดี่ยว,,☑
I134,☐,U+2610,checkbox,need_svg,src/panels/panel-ui.js,1170,js,ไอคอนเดี่ยว,,☐
I240,◻,U+25FB,window-restore,need_svg,src/panels/panel-ui.js,1201,js,ไอคอนเดี่ยว,,◻
I241,▣,U+25A3,window-max,need_svg,src/panels/panel-ui.js,1201,js,ไอคอนเดี่ยว,,▣
I075,🗑,U+1F5D1,trash,has_svg,src/panels/panel-ui.js,1218,js,ไอคอนเดี่ยว,,🗑
I120,▲,U+25B2,chevron-up,has_svg,src/pdf-ui.js,186,js,ไอคอนเดี่ยว,,▲
I114,▼,U+25BC,chevron-down,has_svg,src/pdf-ui.js,188,js,ไอคอนเดี่ยว,,▼
I070,✕,U+2715,close,need_svg,src/pdf-ui.js,363,js,ไอคอนเดี่ยว,,✕
I071,📄,U+1F4C4,file,has_svg,src/planner/planner-data.js,14,js,ไอคอนเดี่ยว,,📄
I094,📁,U+1F4C1,folder,has_svg,src/planner/planner-data.js,14,js,ไอคอนเดี่ยว,,📁
I110,👤,U+1F464,user,has_svg,src/planner/planner-data.js,14,js,ไอคอนเดี่ยว,,👤
I073,📝,U+1F4DD,note,has_svg,src/planner/planner-data.js,14,js,ไอคอนเดี่ยว,,📝
I084,📌,U+1F4CC,pin,need_svg,src/planner/planner-data.js,14,js,ไอคอนเดี่ยว,,📌
I242,🆃,U+1F183,text-tool,need_svg,src/planner/planner-data.js,15,js,ไอคอนเดี่ยว,,🆃
I161,⬛,U+2B1B,square,need_svg,src/planner/planner-data.js,15,js,ไอคอนเดี่ยว,,⬛
I080,🖼,U+1F5BC,image,has_svg,src/planner/planner-data.js,15,js,ไอคอนเดี่ยว,,🖼
I082,💬,U+1F4AC,chat,has_svg,src/planner/planner-data.js,15,js,ไอคอนเดี่ยว,,💬
I110,👤,U+1F464,user,has_svg,src/planner/planner-props.js,12,js,นำหน้าข้อความ,,👤 Wiki
I097,✏,U+270F,edit,has_svg,src/planner/planner-props.js,40,js,ไอคอนเดี่ยว,,✏
I069,→,U+2192,,keep_text,src/planner/planner-props.js,121,js,ไอคอนเดี่ยว,,→
I103,←,U+2190,arrow-left,need_svg,src/planner/planner-props.js,121,js,ไอคอนเดี่ยว,,←
I070,✕,U+2715,close,need_svg,src/planner/planner-props.js,123,js,ไอคอนเดี่ยว,,✕
I069,→,U+2192,,keep_text,src/planner/planner-props.js,193,js,กลางข้อความ,,<b>→</b>
I071,📄,U+1F4C4,file,has_svg,src/planner/planner-render.js,212,js,ไอคอนเดี่ยว,,📄
I078,●,U+25CF,,keep_text,src/planner/planner-render.js,232,js,ไอคอนเดี่ยว,,●
I111,📎,U+1F4CE,paperclip,need_svg,src/planner/planner-render.js,246,js,ไอคอนเดี่ยว,,📎
I080,🖼,U+1F5BC,image,has_svg,src/planner/planner-render.js,340,js,ไอคอนเดี่ยว,,🖼
I082,💬,U+1F4AC,chat,has_svg,src/planner/planner-render.js,356,js,ไอคอนเดี่ยว,,💬
I116,🗂,U+1F5C2,collection,need_svg,src/planner/planner-render.js,583,js,ไอคอนเดี่ยว,,🗂
I243,⬉,U+2B09,pointer,need_svg,src/planner/planner-ui.js,17,js,ไอคอนเดี่ยว,,⬉
I244,✋,U+270B,hand,need_svg,src/planner/planner-ui.js,18,js,ไอคอนเดี่ยว,,✋
I084,📌,U+1F4CC,pin,need_svg,src/planner/planner-ui.js,20,js,ไอคอนเดี่ยว,,📌
I178,🅃,U+1F143,text-tool,need_svg,src/planner/planner-ui.js,21,js,ไอคอนเดี่ยว,,🅃
I161,⬛,U+2B1B,square,need_svg,src/planner/planner-ui.js,22,js,ไอคอนเดี่ยว,,⬛
I080,🖼,U+1F5BC,image,has_svg,src/planner/planner-ui.js,23,js,ไอคอนเดี่ยว,,🖼
I082,💬,U+1F4AC,chat,has_svg,src/planner/planner-ui.js,24,js,ไอคอนเดี่ยว,,💬
I245,↝,U+219D,arrow-curve,need_svg,src/planner/planner-ui.js,25,js,ไอคอนเดี่ยว,,↝
I071,📄,U+1F4C4,file,has_svg,src/planner/planner-ui.js,27,js,ไอคอนเดี่ยว,,📄
I094,📁,U+1F4C1,folder,has_svg,src/planner/planner-ui.js,28,js,ไอคอนเดี่ยว,,📁
I110,👤,U+1F464,user,has_svg,src/planner/planner-ui.js,29,js,ไอคอนเดี่ยว,,👤
I073,📝,U+1F4DD,note,has_svg,src/planner/planner-ui.js,30,js,ไอคอนเดี่ยว,,📝
I093,▾,U+25BE,chevron-down,has_svg,src/planner/planner-ui.js,48,js,ไอคอนเดี่ยว,,▾
I130,▦,U+25A6,grid,has_svg,src/planner/planner-ui.js,209,js,ไอคอนเดี่ยว,,▦
I162,⬆,U+2B06,arrow-up,need_svg,src/planner/planner-ui.js,271,js,ไอคอนเดี่ยว,,⬆
I142,⬇,U+2B07,arrow-down,need_svg,src/planner/planner-ui.js,272,js,ไอคอนเดี่ยว,,⬇
I109,🔒,U+1F512,lock,has_svg,src/planner/planner-ui.js,274,js,ไอคอนเดี่ยว,,🔒
I135,🔓,U+1F513,lock-open,has_svg,src/planner/planner-ui.js,274,js,ไอคอนเดี่ยว,,🔓
I075,🗑,U+1F5D1,trash,has_svg,src/planner/planner-ui.js,278,js,ไอคอนเดี่ยว,,🗑
I202,⌐,U+2310,line-elbow,need_svg,src/planner/planner-ui.js,297,js,ไอคอนเดี่ยว,,⌐
I203,⌒,U+2312,line-curve,need_svg,src/planner/planner-ui.js,297,js,ไอคอนเดี่ยว,,⌒
I172,➤,U+27A4,send,need_svg,src/planner/planner-ui.js,312,js,ไอคอนเดี่ยว,,➤
I163,⇄,U+21C4,swap,need_svg,src/planner/planner-ui.js,317,js,ไอคอนเดี่ยว,,⇄
I075,🗑,U+1F5D1,trash,has_svg,src/planner/planner-ui.js,319,js,ไอคอนเดี่ยว,,🗑
I083,📋,U+1F4CB,clipboard,has_svg,src/planner/planner.js,35,js,นำหน้าข้อความ,,📋 Planner
I078,●,U+25CF,,keep_text,src/planner/planner.js,766,js,ไอคอนเดี่ยว,,●
I078,●,U+25CF,,keep_text,src/planner/planner.js,1111,js,ไอคอนเดี่ยว,,●
I083,📋,U+1F4CB,clipboard,has_svg,src/planner/planner.js,1111,js,ไอคอนเดี่ยว,,📋
I127,🎯,U+1F3AF,target,need_svg,src/player-choices.js,79,js,ไอคอนเดี่ยว,,🎯
I071,📄,U+1F4C4,file,has_svg,src/player-choices.js,82,js,ไอคอนเดี่ยว,,📄
I127,🎯,U+1F3AF,target,need_svg,src/player-choices.js,110,js,ไอคอนเดี่ยว,,🎯
I071,📄,U+1F4C4,file,has_svg,src/player-choices.js,113,js,ไอคอนเดี่ยว,,📄
I071,📄,U+1F4C4,file,has_svg,src/player-mode.js,164,js,ไอคอนเดี่ยว,,📄
I077,▶,U+25B6,play,need_svg,src/player-mode.js,168,js,ท้ายข้อความ,,· ▶
I125,🏁,U+1F3C1,flag-checkered,need_svg,src/player-mode.js,169,js,ท้ายข้อความ,,· 🏁
I077,▶,U+25B6,play,need_svg,src/player-mode.js,180,js,ไอคอนเดี่ยว,,▶
I097,✏,U+270F,edit,has_svg,src/player-mode.js,193,js,ไอคอนเดี่ยว,,✏
I101,🌿,U+1F33F,branch,need_svg,src/player-mode.js,200,js,ไอคอนเดี่ยว,,🌿
I089,🔄,U+1F504,refresh,need_svg,src/player-mode.js,208,js,ไอคอนเดี่ยว,,🔄
I069,→,U+2192,,keep_text,src/player-mode.js,218,js,ไอคอนเดี่ยว,,→
I069,→,U+2192,,keep_text,src/player-mode.js,220,js,ท้ายข้อความ,,] →
I069,→,U+2192,,keep_text,src/player-mode.js,268,js,ไอคอนเดี่ยว,,→
I069,→,U+2192,,keep_text,src/player-mode.js,269,js,ไอคอนเดี่ยว,,→
I125,🏁,U+1F3C1,flag-checkered,need_svg,src/player-mode.js,292,js,ไอคอนเดี่ยว,,🏁
I150,◀,U+25C0,chevron-left,need_svg,src/player-mode.js,299,js,ไอคอนเดี่ยว,,◀
I127,🎯,U+1F3AF,target,need_svg,src/player-mode.js,309,js,ไอคอนเดี่ยว,,🎯
I127,🎯,U+1F3AF,target,need_svg,src/player-mode.js,324,js,ไอคอนเดี่ยว,,🎯
I069,→,U+2192,,keep_text,src/player-mode.js,334,js,ไอคอนเดี่ยว,,→
I125,🏁,U+1F3C1,flag-checkered,need_svg,src/player-mode.js,336,js,ไอคอนเดี่ยว,,🏁
I077,▶,U+25B6,play,need_svg,src/player-mode.js,336,js,ไอคอนเดี่ยว,,▶
I107,📥,U+1F4E5,import,need_svg,src/player-mode.js,352,js,ไอคอนเดี่ยว,,📥
I069,→,U+2192,,keep_text,src/plugins/plugin-core.js,143,js,กลางข้อความ,,"// ทุกอย่างที่ปลั๊กอินทำได้อยู่ในตัวแปร k2 (ดูรายการเต็มในแผง ""ปลั๊กอิน"" → ปุ่ม ?)"
I113,🔖,U+1F516,bookmark,has_svg,src/project.js,68,js,ไอคอนเดี่ยว,,🔖
I080,🖼,U+1F5BC,image,has_svg,src/prose-view.js,183,js,ไอคอนเดี่ยว,,🖼
I089,🔄,U+1F504,refresh,need_svg,src/quick-open.js,48,js,ไอคอนเดี่ยว,,🔄
I071,📄,U+1F4C4,file,has_svg,src/quick-open.js,88,js,ไอคอนเดี่ยว,,📄
I083,📋,U+1F4CB,clipboard,has_svg,src/quick-open.js,88,js,ไอคอนเดี่ยว,,📋
I111,📎,U+1F4CE,paperclip,need_svg,src/quick-open.js,88,js,ไอคอนเดี่ยว,,📎
I190,⏮,U+23EE,skip-previous,need_svg,src/read-ui.js,396,js,ไอคอนเดี่ยว,,⏮
I150,◀,U+25C0,chevron-left,need_svg,src/read-ui.js,397,js,ไอคอนเดี่ยว,,◀
I077,▶,U+25B6,play,need_svg,src/read-ui.js,406,js,ไอคอนเดี่ยว,,▶
I232,⏭,U+23ED,skip-next,need_svg,src/read-ui.js,407,js,ไอคอนเดี่ยว,,⏭
I204,▥,U+25A5,page-double,need_svg,src/read-ui.js,408,js,ไอคอนเดี่ยว,,▥
I246,▯,U+25AF,page-single,need_svg,src/read-ui.js,410,js,ไอคอนเดี่ยว,,▯
I204,▥,U+25A5,page-double,need_svg,src/read-ui.js,410,js,ไอคอนเดี่ยว,,▥
I137,⤢,U+2922,expand,has_svg,src/read-ui.js,417,js,ไอคอนเดี่ยว,,⤢
I070,✕,U+2715,close,need_svg,src/read-ui.js,418,js,ไอคอนเดี่ยว,,✕
I097,✏,U+270F,edit,has_svg,src/record/record-ui.js,157,js,ไอคอนเดี่ยว,,✏
I075,🗑,U+1F5D1,trash,has_svg,src/record/record-ui.js,160,js,ไอคอนเดี่ยว,,🗑
I078,●,U+25CF,,keep_text,src/roster-ui.js,91,js,ไอคอนเดี่ยว,,●
I070,✕,U+2715,close,need_svg,src/roster-ui.js,142,js,ไอคอนเดี่ยว,,✕
I078,●,U+25CF,,keep_text,src/scene-ops.js,32,js,ไอคอนเดี่ยว,,●
I078,●,U+25CF,,keep_text,src/scene-ops.js,402,js,ไอคอนเดี่ยว,,●
I078,●,U+25CF,,keep_text,src/scene-props.js,82,js,ไอคอนเดี่ยว,,●
I120,▲,U+25B2,chevron-up,has_svg,src/scene-table.js,151,js,ไอคอนเดี่ยว,,▲
I114,▼,U+25BC,chevron-down,has_svg,src/scene-table.js,151,js,ไอคอนเดี่ยว,,▼
I073,📝,U+1F4DD,note,has_svg,src/scene-table.js,175,js,ไอคอนเดี่ยว,,📝
I109,🔒,U+1F512,lock,has_svg,src/scene-table.js,175,js,ไอคอนเดี่ยว,,🔒
I117,⭐,U+2B50,star,has_svg,src/scene-table.js,175,js,ไอคอนเดี่ยว,,⭐
I071,📄,U+1F4C4,file,has_svg,src/scene-table.js,175,js,ไอคอนเดี่ยว,,📄
I071,📄,U+1F4C4,file,has_svg,src/session-notes.js,88,js,ไอคอนเดี่ยว,,📄
I070,✕,U+2715,close,need_svg,src/session-notes.js,93,js,ไอคอนเดี่ยว,,✕
I099,✅,U+2705,check-circle,need_svg,src/session-notes.js,172,js,ไอคอนเดี่ยว,,✅
I084,📌,U+1F4CC,pin,need_svg,src/session-notes.js,172,js,ไอคอนเดี่ยว,,📌
I247,█,U+2588,,keep_text,src/sp-reports.js,299,js,ไอคอนเดี่ยว,,█
I248,░,U+2591,,keep_text,src/sp-reports.js,300,js,ไอคอนเดี่ยว,,░
I074,⚠,U+26A0,error,has_svg,src/sp-validator.js,151,js,ไอคอนเดี่ยว,,⚠
I086,✨,U+2728,magic,need_svg,src/starter/starter-ai.js,75,js,ไอคอนเดี่ยว,,✨
I119,⏹,U+23F9,stop,need_svg,src/starter/starter-ai.js,79,js,ไอคอนเดี่ยว,,⏹
I119,⏹,U+23F9,stop,need_svg,src/starter/starter-ai.js,86,js,ไอคอนเดี่ยว,,⏹
I086,✨,U+2728,magic,need_svg,src/starter/starter-ai.js,95,js,ไอคอนเดี่ยว,,✨
I110,👤,U+1F464,user,has_svg,src/starter/starter-cast.js,123,js,ไอคอนเดี่ยว,,👤
I100,📚,U+1F4DA,book-content,has_svg,src/starter/starter-cast.js,130,js,ไอคอนเดี่ยว,,📚
I113,🔖,U+1F516,bookmark,has_svg,src/starter/starter-cast.js,131,js,ไอคอนเดี่ยว,,🔖
I074,⚠,U+26A0,error,has_svg,src/starter/starter-cast.js,143,js,ไอคอนเดี่ยว,,⚠
I103,←,U+2190,arrow-left,need_svg,src/starter/starter-cast.js,207,js,ไอคอนเดี่ยว,,←
I119,⏹,U+23F9,stop,need_svg,src/starter/starter-chat.js,76,js,ไอคอนเดี่ยว,,⏹
I072,❌,U+274C,x,has_svg,src/starter/starter-chat.js,76,js,ไอคอนเดี่ยว,,❌
I103,←,U+2190,arrow-left,need_svg,src/starter/starter-chat.js,96,js,ไอคอนเดี่ยว,,←
I076,📖,U+1F4D6,book-open,has_svg,src/starter/starter-chat.js,149,js,ไอคอนเดี่ยว,,📖
I077,▶,U+25B6,play,need_svg,src/starter/starter-chat.js,151,js,ไอคอนเดี่ยว,,▶
I205,🎲,U+1F3B2,dice,need_svg,src/starter/starter-chat.js,160,js,ไอคอนเดี่ยว,,🎲
I206,🙂,U+1F642,smile,need_svg,src/starter/starter-chat.js,161,js,ไอคอนเดี่ยว,,🙂
I179,↳,U+21B3,subdirectory-right,need_svg,src/starter/starter-chat.js,170,js,ไอคอนเดี่ยว,,↳
I132,⏳,U+23F3,hourglass,need_svg,src/starter/starter-chat.js,185,js,ไอคอนเดี่ยว,,⏳
I119,⏹,U+23F9,stop,need_svg,src/starter/starter-chat.js,186,js,ไอคอนเดี่ยว,,⏹
I119,⏹,U+23F9,stop,need_svg,src/starter/starter-chat.js,189,js,ไอคอนเดี่ยว,,⏹
I073,📝,U+1F4DD,note,has_svg,src/starter/starter-chat.js,252,js,ไอคอนเดี่ยว,,📝
I076,📖,U+1F4D6,book-open,has_svg,src/starter/starter-export.js,30,js,ไอคอนเดี่ยว,,📖
I081,🎬,U+1F3AC,film,has_svg,src/starter/starter-export.js,31,js,ไอคอนเดี่ยว,,🎬
I249,♀,U+2640,,keep_text,src/starter/starter-model.js,34,js,ไอคอนเดี่ยว,,♀
I250,♂,U+2642,,keep_text,src/starter/starter-model.js,35,js,ไอคอนเดี่ยว,,♂
I251,⚧,U+26A7,,keep_text,src/starter/starter-model.js,36,js,ไอคอนเดี่ยว,,⚧
I252,🌱,U+1F331,leaf,need_svg,src/starter/starter-model.js,53,js,ไอคอนเดี่ยว,,🌱
I091,⚙,U+2699,cog,has_svg,src/starter/starter-model.js,54,js,ไอคอนเดี่ยว,,⚙
I207,↶,U+21B6,undo,need_svg,src/starter/starter-richtext.js,28,js,ไอคอนเดี่ยว,,↶
I208,↷,U+21B7,redo,need_svg,src/starter/starter-richtext.js,29,js,ไอคอนเดี่ยว,,↷
I253,❝,U+275D,quote-left,has_svg,src/starter/starter-richtext.js,39,js,ไอคอนเดี่ยว,,❝
I209,⇤,U+21E4,outdent,need_svg,src/starter/starter-richtext.js,41,js,ไอคอนเดี่ยว,,⇤
I115,↔,U+2194,swap,need_svg,src/starter/starter-richtext.js,42,js,ไอคอนเดี่ยว,,↔
I159,⇥,U+21E5,indent,need_svg,src/starter/starter-richtext.js,43,js,ไอคอนเดี่ยว,,⇥
I070,✕,U+2715,close,need_svg,src/starter/starter-richtext.js,49,js,ไอคอนเดี่ยว,,✕
I080,🖼,U+1F5BC,image,has_svg,src/starter/starter-richtext.js,118,js,ไอคอนเดี่ยว,,🖼
I102,🔗,U+1F517,link,has_svg,src/starter/starter-richtext.js,142,js,ไอคอนเดี่ยว,,🔗
I103,←,U+2190,arrow-left,need_svg,src/starter/starter-scenario.js,126,js,ไอคอนเดี่ยว,,←
I097,✏,U+270F,edit,has_svg,src/starter/starter-scenario.js,154,js,ไอคอนเดี่ยว,,✏
I073,📝,U+1F4DD,note,has_svg,src/starter/starter-scenario.js,160,js,ไอคอนเดี่ยว,,📝
I156,🧭,U+1F9ED,compass,need_svg,src/starter/starter-scenario.js,169,js,ไอคอนเดี่ยว,,🧭
I179,↳,U+21B3,subdirectory-right,need_svg,src/starter/starter-scenario.js,244,js,ไอคอนเดี่ยว,,↳
I091,⚙,U+2699,cog,has_svg,src/starter/starter-scenario.js,262,js,ไอคอนเดี่ยว,,⚙
I073,📝,U+1F4DD,note,has_svg,src/starter/starter-scenario.js,271,js,ไอคอนเดี่ยว,,📝
I091,⚙,U+2699,cog,has_svg,src/starter/starter-scenario.js,333,js,ท้ายข้อความ,,· ⚙
I091,⚙,U+2699,cog,has_svg,src/starter/starter-scenario.js,425,js,ไอคอนเดี่ยว,,⚙
I254,❓,U+2753,help,need_svg,src/starter/starter-steps-def.js,19,js,ไอคอนเดี่ยว,,❓
I255,🕓,U+1F553,time,need_svg,src/starter/starter-steps-def.js,20,js,ไอคอนเดี่ยว,,🕓
I088,📍,U+1F4CD,map,has_svg,src/starter/starter-steps-def.js,21,js,ไอคอนเดี่ยว,,📍
I127,🎯,U+1F3AF,target,need_svg,src/starter/starter-steps-def.js,22,js,ไอคอนเดี่ยว,,🎯
I098,🏷,U+1F3F7,tag,need_svg,src/starter/starter-steps-def.js,59,js,ไอคอนเดี่ยว,,🏷
I076,📖,U+1F4D6,book-open,has_svg,src/starter/starter-steps-def.js,63,js,ไอคอนเดี่ยว,,📖
I180,👥,U+1F465,group,need_svg,src/starter/starter-steps-def.js,68,js,ไอคอนเดี่ยว,,👥
I156,🧭,U+1F9ED,compass,need_svg,src/starter/starter-steps-def.js,72,js,ไอคอนเดี่ยว,,🧭
I080,🖼,U+1F5BC,image,has_svg,src/starter/starter-steps-def.js,76,js,ไอคอนเดี่ยว,,🖼
I086,✨,U+2728,magic,need_svg,src/starter/starter-ui.js,168,js,นำหน้าข้อความ,,✨ Story Starter
I107,📥,U+1F4E5,import,need_svg,src/starter/starter-ui.js,173,js,ไอคอนเดี่ยว,,📥
I076,📖,U+1F4D6,book-open,has_svg,src/starter/starter-ui.js,214,js,ไอคอนเดี่ยว,,📖
I090,📤,U+1F4E4,export,need_svg,src/starter/starter-ui.js,233,js,ไอคอนเดี่ยว,,📤
I103,←,U+2190,arrow-left,need_svg,src/starter/starter-wizard.js,41,js,ไอคอนเดี่ยว,,←
I103,←,U+2190,arrow-left,need_svg,src/starter/starter-wizard.js,94,js,ไอคอนเดี่ยว,,←
I069,→,U+2192,,keep_text,src/starter/starter-wizard.js,136,js,ไอคอนเดี่ยว,,→
I256,▬,U+25AC,gantt,need_svg,src/timeline-ui.js,32,js,นำหน้าข้อความ,,▬ Gantt
I071,📄,U+1F4C4,file,has_svg,src/timeline-ui.js,117,js,ไอคอนเดี่ยว,,📄
I102,🔗,U+1F517,link,has_svg,src/timeline-ui.js,117,js,ไอคอนเดี่ยว,,🔗
I069,→,U+2192,,keep_text,src/timeline-ui.js,118,js,ไอคอนเดี่ยว,,→
I102,🔗,U+1F517,link,has_svg,src/timeline-ui.js,119,js,ไอคอนเดี่ยว,,🔗
I069,→,U+2192,,keep_text,src/timeline-ui.js,147,js,ไอคอนเดี่ยว,,→
I071,📄,U+1F4C4,file,has_svg,src/timeline-ui.js,148,js,ไอคอนเดี่ยว,,📄
I073,📝,U+1F4DD,note,has_svg,src/timeline-ui.js,155,js,ไอคอนเดี่ยว,,📝
I071,📄,U+1F4C4,file,has_svg,src/timeline-ui.js,155,js,ไอคอนเดี่ยว,,📄
I073,📝,U+1F4DD,note,has_svg,src/timeline-ui.js,166,js,ไอคอนเดี่ยว,,📝
I078,●,U+25CF,,keep_text,src/toolbar/toolbar-ui.js,205,js,ไอคอนเดี่ยว,,●
I078,●,U+25CF,,keep_text,src/toolbar/toolbar-ui.js,206,js,ไอคอนเดี่ยว,,●
I078,●,U+25CF,,keep_text,src/toolbar/toolbar-ui.js,376,js,ไอคอนเดี่ยว,,●
I123,↑,U+2191,arrow-up,need_svg,src/toolbar/toolbar-ui.js,494,js,ไอคอนเดี่ยว,,↑
I124,↓,U+2193,arrow-down,need_svg,src/toolbar/toolbar-ui.js,497,js,ไอคอนเดี่ยว,,↓
I070,✕,U+2715,close,need_svg,src/toolbar/toolbar-ui.js,500,js,ไอคอนเดี่ยว,,✕
I070,✕,U+2715,close,need_svg,src/tools/thesaurus-ui.js,58,js,ไอคอนเดี่ยว,,✕
I144,⚔,U+2694,conflict,need_svg,src/visual-tags.js,6,js,ไอคอนเดี่ยว,,⚔
I082,💬,U+1F4AC,chat,has_svg,src/visual-tags.js,7,js,ไอคอนเดี่ยว,,💬
I079,🔍,U+1F50D,search,has_svg,src/visual-tags.js,8,js,ไอคอนเดี่ยว,,🔍
I257,🔮,U+1F52E,crystal-ball,need_svg,src/visual-tags.js,9,js,ไอคอนเดี่ยว,,🔮
I167,⏪,U+23EA,rewind,need_svg,src/visual-tags.js,10,js,ไอคอนเดี่ยว,,⏪
I113,🔖,U+1F516,bookmark,has_svg,src/visual-tags.js,116,js,ไอคอนเดี่ยว,,🔖
I070,✕,U+2715,close,need_svg,src/visual-tags.js,120,js,ไอคอนเดี่ยว,,✕
I144,⚔,U+2694,conflict,need_svg,src/visual-tags.js,133,js,ไอคอนเดี่ยว,,⚔
I113,🔖,U+1F516,bookmark,has_svg,src/visual-tags.js,145,js,ไอคอนเดี่ยว,,🔖
I150,◀,U+25C0,chevron-left,need_svg,src/visual/vis-player.js,38,js,ไอคอนเดี่ยว,,◀
I077,▶,U+25B6,play,need_svg,src/visual/vis-player.js,41,js,ไอคอนเดี่ยว,,▶
I139,👁,U+1F441,eye,has_svg,src/visual/vis-player.js,43,js,ไอคอนเดี่ยว,,👁
I070,✕,U+2715,close,need_svg,src/visual/vis-player.js,45,js,ไอคอนเดี่ยว,,✕
I081,🎬,U+1F3AC,film,has_svg,src/visual/vis-ui.js,85,js,ไอคอนเดี่ยว,,🎬
I081,🎬,U+1F3AC,film,has_svg,src/visual/vis-ui.js,89,js,ไอคอนเดี่ยว,,🎬
I133,☑,U+2611,checkbox-checked,need_svg,src/visual/vis-ui.js,186,js,ไอคอนเดี่ยว,,☑
I134,☐,U+2610,checkbox,need_svg,src/visual/vis-ui.js,186,js,ไอคอนเดี่ยว,,☐
I120,▲,U+25B2,chevron-up,has_svg,src/visual/vis-ui.js,191,js,ไอคอนเดี่ยว,,▲
I120,▲,U+25B2,chevron-up,has_svg,src/visual/vis-ui.js,279,js,ไอคอนเดี่ยว,,▲
I114,▼,U+25BC,chevron-down,has_svg,src/visual/vis-ui.js,282,js,ไอคอนเดี่ยว,,▼
I070,✕,U+2715,close,need_svg,src/visual/vis-ui.js,292,js,ไอคอนเดี่ยว,,✕
I120,▲,U+25B2,chevron-up,has_svg,src/visual/vis-ui.js,309,js,ไอคอนเดี่ยว,,▲
I114,▼,U+25BC,chevron-down,has_svg,src/visual/vis-ui.js,311,js,ไอคอนเดี่ยว,,▼
I070,✕,U+2715,close,need_svg,src/visual/vis-ui.js,313,js,ไอคอนเดี่ยว,,✕
I163,⇄,U+21C4,swap,need_svg,src/visual/vis-ui.js,350,js,ไอคอนเดี่ยว,,⇄
I070,✕,U+2715,close,need_svg,src/visual/vis-ui.js,361,js,ไอคอนเดี่ยว,,✕
I163,⇄,U+21C4,swap,need_svg,src/visual/vis-ui.js,393,js,ไอคอนเดี่ยว,,⇄
I113,🔖,U+1F516,bookmark,has_svg,src/wiki-ui.js,29,js,ไอคอนเดี่ยว,,🔖
I113,🔖,U+1F516,bookmark,has_svg,src/wiki-ui.js,34,js,ไอคอนเดี่ยว,,🔖
I113,🔖,U+1F516,bookmark,has_svg,src/wiki-ui.js,47,js,ไอคอนเดี่ยว,,🔖
I089,🔄,U+1F504,refresh,need_svg,src/wiki-ui.js,217,js,ไอคอนเดี่ยว,,🔄
I072,❌,U+274C,x,has_svg,src/wiki-ui.js,342,js,ไอคอนเดี่ยว,,❌
I118,↻,U+21BB,refresh,need_svg,src/world-story/auto-link-ui.js,145,js,ไอคอนเดี่ยว,,↻
I017,,,chat,has_svg,src/ai/ai-hub-def.js,36,js,เรียกด้วยชื่อ,,"{ id: 'chat', group: 'talk', cmd: 'ai-chat-toggle', panel: 'ai-chat', icon: 'chat',"
I017,,,chat,has_svg,src/ai/ai-hub-def.js,38,js,เรียกด้วยชื่อ,,"{ id: 'dlgb', group: 'talk', cmd: 'toggle-panel', args: ['dlgb'], panel: 'dlgb', icon: 'ch"
I017,,,chat,has_svg,src/ai/ai-hub-def.js,46,js,เรียกด้วยชื่อ,,"{ id: 'dialogue', group: 'write', cmd: 'ai-dialogue', icon: 'chat', needsScene: true,"
I017,,,chat,has_svg,src/panels/panel-ui.js,54,js,เรียกด้วยชื่อ,,"{ id: 'comments',  title: t('ui.common.comment'),        icon: 'chat',         adopt: '#co"
I017,,,chat,has_svg,src/panels/panel-ui.js,86,js,เรียกด้วยชื่อ,,"{ id: 'ai-chat', dockW: 640,   title: t('ui.common.aIAssistantWrite'),       icon: 'chat',"
I017,,,chat,has_svg,src/panels/panel-ui.js,115,js,เรียกด้วยชื่อ,,"{ id: 'dialogue', minW: 460, dockW: 620, title: t('ui.panel.dialogueTitle'), icon: 'chat',"
I017,,,chat,has_svg,src/panels/panel-ui.js,120,js,เรียกด้วยชื่อ,,"{ id: 'dlgb', minW: 420, dockW: 620, title: t('ui.panel.dlgbTitle'), icon: 'chat',"
I017,,,chat,has_svg,src/relationship-types.js,11,js,เรียกด้วยชื่อ,,"{ key: 'acquaintance', label: 'รู้จัก',          color: '#abb2bf', icon: 'chat' },"
I017,,,chat,has_svg,src/sensory-profile.js,8,js,เรียกด้วยชื่อ,,"{ key: 'sound', label: t('ui.sensory.thingHear'), icon: 'chat', hint: t('ui.sensory.egSoun"
I017,,,chat,has_svg,renderer/index.html,141,js,เรียกด้วยชื่อ,,"<button id=""tb-ai-chat"" class=""tb tb-toggle"" title=""AI ผู้ช่วยเขียน (กดซ้ำ = ปิดแผง)"" data"
I017,,,chat,has_svg,renderer/index.html,151,js,เรียกด้วยชื่อ,,"<button id=""tb-dialogue"" class=""tb tb-toggle"" title=""บทพูดทั้งผลงาน (Ctrl+Alt+L)"" data-i18"
I017,,,chat,has_svg,renderer/index.html,152,js,เรียกด้วยชื่อ,,"<button id=""tb-dlgb"" class=""tb tb-toggle"" title=""ห้องซ้อมบท — ให้ AI สวมบทตัวละครคุยกัน"" d"
I017,,,chat,has_svg,renderer/index.html,168,js,เรียกด้วยชื่อ,,"<button id=""tb-comments"" class=""tb tb-toggle"" title=""คอมเมนต์ (Ctrl+Alt+O)"" data-i18n-titl"
I009,,,book-content,has_svg,src/ai/ai-hub-def.js,41,js,เรียกด้วยชื่อ,,"icon: 'book-content', label: t('ui.aiHub.iStarter'), desc: t('ui.aiHub.iStarterDesc') },"
I009,,,book-content,has_svg,src/app.js,4111,js,เรียกด้วยชื่อ,,"dRow.append(icon('book-content', 13), ' ' + tt('ui.tree.draftLabel'));"
I009,,,book-content,has_svg,src/panels/panel-ui.js,37,js,เรียกด้วยชื่อ,,"{ id: 'tree',      title: t('ui.common.project'),      icon: 'book-content', adopt: '#tree"
I009,,,book-content,has_svg,src/panels/panel-ui.js,61,js,เรียกด้วยชื่อ,,"{ id: 'books', minW: 400, dockW: 640,     title: t('ui.common.manageBook'),       icon: 'b"
I009,,,book-content,has_svg,src/panels/panel-ui.js,64,js,เรียกด้วยชื่อ,,"{ id: 'chapters', minW: 400, dockW: 640, title: t('ui.chapters.title'), icon: 'book-conten"
I009,,,book-content,has_svg,src/panels/panel-ui.js,108,js,เรียกด้วยชื่อ,,"{ id: 'codex', dockW: 680,     title: t('ui.panel.codex'),      icon: 'book-content',  ado"
I009,,,book-content,has_svg,src/panels/panel-ui.js,124,js,เรียกด้วยชื่อ,,"{ id: 'starter', minW: 460, dockW: 680, title: t('ui.panel.starterTitle'), icon: 'book-con"
I009,,,book-content,has_svg,src/toolbar/fab-config.js,36,js,เรียกด้วยชื่อ,,"{ id: 'lore',      cmd: 'new-entity', args: ['lore'],       icon: 'book-content', grp: 'cr"
I009,,,book-content,has_svg,src/toolbar/fab-config.js,55,js,เรียกด้วยชื่อ,,"{ id: 'export',    cmd: 'export-hub',   icon: 'book-content', grp: 'file',   labelKey: 'ui"
I009,,,book-content,has_svg,renderer/index.html,120,js,เรียกด้วยชื่อ,,"<button id=""tb-tree-panel""    class=""tb tb-toggle"" title=""โปรเจกต์ (Explorer)"" data-i18n-t"
I009,,,book-content,has_svg,renderer/index.html,147,js,เรียกด้วยชื่อ,,"<button id=""tb-codex"" class=""tb tb-toggle"" title=""📚 สารานุกรม (Codex — เอนทิตี้ Wiki ทั้ง"
I009,,,book-content,has_svg,renderer/index.html,159,js,เรียกด้วยชื่อ,,"<button id=""tb-chapters"" class=""tb tb-toggle"" title=""จัดการบท (Ctrl+Alt+Shift+K)"" data-i18"
I009,,,book-content,has_svg,renderer/index.html,188,js,เรียกด้วยชื่อ,,"<div id=""tree-head""><span data-icon=""book-content"" data-icon-size=""16""></span> <span data-"
I028,,,edit,has_svg,src/ai/ai-hub-def.js,44,js,เรียกด้วยชื่อ,,"{ id: 'assistant', group: 'write', cmd: 'ai-assistant', icon: 'edit', needsScene: true,"
I028,,,edit,has_svg,src/app.js,4737,js,เรียกด้วยชื่อ,,"{ label: iconHtml('edit', 14) + tt('ui.app.editCatNameIcon'), click: () => editWikiCat(cat"
I028,,,edit,has_svg,src/app.js,4739,js,เรียกด้วยชื่อ,,"else items.push('-', { label: iconHtml('edit', 14) + tt('ui.app.changeIconNameShow'), clic"
I028,,,edit,has_svg,src/sensory-profile.js,10,js,เรียกด้วยชื่อ,,"{ key: 'touch', label: t('ui.sensory.touch'), icon: 'edit', hint: t('ui.sensory.egBg') },"
I028,,,edit,has_svg,src/toolbar/fab-config.js,41,js,เรียกด้วยชื่อ,,"{ id: 'quicknote', cmd: 'quick-note',   icon: 'edit',         grp: 'write',  labelKey: 'ui"
I028,,,edit,has_svg,src/wiki.js,114,js,เรียกด้วยชื่อ,,"items.push({ label: iconHtml('edit', 14) + tt('ui.wiki.changeName'), click: async () => {"
I028,,,edit,has_svg,src/wiki.js,580,js,เรียกด้วยชื่อ,,"edit.innerHTML = iconHtml('edit', 14);"
I028,,,edit,has_svg,renderer/index.html,131,js,เรียกด้วยชื่อ,,"<button id=""tb-typewriter"" class=""tb tb-toggle"" title=""โหมดเครื่องพิมพ์ดีด (Ctrl+Shift+T)"""
I022,,,clipboard,has_svg,src/ai/ai-hub-def.js,48,js,เรียกด้วยชื่อ,,"{ id: 'summary', group: 'write', cmd: 'ai-summary', icon: 'clipboard', needsScene: true,"
I022,,,clipboard,has_svg,src/app.js,2199,js,เรียกด้วยชื่อ,,"items.push({ label: iconHtml('clipboard', 14) + tt('ui.app.settingsFormatCheckChapter'), c"
I022,,,clipboard,has_svg,src/panels/panel-ui.js,44,js,เรียกด้วยชื่อ,,"{ id: 'props',     title: t('ui.common.props'),      icon: 'clipboard',    adopt: '#props-"
I022,,,clipboard,has_svg,src/panels/panel-ui.js,97,js,เรียกด้วยชื่อ,,"{ id: 'planner-props', title: t('ui.panel.propsPlanner'), icon: 'clipboard', adopt: '#plan"
I022,,,clipboard,has_svg,src/toolbar/fab-config.js,37,js,เรียกด้วยชื่อ,,"{ id: 'memo',      cmd: 'memo',         icon: 'clipboard',    grp: 'create', labelKey: 'ui"
I022,,,clipboard,has_svg,renderer/index.html,122,js,เรียกด้วยชื่อ,,"<button id=""tb-props-panel""   class=""tb tb-toggle"" title=""คุณสมบัติ"" data-i18n-title=""ui.h"
I022,,,clipboard,has_svg,renderer/index.html,170,js,เรียกด้วยชื่อ,,"<button id=""tb-log"" class=""tb tb-toggle"" title=""บันทึกการทำงาน"" data-i18n-title=""ui.html.t"
I060,,,star,has_svg,src/ai/ai-hub-def.js,50,js,เรียกด้วยชื่อ,,"{ id: 'title', group: 'write', cmd: 'ai-title', icon: 'star',"
I060,,,star,has_svg,src/relationship-types.js,6,js,เรียกด้วยชื่อ,,"{ key: 'romantic',     label: 'คนรัก',          color: '#e06ca0', icon: 'star' },"
I060,,,star,has_svg,src/sensory-profile.js,11,js,เรียกด้วยชื่อ,,"{ key: 'taste', label: t('ui.sensory.taste'), icon: 'star', hint: t('ui.sensory.eg') },"
I060,,,star,has_svg,src/toolbar/fab-config.js,38,js,เรียกด้วยชื่อ,,"{ id: 'template',  cmd: 'new-from-template', icon: 'star',    grp: 'create', labelKey: 'ui"
I060,,,star,has_svg,src/wiki.js,567,js,เรียกด้วยชื่อ,,"star.innerHTML = iconHtml('star', 14);"
I013,,,brain,has_svg,src/ai/ai-hub-def.js,54,js,เรียกด้วยชื่อ,,"{ id: 'analyzer', group: 'check', cmd: 'ai-analyzer', panel: 'ai-analyzer', icon: 'brain',"
I013,,,brain,has_svg,src/ai-analyzer-ui.js,588,js,เรียกด้วยชื่อ,,"title.innerHTML = iconHtml('brain', 18) + ' ' + t('panel.aiAnalyzerTitle');"
I013,,,brain,has_svg,src/ai-hub-ui.js,89,js,เรียกด้วยชื่อ,,"ico.innerHTML = iconHtml(it.icon || 'brain', 18);"
I013,,,brain,has_svg,src/panels/panel-ui.js,78,js,เรียกด้วยชื่อ,,"{ id: 'ai-analyzer', minW: 400, dockW: 640, title: t('ui.common.aIAnalyze'),  icon: 'brain"
I013,,,brain,has_svg,src/panels/panel-ui.js,82,js,เรียกด้วยชื่อ,,"{ id: 'ai-hub', minW: 320, dockW: 420, title: t('ui.panel.aiHubTitle'), icon: 'brain',"
I013,,,brain,has_svg,src/wiki.js,145,js,เรียกด้วยชื่อ,,"b.innerHTML = iconHtml('brain', 14);"
I013,,,brain,has_svg,src/wiki.js,352,js,เรียกด้วยชื่อ,,"rl.innerHTML = iconHtml('brain', 14) + ' ' + P.subtitle;"
I013,,,brain,has_svg,renderer/index.html,139,js,เรียกด้วยชื่อ,,"<button id=""tb-ai-hub"" class=""tb tb-toggle"" title=""AI Hub — ทางเข้าเดียวของทุกความสามารถ A"
I013,,,brain,has_svg,renderer/index.html,145,js,เรียกด้วยชื่อ,,"<button id=""tb-ai-analyzer"" class=""tb tb-toggle"" title=""🧠 AI วิเคราะห์ (จังหวะเรื่อง · ตั"
I059,,,search,has_svg,src/ai/ai-hub-def.js,56,js,เรียกด้วยชื่อ,,"{ id: 'plot', group: 'check', cmd: 'ai-plot', icon: 'search',"
I059,,,search,has_svg,src/app.js,3475,js,เรียกด้วยชื่อ,,"chip.innerHTML = iconHtml('search', 14) + tt('ui.app.searchOnly') + treeScope.label + '  '"
I059,,,search,has_svg,src/app.js,4798,js,เรียกด้วยชื่อ,,"{ label: iconHtml('search', 14) + tt('ui.common.searchSceneFindOn'),"
I059,,,search,has_svg,src/panels/panel-ui.js,50,js,เรียกด้วยชื่อ,,"{ id: 'search', dockW: 360,    title: t('ui.panel.search'),          icon: 'search',      "
I059,,,search,has_svg,src/toolbar/fab-config.js,42,js,เรียกด้วยชื่อ,,"{ id: 'search',    cmd: 'global-search', icon: 'search',      grp: 'write',  labelKey: 'ui"
I059,,,search,has_svg,renderer/index.html,37,js,เรียกด้วยชื่อ,,"<button id=""search-all-btn"" class=""tb tb-txt tb-toggle"" data-icon=""search"" data-i18n=""ui.h"
I059,,,search,has_svg,renderer/index.html,119,js,เรียกด้วยชื่อ,,"<button id=""tb-gsearch"" class=""tb"" title=""ค้นหาทั้งโปรเจกต์ (Ctrl+Shift+F)"" data-i18n-titl"
I059,,,search,has_svg,renderer/index.html,123,js,เรียกด้วยชื่อ,,"<button id=""tb-search-panel""  class=""tb tb-toggle"" title=""ค้นหา"" data-i18n-title=""ui.html."
I059,,,search,has_svg,renderer/index.html,133,js,เรียกด้วยชื่อ,,"<button id=""tb-quickopen"" class=""tb"" title=""ค้นหาไฟล์ด่วน (Ctrl+Shift+O)"" data-i18n-title="
I018,,,check,has_svg,src/ai/ai-hub-def.js,58,js,เรียกด้วยชื่อ,,"{ id: 'consistency', group: 'check', cmd: 'ai-consistency', icon: 'check', needsScene: tru"
I018,,,check,has_svg,src/app.js,6852,js,เรียกด้วยชื่อ,,"statusLine.innerHTML = iconHtml('check', 14) + tt('ui.common.saveDone');"
I018,,,check,has_svg,src/gallery.js,530,js,เรียกด้วยชื่อ,,"mark.innerHTML = iconHtml('check', 12);"
I018,,,check,has_svg,src/wiki.js,216,js,เรียกด้วยชื่อ,,"saveBtn.innerHTML = iconHtml('check', 16) + tt('ui.common.saveDone');"
I038,,,globe,has_svg,src/ai/ai-hub-def.js,62,js,เรียกด้วยชื่อ,,"{ id: 'world', group: 'build', cmd: 'ai-world', icon: 'globe',"
I038,,,globe,has_svg,src/toolbar/fab-config.js,48,js,เรียกด้วยชื่อ,,"{ id: 'maps',      cmd: 'toggle-panel', args: ['maps'],      icon: 'globe',  grp: 'view', "
I025,,,cog,has_svg,src/ai/ai-hub-def.js,66,js,เรียกด้วยชื่อ,,"{ id: 'settings', group: 'setting', cmd: 'ai-settings', icon: 'cog',"
I025,,,cog,has_svg,src/ai-hub-ui.js,42,js,เรียกด้วยชื่อ,,"cog.innerHTML = iconHtml('cog', 14);"
I025,,,cog,has_svg,src/toolbar/fab-config.js,56,js,เรียกด้วยชื่อ,,"{ id: 'settings',  cmd: 'settings',     icon: 'cog',          grp: 'file',   labelKey: 'ui"
I025,,,cog,has_svg,src/wiki.js,260,js,เรียกด้วยชื่อ,,"tplBtn.className = 'wiki-tpl-btn'; tplBtn.innerHTML = iconHtml('cog', 14) + tt('ui.wiki.ch"
I006,,,arrow-down,missing,src/app.js,2183,js,เรียกด้วยชื่อ,,"items.push({ label: iconHtml('arrow-down', 14) + ttf('ui.app.itemItem', s.total),"
I048,,,list-ul,has_svg,src/app.js,2185,js,เรียกด้วยชื่อ,,"items.push({ label: iconHtml('list-ul', 14) + tt('ui.app.viewListAll'), click: () => showE"
I048,,,list-ul,has_svg,src/panels/panel-ui.js,39,js,เรียกด้วยชื่อ,,"{ id: 'outline',   title: 'Navigation',    icon: 'list-ul',      adopt: '#outline-panel', "
I048,,,list-ul,has_svg,renderer/index.html,97,js,เรียกด้วยชื่อ,,"<button id=""tb-ul"" class=""tb"" title=""รายการหัวข้อย่อย"" data-i18n-title=""ui.html.tbUl"" data"
I048,,,list-ul,has_svg,renderer/index.html,121,js,เรียกด้วยชื่อ,,"<button id=""tb-outline-panel"" class=""tb tb-toggle"" title=""นำทาง (โครงเรื่อง)"" data-i18n-ti"
I057,,,reset,has_svg,src/app.js,2191,js,เรียกด้วยชื่อ,,"items.push({ label: iconHtml('reset', 14) + tt('ui.app.checkNewChapter'), click: () => {"
I057,,,reset,has_svg,src/gallery.js,235,js,เรียกด้วยชื่อ,,"refresh.innerHTML = iconHtml('reset', 13);"
I057,,,reset,has_svg,renderer/index.html,129,js,เรียกด้วยชื่อ,,"<button id=""tb-close-all"" class=""tb"" title=""ปิดทุกแท็บ (Ctrl+Shift+W)"" data-i18n-title=""ui"
I057,,,reset,has_svg,renderer/index.html,286,js,เรียกด้วยชื่อ,,"<button id=""zoom-reset"" title=""รีเซ็ต (Ctrl+Shift+0)"" data-i18n-title=""ui.html.zoomReset"" "
I020,,,chevron-right,has_svg,src/app.js,3599,js,เรียกด้วยชื่อ,,"caret.innerHTML = iconHtml('chevron-right', 12);"
I036,,,folder,has_svg,src/app.js,4144,js,เรียกด้วยชื่อ,,"chHead.append(icon('folder', 14), ' ' + (ch.title || ''));"
I036,,,folder,has_svg,src/app.js,4593,js,เรียกด้วยชื่อ,,"ah.innerHTML = iconHtml(a.id === albumCore.ROOT_ALBUM ? 'archive' : 'folder', 12);"
I036,,,folder,has_svg,src/app.js,4642,js,เรียกด้วยชื่อ,,"it.innerHTML = iconHtml('folder', 14) + ' ' + d;"
I036,,,folder,has_svg,src/app.js,13981,js,เรียกด้วยชื่อ,,"const logReveal = el('span', 'k-panel-btn'); logReveal.innerHTML = iconHtml('folder', 14);"
I036,,,folder,has_svg,src/gallery.js,1197,js,เรียกด้วยชื่อ,,r.innerHTML = iconHtml(id === ALL_ALBUM ? 'image' : id === ROOT_ALBUM ? 'archive' : 'folde
I036,,,folder,has_svg,src/toolbar/fab-config.js,32,js,เรียกด้วยชื่อ,,"{ id: 'chapter',   cmd: 'chapter',      icon: 'folder',       grp: 'create', labelKey: 'ui"
I036,,,folder,has_svg,src/wiki.js,252,js,เรียกด้วยชื่อ,,"revBtn.className = 'wiki-ver-btn'; revBtn.innerHTML = iconHtml('folder', 14) + tt('ui.wiki"
I036,,,folder,has_svg,renderer/index.html,35,js,เรียกด้วยชื่อ,,"<button id=""open-btn"" class=""tb tb-txt"" data-icon=""folder"" data-i18n=""app.openProject"" dat"
I005,,,archive,has_svg,src/app.js,4593,js,เรียกด้วยชื่อ,,"ah.innerHTML = iconHtml(a.id === albumCore.ROOT_ALBUM ? 'archive' : 'folder', 12);"
I005,,,archive,has_svg,src/gallery.js,1197,js,เรียกด้วยชื่อ,,r.innerHTML = iconHtml(id === ALL_ALBUM ? 'image' : id === ROOT_ALBUM ? 'archive' : 'folde
I005,,,archive,has_svg,src/toolbar/fab-config.js,54,js,เรียกด้วยชื่อ,,"{ id: 'snapshot',  cmd: 'backup-now',   icon: 'archive',      grp: 'file',   labelKey: 'ui"
I005,,,archive,has_svg,renderer/index.html,192,js,เรียกด้วยชื่อ,,"<button id=""filter-archive-toggle"" data-i18n-attr=""title"" data-i18n=""panel.archiveToggle"" "
I055,,,plus,has_svg,src/app.js,4735,js,เรียกด้วยชื่อ,,"const items = [{ label: iconHtml('plus', 14) + tt('ui.app.newListNew'), click: () => addEn"
I055,,,plus,has_svg,src/app.js,4795,js,เรียกด้วยชื่อ,,"{ label: iconHtml('plus', 14) + tt('ui.app.newListNew'), click: () => addEntity(catDir, ca"
I055,,,plus,has_svg,src/gallery.js,269,js,เรียกด้วยชื่อ,,"plus.innerHTML = iconHtml('plus', 13);"
I055,,,plus,has_svg,src/wiki.js,440,js,เรียกด้วยชื่อ,,"addP.innerHTML = iconHtml('plus', 14); addP.title = tt('ui.wiki.addFieldDataItem');"
I055,,,plus,has_svg,src/wiki.js,466,js,เรียกด้วยชื่อ,,"addPr.innerHTML = iconHtml('plus', 14); addPr.title = tt('ui.wiki.addPrompt');"
I055,,,plus,has_svg,src/wiki.js,532,js,เรียกด้วยชื่อ,,"addImg.innerHTML = iconHtml('plus', 14); addImg.title = tt('ui.wiki.addImageFileCopy');"
I055,,,plus,has_svg,src/wiki.js,608,js,เรียกด้วยชื่อ,,"addR.innerHTML = iconHtml('plus', 14); addR.title = tt('ui.wiki.addRelation');"
I055,,,plus,has_svg,src/wiki.js,662,js,เรียกด้วยชื่อ,,const addSec = document.createElement('span'); addSec.className = 'row-add';     addSec.in
I055,,,plus,has_svg,renderer/index.html,284,js,เรียกด้วยชื่อ,,"<button id=""zoom-in"" title=""ขยาย (Ctrl+=)"" data-i18n-title=""ui.html.zoomIn"" data-icon=""plu"
I055,,,plus,has_svg,renderer/index.html,292,js,เรียกด้วยชื่อ,,"<span class=""k-fab-icon"" data-icon=""plus"" data-icon-size=""22""></span>"
I065,,,trash,has_svg,src/app.js,4738,js,เรียกด้วยชื่อ,,"{ label: iconHtml('trash', 14) + tt('ui.app.delCat'), danger: true, click: () => deleteWik"
I040,,,history,has_svg,src/app.js,4802,js,เรียกด้วยชื่อ,,"{ label: iconHtml('history', 14) + tt('ui.app.historyVersion'),"
I040,,,history,has_svg,src/panels/panel-ui.js,48,js,เรียกด้วยชื่อ,,"{ id: 'log', dockW: 420,       title: t('ui.common.save'),         icon: 'history',      a"
I040,,,history,has_svg,src/panels/panel-ui.js,67,js,เรียกด้วยชื่อ,,"{ id: 'timeline', minW: 620, dockW: 640,  title: t('ui.common.lineTime'),         icon: 'h"
I040,,,history,has_svg,src/panels/panel-ui.js,110,js,เรียกด้วยชื่อ,,"{ id: 'history', dockW: 420,   title: t('ui.common.historyRun'), icon: 'history',       ad"
I040,,,history,has_svg,src/toolbar/fab-config.js,47,js,เรียกด้วยชื่อ,,"{ id: 'timeline',  cmd: 'toggle-panel', args: ['timeline'],  icon: 'history', grp: 'view',"
I040,,,history,has_svg,src/wiki.js,223,js,เรียกด้วยชื่อ,,"verBtn.className = 'wiki-ver-btn'; verBtn.innerHTML = iconHtml('history', 14) + tt('ui.wik"
I040,,,history,has_svg,renderer/index.html,148,js,เรียกด้วยชื่อ,,"<button id=""tb-history"" class=""tb tb-toggle"" title=""🕘 ประวัติการทำงาน (ย้อนกลับไปจุดไหนก็"
I040,,,history,has_svg,renderer/index.html,156,js,เรียกด้วยชื่อ,,"<button id=""tb-timeline"" class=""tb tb-toggle"" title=""เส้นเวลา (Ctrl+Alt+T)"" data-i18n-titl"
I034,,,file,has_svg,src/app.js,5032,js,เรียกด้วยชื่อ,,"label: iconHtml('file', 14) + ' ' + (l.title || l.sceneId) +"
I034,,,file,has_svg,src/app.js,14568,js,เรียกด้วยชื่อ,,"if (el) el.innerHTML = iconHtml('file', 14) + ' ' + total + tt('ui.common.scene');"
I034,,,file,has_svg,src/panels/panel-ui.js,42,js,เรียกด้วยชื่อ,,"{ id: 'docs',      title: t('ui.panel.doc'),         icon: 'file',         adopt: '#conten"
I034,,,file,has_svg,src/panels/panel-ui.js,105,js,เรียกด้วยชื่อ,,"{ id: 'player', dockW: 440,    title: t('ui.common.trialPlay'),       icon: 'file',       "
I034,,,file,has_svg,src/toolbar/fab-config.js,31,js,เรียกด้วยชื่อ,,"{ id: 'scene',     cmd: 'scene',        icon: 'file',         grp: 'create', labelKey: 'ui"
I031,,,extension,has_svg,src/app.js,7503,js,เรียกด้วยชื่อ,,"title: opts.title || id || name, icon: opts.icon || 'extension',"
I031,,,extension,has_svg,src/panels/panel-ui.js,127,js,เรียกด้วยชื่อ,,"{ id: 'plugins', minW: 420, dockW: 520, title: t('ui.panel.pluginsTitle'), icon: 'extensio"
I031,,,extension,has_svg,renderer/index.html,153,js,เรียกด้วยชื่อ,,"<button id=""tb-plugins"" class=""tb tb-toggle"" title=""ปลั๊กอิน (Ctrl+Alt+E)"" data-i18n-title"
I031,,,extension,has_svg,renderer/index.html,171,js,เรียกด้วยชื่อ,,"<button id=""tb-plug"" class=""tb"" title=""คำสั่งจากปลั๊กอิน"" data-i18n-title=""ui.html.tbPlug"""
I035,,,film,has_svg,src/app.js,8666,js,เรียกด้วยชื่อ,,"b.innerHTML = (sp ? iconHtml('film', 16) : iconHtml('book', 16)) + (sp ? tt('ui.app.chapte"
I035,,,film,has_svg,src/app.js,8927,js,เรียกด้วยชื่อ,,"b.innerHTML = iconHtml('film', 14) + ' ' + SP_ELEMS[elName].th + ' ▾';"
I035,,,film,has_svg,src/app.js,13708,js,เรียกด้วยชื่อ,,"{ label: iconHtml('film', 14) + ' ' + (cur === 'screenplay' ? '✓ ' : '') + tt('ui.common.c"
I035,,,film,has_svg,src/app.js,14588,js,เรียกด้วยชื่อ,,"if (tab?.sp) modeEl.append(icon('film', 14), tt('ui.app.chapterFilm'));"
I035,,,film,has_svg,src/gallery/album-tags.js,17,js,เรียกด้วยชื่อ,,"'~': { key: 'scene',  label: tt('ui.common.scene2'),      icon: 'film' },"
I035,,,film,has_svg,renderer/index.html,166,js,เรียกด้วยชื่อ,,"<button id=""tb-player"" class=""tb tb-toggle"" title=""ทดลองเล่น (Ctrl+Alt+Y)"" data-i18n-title"
I008,,,book,has_svg,src/app.js,8666,js,เรียกด้วยชื่อ,,"b.innerHTML = (sp ? iconHtml('film', 16) : iconHtml('book', 16)) + (sp ? tt('ui.app.chapte"
I008,,,book,has_svg,src/app.js,13707,js,เรียกด้วยชื่อ,,"{ label: iconHtml('book', 14) + ' ' + (cur === 'prose' ? '✓ ' : '') + tt('ui.app.novel3'),"
I008,,,book,has_svg,src/app.js,14589,js,เรียกด้วยชื่อ,,"else if (tab?.editor) modeEl.append(icon('book', 14), tt('ui.app.novel'));"
I008,,,book,has_svg,src/relationship-types.js,10,js,เรียกด้วยชื่อ,,"{ key: 'mentor',       label: 'ผู้สอน/อาจารย์',  color: '#98c379', icon: 'book' },"
I008,,,book,has_svg,renderer/index.html,158,js,เรียกด้วยชื่อ,,"<button id=""tb-books"" class=""tb tb-toggle"" title=""จัดการเล่ม (Ctrl+Alt+K)"" data-i18n-title"
I026,,,crosshair,has_svg,src/app.js,13233,js,เรียกด้วยชื่อ,,"here.innerHTML = iconHtml('crosshair', 15);"
I058,,,save,has_svg,src/app.js,14601,js,เรียกด้วยชื่อ,,"saveEl.append(icon('save', 12));"
I058,,,save,has_svg,src/toolbar/fab-config.js,53,js,เรียกด้วยชื่อ,,"{ id: 'saveall',   cmd: 'save-all',     icon: 'save',         grp: 'file',   labelKey: 'ui"
I058,,,save,has_svg,src/wiki.js,214,js,เรียกด้วยชื่อ,,"saveBtn.innerHTML = iconHtml('save', 16) + tt('ui.wiki.saveCtrlS');"
I058,,,save,has_svg,src/wiki.js,217,js,เรียกด้วยชื่อ,,"setTimeout(() => { saveBtn.innerHTML = iconHtml('save', 16) + tt('ui.wiki.saveCtrlS'); }, "
I058,,,save,has_svg,renderer/index.html,21,js,เรียกด้วยชื่อ,,"<span id=""tb-dirty-dot"" style=""display:none"" title="""" data-icon=""save""></span>"
I058,,,save,has_svg,renderer/index.html,36,js,เรียกด้วยชื่อ,,"<button id=""save-all-btn"" class=""tb tb-txt"" style=""display:none"" data-icon=""save"" data-i18"
I067,,,user,has_svg,src/core.js,456,js,เรียกด้วยชื่อ,,"export const CAT_ICON = { characters: 'user', locations: 'map', items: 'briefcase', lore: "
I067,,,user,has_svg,src/gallery/album-tags.js,16,js,เรียกด้วยชื่อ,,"'@': { key: 'entity', label: tt('ui.common.msg7'), icon: 'user' },"
I067,,,user,has_svg,src/relationship-types.js,7,js,เรียกด้วยชื่อ,,"{ key: 'ally',         label: 'พันธมิตร',       color: '#61afef', icon: 'user' },"
I067,,,user,has_svg,src/toolbar/fab-config.js,33,js,เรียกด้วยชื่อ,,"{ id: 'character', cmd: 'new-entity', args: ['characters'], icon: 'user',    grp: 'create'"
I051,,,map,has_svg,src/core.js,456,js,เรียกด้วยชื่อ,,"export const CAT_ICON = { characters: 'user', locations: 'map', items: 'briefcase', lore: "
I051,,,map,has_svg,src/panels/panel-ui.js,100,js,เรียกด้วยชื่อ,,"{ id: 'floorplan', dockW: 640, title: t('ui.common.graphArea'),      icon: 'map',         "
I051,,,map,has_svg,src/toolbar/fab-config.js,34,js,เรียกด้วยชื่อ,,"{ id: 'location',  cmd: 'new-entity', args: ['locations'],  icon: 'map',     grp: 'create'"
I051,,,map,has_svg,renderer/index.html,157,js,เรียกด้วยชื่อ,,"<button id=""tb-maps"" class=""tb tb-toggle"" title=""แผนที่ (Ctrl+Alt+M)"" data-i18n-title=""ui."
I051,,,map,has_svg,renderer/index.html,165,js,เรียกด้วยชื่อ,,"<button id=""tb-floorplan"" class=""tb tb-toggle"" title=""ผังพื้นที่ (Ctrl+Alt+F)"" data-i18n-t"
I014,,,briefcase,has_svg,src/core.js,456,js,เรียกด้วยชื่อ,,"export const CAT_ICON = { characters: 'user', locations: 'map', items: 'briefcase', lore: "
I014,,,briefcase,has_svg,src/toolbar/fab-config.js,35,js,เรียกด้วยชื่อ,,"{ id: 'item',      cmd: 'new-entity', args: ['items'],      icon: 'briefcase',    grp: 'cr"
I011,,,bookmark,has_svg,src/core.js,456,js,เรียกด้วยชื่อ,,"export const CAT_ICON = { characters: 'user', locations: 'map', items: 'briefcase', lore: "
I011,,,bookmark,has_svg,src/gallery/album-tags.js,15,js,เรียกด้วยชื่อ,,"'#': { key: 'plain',  label: tt('ui.common.msg4'),   icon: 'bookmark' },"
I011,,,bookmark,has_svg,src/relationship-types.js,13,js,เรียกด้วยชื่อ,,"{ key: 'custom',       label: 'อื่น ๆ',          color: '#c678dd', icon: 'bookmark' },"
I011,,,bookmark,has_svg,src/wiki.js,240,js,เรียกด้วยชื่อ,,"scBtn.className = 'wiki-sc-btn'; scBtn.innerHTML = iconHtml('bookmark', 14) + tt('ui.wiki."
I011,,,bookmark,has_svg,src/wiki.js,284,js,เรียกด้วยชื่อ,,"const fallbackIcon = () => iconHtml(CAT_ICON[this.e.entityTypeKey] || 'bookmark', 32);"
I011,,,bookmark,has_svg,renderer/index.html,169,js,เรียกด้วยชื่อ,,"<button id=""tb-notes-panel"" class=""tb tb-toggle"" title=""สมุดโน้ตด่วน"" data-i18n-title=""ui."
I023,,,cloud-lightning,has_svg,src/dialogs.js,287,js,เรียกด้วยชื่อ,,"box.innerHTML = tf('ui.dlg.alphaItemLevelUser', t('settings.title'), t('settings.general')"
I023,,,cloud-lightning,has_svg,src/relationship-types.js,8,js,เรียกด้วยชื่อ,,"{ key: 'rival',        label: 'คู่แข่ง',         color: '#e5c07b', icon: 'cloud-lightning'"
I045,,,layout,has_svg,src/gallery.js,242,js,เรียกด้วยชื่อ,,"board.innerHTML = iconHtml('layout', 13);"
I045,,,layout,has_svg,src/panels/panel-ui.js,35,js,เรียกด้วยชื่อ,,"{ id: 'toolbar',   title: t('ui.panel.barTool'), icon: 'layout',       adopt: '#toolbar', "
I045,,,layout,has_svg,src/panels/panel-ui.js,69,js,เรียกด้วยชื่อ,,"{ id: 'maps', dockW: 640,      title: t('ui.common.map'),           icon: 'layout',       "
I045,,,layout,has_svg,src/panels/panel-ui.js,75,js,เรียกด้วยชื่อ,,"{ id: 'gallery-board', minW: 400, dockW: 640, title: t('ui.common.boardMood'), icon: 'layo"
I045,,,layout,has_svg,renderer/index.html,126,js,เรียกด้วยชื่อ,,"<button id=""tb-panels"" class=""tb"" title=""จัดการแผง"" data-i18n-title=""ui.html.tbPanels"" dat"
I045,,,layout,has_svg,renderer/index.html,163,js,เรียกด้วยชื่อ,,"<button id=""tb-planner"" class=""tb tb-toggle"" title=""กระดานวางแผน (Ctrl+Alt+P)"" data-i18n-t"
I042,,,image,has_svg,src/gallery.js,1197,js,เรียกด้วยชื่อ,,r.innerHTML = iconHtml(id === ALL_ALBUM ? 'image' : id === ROOT_ALBUM ? 'archive' : 'folde
I042,,,image,has_svg,src/panels/panel-ui.js,72,js,เรียกด้วยชื่อ,,"{ id: 'gallery', minW: 600, dockW: 640,   title: t('ui.common.libraryImage'),       icon: "
I042,,,image,has_svg,src/sensory-profile.js,7,js,เรียกด้วยชื่อ,,"{ key: 'sight', label: t('ui.common.thingSee'), icon: 'image', hint: t('ui.sensory.egWindo"
I042,,,image,has_svg,src/toolbar/fab-config.js,50,js,เรียกด้วยชื่อ,,"{ id: 'gallery',   cmd: 'gallery',      icon: 'image',        grp: 'view',   labelKey: 'ui"
I042,,,image,has_svg,src/wiki-ui.js,255,js,เรียกด้วยชื่อ,,"head.innerHTML = iconHtml('image', 14) + tt('ui.wiki.imageLibraryTag') + ent.name + ` (${h"
I042,,,image,has_svg,src/wiki.js,522,js,เรียกด้วยชื่อ,,"pickImg.innerHTML = iconHtml('image', 14); pickImg.title = tt('ui.wiki.pickLibraryImagePro"
I042,,,image,has_svg,renderer/index.html,109,js,เรียกด้วยชื่อ,,"<button id=""tb-gallery"" class=""tb tb-toggle"" title=""คลังรูปภาพ (Ctrl+Shift+G)"" data-i18n-t"
I042,,,image,has_svg,renderer/index.html,110,js,เรียกด้วยชื่อ,,"<button id=""tb-visual"" class=""tb"" title=""เล่าด้วยภาพ (Visual telling) — สตอรีบอร์ดของฉากนี"
I039,,,grid,has_svg,src/panels/panel-ui.js,46,js,เรียกด้วยชื่อ,,"{ id: 'statusbar', title: t('ui.panel.barStatus'),      icon: 'grid',         adopt: '#sta"
I039,,,grid,has_svg,src/panels/panel-ui.js,57,js,เรียกด้วยชื่อ,,"{ id: 'dashboard', minW: 620, dockW: 640, title: t('ui.common.dashboard'),        icon: 'g"
I039,,,grid,has_svg,src/panels/panel-ui.js,59,js,เรียกด้วยชื่อ,,"{ id: 'kanban', minW: 800, dockW: 640,    title: 'Kanban',          icon: 'grid',         "
I039,,,grid,has_svg,src/panels/panel-ui.js,89,js,เรียกด้วยชื่อ,,"{ id: 'network', minW: 400, dockW: 640,   title: t('ui.panel.networkTitle'),   icon: 'grid"
I039,,,grid,has_svg,src/panels/panel-ui.js,95,js,เรียกด้วยชื่อ,,"{ id: 'planner', minW: 800, dockW: 640,   title: t('ui.panel.plannerTitle'),         icon:"
I039,,,grid,has_svg,src/panels/panel-ui.js,103,js,เรียกด้วยชื่อ,,"{ id: 'branch', minW: 700, dockW: 640,    title: t('ui.common.graphBreakBranch2'),      ic"
I039,,,grid,has_svg,src/toolbar/fab-config.js,49,js,เรียกด้วยชื่อ,,"{ id: 'kanban',    cmd: 'kanban',       icon: 'grid',         grp: 'view',   labelKey: 'ui"
I039,,,grid,has_svg,renderer/index.html,134,js,เรียกด้วยชื่อ,,"<button id=""tb-kanban"" class=""tb tb-toggle"" title=""Kanban ตามสถานะ (กดซ้ำ = ปิดแผง)"" data-"
I039,,,grid,has_svg,renderer/index.html,164,js,เรียกด้วยชื่อ,,"<button id=""tb-branch"" class=""tb tb-toggle"" title=""ผังแตกสาย (Ctrl+Alt+B)"" data-i18n-title"
I054,,,note,has_svg,src/panels/panel-ui.js,52,js,เรียกด้วยชื่อ,,"{ id: 'notes',     title: t('ui.common.notebookNoteQuick'),    icon: 'note',         adopt"
I054,,,note,has_svg,src/panels/panel-ui.js,112,js,เรียกด้วยชื่อ,,"{ id: 'record', dockW: 460,    title: t('ui.common.journal'),  icon: 'note',          adop"
I054,,,note,has_svg,src/sensory-profile.js,9,js,เรียกด้วยชื่อ,,"{ key: 'smell', label: t('ui.sensory.smell'), icon: 'note', hint: t('ui.sensory.egSmellPap"
I054,,,note,has_svg,src/toolbar/fab-config.js,40,js,เรียกด้วยชื่อ,,"{ id: 'note',      cmd: 'scratchpad',   icon: 'note',         grp: 'write',  labelKey: 'ui"
I054,,,note,has_svg,renderer/index.html,125,js,เรียกด้วยชื่อ,,"<button id=""tb-note"" class=""tb"" title=""โน้ตด่วน — จดความคิดตอนนี้ไว้ก่อน"" data-i18n-title="
I054,,,note,has_svg,renderer/index.html,149,js,เรียกด้วยชื่อ,,"<button id=""tb-record"" class=""tb tb-toggle"" title=""🗒 บันทึกประจำวัน (จดว่าวันนี้ทำอะไร · "
I046,,,link,has_svg,src/panels/panel-ui.js,92,js,เรียกด้วยชื่อ,,"{ id: 'backlinks', minW: 300, dockW: 380, title: t('ui.worldAutoLink.panelTitle'), icon: '"
I046,,,link,has_svg,src/wiki-ui.js,216,js,เรียกด้วยชื่อ,,"blTitle.innerHTML = iconHtml('link', 14) + ' ' + tr('wiki.backlinksTitle');"
I046,,,link,has_svg,src/wiki.js,88,js,เรียกด้วยชื่อ,,"{ label: iconHtml('link', 14) + tt('ui.wiki.openPageWiki'), click: () => this.onOpenEntity"
I046,,,link,has_svg,src/wiki.js,101,js,เรียกด้วยชื่อ,,"items.push({ label: iconHtml('link', 14) + tt('ui.common.searchSceneFindOn'), click: async"
I046,,,link,has_svg,renderer/index.html,160,js,เรียกด้วยชื่อ,,"<button id=""tb-network"" class=""tb tb-toggle"" title=""ผังความสัมพันธ์ (Ctrl+Alt+N)"" data-i18"
I046,,,link,has_svg,renderer/index.html,162,js,เรียกด้วยชื่อ,,"<button id=""tb-backlinks"" class=""tb tb-toggle"" title=""ฉากที่กล่าวถึง (Ctrl+Alt+Shift+B)"" d"
I041,,,home,has_svg,src/relationship-types.js,5,js,เรียกด้วยชื่อ,,"{ key: 'family',       label: 'ครอบครัว',       color: '#e06c75', icon: 'home' },"
I068,,,x,has_svg,src/relationship-types.js,9,js,เรียกด้วยชื่อ,,"{ key: 'enemy',        label: 'ศัตรู',           color: '#be5046', icon: 'x' },"
I068,,,x,has_svg,src/wiki.js,452,js,เรียกด้วยชื่อ,,"del.innerHTML = iconHtml('x', 14); del.title = tt('ui.wiki.delField');"
I068,,,x,has_svg,src/wiki.js,496,js,เรียกด้วยชื่อ,,"del.innerHTML = iconHtml('x', 14); del.title = tt('ui.wiki.delPrompt');"
I068,,,x,has_svg,src/wiki.js,558,js,เรียกด้วยชื่อ,,"del.innerHTML = iconHtml('x', 14); del.title = tt('ui.wiki.imageOutFileLibrary');"
I068,,,x,has_svg,src/wiki.js,654,js,เรียกด้วยชื่อ,,"del.innerHTML = iconHtml('x', 14); del.title = tt('ui.wiki.delRelationSide');"
I068,,,x,has_svg,src/wiki.js,679,js,เรียกด้วยชื่อ,,const del = document.createElement('span'); del.className = 'row-add';       del.innerHTML
I068,,,x,has_svg,renderer/index.html,25,js,เรียกด้วยชื่อ,,"<span class=""win-btn win-close"" id=""win-close"" title=""ปิดโปรแกรม"" data-i18n-title=""ui.html"
I068,,,x,has_svg,renderer/index.html,128,js,เรียกด้วยชื่อ,,"<button id=""tb-close"" class=""tb"" title=""ปิดแท็บ (Ctrl+W)"" data-i18n-title=""ui.html.tbClose"
I053,,,minus,has_svg,src/relationship-types.js,12,js,เรียกด้วยชื่อ,,"{ key: 'neutral',      label: 'เป็นกลาง',       color: '#5c6370', icon: 'minus' },"
I053,,,minus,has_svg,renderer/index.html,23,js,เรียกด้วยชื่อ,,"<span class=""win-btn"" id=""win-min"" title=""ย่อหน้าต่าง"" data-i18n-title=""ui.html.winMin"" da"
I053,,,minus,has_svg,renderer/index.html,282,js,เรียกด้วยชื่อ,,"<button id=""zoom-out"" title=""ย่อ (Ctrl+-)"" data-i18n-title=""ui.html.zoomOut"" data-icon=""mi"
I010,,,book-open,has_svg,src/toolbar/fab-config.js,43,js,เรียกด้วยชื่อ,,"{ id: 'quickopen', cmd: 'quick-open',   icon: 'book-open',    grp: 'write',  labelKey: 'ui"
I010,,,book-open,has_svg,renderer/index.html,118,js,เรียกด้วยชื่อ,,"<button id=""tb-read"" class=""tb tb-toggle"" title=""โหมดอ่าน (เต็มจอ)"" data-i18n-title=""ui.ht"
I010,,,book-open,has_svg,renderer/index.html,143,js,เรียกด้วยชื่อ,,"<button id=""tb-starter"" class=""tb tb-toggle"" title=""✨ Story Starter (ตั้งต้นเรื่อง · เล่นเ"
I043,,,image-add,has_svg,src/toolbar/fab-config.js,44,js,เรียกด้วยชื่อ,,"{ id: 'image',     cmd: 'insert-image', icon: 'image-add',    grp: 'write',  labelKey: 'ui"
I043,,,image-add,has_svg,renderer/index.html,106,js,เรียกด้วยชื่อ,,"<button id=""tb-img"" class=""tb"" title=""แทรกรูป"" data-i18n-title=""ui.html.tbImg"" data-icon="""
I016,,,chart,has_svg,src/toolbar/fab-config.js,46,js,เรียกด้วยชื่อ,,"{ id: 'dashboard', cmd: 'toggle-panel', args: ['dashboard'], icon: 'chart',  grp: 'view', "
I016,,,chart,has_svg,renderer/index.html,136,js,เรียกด้วยชื่อ,,"<button id=""tb-dashboard"" class=""tb tb-toggle"" title=""แดชบอร์ด (Dashboard — สถิติ · ความคื"
I032,,,eye,has_svg,src/toolbar/fab-config.js,51,js,เรียกด้วยชื่อ,,"{ id: 'focus',     cmd: 'focus-mode',   icon: 'eye',          grp: 'view',   labelKey: 'ui"
I032,,,eye,has_svg,renderer/index.html,117,js,เรียกด้วยชื่อ,,"<button id=""tb-md-codes"" class=""tb tb-toggle"" title=""ซ่อนรหัสนำหน้าบรรทัด (. @ &gt; $shot "
I015,,,camera,has_svg,src/wiki.js,228,js,เรียกด้วยชื่อ,,"snapBtn.className = 'wiki-ver-btn'; snapBtn.innerHTML = iconHtml('camera', 14) + tt('ui.wi"
I015,,,camera,has_svg,renderer/index.html,167,js,เรียกด้วยชื่อ,,"<button id=""tb-gallery-board"" class=""tb tb-toggle"" title=""กระดานอารมณ์ (Ctrl+Alt+G)"" data-"
I029,,,error,has_svg,src/wiki.js,556,js,เรียกด้วยชื่อ,,"{ className: 'wiki-img-miss', innerHTML: iconHtml('error', 14) + ' ' + name })); };"
I052,,,maximize,has_svg,renderer/index.html,24,js,เรียกด้วยชื่อ,,"<span class=""win-btn"" id=""win-max"" title=""ขยาย/คืนขนาดหน้าต่าง"" data-i18n-title=""ui.html.w"
I007,,,bold,has_svg,renderer/index.html,87,js,เรียกด้วยชื่อ,,"<button id=""tb-bold"" class=""tb"" title=""ตัวหนา (Ctrl+B)"" data-i18n-title=""ui.html.tbBold"" d"
I044,,,italic,has_svg,renderer/index.html,88,js,เรียกด้วยชื่อ,,"<button id=""tb-italic"" class=""tb"" title=""ตัวเอียง (Ctrl+I)"" data-i18n-title=""ui.html.tbIta"
I066,,,underline,has_svg,renderer/index.html,89,js,เรียกด้วยชื่อ,,"<button id=""tb-underline"" class=""tb"" title=""ขีดเส้นใต้ (Ctrl+U)"" data-i18n-title=""ui.html."
I061,,,strikethrough,has_svg,renderer/index.html,90,js,เรียกด้วยชื่อ,,"<button id=""tb-strike"" class=""tb"" title=""ขีดฆ่า"" data-i18n-title=""ui.html.tbStrike"" data-i"
I064,,,superscript,has_svg,renderer/index.html,92,js,เรียกด้วยชื่อ,,"<button id=""tb-sup"" class=""tb"" title=""ตัวยก"" data-i18n-title=""ui.html.tbSup"" data-icon=""su"
I062,,,subscript,has_svg,renderer/index.html,93,js,เรียกด้วยชื่อ,,"<button id=""tb-sub"" class=""tb"" title=""ตัวห้อย"" data-i18n-title=""ui.html.tbSub"" data-icon="""
I047,,,list-ol,has_svg,renderer/index.html,98,js,เรียกด้วยชื่อ,,"<button id=""tb-ol"" class=""tb"" title=""รายการตัวเลข"" data-i18n-title=""ui.html.tbOl"" data-ico"
I047,,,list-ol,has_svg,renderer/index.html,132,js,เรียกด้วยชื่อ,,"<button id=""tb-linenum"" class=""tb tb-toggle"" title=""แสดงเลขบรรทัด"" data-i18n-title=""ui.htm"
I056,,,quote-left,has_svg,renderer/index.html,99,js,เรียกด้วยชื่อ,,"<button id=""tb-quote"" class=""tb"" title=""คำพูดยกมา"" data-i18n-title=""ui.html.tbQuote"" data-"
I003,,,align-left,has_svg,renderer/index.html,101,js,เรียกด้วยชื่อ,,"<button id=""tb-align-left"" class=""tb"" title=""ชิดซ้าย (Ctrl+Shift+L)"" data-i18n-title=""ui.h"
I001,,,align-center,has_svg,renderer/index.html,102,js,เรียกด้วยชื่อ,,"<button id=""tb-align-center"" class=""tb"" title=""กึ่งกลาง (Ctrl+Shift+K)"" data-i18n-title=""u"
I004,,,align-right,has_svg,renderer/index.html,103,js,เรียกด้วยชื่อ,,"<button id=""tb-align-right"" class=""tb"" title=""ชิดขวา (Ctrl+Shift+R)"" data-i18n-title=""ui.h"
I002,,,align-justify,has_svg,renderer/index.html,104,js,เรียกด้วยชื่อ,,"<button id=""tb-align-justify"" class=""tb"" title=""เต็มบรรทัด (Ctrl+Shift+J)"" data-i18n-title"
I024,,,code-alt,has_svg,renderer/index.html,115,js,เรียกด้วยชื่อ,,"<button id=""tb-source"" class=""tb"" title=""ดู Markdown ดิบของฉากนี้"" data-i18n-title=""ui.htm"
I027,,,dock-right,has_svg,renderer/index.html,127,js,เรียกด้วยชื่อ,,"<button id=""tb-split"" class=""tb tb-toggle"" title=""แยกหน้าจอ (Split View)"" data-i18n-title="
I030,,,expand,has_svg,renderer/index.html,130,js,เรียกด้วยชื่อ,,"<button id=""tb-focus"" class=""tb tb-toggle"" title=""โหมดโฟกัส (Ctrl+Shift+D)"" data-i18n-titl"
I012,,,bot,has_svg,renderer/index.html,137,js,เรียกด้วยชื่อ,,"<button id=""tb-ai"" class=""tb"" title=""เครื่องมือ AI (ขยาย · สรุป · เขียนใหม่)"" data-i18n-ti"
