i18n_key,command_id,icon,icon_after,th_now,th_new,en_now,en_new,note
ui.ai.assistantTitle,,magic,,✨ AI ผู้ช่วยเขียน,AI ผู้ช่วยเขียน,✨ AI writing assistant,AI writing assistant,
ui.ai.consistTitle,,mask,,🎭 ตรวจสอบความสม่ำเสมอ — ,ตรวจสอบความสม่ำเสมอ —,🎭 Consistency check — ,Consistency check —,
ui.ai.consistWorking,,mask,,🎭 กำลังตรวจสอบความสม่ำเสมอ…,กำลังตรวจสอบความสม่ำเสมอ…,🎭 Checking consistency…,Checking consistency…,
ui.ai.dialogueTitle,,chat,,💬 สร้างบทสนทนา,สร้างบทสนทนา,💬 Generate dialogue,Generate dialogue,
ui.ai.errorMark,,x,,❌ เกิดข้อผิดพลาด,เกิดข้อผิดพลาด,❌ Something went wrong,Something went wrong,
ui.ai.hasRoundCallAI,,error,,⚠ มี {0} รอบที่เรียก AI ไม่สำเร็จ,มี {0} รอบที่เรียก AI ไม่สำเร็จ,⚠ มี {0} รอบที่เรียก AI ไม่สำเร็จ,มี {0} รอบที่เรียก AI ไม่สำเร็จ,
ui.ai.insert,,import,,📥 แทรก,แทรก,📥 แทรก,แทรก,
ui.ai.insertScene,,import,,📥 แทรกลงฉาก,แทรกลงฉาก,📥 แทรกลงฉาก,แทรกลงฉาก,
ui.ai.needBothChars,,x,,❌ กรุณาใส่ชื่อตัวละครทั้งสอง,กรุณาใส่ชื่อตัวละครทั้งสอง,❌ Enter both character names,Enter both character names,
ui.ai.new,,play,,▶ สร้าง,สร้าง,▶ สร้าง,สร้าง,
ui.ai.noInconsist,,check-circle,,✅ ไม่พบความไม่สม่ำเสมอ,ไม่พบความไม่สม่ำเสมอ,✅ No inconsistencies found,No inconsistencies found,
ui.ai.noPlotHoles,,check-circle,,✅ ไม่พบจุดบกพร่องของพล็อต,ไม่พบจุดบกพร่องของพล็อต,✅ No plot holes found,No plot holes found,
ui.ai.plotTitle,,search,,🔍 ตรวจสอบ Plot Hole,ตรวจสอบ Plot Hole,🔍 Plot hole check,Plot hole check,
ui.ai.plotWorking,,search,,🔍 กำลังตรวจสอบ Plot Holes…,กำลังตรวจสอบ Plot Holes…,🔍 Checking for plot holes…,Checking for plot holes…,
ui.ai.readFail,,x,,❌ อ่านไฟล์ไม่สำเร็จ: ,อ่านไฟล์ไม่สำเร็จ:,❌ Could not read file: ,Could not read file:,
ui.ai.result,,play,,▶ ประมวลผล,ประมวลผล,▶ ประมวลผล,ประมวลผล,
ui.ai.saveWiki,,import,,📥 บันทึกลง Wiki,บันทึกลง Wiki,📥 บันทึกลง Wiki,บันทึกลง Wiki,
ui.ai.sources,,paperclip,,📎 อ้างอิง: ,อ้างอิง:,📎 Sources: ,Sources:,
ui.ai.worldTitle,,globe,,🌍 สร้างโลก,สร้างโลก,🌍 World builder,World builder,
ui.aiChatPanel.actCmdOk,,zap,,⚡ ลงมือทำ {0} คำสั่ง — สำเร็จ {1}/{2},ลงมือทำ {0} คำสั่ง — สำเร็จ {1}/{2},⚡ ลงมือทำ {0} คำสั่ง — สำเร็จ {1}/{2},ลงมือทำ {0} คำสั่ง — สำเร็จ {1}/{2},
ui.aiChatPanel.aIDelProject,,error,,"⚠ AI ขอลบของในโปรเจกต์:

",AI ขอลบของในโปรเจกต์:,"⚠ AI ขอลบของในโปรเจกต์:

",AI ขอลบของในโปรเจกต์:,
ui.aiChatPanel.arrangeKeep,,import,,📥 จัดเก็บ,จัดเก็บ,📥 จัดเก็บ,จัดเก็บ,
ui.aiChatPanel.assistant,,bot,,🤖 ผู้ช่วย,ผู้ช่วย,🤖 ผู้ช่วย,ผู้ช่วย,
ui.aiChatPanel.busyAct,,zap,,⚡ กำลังลงมือทำ ,กำลังลงมือทำ,⚡ กำลังลงมือทำ ,กำลังลงมือทำ,
ui.aiChatPanel.busyThink,,bot,,🤖 กำลังคิด…,กำลังคิด…,🤖 กำลังคิด…,กำลังคิด…,
ui.aiChatPanel.busyThinkNext,,bot,,🤖 กำลังคิดต่อ…,กำลังคิดต่อ…,🤖 กำลังคิดต่อ…,กำลังคิดต่อ…,
ui.aiChatPanel.cantSettingsProviderAI,,x,,❌ ยังไม่ได้ตั้งค่าผู้ให้บริการ AI — ไฟล์ → ตั้งค่า AI,ยังไม่ได้ตั้งค่าผู้ให้บริการ AI — ไฟล์ → ตั้งค่า AI,❌ ยังไม่ได้ตั้งค่าผู้ให้บริการ AI — ไฟล์ → ตั้งค่า AI,ยังไม่ได้ตั้งค่าผู้ให้บริการ AI — ไฟล์ → ตั้งค่า AI,
ui.aiChatPanel.changeName,,edit,,✎ เปลี่ยนชื่อ,เปลี่ยนชื่อ,✎ เปลี่ยนชื่อ,เปลี่ยนชื่อ,
ui.aiChatPanel.cmdAct,,zap,,⚡ คำสั่งที่ลงมือทำ (,คำสั่งที่ลงมือทำ (,⚡ คำสั่งที่ลงมือทำ (,คำสั่งที่ลงมือทำ (,
ui.aiChatPanel.copyMarkdown,,link-external,,↗ แชร์ (คัดลอกเป็น Markdown),แชร์ (คัดลอกเป็น Markdown),↗ แชร์ (คัดลอกเป็น Markdown),แชร์ (คัดลอกเป็น Markdown),
ui.aiChatPanel.delSession2,,trash,,🗑 ลบเซสชันนี้,ลบเซสชันนี้,🗑 ลบเซสชันนี้,ลบเซสชันนี้,
ui.aiChatPanel.exitArrangeKeep,,export,,📤 เอาออกจากที่จัดเก็บ,เอาออกจากที่จัดเก็บ,📤 เอาออกจากที่จัดเก็บ,เอาออกจากที่จัดเก็บ,
ui.aiChatPanel.helpWriteNewEdit,,pen,,"✍️ ช่วยเขียน — สร้าง/แก้ เล่ม บท ฉาก เอนทิตี้ ได้จริง (ลบไม่ได้)
",ช่วยเขียน — สร้าง/แก้ เล่ม บท ฉาก เอนทิตี้ ได้จริง (ลบไม่ได้),"✍️ ช่วยเขียน — สร้าง/แก้ เล่ม บท ฉาก เอนทิตี้ ได้จริง (ลบไม่ได้)
",ช่วยเขียน — สร้าง/แก้ เล่ม บท ฉาก เอนทิตี้ ได้จริง (ลบไม่ได้),
ui.aiChatPanel.ideaModel,,brain,,🧠 ความคิดของโมเดล,ความคิดของโมเดล,🧠 ความคิดของโมเดล,ความคิดของโมเดล,
ui.aiChatPanel.notHasSessionPress,,,,"ยังไม่มีเซสชัน — กด ""➕ เซสชันใหม่"" เพื่อเริ่มคุย","ยังไม่มีเซสชัน — กด ""➕ เซสชันใหม่"" เพื่อเริ่มคุย","ยังไม่มีเซสชัน — กด ""➕ เซสชันใหม่"" เพื่อเริ่มคุย","ยังไม่มีเซสชัน — กด ""➕ เซสชันใหม่"" เพื่อเริ่มคุย",ไอคอน ➕ อยู่กลางประโยค — ต้องเขียนประโยคใหม่
ui.aiChatPanel.plannerReadProjectNot,,book-open,,"📖 วางแผน — อ่านโปรเจกต์ได้ แต่ไม่แตะไฟล์
",วางแผน — อ่านโปรเจกต์ได้ แต่ไม่แตะไฟล์,"📖 วางแผน — อ่านโปรเจกต์ได้ แต่ไม่แตะไฟล์
",วางแผน — อ่านโปรเจกต์ได้ แต่ไม่แตะไฟล์,
ui.aiChatPanel.printTextEnterSend,,,,พิมพ์ข้อความ… (Enter = ส่ง · Shift+Enter = ขึ้นบรรทัด),พิมพ์ข้อความ…,พิมพ์ข้อความ… (Enter = ส่ง · Shift+Enter = ขึ้นบรรทัด),พิมพ์ข้อความ…,ตัดคีย์ลัดท้าย (Enter = ส่ง · Shift+Enter = ขึ้นบรรทัด) — ให้ UI เติมจาก commands.csv
ui.aiChatPanel.printTextShiftEnter,,,,พิมพ์ข้อความ… (Shift+Enter = ส่ง · Enter = ขึ้นบรรทัด),พิมพ์ข้อความ…,พิมพ์ข้อความ… (Shift+Enter = ส่ง · Enter = ขึ้นบรรทัด),พิมพ์ข้อความ…,ตัดคีย์ลัดท้าย (Shift+Enter = ส่ง · Enter = ขึ้นบรรทัด) — ให้ UI เติมจาก commands.csv
ui.aiChatPanel.restartClearDialogue,,refresh,,↻ เริ่มใหม่ (ล้างบทสนทนา),เริ่มใหม่ (ล้างบทสนทนา),↻ เริ่มใหม่ (ล้างบทสนทนา),เริ่มใหม่ (ล้างบทสนทนา),
ui.aiChatPanel.resultCmdSendBack,,return,,↩ ผลคำสั่งที่ส่งกลับให้โมเดล,ผลคำสั่งที่ส่งกลับให้โมเดล,↩ ผลคำสั่งที่ส่งกลับให้โมเดล,ผลคำสั่งที่ส่งกลับให้โมเดล,
ui.aiChatPanel.sessionNew,,plus,,➕ เซสชันใหม่,เซสชันใหม่,➕ เซสชันใหม่,เซสชันใหม่,
ui.aiChatPanel.systemPromptSendRound,,cog,,⚙ system prompt ที่ส่งไปรอบนี้,system prompt ที่ส่งไปรอบนี้,⚙ system prompt ที่ส่งไปรอบนี้,system prompt ที่ส่งไปรอบนี้,
ui.aiChatPanel.unlockFullAIDel,,error,,⚠ ปลดล็อกเต็มที่ — AI ลบของได้เองโดยไม่ถาม,ปลดล็อกเต็มที่ — AI ลบของได้เองโดยไม่ถาม,⚠ ปลดล็อกเต็มที่ — AI ลบของได้เองโดยไม่ถาม,ปลดล็อกเต็มที่ — AI ลบของได้เองโดยไม่ถาม,
ui.aiChatPanel.unlockFullDoAll,,lock-open,,🔓 ปลดล็อกเต็มที่ — ทำได้ทุกอย่างรวมทั้งลบ (ของไปถังขยะ กู้คืนได้),ปลดล็อกเต็มที่ — ทำได้ทุกอย่างรวมทั้งลบ (ของไปถังขยะ กู้คืนได้),🔓 ปลดล็อกเต็มที่ — ทำได้ทุกอย่างรวมทั้งลบ (ของไปถังขยะ กู้คืนได้),ปลดล็อกเต็มที่ — ทำได้ทุกอย่างรวมทั้งลบ (ของไปถังขยะ กู้คืนได้),
ui.aiProvider.add,,plus,,➕ เพิ่ม,เพิ่ม,➕ เพิ่ม,เพิ่ม,
ui.aiProvider.addProvider,,plus,,➕ เพิ่มผู้ให้บริการ,เพิ่มผู้ให้บริการ,➕ เพิ่มผู้ให้บริการ,เพิ่มผู้ให้บริการ,
ui.aiProvider.edit,,edit,,✎ แก้ไข,แก้ไข,✎ แก้ไข,แก้ไข,
ui.aiProvider.editProvider,,edit,,✎ แก้ไขผู้ให้บริการ,แก้ไขผู้ให้บริการ,✎ แก้ไขผู้ให้บริการ,แก้ไขผู้ให้บริการ,
ui.aiProvider.notHasProviderPress,,,,ยังไม่มีผู้ให้บริการ — กด ➕ เพิ่ม แล้วกรอกชื่อ · Credential · เลือกโมเดล · ตั้งพารามิเตอร์,ยังไม่มีผู้ให้บริการ — กด ➕ เพิ่ม แล้วกรอกชื่อ · Credential · เลือกโมเดล · ตั้งพารามิเตอร์,ยังไม่มีผู้ให้บริการ — กด ➕ เพิ่ม แล้วกรอกชื่อ · Credential · เลือกโมเดล · ตั้งพารามิเตอร์,ยังไม่มีผู้ให้บริการ — กด ➕ เพิ่ม แล้วกรอกชื่อ · Credential · เลือกโมเดล · ตั้งพารามิเตอร์,ไอคอน ➕ อยู่กลางประโยค — ต้องเขียนประโยคใหม่
ui.aiProvider.saveCredentialDoneKey,,check-circle,,✅ บันทึก Credential แล้ว (คีย์เก็บแยกที่ ,บันทึก Credential แล้ว (คีย์เก็บแยกที่,✅ บันทึก Credential แล้ว (คีย์เก็บแยกที่ ,บันทึก Credential แล้ว (คีย์เก็บแยกที่,
ui.aiProvider.testConnect,,plug,,🔌 ทดสอบการเชื่อมต่อ,ทดสอบการเชื่อมต่อ,🔌 ทดสอบการเชื่อมต่อ,ทดสอบการเชื่อมต่อ,
ui.aiSession.enterSendShiftEnter,,,,Enter = ส่ง · Shift+Enter = ขึ้นบรรทัด,Enter = ส่ง · Shift+Enter = ขึ้นบรรทัด,Enter = ส่ง · Shift+Enter = ขึ้นบรรทัด,Enter = ส่ง · Shift+Enter = ขึ้นบรรทัด,คีย์ลัด Shift+Enter ในประโยค — หาคำสั่งที่ตรงไม่เจอ
ui.aiSession.shiftEnterSendEnter,,,,Shift+Enter = ส่ง · Enter = ขึ้นบรรทัด,Shift+Enter = ส่ง · Enter = ขึ้นบรรทัด,Shift+Enter = ส่ง · Enter = ขึ้นบรรทัด,Shift+Enter = ส่ง · Enter = ขึ้นบรรทัด,คีย์ลัด Shift+Enter ในประโยค — หาคำสั่งที่ตรงไม่เจอ
ui.aiSet.aICantPickProvider,,x,,❌ AI: ยังไม่ได้เลือกผู้ให้บริการ (ไฟล์ → ตั้งค่า AI),AI: ยังไม่ได้เลือกผู้ให้บริการ (ไฟล์ → ตั้งค่า AI),❌ AI: ยังไม่ได้เลือกผู้ให้บริการ (ไฟล์ → ตั้งค่า AI),AI: ยังไม่ได้เลือกผู้ให้บริการ (ไฟล์ → ตั้งค่า AI),
ui.aiSet.aIConnectOk,,check-circle,,✅ AI: เชื่อมต่อสำเร็จ,AI: เชื่อมต่อสำเร็จ,✅ AI: เชื่อมต่อสำเร็จ,AI: เชื่อมต่อสำเร็จ,
ui.aiSet.aITestFail,,x,,❌ AI: ทดสอบล้มเหลว,AI: ทดสอบล้มเหลว,❌ AI: ทดสอบล้มเหลว,AI: ทดสอบล้มเหลว,
ui.aiSet.cantSettingsAIFile,,x,,❌ ยังไม่ได้ตั้งค่า AI — ไฟล์ → ตั้งค่า AI,ยังไม่ได้ตั้งค่า AI — ไฟล์ → ตั้งค่า AI,❌ ยังไม่ได้ตั้งค่า AI — ไฟล์ → ตั้งค่า AI,ยังไม่ได้ตั้งค่า AI — ไฟล์ → ตั้งค่า AI,
ui.aiSet.connectAICant,,x,,❌ เชื่อมต่อ AI ไม่ได้: ,เชื่อมต่อ AI ไม่ได้:,❌ เชื่อมต่อ AI ไม่ได้: ,เชื่อมต่อ AI ไม่ได้:,
ui.aiSet.testConnect,,plug,,🔌 ทดสอบเชื่อมต่อ,ทดสอบเชื่อมต่อ,🔌 ทดสอบเชื่อมต่อ,ทดสอบเชื่อมต่อ,
ui.aiSum.aISummaryBody,,bot,,🤖 AI สรุปเนื้อหา,AI สรุปเนื้อหา,🤖 AI สรุปเนื้อหา,AI สรุปเนื้อหา,
ui.aiSum.aISummaryBody2,,bot,,🤖 AI สรุปเนื้อหา — ,AI สรุปเนื้อหา —,🤖 AI สรุปเนื้อหา — ,AI สรุปเนื้อหา —,
ui.aiSum.resultSave,,pin,,📌 ผลที่บันทึกไว้เมื่อ ,ผลที่บันทึกไว้เมื่อ,📌 ผลที่บันทึกไว้เมื่อ ,ผลที่บันทึกไว้เมื่อ,
ui.aiSum.suggestBeforePage,,history,,🕘 เคยแนะนำไว้ก่อนหน้า,เคยแนะนำไว้ก่อนหน้า,🕘 เคยแนะนำไว้ก่อนหน้า,เคยแนะนำไว้ก่อนหน้า,
ui.aiSum.suggestName,,magic,,✨ แนะนำชื่อ{0},แนะนำชื่อ{0},✨ แนะนำชื่อ{0},แนะนำชื่อ{0},
ui.aiSum.suggestName2,,magic,,"✨ แนะนำชื่อ{0} — ""{1}""","แนะนำชื่อ{0} — ""{1}""","✨ แนะนำชื่อ{0} — ""{1}""","แนะนำชื่อ{0} — ""{1}""",
ui.aiSum.summaryNew,,refresh,,🔄 สรุปใหม่,สรุปใหม่,🔄 สรุปใหม่,สรุปใหม่,
ui.aiSum.tryNew,,refresh,,🔄 ลองใหม่,ลองใหม่,🔄 ลองใหม่,ลองใหม่,
ui.aiSyn.busyAIWrite,,magic,,✨ กำลังให้ AI เขียน,กำลังให้ AI เขียน,✨ กำลังให้ AI เขียน,กำลังให้ AI เขียน,
ui.aiSyn.fill,,magic,,✨ เติม,เติม,✨ เติม,เติม,
ui.aiTools.del,,error,, ⚠ ลบของ,ลบของ, ⚠ ลบของ,ลบของ,
ui.allShortcutsTitle,,keyboard,,⌨ ปุ่มลัดทั้งหมด,ปุ่มลัดทั้งหมด,Keyboard Shortcuts,Keyboard Shortcuts,
ui.app.addBookNew,,book,,📗 เพิ่มเล่มใหม่…,เพิ่มเล่มใหม่…,📗 เพิ่มเล่มใหม่…,เพิ่มเล่มใหม่…,
ui.app.back,,page-break,,▤ กลับไปฟอร์ม,กลับไปฟอร์ม,▤ กลับไปฟอร์ม,กลับไปฟอร์ม,
ui.app.backSceneNormalMerge,,file,,📄 กลับเป็นฉากปกติ (รวมตอนส่งออก),กลับเป็นฉากปกติ (รวมตอนส่งออก),📄 กลับเป็นฉากปกติ (รวมตอนส่งออก),กลับเป็นฉากปกติ (รวมตอนส่งออก),
ui.app.backVersionLatestSave,,return,,↩ กลับไปยังเวอร์ชันล่าสุดที่บันทึก,กลับไปยังเวอร์ชันล่าสุดที่บันทึก,↩ กลับไปยังเวอร์ชันล่าสุดที่บันทึก,กลับไปยังเวอร์ชันล่าสุดที่บันทึก,
ui.app.bindCardDocProject,,folder,,📁 ผูกการ์ดกับเอกสารในโปรเจกต์,ผูกการ์ดกับเอกสารในโปรเจกต์,📁 ผูกการ์ดกับเอกสารในโปรเจกต์,ผูกการ์ดกับเอกสารในโปรเจกต์,
ui.app.boardItemHideItem,,search,,🔍 กระดาน {0} ใบถูกซ่อนด้วยตัวกรอง — ล้างช่องค้นหาเพื่อดูทั้งหมด,กระดาน {0} ใบถูกซ่อนด้วยตัวกรอง — ล้างช่องค้นหาเพื่อดูทั้งหมด,🔍 กระดาน {0} ใบถูกซ่อนด้วยตัวกรอง — ล้างช่องค้นหาเพื่อดูทั้งหมด,กระดาน {0} ใบถูกซ่อนด้วยตัวกรอง — ล้างช่องค้นหาเพื่อดูทั้งหมด,
ui.app.boardPlanner2,,clipboard,,📋 กระดานวางแผน ({0}),กระดานวางแผน ({0}),📋 กระดานวางแผน ({0}),กระดานวางแผน ({0}),
ui.app.boardPlannerReadCant,,clipboard,,📋 กระดานวางแผน (อ่านไม่ได้),กระดานวางแผน (อ่านไม่ได้),📋 กระดานวางแผน (อ่านไม่ได้),กระดานวางแผน (อ่านไม่ได้),
ui.app.changeNoteNotMerge,,note,,📝 เปลี่ยนเป็นโน้ต (ไม่รวมตอนส่งออก),เปลี่ยนเป็นโน้ต (ไม่รวมตอนส่งออก),📝 เปลี่ยนเป็นโน้ต (ไม่รวมตอนส่งออก),เปลี่ยนเป็นโน้ต (ไม่รวมตอนส่งออก),
ui.app.chapterFilm2,,,chevron-down, บทหนัง ▾, บทหนัง, บทหนัง ▾, บทหนัง,
ui.app.checkDone,,check-circle,chevron-down,✅ ตรวจแล้ว ▾,ตรวจแล้ว,✅ ตรวจแล้ว ▾,ตรวจแล้ว,
ui.app.checkNew,,refresh,,🔄 ตรวจใหม่,ตรวจใหม่,🔄 ตรวจใหม่,ตรวจใหม่,
ui.app.clearResult,,broom,,🧹 ล้างผล,ล้างผล,🧹 ล้างผล,ล้างผล,
ui.app.clickPickFormatCtrl,,,,คลิกเลือกรูปแบบ · หรือ Ctrl+↑/↓ สลับ,คลิกเลือกรูปแบบ · หรือ Ctrl+↑/↓ สลับ,คลิกเลือกรูปแบบ · หรือ Ctrl+↑/↓ สลับ,คลิกเลือกรูปแบบ · หรือ Ctrl+↑/↓ สลับ,คีย์ลัด Ctrl+↑/↓ ในประโยค — หาคำสั่งที่ตรงไม่เจอ
ui.app.color,,,chevron-right,สี ▸,สี,สี ▸,สี,
ui.app.commentPanel,,chat,,💬 คอมเมนต์ (แผง),คอมเมนต์ (แผง),💬 คอมเมนต์ (แผง),คอมเมนต์ (แผง),
ui.app.comparePlanOther,,swap,,⇋ เทียบกับแผนอื่น…,เทียบกับแผนอื่น…,⇋ เทียบกับแผนอื่น…,เทียบกับแผนอื่น…,
ui.app.compareVersion2,,swap,,⇋ เทียบเวอร์ชัน,เทียบเวอร์ชัน,⇋ เทียบเวอร์ชัน,เทียบเวอร์ชัน,
ui.app.compareVersion3,,swap,,⇋ เทียบเวอร์ชัน…,เทียบเวอร์ชัน…,⇋ เทียบเวอร์ชัน…,เทียบเวอร์ชัน…,
ui.app.consoleDev,,wrench,,🛠 คอนโซลนักพัฒนา,คอนโซลนักพัฒนา,🛠 คอนโซลนักพัฒนา,คอนโซลนักพัฒนา,
ui.app.copyResult,,clipboard,,📋 คัดลอกผล,คัดลอกผล,📋 คัดลอกผล,คัดลอกผล,
ui.app.ctrlEnter,,play,,▶ รัน (Ctrl+Enter),รัน,▶ รัน (Ctrl+Enter),รัน,ตัดคีย์ลัดท้าย (Ctrl+Enter) — ให้ UI เติมจาก commands.csv
ui.app.dataSystem,,info,,ℹ ข้อมูลระบบ,ข้อมูลระบบ,ℹ ข้อมูลระบบ,ข้อมูลระบบ,
ui.app.delElementDoneCancel,,,,ลบ {0} element แล้ว (ยกเลิกได้ด้วย Ctrl+Z),ลบ {0} element แล้ว,ลบ {0} element แล้ว (ยกเลิกได้ด้วย Ctrl+Z),ลบ {0} element แล้ว,ตัดคีย์ลัดท้าย (ยกเลิกได้ด้วย Ctrl+Z) — ให้ UI เติมจาก commands.csv
ui.app.delElementTypePick,,,,"<div class=""k-dlg-title"">ลบ element ตามประเภท</div>
    <div class=""k-hint"" style=""margin-bottom:10px"">เลือกประเภท element ที่ต้องการลบทั้งหมดออกจากบท
      <br>(นับเฉพาะบรรทัดที่มีเนื้อหา — บรรทัดว่างไม่ถูกแตะ · ยกเลิกได้ด้วย Ctrl+Z)</div>
    <div id=""rm-el-list""></div>
    <div style=""margin-top:8px""><a href=""#"" id=""rm-el-all"">เลือกทั้งหมด</a> · <a href=""#"" id=""rm-el-none"">ไม่เลือก</a></div>
    <div class=""k-dlg-total dim"" style=""margin-top:8px""></div>
    <div class=""k-dlg-btns""><button class=""k-cancel"">{0}</button><button class=""k-ok k-danger"" disabled>ลบ</button></div>","<div class=""k-dlg-title"">ลบ element ตามประเภท</div>
    <div class=""k-hint"" style=""margin-bottom:10px"">เลือกประเภท element ที่ต้องการลบทั้งหมดออกจากบท
      <br>(นับเฉพาะบรรทัดที่มีเนื้อหา — บรรทัดว่างไม่ถูกแตะ · ยกเลิกได้ด้วย {sc:editor-undo})</div>
    <div id=""rm-el-list""></div>
    <div style=""margin-top:8px""><a href=""#"" id=""rm-el-all"">เลือกทั้งหมด</a> · <a href=""#"" id=""rm-el-none"">ไม่เลือก</a></div>
    <div class=""k-dlg-total dim"" style=""margin-top:8px""></div>
    <div class=""k-dlg-btns""><button class=""k-cancel"">{0}</button><button class=""k-ok k-danger"" disabled>ลบ</button></div>","<div class=""k-dlg-title"">ลบ element ตามประเภท</div>
    <div class=""k-hint"" style=""margin-bottom:10px"">เลือกประเภท element ที่ต้องการลบทั้งหมดออกจากบท
      <br>(นับเฉพาะบรรทัดที่มีเนื้อหา — บรรทัดว่างไม่ถูกแตะ · ยกเลิกได้ด้วย Ctrl+Z)</div>
    <div id=""rm-el-list""></div>
    <div style=""margin-top:8px""><a href=""#"" id=""rm-el-all"">เลือกทั้งหมด</a> · <a href=""#"" id=""rm-el-none"">ไม่เลือก</a></div>
    <div class=""k-dlg-total dim"" style=""margin-top:8px""></div>
    <div class=""k-dlg-btns""><button class=""k-cancel"">{0}</button><button class=""k-ok k-danger"" disabled>ลบ</button></div>","<div class=""k-dlg-title"">ลบ element ตามประเภท</div>
    <div class=""k-hint"" style=""margin-bottom:10px"">เลือกประเภท element ที่ต้องการลบทั้งหมดออกจากบท
      <br>(นับเฉพาะบรรทัดที่มีเนื้อหา — บรรทัดว่างไม่ถูกแตะ · ยกเลิกได้ด้วย {sc:editor-undo})</div>
    <div id=""rm-el-list""></div>
    <div style=""margin-top:8px""><a href=""#"" id=""rm-el-all"">เลือกทั้งหมด</a> · <a href=""#"" id=""rm-el-none"">ไม่เลือก</a></div>
    <div class=""k-dlg-total dim"" style=""margin-top:8px""></div>
    <div class=""k-dlg-btns""><button class=""k-cancel"">{0}</button><button class=""k-ok k-danger"" disabled>ลบ</button></div>",
ui.app.delFolder,,trash,,🗑 ลบโฟลเดอร์,ลบโฟลเดอร์,🗑 ลบโฟลเดอร์,ลบโฟลเดอร์,
ui.app.doneOpenBackChapter,,,,"""{0}"" ให้แล้ว (เปิดกลับได้ที่ บท → 🔠 ตัวพิมพ์ใหญ่/เล็ก)","""{0}"" ให้แล้ว (เปิดกลับได้ที่ บท → 🔠 ตัวพิมพ์ใหญ่/เล็ก)","""{0}"" ให้แล้ว (เปิดกลับได้ที่ บท → 🔠 ตัวพิมพ์ใหญ่/เล็ก)","""{0}"" ให้แล้ว (เปิดกลับได้ที่ บท → 🔠 ตัวพิมพ์ใหญ่/เล็ก)",ไอคอน 🔠 อยู่กลางประโยค — ต้องเขียนประโยคใหม่
ui.app.findDiskFindOn,,folder-open,,📂 หาในดิสก์ (Find on disk),หาในดิสก์ (Find on disk),📂 หาในดิสก์ (Find on disk),หาในดิสก์ (Find on disk),
ui.app.graphBreakBranch2,,branch,,🌿 แผนผังแตกสาย ({0}),แผนผังแตกสาย ({0}),🌿 แผนผังแตกสาย ({0}),แผนผังแตกสาย ({0}),
ui.app.graphDialogueNextPage,,chart,,📊 กราฟบทพูดต่อหน้า,กราฟบทพูดต่อหน้า,📊 กราฟบทพูดต่อหน้า,กราฟบทพูดต่อหน้า,
ui.app.hasPendingFileCtrl,,,,มีงานค้าง {0} ไฟล์ (Ctrl+Alt+S เพื่อบันทึกทั้งหมด),มีงานค้าง {0} ไฟล์,มีงานค้าง {0} ไฟล์ (Ctrl+Alt+S เพื่อบันทึกทั้งหมด),มีงานค้าง {0} ไฟล์,ตัดคีย์ลัดท้าย (Ctrl+Alt+S เพื่อบันทึกทั้งหมด) — ให้ UI เติมจาก commands.csv
ui.app.hearOpenModeTypewriter,,,, (จะได้ยินเมื่อเปิดโหมดเครื่องพิมพ์ดีด — Ctrl+Shift+T),, (จะได้ยินเมื่อเปิดโหมดเครื่องพิมพ์ดีด — Ctrl+Shift+T),,ตัดคีย์ลัดท้าย (จะได้ยินเมื่อเปิดโหมดเครื่องพิมพ์ดีด — Ctrl+Shift+T) — ให้ UI เติมจาก commands.csv
ui.app.history,,history,,🕘 ประวัติ,ประวัติ,🕘 ประวัติ,ประวัติ,
ui.app.historyVersion2,,history,,🕘 ประวัติเวอร์ชัน…,ประวัติเวอร์ชัน…,🕘 ประวัติเวอร์ชัน…,ประวัติเวอร์ชัน…,
ui.app.libraryImage,,image,,🖼 คลังรูป ({0}),คลังรูป ({0}),🖼 คลังรูป ({0}),คลังรูป ({0}),
ui.app.libraryImage2,,image,,🖼 คลังรูปภาพ,คลังรูปภาพ,🖼 คลังรูปภาพ,คลังรูปภาพ,
ui.app.lineLatest,,download,,⤓ ตามบรรทัดล่าสุด,ตามบรรทัดล่าสุด,⤓ ตามบรรทัดล่าสุด,ตามบรรทัดล่าสุด,
ui.app.lineTime,,time,,🕒 เส้นเวลา…,เส้นเวลา…,🕒 เส้นเวลา…,เส้นเวลา…,
ui.app.lockEditCant,,lock,, 🔒 ล็อกอยู่ (แก้ไม่ได้),ล็อกอยู่ (แก้ไม่ได้), 🔒 ล็อกอยู่ (แก้ไม่ได้),ล็อกอยู่ (แก้ไม่ได้),
ui.app.lockEditCant2,,lock,,🔒 ล็อก (แก้ไม่ได้),ล็อก (แก้ไม่ได้),🔒 ล็อก (แก้ไม่ได้),ล็อก (แก้ไม่ได้),
ui.app.lockScene,,lock-open,, 🔓 ล็อกฉากนี้,ล็อกฉากนี้, 🔓 ล็อกฉากนี้,ล็อกฉากนี้,
ui.app.lockSceneDoneEdit,,lock,,🔒 ล็อกฉากแล้ว (แก้ไม่ได้จนปลดล็อก),ล็อกฉากแล้ว (แก้ไม่ได้จนปลดล็อก),🔒 ล็อกฉากแล้ว (แก้ไม่ได้จนปลดล็อก),ล็อกฉากแล้ว (แก้ไม่ได้จนปลดล็อก),
ui.app.manageBook,,book-content,,📚 จัดการเล่ม…,จัดการเล่ม…,📚 จัดการเล่ม…,จัดการเล่ม…,
ui.app.map,,globe,,🗺 แผนที่ ({0}),แผนที่ ({0}),🗺 แผนที่ ({0}),แผนที่ ({0}),
ui.app.map2,,globe,,🗺 แผนที่…,แผนที่…,🗺 แผนที่…,แผนที่…,
ui.app.mapReadCant,,globe,,🗺 แผนที่ (อ่านไม่ได้),แผนที่ (อ่านไม่ได้),🗺 แผนที่ (อ่านไม่ได้),แผนที่ (อ่านไม่ได้),
ui.app.mdEditHint,,,,"แก้ไขได้ — กด ""ใช้การแก้ไข"" เพื่อเขียนกลับเข้าเอกสาร (ยังไม่บันทึกลงไฟล์จนกว่าจะกด Ctrl+S)","แก้ไขได้ — กด ""ใช้การแก้ไข"" เพื่อเขียนกลับเข้าเอกสาร","Editable — press ""Apply changes"" to write it back into the document (not saved to disk until Ctrl+S)","Editable — press ""Apply changes"" to write it back into the document",ตัดคีย์ลัดท้าย (ยังไม่บันทึกลงไฟล์จนกว่าจะกด Ctrl+S) — ให้ UI เติมจาก commands.csv
ui.app.modeFocusEscCtrl,,,,โหมดโฟกัส — Esc หรือ Ctrl+Shift+D เพื่อออก,โหมดโฟกัส — Esc หรือ {sc:focus-mode} เพื่อออก,โหมดโฟกัส — Esc หรือ Ctrl+Shift+D เพื่อออก,โหมดโฟกัส — Esc หรือ {sc:focus-mode} เพื่อออก,
ui.app.modeReadPressEsc,,,,โหมดอ่าน — กด Esc หรือคลิก 📖 เพื่อออก,โหมดอ่าน — กด Esc หรือคลิก 📖 เพื่อออก,โหมดอ่าน — กด Esc หรือคลิก 📖 เพื่อออก,โหมดอ่าน — กด Esc หรือคลิก 📖 เพื่อออก,ไอคอน 📖 อยู่กลางประโยค — ต้องเขียนประโยคใหม่
ui.app.moveBackInChapter,,return,,↩ ย้ายกลับเข้าบท…,ย้ายกลับเข้าบท…,↩ ย้ายกลับเข้าบท…,ย้ายกลับเข้าบท…,
ui.app.moveChapter,,,chevron-right,ย้ายไปบท ▸,ย้ายไปบท,ย้ายไปบท ▸,ย้ายไปบท,
ui.app.moveOutMEMO,,note,,📝 ย้ายออกไปที่ MEMO,ย้ายออกไปที่ MEMO,📝 ย้ายออกไปที่ MEMO,ย้ายออกไปที่ MEMO,
ui.app.newCatNew,,plus,,➕ สร้างหมวดใหม่,สร้างหมวดใหม่,➕ สร้างหมวดใหม่,สร้างหมวดใหม่,
ui.app.newRelationBetween,,link,,"🔗 สร้างความสัมพันธ์ ""{0}"" ระหว่าง {1} ↔ {2}","สร้างความสัมพันธ์ ""{0}"" ระหว่าง {1} ↔ {2}","🔗 สร้างความสัมพันธ์ ""{0}"" ระหว่าง {1} ↔ {2}","สร้างความสัมพันธ์ ""{0}"" ระหว่าง {1} ↔ {2}",
ui.app.notFoundErrorChapter,,check-circle,,✅ ไม่พบข้อผิดพลาดในบทนี้,ไม่พบข้อผิดพลาดในบทนี้,✅ ไม่พบข้อผิดพลาดในบทนี้,ไม่พบข้อผิดพลาดในบทนี้,
ui.app.notRememberFoundNot,,,,ยังไม่จำ (เจอไม่ถึง {0} ครั้ง) — กด ✚ เพื่อจำเลย,ยังไม่จำ (เจอไม่ถึง {0} ครั้ง) — กด ✚ เพื่อจำเลย,ยังไม่จำ (เจอไม่ถึง {0} ครั้ง) — กด ✚ เพื่อจำเลย,ยังไม่จำ (เจอไม่ถึง {0} ครั้ง) — กด ✚ เพื่อจำเลย,ไอคอน ✚ อยู่กลางประโยค — ต้องเขียนประโยคใหม่
ui.app.notSave,,hourglass,,⏳ ยังไม่บันทึก,ยังไม่บันทึก,⏳ ยังไม่บันทึก,ยังไม่บันทึก,
ui.app.novel2,,,chevron-down, นิยาย ▾, นิยาย, นิยาย ▾, นิยาย,
ui.app.open,,note,,📝 เปิด,เปิด,📝 เปิด,เปิด,
ui.app.openApp,,folder-open,,📂 เปิดในโปรแกรม,เปิดในโปรแกรม,📂 เปิดในโปรแกรม,เปิดในโปรแกรม,
ui.app.openCompareRight,,swap,,⇋ เปิดเทียบด้านขวา,เปิดเทียบด้านขวา,⇋ เปิดเทียบด้านขวา,เปิดเทียบด้านขวา,
ui.app.openFolder,,folder-open,,📂 เปิดในโฟลเดอร์,เปิดในโฟลเดอร์,📂 เปิดในโฟลเดอร์,เปิดในโฟลเดอร์,
ui.app.openFolderDone,,folder-open,,📂 เปิดโฟลเดอร์แล้ว: ,เปิดโฟลเดอร์แล้ว:,📂 เปิดโฟลเดอร์แล้ว: ,เปิดโฟลเดอร์แล้ว:,
ui.app.openGraphBreakBranch,,branch,,🌿 เปิดผังแตกสาย,เปิดผังแตกสาย,🌿 เปิดผังแตกสาย,เปิดผังแตกสาย,
ui.app.openLibraryImage,,image,,🖼 เปิดคลังรูป,เปิดคลังรูป,🖼 เปิดคลังรูป,เปิดคลังรูป,
ui.app.openMapsJson,,file,,📄 เปิด maps.json,เปิด maps.json,📄 เปิด maps.json,เปิด maps.json,
ui.app.openPanelMap,,globe,,🗺 เปิดแผงแผนที่,เปิดแผงแผนที่,🗺 เปิดแผงแผนที่,เปิดแผงแผนที่,
ui.app.openPlanner,,clipboard,,📋 เปิด Planner,เปิด Planner,📋 เปิด Planner,เปิด Planner,
ui.app.pickFolderTo,,folder-open,,📂 เลือกโฟลเดอร์ปลายทาง,เลือกโฟลเดอร์ปลายทาง,📂 เลือกโฟลเดอร์ปลายทาง,เลือกโฟลเดอร์ปลายทาง,
ui.app.pinOut,,star-outline,,☆ เอาหมุดออก,เอาหมุดออก,☆ เอาหมุดออก,เอาหมุดออก,
ui.app.pinPin,,star,,⭐ ปักหมุด,ปักหมุด,⭐ ปักหมุด,ปักหมุด,
ui.app.printJavaScriptDonePress,,,,พิมพ์ JavaScript แล้วกด Ctrl+Enter เพื่อรัน · ใช้ตัวแปร k2 เข้าถึงของในโปรแกรม ,พิมพ์ JavaScript แล้วกด Ctrl+Enter เพื่อรัน · ใช้ตัวแปร k2 เข้าถึงของในโปรแกรม,พิมพ์ JavaScript แล้วกด Ctrl+Enter เพื่อรัน · ใช้ตัวแปร k2 เข้าถึงของในโปรแกรม ,พิมพ์ JavaScript แล้วกด Ctrl+Enter เพื่อรัน · ใช้ตัวแปร k2 เข้าถึงของในโปรแกรม,คีย์ลัด Ctrl+Enter ในประโยค — หาคำสั่งที่ตรงไม่เจอ
ui.app.propsPlan,,cog,,⚙ คุณสมบัติแผน…,คุณสมบัติแผน…,⚙ คุณสมบัติแผน…,คุณสมบัติแผน…,
ui.app.remember,,return,,↩ เลิกจำเอง,เลิกจำเอง,↩ เลิกจำเอง,เลิกจำเอง,
ui.app.remember2,,plus-plain,,✚ จำ,จำ,✚ จำ,จำ,
ui.app.rememberTimes,,return,,↩ จำอีกครั้ง,จำอีกครั้ง,↩ จำอีกครั้ง,จำอีกครั้ง,
ui.app.report2,,group,,👥 รายงานตัวละคร,รายงานตัวละคร,👥 รายงานตัวละคร,รายงานตัวละคร,
ui.app.reportPlace2,,map,,📍 รายงานสถานที่,รายงานสถานที่,📍 รายงานสถานที่,รายงานสถานที่,
ui.app.restoreTab2,,expand,,⤢ คืนเป็นแท็บ,คืนเป็นแท็บ,⤢ คืนเป็นแท็บ,คืนเป็นแท็บ,
ui.app.save,,save,,💾 บันทึก,บันทึก,💾 บันทึก,บันทึก,
ui.app.saveFile,,save,,💾 บันทึกเป็นไฟล์…,บันทึกเป็นไฟล์…,💾 บันทึกเป็นไฟล์…,บันทึกเป็นไฟล์…,
ui.app.saveLatestLog,,log,,📜 บันทึกล่าสุด (log),บันทึกล่าสุด (log),📜 บันทึกล่าสุด (log),บันทึกล่าสุด (log),
ui.app.saveVersion,,camera,,📸 บันทึกเวอร์ชันนี้,บันทึกเวอร์ชันนี้,📸 บันทึกเวอร์ชันนี้,บันทึกเวอร์ชันนี้,
ui.app.scroll2,,chevron-up,,▲ เลื่อนขึ้น,เลื่อนขึ้น,▲ เลื่อนขึ้น,เลื่อนขึ้น,
ui.app.scroll3,,chevron-down,,▼ เลื่อนลง,เลื่อนลง,▼ เลื่อนลง,เลื่อนลง,
ui.app.searchOnlyChapter2,,search,,🔍 ค้นเฉพาะในบทนี้,ค้นเฉพาะในบทนี้,🔍 ค้นเฉพาะในบทนี้,ค้นเฉพาะในบทนี้,
ui.app.searchSave,,search,,🔍 ค้นในบันทึก,ค้นในบันทึก,🔍 ค้นในบันทึก,ค้นในบันทึก,
ui.app.setCat,,folder,,📁 ตั้งหมวด…,ตั้งหมวด…,📁 ตั้งหมวด…,ตั้งหมวด…,
ui.app.splitWindowFloat,,window,,🪟 แยกเป็นหน้าต่างลอย,แยกเป็นหน้าต่างลอย,🪟 แยกเป็นหน้าต่างลอย,แยกเป็นหน้าต่างลอย,
ui.app.status,,,chevron-right,สถานะ ▸,สถานะ,สถานะ ▸,สถานะ,
ui.app.suggestNameChapterAI,,magic,,✨ แนะนำชื่อบทด้วย AI…,แนะนำชื่อบทด้วย AI…,✨ แนะนำชื่อบทด้วย AI…,แนะนำชื่อบทด้วย AI…,
ui.app.suggestNameSceneAI,,magic,,✨ แนะนำชื่อฉากด้วย AI…,แนะนำชื่อฉากด้วย AI…,✨ แนะนำชื่อฉากด้วย AI…,แนะนำชื่อฉากด้วย AI…,
ui.app.templateManage,,cog,,⚙ เทมเพลต (จัดการ),เทมเพลต (จัดการ),⚙ เทมเพลต (จัดการ),เทมเพลต (จัดการ),
ui.app.themeDarkClickTheme,,,,ธีมมืด — คลิกเพื่อไปธีมสว่าง (Ctrl+Shift+P),ธีมมืด — คลิกเพื่อไปธีมสว่าง,ธีมมืด — คลิกเพื่อไปธีมสว่าง (Ctrl+Shift+P),ธีมมืด — คลิกเพื่อไปธีมสว่าง,ตัดคีย์ลัดท้าย (Ctrl+Shift+P) — ให้ UI เติมจาก commands.csv
ui.app.themeLightClickTheme,,,,ธีมสว่าง — คลิกเพื่อไปธีมมืด (Ctrl+Shift+P),ธีมสว่าง — คลิกเพื่อไปธีมมืด,ธีมสว่าง — คลิกเพื่อไปธีมมืด (Ctrl+Shift+P),ธีมสว่าง — คลิกเพื่อไปธีมมืด,ตัดคีย์ลัดท้าย (Ctrl+Shift+P) — ให้ UI เติมจาก commands.csv
ui.app.toggleModeDocNovel,,,,สลับโหมดเอกสาร นิยาย ↔ บทหนัง (Ctrl+Shift+M),สลับโหมดเอกสาร นิยาย ↔ บทหนัง,สลับโหมดเอกสาร นิยาย ↔ บทหนัง (Ctrl+Shift+M),สลับโหมดเอกสาร นิยาย ↔ บทหนัง,ตัดคีย์ลัดท้าย (Ctrl+Shift+M) — ให้ UI เติมจาก commands.csv
ui.app.trash,,trash,,🗑 ถังขยะ ({0}),ถังขยะ ({0}),🗑 ถังขยะ ({0}),ถังขยะ ({0}),
ui.app.tryNew,,refresh,,↻ ลองใหม่,ลองใหม่,↻ ลองใหม่,ลองใหม่,
ui.app.unlockSceneDone,,lock-open,,🔓 ปลดล็อกฉากแล้ว,ปลดล็อกฉากแล้ว,🔓 ปลดล็อกฉากแล้ว,ปลดล็อกฉากแล้ว,
ui.app.viewSample,,eye,,👁 ดูตัวอย่าง,ดูตัวอย่าง,👁 ดูตัวอย่าง,ดูตัวอย่าง,
ui.app.wordKeepThingPrint,,,,"คำเหล่านี้เก็บจาก ""สิ่งที่พิมพ์ในบทนี้"" — กด ✕ เพื่อสั่งไม่ให้จำอีก","คำเหล่านี้เก็บจาก ""สิ่งที่พิมพ์ในบทนี้"" — กด ✕ เพื่อสั่งไม่ให้จำอีก","คำเหล่านี้เก็บจาก ""สิ่งที่พิมพ์ในบทนี้"" — กด ✕ เพื่อสั่งไม่ให้จำอีก","คำเหล่านี้เก็บจาก ""สิ่งที่พิมพ์ในบทนี้"" — กด ✕ เพื่อสั่งไม่ให้จำอีก",ไอคอน ✕ อยู่กลางประโยค — ต้องเขียนประโยคใหม่
ui.books.bookAllProject,,book-content,,📚 เล่มทั้งหมดในโปรเจกต์,เล่มทั้งหมดในโปรเจกต์,📚 เล่มทั้งหมดในโปรเจกต์,เล่มทั้งหมดในโปรเจกต์,
ui.books.draft2,,note,,📝 ฉบับร่าง,ฉบับร่าง,📝 ฉบับร่าง,ฉบับร่าง,
ui.books.export,,export,,📤 ส่งออก,ส่งออก,📤 ส่งออก,ส่งออก,
ui.books.open,,folder-open,,📂 เปิด,เปิด,📂 เปิด,เปิด,
ui.books.pickCover,,image,,🖼 เลือกปก,เลือกปก,🖼 เลือกปก,เลือกปก,
ui.branch.comparePlan,,swap,,⇋ เทียบแผน — ,เทียบแผน —,⇋ เทียบแผน — ,เทียบแผน —,
ui.branch.propsPlan,,branch,,🌿 คุณสมบัติแผน — ,คุณสมบัติแผน —,🌿 คุณสมบัติแผน — ,คุณสมบัติแผน —,
ui.central.allCurrent,,check-circle,,✅ ทุกอย่างเป็นปัจจุบัน,ทุกอย่างเป็นปัจจุบัน,✅ ทุกอย่างเป็นปัจจุบัน,ทุกอย่างเป็นปัจจุบัน,
ui.central.backlinksSceneToWiki,,link,,🔗 Backlinks (ฉากที่อ้างถึง Wiki นี้),Backlinks (ฉากที่อ้างถึง Wiki นี้),🔗 Backlinks (ฉากที่อ้างถึง Wiki นี้),Backlinks (ฉากที่อ้างถึง Wiki นี้),
ui.central.cantWrite,,fire,,🔥 วันนี้ยังไม่ได้เขียน!,วันนี้ยังไม่ได้เขียน!,🔥 วันนี้ยังไม่ได้เขียน!,วันนี้ยังไม่ได้เขียน!,
ui.central.hub,,chart,,📊 ศูนย์รวม,ศูนย์รวม,📊 ศูนย์รวม,ศูนย์รวม,
ui.central.newIndexNew,,refresh,,🔄 สร้างดัชนีใหม่,สร้างดัชนีใหม่,🔄 สร้างดัชนีใหม่,สร้างดัชนีใหม่,
ui.central.newIndexNotOk,,,,"สร้างดัชนีไม่สำเร็จ — กด ""🔄 สร้างดัชนีใหม่""","สร้างดัชนีไม่สำเร็จ — กด ""🔄 สร้างดัชนีใหม่""","สร้างดัชนีไม่สำเร็จ — กด ""🔄 สร้างดัชนีใหม่""","สร้างดัชนีไม่สำเร็จ — กด ""🔄 สร้างดัชนีใหม่""",ไอคอน 🔄 อยู่กลางประโยค — ต้องเขียนประโยคใหม่
ui.central.notMention,,plot-hole,,🕳 ยังไม่ถูกกล่าวถึงเลย,ยังไม่ถูกกล่าวถึงเลย,🕳 ยังไม่ถูกกล่าวถึงเลย,ยังไม่ถูกกล่าวถึงเลย,
ui.central.saveDecisionTimes,,gamepad,,🎮 บันทึกการตัดสินใจไว้ {0} ครั้ง,บันทึกการตัดสินใจไว้ {0} ครั้ง,🎮 บันทึกการตัดสินใจไว้ {0} ครั้ง,บันทึกการตัดสินใจไว้ {0} ครั้ง,
ui.central.scene,,arrow-left,, ← {0} ฉาก: ,{0} ฉาก:, ← {0} ฉาก: ,{0} ฉาก:,
ui.central.sceneCantSetStatus,,file,,📄 {0} ฉากยังไม่ได้ตั้งสถานะ,{0} ฉากยังไม่ได้ตั้งสถานะ,📄 {0} ฉากยังไม่ได้ตั้งสถานะ,{0} ฉากยังไม่ได้ตั้งสถานะ,
ui.central.sceneWordCharacter,,file,,📄 {0} ฉาก · 📝 {1} คำ · 👤 {2} ตัวละคร,{0} ฉาก · 📝 {1} คำ · 👤 {2} ตัวละคร,📄 {0} ฉาก · 📝 {1} คำ · 👤 {2} ตัวละคร,{0} ฉาก · 📝 {1} คำ · 👤 {2} ตัวละคร,ไอคอน 📝 👤 อยู่กลางประโยค — ต้องเขียนประโยคใหม่
ui.central.stats,,chart,,📊 สถิติ,สถิติ,📊 สถิติ,สถิติ,
ui.central.thingMustUpdate,,clipboard,,📋 สิ่งที่ต้องอัปเดต,สิ่งที่ต้องอัปเดต,📋 สิ่งที่ต้องอัปเดต,สิ่งที่ต้องอัปเดต,
ui.cmt.anchorLost,,map,,📍✕ (ข้อความถูกลบไปแล้ว) ,✕ (ข้อความถูกลบไปแล้ว),📍✕ (anchor text was removed) ,✕ (anchor text was removed),ไอคอน ✕ อยู่กลางประโยค — ต้องเขียนประโยคใหม่
ui.cmt.filterAll,,filter,,🔽 ทั้งหมด,ทั้งหมด,🔽 All,All,
ui.cmt.filterOpen,,filter,,🔽 เฉพาะที่ยังไม่ปิด,เฉพาะที่ยังไม่ปิด,🔽 Open only,Open only,
ui.cmtComment.add,,chat,,💬 เพิ่ม,เพิ่ม,💬 เพิ่ม,เพิ่ม,
ui.cmtComment.bind,,map,,📍 ผูกกับ: “,ผูกกับ: “,📍 ผูกกับ: “,ผูกกับ: “,
ui.cmtComment.replyBack,,subdirectory-right,,↳ {0} การตอบกลับ,{0} การตอบกลับ,↳ {0} การตอบกลับ,{0} การตอบกลับ,
ui.codex.exportWeb,,globe,,🌐 ส่งออกเป็นเว็บ,ส่งออกเป็นเว็บ,🌐 ส่งออกเป็นเว็บ,ส่งออกเป็นเว็บ,
ui.codex.openPageWiki,,book-open,,📖 เปิดหน้า Wiki,เปิดหน้า Wiki,📖 เปิดหน้า Wiki,เปิดหน้า Wiki,
ui.common.aIAnalyze,toggle-panel:ai-analyzer,brain,,🧠 AI วิเคราะห์,AI วิเคราะห์,🧠 AI วิเคราะห์,AI วิเคราะห์,
ui.common.aIAssistantWrite,toggle-panel:ai-chat,chat,,💬 AI ผู้ช่วยเขียน,AI ผู้ช่วยเขียน,💬 AI ผู้ช่วยเขียน,AI ผู้ช่วยเขียน,
ui.common.boardMood,toggle-panel:gallery-board,palette,,🎨 กระดานอารมณ์,กระดานอารมณ์,🎨 กระดานอารมณ์,กระดานอารมณ์,
ui.common.changeNameBook,,edit,,✎ เปลี่ยนชื่อเล่ม…,เปลี่ยนชื่อเล่ม…,✎ เปลี่ยนชื่อเล่ม…,เปลี่ยนชื่อเล่ม…,
ui.common.clear2,,trash,,🗑 ล้าง,ล้าง,🗑 ล้าง,ล้าง,
ui.common.copyText,,clipboard,,📋 คัดลอกเป็นข้อความ,คัดลอกเป็นข้อความ,📋 คัดลอกเป็นข้อความ,คัดลอกเป็นข้อความ,
ui.common.cornerScene,,line-elbow,,⌐ หักมุมฉาก,หักมุมฉาก,⌐ หักมุมฉาก,หักมุมฉาก,
ui.common.curve,,line-curve,,⌒ โค้ง,โค้ง,⌒ โค้ง,โค้ง,
ui.common.del2,,trash,,🗑 ลบ,ลบ,🗑 ลบ,ลบ,
ui.common.delBookBook,,trash,,🗑 ลบเล่มทั้งเล่ม,ลบเล่มทั้งเล่ม,🗑 ลบเล่มทั้งเล่ม,ลบเล่มทั้งเล่ม,
ui.common.delMoveTrash,,trash,,🗑 ลบ (ย้ายไปถังขยะ),ลบ (ย้ายไปถังขยะ),🗑 ลบ (ย้ายไปถังขยะ),ลบ (ย้ายไปถังขยะ),
ui.common.exportMd,,import,,📥 ส่งออก .md,ส่งออก .md,📥 ส่งออก .md,ส่งออก .md,
ui.common.exportOnlyImageUse,gallery-export-used,export,,📤 ส่งออกเฉพาะรูปที่ถูกใช้จริง…,ส่งออกเฉพาะรูปที่ถูกใช้จริง…,📤 ส่งออกเฉพาะรูปที่ถูกใช้จริง…,ส่งออกเฉพาะรูปที่ถูกใช้จริง…,
ui.common.exportPNG,,export,,📤 ส่งออก PNG,ส่งออก PNG,📤 ส่งออก PNG,ส่งออก PNG,
ui.common.findImageDupLibrary,gallery-dups,search,,🔎 หารูปซ้ำในคลัง,หารูปซ้ำในคลัง,🔎 หารูปซ้ำในคลัง,หารูปซ้ำในคลัง,
ui.common.fitScreen,,expand,,⤢ พอดีจอ,พอดีจอ,⤢ พอดีจอ,พอดีจอ,
ui.common.flashback,,rewind,,⏪ ย้อนอดีต (Flashback),ย้อนอดีต (Flashback),⏪ ย้อนอดีต (Flashback),ย้อนอดีต (Flashback),
ui.common.graphArea,toggle-panel:floorplan,map,,📍 ผังพื้นที่,ผังพื้นที่,📍 ผังพื้นที่,ผังพื้นที่,
ui.common.graphBreakBranch2,toggle-panel:branch,branch,,🌿 ผังแตกสาย,ผังแตกสาย,🌿 ผังแตกสาย,ผังแตกสาย,
ui.common.historyRun,toggle-panel:history,history,,🕘 ประวัติการทำงาน,ประวัติการทำงาน,🕘 ประวัติการทำงาน,ประวัติการทำงาน,
ui.common.insertSceneOpen,,image,,🖼 แทรกลงฉากที่เปิดอยู่,แทรกลงฉากที่เปิดอยู่,🖼 แทรกลงฉากที่เปิดอยู่,แทรกลงฉากที่เปิดอยู่,
ui.common.journal,toggle-panel:record,notepad,,🗒 บันทึกประจำวัน,บันทึกประจำวัน,🗒 บันทึกประจำวัน,บันทึกประจำวัน,
ui.common.map3,,globe,,🗺 แผนที่,แผนที่,🗺 แผนที่,แผนที่,
ui.common.novel,set-format:prose,book-open,,📖 นิยาย,นิยาย,📖 นิยาย,นิยาย,
ui.common.orderNumNew,,sort-number,,🔢 เรียงลำดับหมายเลขใหม่,เรียงลำดับหมายเลขใหม่,🔢 เรียงลำดับหมายเลขใหม่,เรียงลำดับหมายเลขใหม่,
ui.common.pageFlashforward,,fast-forward,,⏩ ล่วงหน้า (Flashforward),ล่วงหน้า (Flashforward),⏩ ล่วงหน้า (Flashforward),ล่วงหน้า (Flashforward),
ui.common.refresh2,,refresh,,🔄 รีเฟรช,รีเฟรช,🔄 รีเฟรช,รีเฟรช,
ui.common.renameNew,,edit,,✏️ ตั้งชื่อใหม่,ตั้งชื่อใหม่,✏️ ตั้งชื่อใหม่,ตั้งชื่อใหม่,
ui.common.settingsAI,,bot,,🤖 ตั้งค่า AI,ตั้งค่า AI,🤖 ตั้งค่า AI,ตั้งค่า AI,
ui.common.showFolder,,folder-open,,📂 แสดงในโฟลเดอร์,แสดงในโฟลเดอร์,📂 แสดงในโฟลเดอร์,แสดงในโฟลเดอร์,
ui.common.showFolderImages,,folder-open,,📂 แสดงโฟลเดอร์ Images,แสดงโฟลเดอร์ Images,📂 แสดงโฟลเดอร์ Images,แสดงโฟลเดอร์ Images,
ui.common.thingSee,,eye,,👁 สิ่งที่เห็น,สิ่งที่เห็น,👁 สิ่งที่เห็น,สิ่งที่เห็น,
ui.common.toggle,,swap,,⇄ สลับทิศ,สลับทิศ,⇄ สลับทิศ,สลับทิศ,
ui.common.trialPlay,toggle-panel:player,play,,▶️ ทดลองเล่น,ทดลองเล่น,▶️ ทดลองเล่น,ทดลองเล่น,
ui.common.unlock,,lock-open,,🔓 ปลดล็อก,ปลดล็อก,🔓 ปลดล็อก,ปลดล็อก,
ui.common.viewImageFull,,search,,🔍 ดูภาพเต็ม,ดูภาพเต็ม,🔍 ดูภาพเต็ม,ดูภาพเต็ม,
ui.compile.screenplayCONTINUEDMORE,,film,,🎬 บทภาพยนตร์ (CONTINUED · MORE),บทภาพยนตร์ (CONTINUED · MORE),🎬 บทภาพยนตร์ (CONTINUED · MORE),บทภาพยนตร์ (CONTINUED · MORE),
ui.compile.screenplayPDFTocCover,,film,,🎬 บทภาพยนตร์ → PDF (สารบัญ · หน้าปก),บทภาพยนตร์ → PDF (สารบัญ · หน้าปก),🎬 บทภาพยนตร์ → PDF (สารบัญ · หน้าปก),บทภาพยนตร์ → PDF (สารบัญ · หน้าปก),
ui.dash.libraryImage,,image,,🖼 คลังรูป,คลังรูป,🖼 คลังรูป,คลังรูป,
ui.dash.longEachChapterWord,,book-open,,📖 ความยาวแต่ละบท (คำ),ความยาวแต่ละบท (คำ),📖 ความยาวแต่ละบท (คำ),ความยาวแต่ละบท (คำ),
ui.dash.notStartWriteNext,,fire,,🔥 ยังไม่เริ่มนับวันเขียนติดต่อกัน,ยังไม่เริ่มนับวันเขียนติดต่อกัน,🔥 ยังไม่เริ่มนับวันเขียนติดต่อกัน,ยังไม่เริ่มนับวันเขียนติดต่อกัน,
ui.dash.pageStatusScene,,chart,,📊 ความคืบหน้าตามสถานะฉาก,ความคืบหน้าตามสถานะฉาก,📊 ความคืบหน้าตามสถานะฉาก,ความคืบหน้าตามสถานะฉาก,
ui.dash.scenePinPin,,star,,⭐ ฉากปักหมุด ({0}),ฉากปักหมุด ({0}),⭐ ฉากปักหมุด ({0}),ฉากปักหมุด ({0}),
ui.dash.wikiCat,,collection,,🗂 Wiki ตามหมวด,Wiki ตามหมวด,🗂 Wiki ตามหมวด,Wiki ตามหมวด,
ui.dash.writeNext,,fire,,🔥 เขียนติดต่อกัน {0} วัน,เขียนติดต่อกัน {0} วัน,🔥 เขียนติดต่อกัน {0} วัน,เขียนติดต่อกัน {0} วัน,
ui.dlg.alphaItemLevelUser,,,,"<div class=""k-dlg-title"">{0}</div>
<div class=""k-set-wrap"">
  <div class=""k-set-nav"">
    <input id=""st-nav-q"" class=""k-set-navq"" type=""search"" placeholder=""ค้นหาหัวข้อตั้งค่า…"">
    <div class=""k-set-navgrp""><span class=""k-set-navgrp-ic"">🌐</span> ระดับผู้ใช้ <span class=""k-set-navgrp-sub"">ใช้ร่วมทุกผลงาน</span></div>
    <div class=""k-set-tab on"" data-p=""gen"" data-find=""ทั่วไป ชื่อ ผู้เขียน บันทึกอัตโนมัติ สำรอง เป้าหมาย หน้าแรก ประวัติ"">{1}</div>
    <div class=""k-set-tab"" data-p=""write"" data-find=""การเขียน ฟอนต์ ขนาด ตรวจคำผิด เลขบรรทัด โฟกัส เสียงพิมพ์ดีด ถังขยะ"">{2}</div>
    <div class=""k-set-tab"" data-p=""toolbar"" data-find=""แถบเครื่องมือ ปุ่ม เอาปุ่มออก toolbar"">แถบเครื่องมือ</div>
    <div class=""k-set-tab"" data-p=""fmtbar"" data-find=""แถบรูปแบบ ลอย ปุ่ม B I U ถอดปุ่ม นิยาย หนัง format bar"">แถบรูปแบบลอย</div>
    <div class=""k-set-tab"" data-p=""fab"" data-find=""ปุ่มลอย fab คำสั่งลัด มุมจอ วงกลม"">ปุ่มลอย (FAB)</div>
    <div class=""k-set-tab"" data-p=""auto"" data-find=""อัตโนมัติ ซิงค์ จำนวนหน้า อัปเดต update เวอร์ชัน รุ่นใหม่ github"">{3}</div>
    <div class=""k-set-tab"" data-p=""lang"" data-find=""ภาษา language แปล csv"">{4}</div>
    <div class=""k-set-tab"" data-p=""keys"" data-find=""ปุ่มลัด คีย์ลัด shortcut"">{5}</div>
    <div class=""k-set-navgrp""><span class=""k-set-navgrp-ic"">📁</span> เฉพาะผลงานนี้ <span class=""k-set-navgrp-sub"">เก็บใน project.khn.json</span></div>
    <div class=""k-set-tab"" data-p=""setup"" data-find=""ข้อมูลผลงาน ผู้เขียน อีเมล ตัวแทน ลิขสิทธิ์ agent"">ข้อมูลผลงาน</div>
    <div class=""k-set-tab"" data-p=""page"" data-find=""หน้ากระดาษ ขนาด ระยะขอบ เลขหน้า เลขฉาก ตัดหน้า"">หน้ากระดาษ</div>
    <div class=""k-set-tab"" data-p=""prose"" data-find=""รูปแบบนิยาย ย่อหน้า ช่วงบรรทัด หัวข้อ ยกคำพูด"">รูปแบบนิยาย</div>
    <div class=""k-set-tab"" data-p=""spfmt"" data-find=""รูปแบบบท element เยื้อง ความกว้าง"">รูปแบบบท</div>
    <div class=""k-set-tab"" data-p=""sp"" data-find=""ปุ่มบทหนัง tab enter element"">ปุ่มบทหนัง</div>
    <div class=""k-set-tab"" data-p=""fonts"" data-find=""ฟอนต์ตามภาษา ช่วงอักขระ"">ฟอนต์ตามภาษา</div>
    <div class=""k-set-tab"" data-p=""netcol"" data-find=""story network สี ปุ่มเมาส์ ผัง"">Story Network</div>
  </div>
  <div class=""k-set-main"">
    <div class=""k-set-page"" data-p=""fmtbar"">
      <div id=""st-fmtbar-host""></div>
    </div>

    <div class=""k-set-page"" data-p=""fab"">
      <div id=""st-fab-host""></div>
    </div>

    <div class=""k-set-page"" data-p=""toolbar"">
      <div class=""k-hint"" style=""margin-bottom:10px"">เลือกว่าจะให้ปุ่มไหนโผล่บนแถบเครื่องมือบ้าง — ติ๊กแล้วเห็นผลทันที · เส้นคั่นของกลุ่มที่ปิดหมดจะหายไปเอง</div>
      <div id=""st-toolbar-host""></div>
    </div>

    <div class=""k-set-page k-set-2col on"" data-p=""gen"">
      <div class=""k-row""><label>{6}</label><input type=""text"" id=""st-title""></div>
      <div class=""k-row""><label>{7}</label><input type=""text"" id=""st-author""></div>
      <div class=""k-row""><label>ธีมสี<span class=""k-hint"">[alpha.137] สีของเปลือกโปรแกรม (แถบ · แผง · กล่อง) — ไม่แตะหน้ากระดาษและไฟล์ที่ส่งออก · รายชื่อธีมสร้างจาก THEMES ตอนเปิดกล่อง</span></label><select id=""st-theme"" class=""k-dlg-select"" style=""width:100%""></select></div>
      <div class=""k-row""><label>{8}<span class=""k-hint"">{9}</span></label><input type=""number"" id=""st-auto"" min=""0"" max=""120""></div>
      <div class=""k-row""><label>{10}</label><input type=""checkbox"" id=""st-backup""></div>
      <div class=""k-row""><label>{11}<span class=""k-hint"">{12}</span></label><input type=""number"" id=""st-maxbak"" min=""1"" max=""200""></div>
      <div class=""k-row""><label>{13}</label><input type=""number"" id=""st-daily"" min=""0""></div>
      <div class=""k-row""><label>{14}</label><input type=""number"" id=""st-proj"" min=""0""></div>
      <div class=""k-set-sub k-full"">// [alpha.60r ข้อ 1] พฤติกรรมตอนเปิดโปรเจกต์</div>
      <div class=""k-row""><label>แสดงหน้าแรกเมื่อเปิดโปรเจกต์<span class=""k-hint"">ปิด = เปิดโปรเจกต์ล่าสุดโดยไม่ถาม</span></label><input type=""checkbox"" id=""st-showhome""></div>
      <div class=""k-set-sub k-full"">// [alpha.69] ประวัติการทำงาน (แผง 🕘)</div>
      <div class=""k-row""><label>เก็บประวัติย้อนหลัง (ครั้ง)<span class=""k-hint"">ยิ่งมากยิ่งย้อนได้ไกล แต่กินที่ใน .k2history/ · 4–500 · ค่าเริ่มต้น 32</span></label><input type=""number"" id=""st-histlimit"" min=""4"" max=""500""></div>
      <div class=""k-row""><label>ปิดการจดประวัติ<span class=""k-hint"">ปิดแล้วแผงประวัติจะไม่มีอะไรใหม่เพิ่ม (ของเดิมยังอยู่)</span></label><input type=""checkbox"" id=""st-histoff""></div>
    </div>
    <div class=""k-set-page k-set-2col"" data-p=""write"">
      <div class=""k-row""><label>{15}<span class=""k-hint"">{16}</span></label><select id=""st-fontfamily"" class=""k-dlg-select"" style=""width:100%""></select></div>
      <div class=""k-row""><label>{17}<span class=""k-hint"">{18}</span></label><select id=""st-spfontfamily"" class=""k-dlg-select"" style=""width:100%""></select></div>
      <div class=""k-row""><label>ขนาดฟอนต์นิยาย (pt)<span class=""k-hint"">มาตรฐานต้นฉบับ = 12pt · รูปแบบอื่น ๆ ดูที่แท็บ ""📖 รูปแบบนิยาย""</span></label><input type=""number"" id=""st-edpt"" class=""k-narrow"" min=""6"" max=""48"" step=""0.5""></div>
      <div class=""k-row""><label>ขนาดฟอนต์บทภาพยนตร์ (pt)<span class=""k-hint"">มาตรฐานบท = 12pt ทุกภาษา</span></label><input type=""number"" id=""st-sppt"" class=""k-narrow"" min=""6"" max=""48"" step=""0.5""></div>
      <div class=""k-row""><label>ขนาดตัวอักษรของ UI<span class=""k-hint"">[บั๊ก 14] ปรับจากค่าเริ่มต้น 14px — มีผลกับเปลือกโปรแกรมเท่านั้น ไม่แตะเอกสาร</span></label><input type=""number"" id=""st-font"" min=""-6"" max=""16"" step=""1""></div>
      <div class=""k-row""><label>ขนาดการ์ดหน้าแรก (px)<span class=""k-hint"">ความกว้างการ์ด 4 คอลัมน์บนหน้าแรก</span></label><input type=""number"" id=""st-homethumb"" class=""k-narrow"" min=""120"" max=""400"" step=""10""></div>
      <div class=""k-row""><label>{19}<span class=""k-hint"">{20}</span></label><input type=""checkbox"" id=""st-ln""></div>
      <div class=""k-row""><label>ปุ่มลอยมุมขวาล่าง (FAB)<span class=""k-hint"">[60r2 ข้อ 9] ปิดแล้วปุ่ม + และเมนูของมันจะหายไปทั้งชุด</span></label><input type=""checkbox"" id=""st-fab""></div>
      <div class=""k-row""><label>{21}<span class=""k-hint"">{22}</span></label><input type=""checkbox"" id=""st-spell""></div>
      <div class=""k-row""><label>{23}<span class=""k-hint"">{24}</span></label><input type=""checkbox"" id=""st-spelldict""></div>
      <div class=""k-row""><label>{25}<span class=""k-hint"">{26}</span></label><input type=""checkbox"" id=""st-mention""></div>
      <div class=""k-row""><label>{27}<span class=""k-hint"">{28}</span></label><input type=""number"" id=""st-recycle"" min=""0"" max=""3650""></div>
      <div class=""k-row""><label>{29}<span class=""k-hint"">{30}</span></label><input type=""range"" id=""st-fmdim"" min=""0.05"" max=""0.8"" step=""0.05""><span id=""st-fmdim-lbl"" class=""k-hint""></span></div>
      <div class=""k-row""><label>{31}<span class=""k-hint"">{32}</span></label><input type=""range"" id=""st-uiscale"" min=""0.75"" max=""2"" step=""0.05""><span id=""st-uiscale-lbl"" class=""k-hint""></span></div>
      <div class=""k-set-sub k-full"">🔊 เสียงเครื่องพิมพ์ดีด</div>
      <div class=""k-row""><label>เปิดเสียงขณะพิมพ์<span class=""k-hint"">เคาะแป้น · วรรค · ลบ · กระดิ่งตอนขึ้นบรรทัด</span></label><input type=""checkbox"" id=""st-typesnd""></div>
      <div class=""k-row""><label>เล่นเมื่อไร<span class=""k-hint"">[60r2 ข้อ 4] ค่าเริ่มต้น = ดังตลอด · เดิมต้องเปิดสวิตช์ที่สองด้วยจึงจะได้ยิน</span></label><select id=""st-typesnd-mode"" class=""k-dlg-select""><option value=""always"">ดังตลอดเวลาที่พิมพ์</option><option value=""typewriter"">เฉพาะโหมดเครื่องพิมพ์ดีด (Ctrl+Shift+T)</option></select></div>
      <div class=""k-row""><label>ระดับเสียง</label><input type=""range"" id=""st-typesnd-vol"" min=""0"" max=""1"" step=""0.05""><span id=""st-typesnd-lbl"" class=""k-hint""></span></div>
      <div class=""k-row""><label>ลองฟัง</label><span><button id=""st-typesnd-test"" class=""k-key-btn"">เคาะ</button> <button id=""st-typesnd-test2"" class=""k-key-btn"">ขึ้นบรรทัด</button></span></div>
    </div>
    <div class=""k-set-page"" data-p=""auto"">
      <div class=""k-row""><label>{33} {34}<span class=""k-hint"">{35}</span></label><input type=""checkbox"" id=""st-autosync""></div>
      <div class=""k-row""><label>คลังคำพ้อง/คำตรงข้าม<span class=""k-hint"">เปิดแล้วจะ **ส่งคำที่เลือกออกอินเทอร์เน็ต** เพื่อค้นคำพ้อง · ปิดอยู่ = ใช้คลังไทยในตัวอย่างเดียว</span></label><input type=""checkbox"" id=""st-thesaurus""></div>
      <div class=""k-set-sub k-full"">// [alpha.60 ข้อ 96] ปรับหน้าใหม่อัตโนมัติสำหรับบทภาพยนตร์</div>
      <div class=""k-row""><label>คำนวณจำนวนหน้าใหม่หลังหยุดพิมพ์<span class=""k-hint"">ทำงานหลังจากหยุดพักตามช่วงเวลาที่ตั้ง · ใช้กับบทภาพยนตร์เท่านั้น</span></label><input type=""checkbox"" id=""st-autopag""></div>
      <div class=""k-row""><label>รอหลังหยุดพิมพ์ (วินาที)<span class=""k-hint"">1–60 วินาที ก่อนคำนวณหน้าใหม่ · ยิ่งสั้นยิ่งใช้ CPU มาก</span></label><input type=""number"" id=""st-pagintv"" min=""1"" max=""60"" step=""1"" class=""k-narrow""></div>
      <div class=""k-set-sub k-full"">อัปเดตโปรแกรม</div>
      <div id=""st-update-host""></div>
    </div>
    <div class=""k-set-page k-set-2col"" data-p=""setup"">
      <div class=""k-hint"" style=""margin-bottom:10px"">[98] ข้อมูลบนหน้าปกบท/ต้นฉบับ — ใช้ตอนพิมพ์และส่งออก</div>
      <div class=""k-set-sub"">ผู้เขียน</div>
      <div class=""k-row""><label>อีเมลผู้เขียน</label><input type=""text"" id=""st-email""></div>
      <div class=""k-row""><label>ข้อมูลติดต่อ (Contact information)</label><input type=""text"" id=""st-contact""></div>
      <div class=""k-row""><label>โทรศัพท์ (Phone)</label><input type=""text"" id=""st-phone""></div>
      <div class=""k-set-sub"">เครดิตบท</div>
      <div class=""k-row""><label>Screenplay By</label><input type=""text"" id=""st-spby""></div>
      <div class=""k-row""><label>Based On</label><input type=""text"" id=""st-basedon""></div>
      <div class=""k-row""><label>Revisions by</label><input type=""text"" id=""st-revby""></div>
      <div class=""k-set-sub"">ตัวแทน (Agent)</div>
      <div class=""k-row""><label>Agent's Name</label><input type=""text"" id=""st-agname""></div>
      <div class=""k-row""><label>Agent's Address</label><input type=""text"" id=""st-agaddr""></div>
      <div class=""k-row""><label>Agent's Phone</label><input type=""text"" id=""st-agphone""></div>
      <div class=""k-row""><label>Agent's Email</label><input type=""text"" id=""st-agemail""></div>
      <div class=""k-set-sub"">ลิขสิทธิ์</div>
      <div class=""k-row""><label>Copyright by</label><input type=""text"" id=""st-copyright""></div>
    </div>
    <div class=""k-set-page k-set-2col"" data-p=""page"">
      <div class=""k-hint"" style=""margin-bottom:10px"">[85] ขนาดกระดาษและระยะขอบ — ใช้ร่วมกันทั้งโหมดนิยายและโหมดบทภาพยนตร์</div>
      <div class=""k-row""><label>ขนาดกระดาษ</label><select id=""st-paper"" class=""k-dlg-select""></select></div>
      <div class=""k-row k-full"" id=""st-paper-custom""><label>กว้าง × สูง (นิ้ว)</label>
        <span><input type=""number"" id=""st-paper-w"" class=""k-narrow"" min=""3"" max=""30"" step=""0.01"">
        × <input type=""number"" id=""st-paper-h"" class=""k-narrow"" min=""3"" max=""40"" step=""0.01""></span></div>
      <div class=""k-set-sub"">ระยะขอบ (นิ้ว)</div>
      <!-- [alpha.60r2 ข้อ 6] ชุดสำเร็จรูป — เลือกแล้วเติมช่องทั้งสี่ให้ทันที (ค่าอยู่ใน src/margin-presets.json) -->
      <div class=""k-row k-full""><label>ชุดสำเร็จรูป<span class=""k-hint"">เลือกแล้วเติมค่าทั้งสี่ด้านให้ · แก้ตัวเลขเองได้ต่อ</span></label><select id=""st-mg-preset"" class=""k-dlg-select""></select></div>
      <div class=""k-set-grid2"">
        <div class=""k-row""><label>บน (Top)</label><input type=""number"" id=""st-mg-top"" class=""k-narrow"" min=""0"" max=""5"" step=""0.05""></div>
        <div class=""k-row""><label>ล่าง (Bottom)</label><input type=""number"" id=""st-mg-bottom"" class=""k-narrow"" min=""0"" max=""5"" step=""0.05""></div>
        <div class=""k-row""><label>ซ้าย (Left)</label><input type=""number"" id=""st-mg-left"" class=""k-narrow"" min=""0"" max=""5"" step=""0.05""></div>
        <div class=""k-row""><label>ขวา (Right)</label><input type=""number"" id=""st-mg-right"" class=""k-narrow"" min=""0"" max=""5"" step=""0.05""></div>
      </div>
      <div class=""k-row""><label>ช่วงบรรทัดบทภาพยนตร์<span class=""k-hint"">มาตรฐาน = 1 (6 บรรทัด/นิ้ว) · เปลี่ยนแล้วจำนวนบรรทัดต่อหน้าเปลี่ยนตาม</span></label><input type=""number"" id=""st-splh"" class=""k-narrow"" min=""0.8"" max=""2.5"" step=""0.05""></div>
      <div class=""k-row""><label>ช่องว่างระหว่างหน้าในโหมดจัดหน้า (px)</label><input type=""number"" id=""st-sppagegap"" class=""k-narrow"" min=""8"" max=""120"" step=""2""></div>
      <div class=""k-set-sub k-full"">สีกระดาษ</div>
      <div class=""k-hint k-full"" style=""margin-bottom:8px"">[alpha.100] สีของแผ่นกระดาษบนจอ — มีผลกับมุมมองจัดหน้า · เรียงหน้าคู่ · ภาพรวม · โหมดอ่าน · ตอนพิมพ์และส่งออก PDF ยังเป็นขาวเสมอ</div>
      <div class=""k-row""><label>พรีเซ็ต</label><select id=""st-paper-color"" class=""k-dlg-select""></select></div>
      <div class=""k-row""><label>เลือกสีเอง<span class=""k-hint"">สีขอบแผ่น เส้นประ และสีหมึก คำนวณตามให้อัตโนมัติ</span></label><input type=""color"" id=""st-paper-color-hex"" class=""k-narrow""></div>
      <div class=""k-row""><label>เส้นบอกระยะขอบกระดาษ<span class=""k-hint"">เส้นประรอบพื้นที่พิมพ์ในมุมมองจัดหน้า — ครบทั้งสี่ด้านทุกแผ่น</span></label><input type=""checkbox"" id=""st-page-guides""></div>
      <div class=""k-hint k-full"" id=""st-page-info"" style=""margin-top:8px""></div>
      <div class=""k-set-sub k-full"">การตรวจทานบนจอ</div>
      <div class=""k-row""><label>ขีดเส้นบอกจุดที่ผิดในบท<span class=""k-hint"">เส้นหยักใต้บรรทัดที่ตัวตรวจรูปแบบทักไว้ · สลับได้จากป้าย ⚠ บนแถบสถานะเหมือนกัน (ไม่มีผลกับไฟล์และการส่งออก)</span></label><input type=""checkbox"" id=""st-sp-errmark""></div>
      <div class=""k-set-sub k-full"">เลขฉาก (Scene Number)</div>
      <div class=""k-row""><label>แสดงเลขฉากข้างหัวฉาก<span class=""k-hint"">เลขจะอยู่ทั้งซ้ายและขวาของบรรทัดหัวฉาก</span></label><input type=""checkbox"" id=""st-sn-show""></div>
      <div class=""k-row""><label>ท้ายเลข<span class=""k-hint"">เช่น ว่าง หรือ "".""</span></label><input type=""text"" id=""st-sn-suffix"" class=""k-narrow""></div>
      <div class=""k-row""><label>ซ้าย: ระยะจากขอบกระดาษซ้าย (นิ้ว)</label><input type=""number"" id=""st-sn-left"" class=""k-narrow"" min=""0"" max=""5"" step=""0.05""></div>
      <div class=""k-row""><label>ขวา: ระยะจากขอบกระดาษขวา (นิ้ว)</label><input type=""number"" id=""st-sn-right"" class=""k-narrow"" min=""0"" max=""5"" step=""0.05""></div>
      <div class=""k-set-sub k-full"">เลขหน้า (Page Number)</div>
      <div class=""k-row""><label>แสดงเลขหน้า<span class=""k-hint"">มีเฉพาะไฟล์ที่เป็นฉาก · เลขเริ่มต้นตั้งรายไฟล์ที่ ""คุณสมบัติฉาก""</span></label><input type=""checkbox"" id=""st-pn-show""></div>
      <div class=""k-row""><label>ใส่เลขบนหน้าแรกด้วย<span class=""k-hint"">ปิด = หน้าที่เลขจริงเป็น 1 ไม่พิมพ์เลข (ธรรมเนียมบทของบางคน) · หน้าปก/รายชื่อไม่นับอยู่แล้ว</span></label><input type=""checkbox"" id=""st-pn-first""></div>
      <div class=""k-row""><label>ระยะจากขอบขวา (นิ้ว)</label><input type=""number"" id=""st-pn-right"" class=""k-narrow"" min=""0"" max=""5"" step=""0.05""></div>
      <div class=""k-row""><label>ระยะจากขอบบน (นิ้ว)</label><input type=""number"" id=""st-pn-top"" class=""k-narrow"" min=""0"" max=""5"" step=""0.05""></div>
      <div class=""k-row""><label>ท้ายเลข</label><input type=""text"" id=""st-pn-suffix"" class=""k-narrow""></div>
      <div class=""k-set-sub k-full"">ต่อเนื่อง (CONTINUED)</div>
      <div class=""k-row""><label>ใส่ CONTINUED อัตโนมัติ<span class=""k-hint"">ใส่ให้เองเมื่อบล็อกถูกหั่นคร่อมหน้า · ปิดแล้วใช้บล็อก &quot;ต่อเนื่อง (ซ้าย/ขวา)&quot; พิมพ์เองได้</span></label><input type=""checkbox"" id=""st-ct-auto""></div>
      <div class=""k-row""><label>ใส่ได้แม้หน้านั้นไม่มีหัวฉาก<span class=""k-hint"">ปิดอยู่ = ใส่ (CONTINUED) เฉพาะหน้าที่มีหัวฉากอยู่ก่อน (ธรรมเนียมบทถ่ายทำ)</span></label><input type=""checkbox"" id=""st-ct-nohead""></div>
      <div class=""k-set-sub"">[84] กฎการตัดหน้า (widow / orphan)</div>
      <div class=""k-set-grid2"">
        <div class=""k-row""><label>บรรยาย: เหลือท้ายหน้าอย่างน้อย</label><input type=""number"" id=""st-pb-ab"" class=""k-narrow"" min=""0"" max=""20""></div>
        <div class=""k-row""><label>บรรยาย: ยกไปหน้าใหม่อย่างน้อย</label><input type=""number"" id=""st-pb-at"" class=""k-narrow"" min=""0"" max=""20""></div>
        <div class=""k-row""><label>บทพูด: เหลือท้ายหน้าอย่างน้อย</label><input type=""number"" id=""st-pb-db"" class=""k-narrow"" min=""0"" max=""20""></div>
        <div class=""k-row""><label>บทพูด: ยกไปหน้าใหม่อย่างน้อย</label><input type=""number"" id=""st-pb-dt"" class=""k-narrow"" min=""0"" max=""20""></div>
        <div class=""k-row""><label>ขีดท้ายบรรทัดติดกันไม่เกิน</label><input type=""number"" id=""st-pb-hy"" class=""k-narrow"" min=""0"" max=""10""></div>
        <div class=""k-row""><label>หัวฉากท้ายหน้าต้องมีเนื้อตาม</label><input type=""number"" id=""st-pb-ks"" class=""k-narrow"" min=""0"" max=""20""></div>
      </div>
      <div class=""k-set-sub"">[92] ข้อความมาตรฐาน</div>
      <div class=""k-row""><label>ท้ายหน้าเมื่อฉากต่อเนื่อง</label><input type=""text"" id=""st-str-cb""></div>
      <div class=""k-row""><label>ต้นหน้าเมื่อฉากต่อเนื่อง</label><input type=""text"" id=""st-str-ct""></div>
      <div class=""k-row""><label>บทพูดยังไม่จบ (MORE)</label><input type=""text"" id=""st-str-more""></div>
      <div class=""k-row""><label>ทวนชื่อตัวละคร (cont'd)</label><input type=""text"" id=""st-str-contd""></div>
      <div class=""k-row""><label>หัวข้อ Scene / Time (หน้ารายชื่อ)</label>
        <span><input type=""text"" id=""st-str-scene"" style=""width:46%""> <input type=""text"" id=""st-str-time"" style=""width:46%""></span></div>
      <div class=""k-full"" style=""margin-top:12px; text-align:right""><button id=""st-page-reset"" class=""k-reset-btn"">↺ คืนค่าเริ่มต้น</button></div>
    </div>
    <div class=""k-set-page k-set-2col"" data-p=""prose"">
      <div class=""k-hint k-full"" style=""margin-bottom:10px"">
        [16–24] รูปแบบของ ""เนื้อเรื่องนิยาย"" — ย่อหน้าบรรทัดแรก · ช่วงบรรทัด · หัวข้อ · ยกคำพูด
        · ค่าที่ตั้งที่นี่ใช้ทั้งบนจอและตอนส่งออก HTML (WYSIWYG)</div>
      <div class=""k-set-sub k-full"">เนื้อเรื่อง</div>
      <div class=""k-row""><label>ขนาด (pt)</label><input type=""number"" id=""st-pr-pt"" class=""k-narrow"" min=""6"" max=""48"" step=""0.5""></div>
      <div class=""k-row""><label>ช่วงบรรทัด<span class=""k-hint"">1.0 = ชิด · 1.75 = ปกติ · 2.0 = เว้นบรรทัดคู่</span></label><input type=""number"" id=""st-pr-lh"" class=""k-narrow"" min=""0.8"" max=""4"" step=""0.05""></div>
      <div class=""k-row""><label>ระยะระหว่างย่อหน้า (em)<span class=""k-hint"">นิยายมาตรฐาน = 0 (ใช้ย่อหน้าแทนการเว้นบรรทัด)</span></label><input type=""number"" id=""st-pr-para"" class=""k-narrow"" min=""0"" max=""4"" step=""0.05""></div>
      <div class=""k-row""><label>ย่อหน้าบรรทัดแรก (นิ้ว)<span class=""k-hint"">มาตรฐาน 0.3–0.5 นิ้ว · 0 = ไม่ย่อ</span></label><input type=""number"" id=""st-pr-indent"" class=""k-narrow"" min=""0"" max=""3"" step=""0.05""></div>
      <div class=""k-row""><label>ย่อหน้าแรกหลังหัวข้อด้วย<span class=""k-hint"">ธรรมเนียมสากล: ย่อหน้าแรกของบทไม่ย่อ</span></label><input type=""checkbox"" id=""st-pr-indent-h""></div>
      <div class=""k-row""><label>จัดหน้าเริ่มต้น</label><select id=""st-pr-align"" class=""k-dlg-select""><option value=""left"">ชิดซ้าย</option><option value=""justify"">เต็มบรรทัด</option></select></div>
      <div class=""k-set-sub k-full"">หัวข้อ (h1–h6)</div>
      <div class=""k-row""><label>ฟอนต์หัวข้อ<span class=""k-hint"">ว่าง = เหมือนเนื้อเรื่อง</span></label><select id=""st-pr-hfont"" class=""k-dlg-select"" style=""width:100%""></select></div>
      <div class=""k-row""><label>สีหัวข้อ<span class=""k-hint"">ว่าง = ใช้สีของธีม</span></label><input type=""text"" id=""st-pr-hcolor"" class=""k-narrow"" placeholder=""#c8792f""></div>
      <div class=""k-full""><table class=""k-sp-cycle-tbl"" id=""st-pr-heads"">
        <thead><tr><th>ระดับ</th><th>ขนาด (เท่า)</th><th>หนา</th><th>เอียง</th><th>เว้นก่อน (em)</th><th>เว้นหลัง (em)</th><th>จัดหน้า</th></tr></thead>
        <tbody></tbody></table></div>
      <div class=""k-row""><label>เติมเลขบทอัตโนมัติ<span class=""k-hint"">วาดด้วย CSS — ไม่เขียนตัวเลขลงไฟล์</span></label><input type=""checkbox"" id=""st-pr-hnum""></div>
      <div class=""k-row""><label>รูปแบบเลขบท<span class=""k-hint"">ใช้ {{n}}</span></label><input type=""text"" id=""st-pr-hnumfmt""></div>
      <div class=""k-row""><label>ใส่เลขให้หัวข้อระดับ</label><input type=""number"" id=""st-pr-hnumlv"" class=""k-narrow"" min=""1"" max=""6""></div>
      <div class=""k-set-sub k-full"">ยกคำพูด (Blockquote)</div>
      <div class=""k-row""><label>ตัวเอียง</label><input type=""checkbox"" id=""st-pr-qi""></div>
      <div class=""k-row""><label>มีเส้นขอบซ้าย</label><input type=""checkbox"" id=""st-pr-qb""></div>
      <div class=""k-row""><label>ระยะเยื้อง (นิ้ว)</label><input type=""number"" id=""st-pr-qind"" class=""k-narrow"" min=""0"" max=""3"" step=""0.05""></div>
      <div class=""k-row""><label>สีตัวอักษร<span class=""k-hint"">ว่าง = ใช้สีของธีม</span></label><input type=""text"" id=""st-pr-qcolor"" class=""k-narrow"" placeholder=""#c8792f""></div>
      <div class=""k-set-sub k-full"">เลขหน้า (มุมมองหน้ากระดาษของนิยาย)</div>
      <div class=""k-row""><label>แสดงเลขหน้า</label><input type=""checkbox"" id=""st-pr-pgnum""></div>
      <div class=""k-hint k-full"" id=""st-pr-info"" style=""margin-top:8px""></div>
      <div class=""k-full"" style=""margin-top:12px; display:flex; gap:8px; justify-content:flex-end; flex-wrap:wrap"">
        <button id=""st-pr-preset-novel"" class=""k-key-btn"">📖 ตั้งเป็นแบบนิยายมาตรฐาน</button>
        <button id=""st-pr-preset-ms"" class=""k-key-btn"">📄 ต้นฉบับส่งสำนักพิมพ์ (เว้นบรรทัดคู่)</button>
        <button id=""st-pr-reset"" class=""k-reset-btn"">↺ คืนค่าเริ่มต้น</button>
      </div>
    </div>
    <div class=""k-set-page"" data-p=""spfmt"">
      <div class=""k-hint"" style=""margin-bottom:10px"">[81][82][83] ระยะเยื้อง (วัดจากขอบกระดาษ) · ความกว้าง · ระยะเว้นบรรทัด (10 = 1 บรรทัด) · ตัวอักษรบนจอ / ตอนพิมพ์</div>
      <div class=""k-spfmt-scroll"">
        <table class=""k-spfmt-tbl"" id=""st-spfmt"">
          <thead><tr>
            <th rowspan=""2"">Element</th><th rowspan=""2"">เยื้อง""</th><th rowspan=""2"">กว้าง""</th>
            <th rowspan=""2"">เว้นก่อน</th><th rowspan=""2"">ระยะบรรทัด</th>
            <th colspan=""4"">บนจอ</th><th colspan=""4"">ตอนพิมพ์</th>
          </tr><tr>
            <th>ใหญ่</th><th>หนา</th><th>เอียง</th><th>ขีด</th>
            <th>ใหญ่</th><th>หนา</th><th>เอียง</th><th>ขีด</th>
          </tr></thead><tbody></tbody>
        </table>
      </div>
      <div style=""margin-top:12px; text-align:right""><button id=""st-spfmt-reset"" class=""k-reset-btn"">↺ คืนค่าเริ่มต้น</button></div>
    </div>
    <div class=""k-set-page"" data-p=""sp"">
      <div class=""k-row""><label>เปิดระบบปุ่มสลับ element<span class=""k-hint"">ปิด = Enter ขึ้นบรรทัดใหม่ชนิดเดิม · ปุ่มอื่นไม่ทำงาน</span></label><input type=""checkbox"" id=""st-spcycle-on""></div>
      <div class=""k-row""><label>บรรทัดถัดจากบทพูด = บทพูดต่อ<span class=""k-hint"">ปิด (ค่าเริ่มต้น · แนว Final Draft) = บรรทัดถัดไปเป็น &quot;บรรยาย&quot; เขียนเปล่า ๆ ได้เลย ไม่ต้องมีรหัสนำหน้า · เปิด = ใช้เขียนบทพูดยาวหลายบรรทัดติดกัน แล้วบรรยายต้องขึ้นต้นด้วย !</span></label><input type=""checkbox"" id=""st-spdlgcont""></div>
      <div class=""k-set-sub"">ปุ่มที่ใช้ (กด ""เปลี่ยน"" แล้วกดปุ่มใหม่)</div>
      <div id=""st-spkeys""></div>
      <div class=""k-hint"" style=""margin:12px 0"">ควบคุมว่าปุ่มแต่ละตัวจะสร้างหรือสลับเป็น element ใด</div>
      <table class=""k-sp-cycle-tbl"" id=""st-spcycle""><thead><tr><th>Element</th><th id=""st-hd-enter"">Enter →</th><th id=""st-hd-tab"">Tab →</th><th id=""st-hd-stab"">Shift+Tab →</th></tr></thead><tbody></tbody></table>
      <div style=""margin-top:12px; text-align:right""><button id=""st-spcycle-reset"" class=""k-reset-btn"">↺ คืนค่าเริ่มต้น</button></div>
    </div>
    <div class=""k-set-page"" data-p=""fonts"">
      <div class=""k-hint"" style=""margin-bottom:10px"">
        ตารางเดียวคุมฟอนต์ทั้งโปรแกรม: <b>ช่วงอักขระไหน → ฟอนต์อะไร → ใช้กับโหมดไหน → ย่อ/ขยายกี่ %</b>
        เพิ่ม/ลบได้ไม่จำกัด · แถวบนสุดมีลำดับก่อน · ฟอนต์เอามาได้ทั้งจากที่ฝังมากับโปรแกรม ไฟล์ที่นำเข้าเก็บไว้ในโปรเจกต์ และฟอนต์ที่ลงไว้ในเครื่อง
        <br><b>ช่อง %</b> คือตัวย่อกลิฟให้พอดีกล่องบรรทัด — ""ไทยในบทภาพยนตร์"" ใช้ 85 เพราะสแตกของบทเริ่มด้วย Courier ที่ไม่มีอักษรไทย ตัวไทยจึงตกไปฟอนต์สำรองที่ตัวใหญ่กว่า แล้วล้นระยะบรรทัดตายตัวของบท (6 บรรทัด/นิ้ว) · ภาษาอื่นทำแบบเดียวกันได้ด้วยการเพิ่มแถว</div>
      <div class=""k-set-sub k-full"">🔤 ฟอนต์ตามช่วงอักขระ (ใช้ได้ทั้งนิยายและบท)</div>
      <div id=""st-fonts-list""></div>
      <div style=""margin-top:12px; display:flex; gap:8px; flex-wrap:wrap"">
        <button id=""st-fonts-add"" class=""k-key-btn"">➕ เพิ่มแถว</button>
        <button id=""st-fonts-import"" class=""k-key-btn"">📁 นำเข้าไฟล์ฟอนต์เข้าโปรเจกต์…</button>
        <button id=""st-fonts-reset"" class=""k-reset-btn"">↺ คืนค่าเริ่มต้น</button>
      </div>
      <div class=""k-hint"" id=""st-fonts-preview"" style=""margin-top:14px""></div>
      <div id=""st-fonts-sample"" style=""margin-top:6px; font-size:22px; line-height:1.7""></div>
    </div>
    <div class=""k-set-page"" data-p=""lang"">
      <div class=""k-row""><label>{36}</label>
        <select id=""st-lang""></select>
      </div>
      <div class=""k-hint"" style=""margin-top:10px"">{37}</div>
      <div id=""st-lang-dirs"" class=""k-hint"" style=""margin-top:6px; opacity:.7; font-size:11px""></div>
      <div class=""k-dlg-btns"" style=""justify-content:flex-start; margin-top:12px"">
        <button id=""st-lang-export"" class=""cmp-mini"">{38}</button>
        <button id=""st-lang-folder"" class=""cmp-mini"">{39}</button>
        <button id=""st-lang-reload"" class=""cmp-mini"">{40}</button>
      </div>
    </div>
    <div class=""k-set-page"" data-p=""keys"">
      <div class=""k-hint"" style=""margin-bottom:10px"">{41}</div>
      <div id=""st-keys""></div>
    </div>
    <div class=""k-set-page"" data-p=""netcol"">
      <div class=""k-hint"" style=""margin-bottom:10px"">สีและการควบคุมของ Story Network — ช่องทั้งหมดสร้างจากนิยามกลาง (network-theme.js) จึงครบทุกสีที่ผังใช้จริงเสมอ</div>
      <div class=""k-set-sub k-full"">🖱 การควบคุมด้วยเมาส์</div>
      <div class=""k-row""><label>ปุ่มหมุนมุมมอง 3D</label><select id=""st-net-orbit"" class=""k-dlg-select""></select></div>
      <div class=""k-row""><label>ปุ่มเลื่อนผัง (แพน)</label><select id=""st-net-pan"" class=""k-dlg-select""></select></div>
      <div class=""k-hint k-full"" id=""st-net-hint"" style=""margin:2px 0 10px""></div>
      <div id=""st-netcol-body""></div>
    </div>
  </div>
</div>
<div class=""k-dlg-btns""><button class=""k-cancel"">{42}</button><button class=""k-ok"">{43}</button></div>","<div class=""k-dlg-title"">{0}</div>
<div class=""k-set-wrap"">
  <div class=""k-set-nav"">
    <input id=""st-nav-q"" class=""k-set-navq"" type=""search"" placeholder=""ค้นหาหัวข้อตั้งค่า…"">
    <div class=""k-set-navgrp""><span class=""k-set-navgrp-ic"">🌐</span> ระดับผู้ใช้ <span class=""k-set-navgrp-sub"">ใช้ร่วมทุกผลงาน</span></div>
    <div class=""k-set-tab on"" data-p=""gen"" data-find=""ทั่วไป ชื่อ ผู้เขียน บันทึกอัตโนมัติ สำรอง เป้าหมาย หน้าแรก ประวัติ"">{1}</div>
    <div class=""k-set-tab"" data-p=""write"" data-find=""การเขียน ฟอนต์ ขนาด ตรวจคำผิด เลขบรรทัด โฟกัส เสียงพิมพ์ดีด ถังขยะ"">{2}</div>
    <div class=""k-set-tab"" data-p=""toolbar"" data-find=""แถบเครื่องมือ ปุ่ม เอาปุ่มออก toolbar"">แถบเครื่องมือ</div>
    <div class=""k-set-tab"" data-p=""fmtbar"" data-find=""แถบรูปแบบ ลอย ปุ่ม B I U ถอดปุ่ม นิยาย หนัง format bar"">แถบรูปแบบลอย</div>
    <div class=""k-set-tab"" data-p=""fab"" data-find=""ปุ่มลอย fab คำสั่งลัด มุมจอ วงกลม"">ปุ่มลอย (FAB)</div>
    <div class=""k-set-tab"" data-p=""auto"" data-find=""อัตโนมัติ ซิงค์ จำนวนหน้า อัปเดต update เวอร์ชัน รุ่นใหม่ github"">{3}</div>
    <div class=""k-set-tab"" data-p=""lang"" data-find=""ภาษา language แปล csv"">{4}</div>
    <div class=""k-set-tab"" data-p=""keys"" data-find=""ปุ่มลัด คีย์ลัด shortcut"">{5}</div>
    <div class=""k-set-navgrp""><span class=""k-set-navgrp-ic"">📁</span> เฉพาะผลงานนี้ <span class=""k-set-navgrp-sub"">เก็บใน project.khn.json</span></div>
    <div class=""k-set-tab"" data-p=""setup"" data-find=""ข้อมูลผลงาน ผู้เขียน อีเมล ตัวแทน ลิขสิทธิ์ agent"">ข้อมูลผลงาน</div>
    <div class=""k-set-tab"" data-p=""page"" data-find=""หน้ากระดาษ ขนาด ระยะขอบ เลขหน้า เลขฉาก ตัดหน้า"">หน้ากระดาษ</div>
    <div class=""k-set-tab"" data-p=""prose"" data-find=""รูปแบบนิยาย ย่อหน้า ช่วงบรรทัด หัวข้อ ยกคำพูด"">รูปแบบนิยาย</div>
    <div class=""k-set-tab"" data-p=""spfmt"" data-find=""รูปแบบบท element เยื้อง ความกว้าง"">รูปแบบบท</div>
    <div class=""k-set-tab"" data-p=""sp"" data-find=""ปุ่มบทหนัง tab enter element"">ปุ่มบทหนัง</div>
    <div class=""k-set-tab"" data-p=""fonts"" data-find=""ฟอนต์ตามภาษา ช่วงอักขระ"">ฟอนต์ตามภาษา</div>
    <div class=""k-set-tab"" data-p=""netcol"" data-find=""story network สี ปุ่มเมาส์ ผัง"">Story Network</div>
  </div>
  <div class=""k-set-main"">
    <div class=""k-set-page"" data-p=""fmtbar"">
      <div id=""st-fmtbar-host""></div>
    </div>

    <div class=""k-set-page"" data-p=""fab"">
      <div id=""st-fab-host""></div>
    </div>

    <div class=""k-set-page"" data-p=""toolbar"">
      <div class=""k-hint"" style=""margin-bottom:10px"">เลือกว่าจะให้ปุ่มไหนโผล่บนแถบเครื่องมือบ้าง — ติ๊กแล้วเห็นผลทันที · เส้นคั่นของกลุ่มที่ปิดหมดจะหายไปเอง</div>
      <div id=""st-toolbar-host""></div>
    </div>

    <div class=""k-set-page k-set-2col on"" data-p=""gen"">
      <div class=""k-row""><label>{6}</label><input type=""text"" id=""st-title""></div>
      <div class=""k-row""><label>{7}</label><input type=""text"" id=""st-author""></div>
      <div class=""k-row""><label>ธีมสี<span class=""k-hint"">[alpha.137] สีของเปลือกโปรแกรม (แถบ · แผง · กล่อง) — ไม่แตะหน้ากระดาษและไฟล์ที่ส่งออก · รายชื่อธีมสร้างจาก THEMES ตอนเปิดกล่อง</span></label><select id=""st-theme"" class=""k-dlg-select"" style=""width:100%""></select></div>
      <div class=""k-row""><label>{8}<span class=""k-hint"">{9}</span></label><input type=""number"" id=""st-auto"" min=""0"" max=""120""></div>
      <div class=""k-row""><label>{10}</label><input type=""checkbox"" id=""st-backup""></div>
      <div class=""k-row""><label>{11}<span class=""k-hint"">{12}</span></label><input type=""number"" id=""st-maxbak"" min=""1"" max=""200""></div>
      <div class=""k-row""><label>{13}</label><input type=""number"" id=""st-daily"" min=""0""></div>
      <div class=""k-row""><label>{14}</label><input type=""number"" id=""st-proj"" min=""0""></div>
      <div class=""k-set-sub k-full"">// [alpha.60r ข้อ 1] พฤติกรรมตอนเปิดโปรเจกต์</div>
      <div class=""k-row""><label>แสดงหน้าแรกเมื่อเปิดโปรเจกต์<span class=""k-hint"">ปิด = เปิดโปรเจกต์ล่าสุดโดยไม่ถาม</span></label><input type=""checkbox"" id=""st-showhome""></div>
      <div class=""k-set-sub k-full"">// [alpha.69] ประวัติการทำงาน (แผง 🕘)</div>
      <div class=""k-row""><label>เก็บประวัติย้อนหลัง (ครั้ง)<span class=""k-hint"">ยิ่งมากยิ่งย้อนได้ไกล แต่กินที่ใน .k2history/ · 4–500 · ค่าเริ่มต้น 32</span></label><input type=""number"" id=""st-histlimit"" min=""4"" max=""500""></div>
      <div class=""k-row""><label>ปิดการจดประวัติ<span class=""k-hint"">ปิดแล้วแผงประวัติจะไม่มีอะไรใหม่เพิ่ม (ของเดิมยังอยู่)</span></label><input type=""checkbox"" id=""st-histoff""></div>
    </div>
    <div class=""k-set-page k-set-2col"" data-p=""write"">
      <div class=""k-row""><label>{15}<span class=""k-hint"">{16}</span></label><select id=""st-fontfamily"" class=""k-dlg-select"" style=""width:100%""></select></div>
      <div class=""k-row""><label>{17}<span class=""k-hint"">{18}</span></label><select id=""st-spfontfamily"" class=""k-dlg-select"" style=""width:100%""></select></div>
      <div class=""k-row""><label>ขนาดฟอนต์นิยาย (pt)<span class=""k-hint"">มาตรฐานต้นฉบับ = 12pt · รูปแบบอื่น ๆ ดูที่แท็บ ""📖 รูปแบบนิยาย""</span></label><input type=""number"" id=""st-edpt"" class=""k-narrow"" min=""6"" max=""48"" step=""0.5""></div>
      <div class=""k-row""><label>ขนาดฟอนต์บทภาพยนตร์ (pt)<span class=""k-hint"">มาตรฐานบท = 12pt ทุกภาษา</span></label><input type=""number"" id=""st-sppt"" class=""k-narrow"" min=""6"" max=""48"" step=""0.5""></div>
      <div class=""k-row""><label>ขนาดตัวอักษรของ UI<span class=""k-hint"">[บั๊ก 14] ปรับจากค่าเริ่มต้น 14px — มีผลกับเปลือกโปรแกรมเท่านั้น ไม่แตะเอกสาร</span></label><input type=""number"" id=""st-font"" min=""-6"" max=""16"" step=""1""></div>
      <div class=""k-row""><label>ขนาดการ์ดหน้าแรก (px)<span class=""k-hint"">ความกว้างการ์ด 4 คอลัมน์บนหน้าแรก</span></label><input type=""number"" id=""st-homethumb"" class=""k-narrow"" min=""120"" max=""400"" step=""10""></div>
      <div class=""k-row""><label>{19}<span class=""k-hint"">{20}</span></label><input type=""checkbox"" id=""st-ln""></div>
      <div class=""k-row""><label>ปุ่มลอยมุมขวาล่าง (FAB)<span class=""k-hint"">[60r2 ข้อ 9] ปิดแล้วปุ่ม + และเมนูของมันจะหายไปทั้งชุด</span></label><input type=""checkbox"" id=""st-fab""></div>
      <div class=""k-row""><label>{21}<span class=""k-hint"">{22}</span></label><input type=""checkbox"" id=""st-spell""></div>
      <div class=""k-row""><label>{23}<span class=""k-hint"">{24}</span></label><input type=""checkbox"" id=""st-spelldict""></div>
      <div class=""k-row""><label>{25}<span class=""k-hint"">{26}</span></label><input type=""checkbox"" id=""st-mention""></div>
      <div class=""k-row""><label>{27}<span class=""k-hint"">{28}</span></label><input type=""number"" id=""st-recycle"" min=""0"" max=""3650""></div>
      <div class=""k-row""><label>{29}<span class=""k-hint"">{30}</span></label><input type=""range"" id=""st-fmdim"" min=""0.05"" max=""0.8"" step=""0.05""><span id=""st-fmdim-lbl"" class=""k-hint""></span></div>
      <div class=""k-row""><label>{31}<span class=""k-hint"">{32}</span></label><input type=""range"" id=""st-uiscale"" min=""0.75"" max=""2"" step=""0.05""><span id=""st-uiscale-lbl"" class=""k-hint""></span></div>
      <div class=""k-set-sub k-full"">🔊 เสียงเครื่องพิมพ์ดีด</div>
      <div class=""k-row""><label>เปิดเสียงขณะพิมพ์<span class=""k-hint"">เคาะแป้น · วรรค · ลบ · กระดิ่งตอนขึ้นบรรทัด</span></label><input type=""checkbox"" id=""st-typesnd""></div>
      <div class=""k-row""><label>เล่นเมื่อไร<span class=""k-hint"">[60r2 ข้อ 4] ค่าเริ่มต้น = ดังตลอด · เดิมต้องเปิดสวิตช์ที่สองด้วยจึงจะได้ยิน</span></label><select id=""st-typesnd-mode"" class=""k-dlg-select""><option value=""always"">ดังตลอดเวลาที่พิมพ์</option><option value=""typewriter"">เฉพาะโหมดเครื่องพิมพ์ดีด ({sc:typewriter})</option></select></div>
      <div class=""k-row""><label>ระดับเสียง</label><input type=""range"" id=""st-typesnd-vol"" min=""0"" max=""1"" step=""0.05""><span id=""st-typesnd-lbl"" class=""k-hint""></span></div>
      <div class=""k-row""><label>ลองฟัง</label><span><button id=""st-typesnd-test"" class=""k-key-btn"">เคาะ</button> <button id=""st-typesnd-test2"" class=""k-key-btn"">ขึ้นบรรทัด</button></span></div>
    </div>
    <div class=""k-set-page"" data-p=""auto"">
      <div class=""k-row""><label>{33} {34}<span class=""k-hint"">{35}</span></label><input type=""checkbox"" id=""st-autosync""></div>
      <div class=""k-row""><label>คลังคำพ้อง/คำตรงข้าม<span class=""k-hint"">เปิดแล้วจะ **ส่งคำที่เลือกออกอินเทอร์เน็ต** เพื่อค้นคำพ้อง · ปิดอยู่ = ใช้คลังไทยในตัวอย่างเดียว</span></label><input type=""checkbox"" id=""st-thesaurus""></div>
      <div class=""k-set-sub k-full"">// [alpha.60 ข้อ 96] ปรับหน้าใหม่อัตโนมัติสำหรับบทภาพยนตร์</div>
      <div class=""k-row""><label>คำนวณจำนวนหน้าใหม่หลังหยุดพิมพ์<span class=""k-hint"">ทำงานหลังจากหยุดพักตามช่วงเวลาที่ตั้ง · ใช้กับบทภาพยนตร์เท่านั้น</span></label><input type=""checkbox"" id=""st-autopag""></div>
      <div class=""k-row""><label>รอหลังหยุดพิมพ์ (วินาที)<span class=""k-hint"">1–60 วินาที ก่อนคำนวณหน้าใหม่ · ยิ่งสั้นยิ่งใช้ CPU มาก</span></label><input type=""number"" id=""st-pagintv"" min=""1"" max=""60"" step=""1"" class=""k-narrow""></div>
      <div class=""k-set-sub k-full"">อัปเดตโปรแกรม</div>
      <div id=""st-update-host""></div>
    </div>
    <div class=""k-set-page k-set-2col"" data-p=""setup"">
      <div class=""k-hint"" style=""margin-bottom:10px"">[98] ข้อมูลบนหน้าปกบท/ต้นฉบับ — ใช้ตอนพิมพ์และส่งออก</div>
      <div class=""k-set-sub"">ผู้เขียน</div>
      <div class=""k-row""><label>อีเมลผู้เขียน</label><input type=""text"" id=""st-email""></div>
      <div class=""k-row""><label>ข้อมูลติดต่อ (Contact information)</label><input type=""text"" id=""st-contact""></div>
      <div class=""k-row""><label>โทรศัพท์ (Phone)</label><input type=""text"" id=""st-phone""></div>
      <div class=""k-set-sub"">เครดิตบท</div>
      <div class=""k-row""><label>Screenplay By</label><input type=""text"" id=""st-spby""></div>
      <div class=""k-row""><label>Based On</label><input type=""text"" id=""st-basedon""></div>
      <div class=""k-row""><label>Revisions by</label><input type=""text"" id=""st-revby""></div>
      <div class=""k-set-sub"">ตัวแทน (Agent)</div>
      <div class=""k-row""><label>Agent's Name</label><input type=""text"" id=""st-agname""></div>
      <div class=""k-row""><label>Agent's Address</label><input type=""text"" id=""st-agaddr""></div>
      <div class=""k-row""><label>Agent's Phone</label><input type=""text"" id=""st-agphone""></div>
      <div class=""k-row""><label>Agent's Email</label><input type=""text"" id=""st-agemail""></div>
      <div class=""k-set-sub"">ลิขสิทธิ์</div>
      <div class=""k-row""><label>Copyright by</label><input type=""text"" id=""st-copyright""></div>
    </div>
    <div class=""k-set-page k-set-2col"" data-p=""page"">
      <div class=""k-hint"" style=""margin-bottom:10px"">[85] ขนาดกระดาษและระยะขอบ — ใช้ร่วมกันทั้งโหมดนิยายและโหมดบทภาพยนตร์</div>
      <div class=""k-row""><label>ขนาดกระดาษ</label><select id=""st-paper"" class=""k-dlg-select""></select></div>
      <div class=""k-row k-full"" id=""st-paper-custom""><label>กว้าง × สูง (นิ้ว)</label>
        <span><input type=""number"" id=""st-paper-w"" class=""k-narrow"" min=""3"" max=""30"" step=""0.01"">
        × <input type=""number"" id=""st-paper-h"" class=""k-narrow"" min=""3"" max=""40"" step=""0.01""></span></div>
      <div class=""k-set-sub"">ระยะขอบ (นิ้ว)</div>
      <!-- [alpha.60r2 ข้อ 6] ชุดสำเร็จรูป — เลือกแล้วเติมช่องทั้งสี่ให้ทันที (ค่าอยู่ใน src/margin-presets.json) -->
      <div class=""k-row k-full""><label>ชุดสำเร็จรูป<span class=""k-hint"">เลือกแล้วเติมค่าทั้งสี่ด้านให้ · แก้ตัวเลขเองได้ต่อ</span></label><select id=""st-mg-preset"" class=""k-dlg-select""></select></div>
      <div class=""k-set-grid2"">
        <div class=""k-row""><label>บน (Top)</label><input type=""number"" id=""st-mg-top"" class=""k-narrow"" min=""0"" max=""5"" step=""0.05""></div>
        <div class=""k-row""><label>ล่าง (Bottom)</label><input type=""number"" id=""st-mg-bottom"" class=""k-narrow"" min=""0"" max=""5"" step=""0.05""></div>
        <div class=""k-row""><label>ซ้าย (Left)</label><input type=""number"" id=""st-mg-left"" class=""k-narrow"" min=""0"" max=""5"" step=""0.05""></div>
        <div class=""k-row""><label>ขวา (Right)</label><input type=""number"" id=""st-mg-right"" class=""k-narrow"" min=""0"" max=""5"" step=""0.05""></div>
      </div>
      <div class=""k-row""><label>ช่วงบรรทัดบทภาพยนตร์<span class=""k-hint"">มาตรฐาน = 1 (6 บรรทัด/นิ้ว) · เปลี่ยนแล้วจำนวนบรรทัดต่อหน้าเปลี่ยนตาม</span></label><input type=""number"" id=""st-splh"" class=""k-narrow"" min=""0.8"" max=""2.5"" step=""0.05""></div>
      <div class=""k-row""><label>ช่องว่างระหว่างหน้าในโหมดจัดหน้า (px)</label><input type=""number"" id=""st-sppagegap"" class=""k-narrow"" min=""8"" max=""120"" step=""2""></div>
      <div class=""k-set-sub k-full"">สีกระดาษ</div>
      <div class=""k-hint k-full"" style=""margin-bottom:8px"">[alpha.100] สีของแผ่นกระดาษบนจอ — มีผลกับมุมมองจัดหน้า · เรียงหน้าคู่ · ภาพรวม · โหมดอ่าน · ตอนพิมพ์และส่งออก PDF ยังเป็นขาวเสมอ</div>
      <div class=""k-row""><label>พรีเซ็ต</label><select id=""st-paper-color"" class=""k-dlg-select""></select></div>
      <div class=""k-row""><label>เลือกสีเอง<span class=""k-hint"">สีขอบแผ่น เส้นประ และสีหมึก คำนวณตามให้อัตโนมัติ</span></label><input type=""color"" id=""st-paper-color-hex"" class=""k-narrow""></div>
      <div class=""k-row""><label>เส้นบอกระยะขอบกระดาษ<span class=""k-hint"">เส้นประรอบพื้นที่พิมพ์ในมุมมองจัดหน้า — ครบทั้งสี่ด้านทุกแผ่น</span></label><input type=""checkbox"" id=""st-page-guides""></div>
      <div class=""k-hint k-full"" id=""st-page-info"" style=""margin-top:8px""></div>
      <div class=""k-set-sub k-full"">การตรวจทานบนจอ</div>
      <div class=""k-row""><label>ขีดเส้นบอกจุดที่ผิดในบท<span class=""k-hint"">เส้นหยักใต้บรรทัดที่ตัวตรวจรูปแบบทักไว้ · สลับได้จากป้าย ⚠ บนแถบสถานะเหมือนกัน (ไม่มีผลกับไฟล์และการส่งออก)</span></label><input type=""checkbox"" id=""st-sp-errmark""></div>
      <div class=""k-set-sub k-full"">เลขฉาก (Scene Number)</div>
      <div class=""k-row""><label>แสดงเลขฉากข้างหัวฉาก<span class=""k-hint"">เลขจะอยู่ทั้งซ้ายและขวาของบรรทัดหัวฉาก</span></label><input type=""checkbox"" id=""st-sn-show""></div>
      <div class=""k-row""><label>ท้ายเลข<span class=""k-hint"">เช่น ว่าง หรือ "".""</span></label><input type=""text"" id=""st-sn-suffix"" class=""k-narrow""></div>
      <div class=""k-row""><label>ซ้าย: ระยะจากขอบกระดาษซ้าย (นิ้ว)</label><input type=""number"" id=""st-sn-left"" class=""k-narrow"" min=""0"" max=""5"" step=""0.05""></div>
      <div class=""k-row""><label>ขวา: ระยะจากขอบกระดาษขวา (นิ้ว)</label><input type=""number"" id=""st-sn-right"" class=""k-narrow"" min=""0"" max=""5"" step=""0.05""></div>
      <div class=""k-set-sub k-full"">เลขหน้า (Page Number)</div>
      <div class=""k-row""><label>แสดงเลขหน้า<span class=""k-hint"">มีเฉพาะไฟล์ที่เป็นฉาก · เลขเริ่มต้นตั้งรายไฟล์ที่ ""คุณสมบัติฉาก""</span></label><input type=""checkbox"" id=""st-pn-show""></div>
      <div class=""k-row""><label>ใส่เลขบนหน้าแรกด้วย<span class=""k-hint"">ปิด = หน้าที่เลขจริงเป็น 1 ไม่พิมพ์เลข (ธรรมเนียมบทของบางคน) · หน้าปก/รายชื่อไม่นับอยู่แล้ว</span></label><input type=""checkbox"" id=""st-pn-first""></div>
      <div class=""k-row""><label>ระยะจากขอบขวา (นิ้ว)</label><input type=""number"" id=""st-pn-right"" class=""k-narrow"" min=""0"" max=""5"" step=""0.05""></div>
      <div class=""k-row""><label>ระยะจากขอบบน (นิ้ว)</label><input type=""number"" id=""st-pn-top"" class=""k-narrow"" min=""0"" max=""5"" step=""0.05""></div>
      <div class=""k-row""><label>ท้ายเลข</label><input type=""text"" id=""st-pn-suffix"" class=""k-narrow""></div>
      <div class=""k-set-sub k-full"">ต่อเนื่อง (CONTINUED)</div>
      <div class=""k-row""><label>ใส่ CONTINUED อัตโนมัติ<span class=""k-hint"">ใส่ให้เองเมื่อบล็อกถูกหั่นคร่อมหน้า · ปิดแล้วใช้บล็อก &quot;ต่อเนื่อง (ซ้าย/ขวา)&quot; พิมพ์เองได้</span></label><input type=""checkbox"" id=""st-ct-auto""></div>
      <div class=""k-row""><label>ใส่ได้แม้หน้านั้นไม่มีหัวฉาก<span class=""k-hint"">ปิดอยู่ = ใส่ (CONTINUED) เฉพาะหน้าที่มีหัวฉากอยู่ก่อน (ธรรมเนียมบทถ่ายทำ)</span></label><input type=""checkbox"" id=""st-ct-nohead""></div>
      <div class=""k-set-sub"">[84] กฎการตัดหน้า (widow / orphan)</div>
      <div class=""k-set-grid2"">
        <div class=""k-row""><label>บรรยาย: เหลือท้ายหน้าอย่างน้อย</label><input type=""number"" id=""st-pb-ab"" class=""k-narrow"" min=""0"" max=""20""></div>
        <div class=""k-row""><label>บรรยาย: ยกไปหน้าใหม่อย่างน้อย</label><input type=""number"" id=""st-pb-at"" class=""k-narrow"" min=""0"" max=""20""></div>
        <div class=""k-row""><label>บทพูด: เหลือท้ายหน้าอย่างน้อย</label><input type=""number"" id=""st-pb-db"" class=""k-narrow"" min=""0"" max=""20""></div>
        <div class=""k-row""><label>บทพูด: ยกไปหน้าใหม่อย่างน้อย</label><input type=""number"" id=""st-pb-dt"" class=""k-narrow"" min=""0"" max=""20""></div>
        <div class=""k-row""><label>ขีดท้ายบรรทัดติดกันไม่เกิน</label><input type=""number"" id=""st-pb-hy"" class=""k-narrow"" min=""0"" max=""10""></div>
        <div class=""k-row""><label>หัวฉากท้ายหน้าต้องมีเนื้อตาม</label><input type=""number"" id=""st-pb-ks"" class=""k-narrow"" min=""0"" max=""20""></div>
      </div>
      <div class=""k-set-sub"">[92] ข้อความมาตรฐาน</div>
      <div class=""k-row""><label>ท้ายหน้าเมื่อฉากต่อเนื่อง</label><input type=""text"" id=""st-str-cb""></div>
      <div class=""k-row""><label>ต้นหน้าเมื่อฉากต่อเนื่อง</label><input type=""text"" id=""st-str-ct""></div>
      <div class=""k-row""><label>บทพูดยังไม่จบ (MORE)</label><input type=""text"" id=""st-str-more""></div>
      <div class=""k-row""><label>ทวนชื่อตัวละคร (cont'd)</label><input type=""text"" id=""st-str-contd""></div>
      <div class=""k-row""><label>หัวข้อ Scene / Time (หน้ารายชื่อ)</label>
        <span><input type=""text"" id=""st-str-scene"" style=""width:46%""> <input type=""text"" id=""st-str-time"" style=""width:46%""></span></div>
      <div class=""k-full"" style=""margin-top:12px; text-align:right""><button id=""st-page-reset"" class=""k-reset-btn"">↺ คืนค่าเริ่มต้น</button></div>
    </div>
    <div class=""k-set-page k-set-2col"" data-p=""prose"">
      <div class=""k-hint k-full"" style=""margin-bottom:10px"">
        [16–24] รูปแบบของ ""เนื้อเรื่องนิยาย"" — ย่อหน้าบรรทัดแรก · ช่วงบรรทัด · หัวข้อ · ยกคำพูด
        · ค่าที่ตั้งที่นี่ใช้ทั้งบนจอและตอนส่งออก HTML (WYSIWYG)</div>
      <div class=""k-set-sub k-full"">เนื้อเรื่อง</div>
      <div class=""k-row""><label>ขนาด (pt)</label><input type=""number"" id=""st-pr-pt"" class=""k-narrow"" min=""6"" max=""48"" step=""0.5""></div>
      <div class=""k-row""><label>ช่วงบรรทัด<span class=""k-hint"">1.0 = ชิด · 1.75 = ปกติ · 2.0 = เว้นบรรทัดคู่</span></label><input type=""number"" id=""st-pr-lh"" class=""k-narrow"" min=""0.8"" max=""4"" step=""0.05""></div>
      <div class=""k-row""><label>ระยะระหว่างย่อหน้า (em)<span class=""k-hint"">นิยายมาตรฐาน = 0 (ใช้ย่อหน้าแทนการเว้นบรรทัด)</span></label><input type=""number"" id=""st-pr-para"" class=""k-narrow"" min=""0"" max=""4"" step=""0.05""></div>
      <div class=""k-row""><label>ย่อหน้าบรรทัดแรก (นิ้ว)<span class=""k-hint"">มาตรฐาน 0.3–0.5 นิ้ว · 0 = ไม่ย่อ</span></label><input type=""number"" id=""st-pr-indent"" class=""k-narrow"" min=""0"" max=""3"" step=""0.05""></div>
      <div class=""k-row""><label>ย่อหน้าแรกหลังหัวข้อด้วย<span class=""k-hint"">ธรรมเนียมสากล: ย่อหน้าแรกของบทไม่ย่อ</span></label><input type=""checkbox"" id=""st-pr-indent-h""></div>
      <div class=""k-row""><label>จัดหน้าเริ่มต้น</label><select id=""st-pr-align"" class=""k-dlg-select""><option value=""left"">ชิดซ้าย</option><option value=""justify"">เต็มบรรทัด</option></select></div>
      <div class=""k-set-sub k-full"">หัวข้อ (h1–h6)</div>
      <div class=""k-row""><label>ฟอนต์หัวข้อ<span class=""k-hint"">ว่าง = เหมือนเนื้อเรื่อง</span></label><select id=""st-pr-hfont"" class=""k-dlg-select"" style=""width:100%""></select></div>
      <div class=""k-row""><label>สีหัวข้อ<span class=""k-hint"">ว่าง = ใช้สีของธีม</span></label><input type=""text"" id=""st-pr-hcolor"" class=""k-narrow"" placeholder=""#c8792f""></div>
      <div class=""k-full""><table class=""k-sp-cycle-tbl"" id=""st-pr-heads"">
        <thead><tr><th>ระดับ</th><th>ขนาด (เท่า)</th><th>หนา</th><th>เอียง</th><th>เว้นก่อน (em)</th><th>เว้นหลัง (em)</th><th>จัดหน้า</th></tr></thead>
        <tbody></tbody></table></div>
      <div class=""k-row""><label>เติมเลขบทอัตโนมัติ<span class=""k-hint"">วาดด้วย CSS — ไม่เขียนตัวเลขลงไฟล์</span></label><input type=""checkbox"" id=""st-pr-hnum""></div>
      <div class=""k-row""><label>รูปแบบเลขบท<span class=""k-hint"">ใช้ {{n}}</span></label><input type=""text"" id=""st-pr-hnumfmt""></div>
      <div class=""k-row""><label>ใส่เลขให้หัวข้อระดับ</label><input type=""number"" id=""st-pr-hnumlv"" class=""k-narrow"" min=""1"" max=""6""></div>
      <div class=""k-set-sub k-full"">ยกคำพูด (Blockquote)</div>
      <div class=""k-row""><label>ตัวเอียง</label><input type=""checkbox"" id=""st-pr-qi""></div>
      <div class=""k-row""><label>มีเส้นขอบซ้าย</label><input type=""checkbox"" id=""st-pr-qb""></div>
      <div class=""k-row""><label>ระยะเยื้อง (นิ้ว)</label><input type=""number"" id=""st-pr-qind"" class=""k-narrow"" min=""0"" max=""3"" step=""0.05""></div>
      <div class=""k-row""><label>สีตัวอักษร<span class=""k-hint"">ว่าง = ใช้สีของธีม</span></label><input type=""text"" id=""st-pr-qcolor"" class=""k-narrow"" placeholder=""#c8792f""></div>
      <div class=""k-set-sub k-full"">เลขหน้า (มุมมองหน้ากระดาษของนิยาย)</div>
      <div class=""k-row""><label>แสดงเลขหน้า</label><input type=""checkbox"" id=""st-pr-pgnum""></div>
      <div class=""k-hint k-full"" id=""st-pr-info"" style=""margin-top:8px""></div>
      <div class=""k-full"" style=""margin-top:12px; display:flex; gap:8px; justify-content:flex-end; flex-wrap:wrap"">
        <button id=""st-pr-preset-novel"" class=""k-key-btn"">📖 ตั้งเป็นแบบนิยายมาตรฐาน</button>
        <button id=""st-pr-preset-ms"" class=""k-key-btn"">📄 ต้นฉบับส่งสำนักพิมพ์ (เว้นบรรทัดคู่)</button>
        <button id=""st-pr-reset"" class=""k-reset-btn"">↺ คืนค่าเริ่มต้น</button>
      </div>
    </div>
    <div class=""k-set-page"" data-p=""spfmt"">
      <div class=""k-hint"" style=""margin-bottom:10px"">[81][82][83] ระยะเยื้อง (วัดจากขอบกระดาษ) · ความกว้าง · ระยะเว้นบรรทัด (10 = 1 บรรทัด) · ตัวอักษรบนจอ / ตอนพิมพ์</div>
      <div class=""k-spfmt-scroll"">
        <table class=""k-spfmt-tbl"" id=""st-spfmt"">
          <thead><tr>
            <th rowspan=""2"">Element</th><th rowspan=""2"">เยื้อง""</th><th rowspan=""2"">กว้าง""</th>
            <th rowspan=""2"">เว้นก่อน</th><th rowspan=""2"">ระยะบรรทัด</th>
            <th colspan=""4"">บนจอ</th><th colspan=""4"">ตอนพิมพ์</th>
          </tr><tr>
            <th>ใหญ่</th><th>หนา</th><th>เอียง</th><th>ขีด</th>
            <th>ใหญ่</th><th>หนา</th><th>เอียง</th><th>ขีด</th>
          </tr></thead><tbody></tbody>
        </table>
      </div>
      <div style=""margin-top:12px; text-align:right""><button id=""st-spfmt-reset"" class=""k-reset-btn"">↺ คืนค่าเริ่มต้น</button></div>
    </div>
    <div class=""k-set-page"" data-p=""sp"">
      <div class=""k-row""><label>เปิดระบบปุ่มสลับ element<span class=""k-hint"">ปิด = Enter ขึ้นบรรทัดใหม่ชนิดเดิม · ปุ่มอื่นไม่ทำงาน</span></label><input type=""checkbox"" id=""st-spcycle-on""></div>
      <div class=""k-row""><label>บรรทัดถัดจากบทพูด = บทพูดต่อ<span class=""k-hint"">ปิด (ค่าเริ่มต้น · แนว Final Draft) = บรรทัดถัดไปเป็น &quot;บรรยาย&quot; เขียนเปล่า ๆ ได้เลย ไม่ต้องมีรหัสนำหน้า · เปิด = ใช้เขียนบทพูดยาวหลายบรรทัดติดกัน แล้วบรรยายต้องขึ้นต้นด้วย !</span></label><input type=""checkbox"" id=""st-spdlgcont""></div>
      <div class=""k-set-sub"">ปุ่มที่ใช้ (กด ""เปลี่ยน"" แล้วกดปุ่มใหม่)</div>
      <div id=""st-spkeys""></div>
      <div class=""k-hint"" style=""margin:12px 0"">ควบคุมว่าปุ่มแต่ละตัวจะสร้างหรือสลับเป็น element ใด</div>
      <table class=""k-sp-cycle-tbl"" id=""st-spcycle""><thead><tr><th>Element</th><th id=""st-hd-enter"">Enter →</th><th id=""st-hd-tab"">Tab →</th><th id=""st-hd-stab"">Shift+Tab →</th></tr></thead><tbody></tbody></table>
      <div style=""margin-top:12px; text-align:right""><button id=""st-spcycle-reset"" class=""k-reset-btn"">↺ คืนค่าเริ่มต้น</button></div>
    </div>
    <div class=""k-set-page"" data-p=""fonts"">
      <div class=""k-hint"" style=""margin-bottom:10px"">
        ตารางเดียวคุมฟอนต์ทั้งโปรแกรม: <b>ช่วงอักขระไหน → ฟอนต์อะไร → ใช้กับโหมดไหน → ย่อ/ขยายกี่ %</b>
        เพิ่ม/ลบได้ไม่จำกัด · แถวบนสุดมีลำดับก่อน · ฟอนต์เอามาได้ทั้งจากที่ฝังมากับโปรแกรม ไฟล์ที่นำเข้าเก็บไว้ในโปรเจกต์ และฟอนต์ที่ลงไว้ในเครื่อง
        <br><b>ช่อง %</b> คือตัวย่อกลิฟให้พอดีกล่องบรรทัด — ""ไทยในบทภาพยนตร์"" ใช้ 85 เพราะสแตกของบทเริ่มด้วย Courier ที่ไม่มีอักษรไทย ตัวไทยจึงตกไปฟอนต์สำรองที่ตัวใหญ่กว่า แล้วล้นระยะบรรทัดตายตัวของบท (6 บรรทัด/นิ้ว) · ภาษาอื่นทำแบบเดียวกันได้ด้วยการเพิ่มแถว</div>
      <div class=""k-set-sub k-full"">🔤 ฟอนต์ตามช่วงอักขระ (ใช้ได้ทั้งนิยายและบท)</div>
      <div id=""st-fonts-list""></div>
      <div style=""margin-top:12px; display:flex; gap:8px; flex-wrap:wrap"">
        <button id=""st-fonts-add"" class=""k-key-btn"">➕ เพิ่มแถว</button>
        <button id=""st-fonts-import"" class=""k-key-btn"">📁 นำเข้าไฟล์ฟอนต์เข้าโปรเจกต์…</button>
        <button id=""st-fonts-reset"" class=""k-reset-btn"">↺ คืนค่าเริ่มต้น</button>
      </div>
      <div class=""k-hint"" id=""st-fonts-preview"" style=""margin-top:14px""></div>
      <div id=""st-fonts-sample"" style=""margin-top:6px; font-size:22px; line-height:1.7""></div>
    </div>
    <div class=""k-set-page"" data-p=""lang"">
      <div class=""k-row""><label>{36}</label>
        <select id=""st-lang""></select>
      </div>
      <div class=""k-hint"" style=""margin-top:10px"">{37}</div>
      <div id=""st-lang-dirs"" class=""k-hint"" style=""margin-top:6px; opacity:.7; font-size:11px""></div>
      <div class=""k-dlg-btns"" style=""justify-content:flex-start; margin-top:12px"">
        <button id=""st-lang-export"" class=""cmp-mini"">{38}</button>
        <button id=""st-lang-folder"" class=""cmp-mini"">{39}</button>
        <button id=""st-lang-reload"" class=""cmp-mini"">{40}</button>
      </div>
    </div>
    <div class=""k-set-page"" data-p=""keys"">
      <div class=""k-hint"" style=""margin-bottom:10px"">{41}</div>
      <div id=""st-keys""></div>
    </div>
    <div class=""k-set-page"" data-p=""netcol"">
      <div class=""k-hint"" style=""margin-bottom:10px"">สีและการควบคุมของ Story Network — ช่องทั้งหมดสร้างจากนิยามกลาง (network-theme.js) จึงครบทุกสีที่ผังใช้จริงเสมอ</div>
      <div class=""k-set-sub k-full"">🖱 การควบคุมด้วยเมาส์</div>
      <div class=""k-row""><label>ปุ่มหมุนมุมมอง 3D</label><select id=""st-net-orbit"" class=""k-dlg-select""></select></div>
      <div class=""k-row""><label>ปุ่มเลื่อนผัง (แพน)</label><select id=""st-net-pan"" class=""k-dlg-select""></select></div>
      <div class=""k-hint k-full"" id=""st-net-hint"" style=""margin:2px 0 10px""></div>
      <div id=""st-netcol-body""></div>
    </div>
  </div>
</div>
<div class=""k-dlg-btns""><button class=""k-cancel"">{42}</button><button class=""k-ok"">{43}</button></div>","<div class=""k-dlg-title"">{0}</div>
<div class=""k-set-wrap"">
  <div class=""k-set-nav"">
    <input id=""st-nav-q"" class=""k-set-navq"" type=""search"" placeholder=""ค้นหาหัวข้อตั้งค่า…"">
    <div class=""k-set-navgrp""><span class=""k-set-navgrp-ic"">🌐</span> ระดับผู้ใช้ <span class=""k-set-navgrp-sub"">ใช้ร่วมทุกผลงาน</span></div>
    <div class=""k-set-tab on"" data-p=""gen"" data-find=""ทั่วไป ชื่อ ผู้เขียน บันทึกอัตโนมัติ สำรอง เป้าหมาย หน้าแรก ประวัติ"">{1}</div>
    <div class=""k-set-tab"" data-p=""write"" data-find=""การเขียน ฟอนต์ ขนาด ตรวจคำผิด เลขบรรทัด โฟกัส เสียงพิมพ์ดีด ถังขยะ"">{2}</div>
    <div class=""k-set-tab"" data-p=""toolbar"" data-find=""แถบเครื่องมือ ปุ่ม เอาปุ่มออก toolbar"">แถบเครื่องมือ</div>
    <div class=""k-set-tab"" data-p=""fmtbar"" data-find=""แถบรูปแบบ ลอย ปุ่ม B I U ถอดปุ่ม นิยาย หนัง format bar"">Format bar</div>
    <div class=""k-set-tab"" data-p=""fab"" data-find=""ปุ่มลอย fab คำสั่งลัด มุมจอ วงกลม"">Floating button (FAB)</div>
    <div class=""k-set-tab"" data-p=""auto"" data-find=""automation sync pagination update version release github"">{3}</div>
    <div class=""k-set-tab"" data-p=""lang"" data-find=""ภาษา language แปล csv"">{4}</div>
    <div class=""k-set-tab"" data-p=""keys"" data-find=""ปุ่มลัด คีย์ลัด shortcut"">{5}</div>
    <div class=""k-set-navgrp""><span class=""k-set-navgrp-ic"">📁</span> เฉพาะผลงานนี้ <span class=""k-set-navgrp-sub"">เก็บใน project.khn.json</span></div>
    <div class=""k-set-tab"" data-p=""setup"" data-find=""ข้อมูลผลงาน ผู้เขียน อีเมล ตัวแทน ลิขสิทธิ์ agent"">ข้อมูลผลงาน</div>
    <div class=""k-set-tab"" data-p=""page"" data-find=""หน้ากระดาษ ขนาด ระยะขอบ เลขหน้า เลขฉาก ตัดหน้า"">หน้ากระดาษ</div>
    <div class=""k-set-tab"" data-p=""prose"" data-find=""รูปแบบนิยาย ย่อหน้า ช่วงบรรทัด หัวข้อ ยกคำพูด"">รูปแบบนิยาย</div>
    <div class=""k-set-tab"" data-p=""spfmt"" data-find=""รูปแบบบท element เยื้อง ความกว้าง"">รูปแบบบท</div>
    <div class=""k-set-tab"" data-p=""sp"" data-find=""ปุ่มบทหนัง tab enter element"">ปุ่มบทหนัง</div>
    <div class=""k-set-tab"" data-p=""fonts"" data-find=""ฟอนต์ตามภาษา ช่วงอักขระ"">ฟอนต์ตามภาษา</div>
    <div class=""k-set-tab"" data-p=""netcol"" data-find=""story network สี ปุ่มเมาส์ ผัง"">Story Network</div>
  </div>
  <div class=""k-set-main"">
    <div class=""k-set-page"" data-p=""fmtbar"">
      <div id=""st-fmtbar-host""></div>
    </div>

    <div class=""k-set-page"" data-p=""fab"">
      <div id=""st-fab-host""></div>
    </div>

    <div class=""k-set-page"" data-p=""toolbar"">
      <div class=""k-hint"" style=""margin-bottom:10px"">เลือกว่าจะให้ปุ่มไหนโผล่บนแถบเครื่องมือบ้าง — ติ๊กแล้วเห็นผลทันที · เส้นคั่นของกลุ่มที่ปิดหมดจะหายไปเอง</div>
      <div id=""st-toolbar-host""></div>
    </div>

    <div class=""k-set-page k-set-2col on"" data-p=""gen"">
      <div class=""k-row""><label>{6}</label><input type=""text"" id=""st-title""></div>
      <div class=""k-row""><label>{7}</label><input type=""text"" id=""st-author""></div>
      <div class=""k-row""><label>Color theme<span class=""k-hint"">Colors of the app shell (bars · panels · dialogs) — never touches the page or exported files</span></label><select id=""st-theme"" class=""k-dlg-select"" style=""width:100%""></select></div>
      <div class=""k-row""><label>{8}<span class=""k-hint"">{9}</span></label><input type=""number"" id=""st-auto"" min=""0"" max=""120""></div>
      <div class=""k-row""><label>{10}</label><input type=""checkbox"" id=""st-backup""></div>
      <div class=""k-row""><label>{11}<span class=""k-hint"">{12}</span></label><input type=""number"" id=""st-maxbak"" min=""1"" max=""200""></div>
      <div class=""k-row""><label>{13}</label><input type=""number"" id=""st-daily"" min=""0""></div>
      <div class=""k-row""><label>{14}</label><input type=""number"" id=""st-proj"" min=""0""></div>
      <div class=""k-set-sub k-full"">// [alpha.60r ข้อ 1] พฤติกรรมตอนเปิดโปรเจกต์</div>
      <div class=""k-row""><label>แสดงหน้าแรกเมื่อเปิดโปรเจกต์<span class=""k-hint"">ปิด = เปิดโปรเจกต์ล่าสุดโดยไม่ถาม</span></label><input type=""checkbox"" id=""st-showhome""></div>
      <div class=""k-set-sub k-full"">// [alpha.69] ประวัติการทำงาน (แผง 🕘)</div>
      <div class=""k-row""><label>เก็บประวัติย้อนหลัง (ครั้ง)<span class=""k-hint"">ยิ่งมากยิ่งย้อนได้ไกล แต่กินที่ใน .k2history/ · 4–500 · ค่าเริ่มต้น 32</span></label><input type=""number"" id=""st-histlimit"" min=""4"" max=""500""></div>
      <div class=""k-row""><label>ปิดการจดประวัติ<span class=""k-hint"">ปิดแล้วแผงประวัติจะไม่มีอะไรใหม่เพิ่ม (ของเดิมยังอยู่)</span></label><input type=""checkbox"" id=""st-histoff""></div>
    </div>
    <div class=""k-set-page k-set-2col"" data-p=""write"">
      <div class=""k-row""><label>{15}<span class=""k-hint"">{16}</span></label><select id=""st-fontfamily"" class=""k-dlg-select"" style=""width:100%""></select></div>
      <div class=""k-row""><label>{17}<span class=""k-hint"">{18}</span></label><select id=""st-spfontfamily"" class=""k-dlg-select"" style=""width:100%""></select></div>
      <div class=""k-row""><label>ขนาดฟอนต์นิยาย (pt)<span class=""k-hint"">มาตรฐานต้นฉบับ = 12pt · รูปแบบอื่น ๆ ดูที่แท็บ ""📖 รูปแบบนิยาย""</span></label><input type=""number"" id=""st-edpt"" class=""k-narrow"" min=""6"" max=""48"" step=""0.5""></div>
      <div class=""k-row""><label>ขนาดฟอนต์บทภาพยนตร์ (pt)<span class=""k-hint"">มาตรฐานบท = 12pt ทุกภาษา</span></label><input type=""number"" id=""st-sppt"" class=""k-narrow"" min=""6"" max=""48"" step=""0.5""></div>
      <div class=""k-row""><label>ขนาดตัวอักษรของ UI<span class=""k-hint"">[บั๊ก 14] ปรับจากค่าเริ่มต้น 14px — มีผลกับเปลือกโปรแกรมเท่านั้น ไม่แตะเอกสาร</span></label><input type=""number"" id=""st-font"" min=""-6"" max=""16"" step=""1""></div>
      <div class=""k-row""><label>ขนาดการ์ดหน้าแรก (px)<span class=""k-hint"">ความกว้างการ์ด 4 คอลัมน์บนหน้าแรก</span></label><input type=""number"" id=""st-homethumb"" class=""k-narrow"" min=""120"" max=""400"" step=""10""></div>
      <div class=""k-row""><label>{19}<span class=""k-hint"">{20}</span></label><input type=""checkbox"" id=""st-ln""></div>
      <div class=""k-row""><label>ปุ่มลอยมุมขวาล่าง (FAB)<span class=""k-hint"">[60r2 ข้อ 9] ปิดแล้วปุ่ม + และเมนูของมันจะหายไปทั้งชุด</span></label><input type=""checkbox"" id=""st-fab""></div>
      <div class=""k-row""><label>{21}<span class=""k-hint"">{22}</span></label><input type=""checkbox"" id=""st-spell""></div>
      <div class=""k-row""><label>{23}<span class=""k-hint"">{24}</span></label><input type=""checkbox"" id=""st-spelldict""></div>
      <div class=""k-row""><label>{25}<span class=""k-hint"">{26}</span></label><input type=""checkbox"" id=""st-mention""></div>
      <div class=""k-row""><label>{27}<span class=""k-hint"">{28}</span></label><input type=""number"" id=""st-recycle"" min=""0"" max=""3650""></div>
      <div class=""k-row""><label>{29}<span class=""k-hint"">{30}</span></label><input type=""range"" id=""st-fmdim"" min=""0.05"" max=""0.8"" step=""0.05""><span id=""st-fmdim-lbl"" class=""k-hint""></span></div>
      <div class=""k-row""><label>{31}<span class=""k-hint"">{32}</span></label><input type=""range"" id=""st-uiscale"" min=""0.75"" max=""2"" step=""0.05""><span id=""st-uiscale-lbl"" class=""k-hint""></span></div>
      <div class=""k-set-sub k-full"">🔊 เสียงเครื่องพิมพ์ดีด</div>
      <div class=""k-row""><label>เปิดเสียงขณะพิมพ์<span class=""k-hint"">เคาะแป้น · วรรค · ลบ · กระดิ่งตอนขึ้นบรรทัด</span></label><input type=""checkbox"" id=""st-typesnd""></div>
      <div class=""k-row""><label>เล่นเมื่อไร<span class=""k-hint"">[60r2 ข้อ 4] ค่าเริ่มต้น = ดังตลอด · เดิมต้องเปิดสวิตช์ที่สองด้วยจึงจะได้ยิน</span></label><select id=""st-typesnd-mode"" class=""k-dlg-select""><option value=""always"">ดังตลอดเวลาที่พิมพ์</option><option value=""typewriter"">เฉพาะโหมดเครื่องพิมพ์ดีด (Ctrl+Shift+T)</option></select></div>
      <div class=""k-row""><label>ระดับเสียง</label><input type=""range"" id=""st-typesnd-vol"" min=""0"" max=""1"" step=""0.05""><span id=""st-typesnd-lbl"" class=""k-hint""></span></div>
      <div class=""k-row""><label>ลองฟัง</label><span><button id=""st-typesnd-test"" class=""k-key-btn"">เคาะ</button> <button id=""st-typesnd-test2"" class=""k-key-btn"">ขึ้นบรรทัด</button></span></div>
    </div>
    <div class=""k-set-page"" data-p=""auto"">
      <div class=""k-row""><label>{33} {34}<span class=""k-hint"">{35}</span></label><input type=""checkbox"" id=""st-autosync""></div>
      <div class=""k-row""><label>คลังคำพ้อง/คำตรงข้าม<span class=""k-hint"">เปิดแล้วจะ **ส่งคำที่เลือกออกอินเทอร์เน็ต** เพื่อค้นคำพ้อง · ปิดอยู่ = ใช้คลังไทยในตัวอย่างเดียว</span></label><input type=""checkbox"" id=""st-thesaurus""></div>
      <div class=""k-set-sub k-full"">// [alpha.60 ข้อ 96] ปรับหน้าใหม่อัตโนมัติสำหรับบทภาพยนตร์</div>
      <div class=""k-row""><label>คำนวณจำนวนหน้าใหม่หลังหยุดพิมพ์<span class=""k-hint"">ทำงานหลังจากหยุดพักตามช่วงเวลาที่ตั้ง · ใช้กับบทภาพยนตร์เท่านั้น</span></label><input type=""checkbox"" id=""st-autopag""></div>
      <div class=""k-row""><label>รอหลังหยุดพิมพ์ (วินาที)<span class=""k-hint"">1–60 วินาที ก่อนคำนวณหน้าใหม่ · ยิ่งสั้นยิ่งใช้ CPU มาก</span></label><input type=""number"" id=""st-pagintv"" min=""1"" max=""60"" step=""1"" class=""k-narrow""></div>
      <div class=""k-set-sub k-full"">Program updates</div>
      <div id=""st-update-host""></div>
    </div>
    <div class=""k-set-page k-set-2col"" data-p=""setup"">
      <div class=""k-hint"" style=""margin-bottom:10px"">[98] ข้อมูลบนหน้าปกบท/ต้นฉบับ — ใช้ตอนพิมพ์และส่งออก</div>
      <div class=""k-set-sub"">ผู้เขียน</div>
      <div class=""k-row""><label>อีเมลผู้เขียน</label><input type=""text"" id=""st-email""></div>
      <div class=""k-row""><label>ข้อมูลติดต่อ (Contact information)</label><input type=""text"" id=""st-contact""></div>
      <div class=""k-row""><label>โทรศัพท์ (Phone)</label><input type=""text"" id=""st-phone""></div>
      <div class=""k-set-sub"">เครดิตบท</div>
      <div class=""k-row""><label>Screenplay By</label><input type=""text"" id=""st-spby""></div>
      <div class=""k-row""><label>Based On</label><input type=""text"" id=""st-basedon""></div>
      <div class=""k-row""><label>Revisions by</label><input type=""text"" id=""st-revby""></div>
      <div class=""k-set-sub"">ตัวแทน (Agent)</div>
      <div class=""k-row""><label>Agent's Name</label><input type=""text"" id=""st-agname""></div>
      <div class=""k-row""><label>Agent's Address</label><input type=""text"" id=""st-agaddr""></div>
      <div class=""k-row""><label>Agent's Phone</label><input type=""text"" id=""st-agphone""></div>
      <div class=""k-row""><label>Agent's Email</label><input type=""text"" id=""st-agemail""></div>
      <div class=""k-set-sub"">ลิขสิทธิ์</div>
      <div class=""k-row""><label>Copyright by</label><input type=""text"" id=""st-copyright""></div>
    </div>
    <div class=""k-set-page k-set-2col"" data-p=""page"">
      <div class=""k-hint"" style=""margin-bottom:10px"">[85] ขนาดกระดาษและระยะขอบ — ใช้ร่วมกันทั้งโหมดนิยายและโหมดบทภาพยนตร์</div>
      <div class=""k-row""><label>ขนาดกระดาษ</label><select id=""st-paper"" class=""k-dlg-select""></select></div>
      <div class=""k-row k-full"" id=""st-paper-custom""><label>กว้าง × สูง (นิ้ว)</label>
        <span><input type=""number"" id=""st-paper-w"" class=""k-narrow"" min=""3"" max=""30"" step=""0.01"">
        × <input type=""number"" id=""st-paper-h"" class=""k-narrow"" min=""3"" max=""40"" step=""0.01""></span></div>
      <div class=""k-set-sub"">ระยะขอบ (นิ้ว)</div>
      <!-- [alpha.60r2 ข้อ 6] ชุดสำเร็จรูป — เลือกแล้วเติมช่องทั้งสี่ให้ทันที (ค่าอยู่ใน src/margin-presets.json) -->
      <div class=""k-row k-full""><label>ชุดสำเร็จรูป<span class=""k-hint"">เลือกแล้วเติมค่าทั้งสี่ด้านให้ · แก้ตัวเลขเองได้ต่อ</span></label><select id=""st-mg-preset"" class=""k-dlg-select""></select></div>
      <div class=""k-set-grid2"">
        <div class=""k-row""><label>บน (Top)</label><input type=""number"" id=""st-mg-top"" class=""k-narrow"" min=""0"" max=""5"" step=""0.05""></div>
        <div class=""k-row""><label>ล่าง (Bottom)</label><input type=""number"" id=""st-mg-bottom"" class=""k-narrow"" min=""0"" max=""5"" step=""0.05""></div>
        <div class=""k-row""><label>ซ้าย (Left)</label><input type=""number"" id=""st-mg-left"" class=""k-narrow"" min=""0"" max=""5"" step=""0.05""></div>
        <div class=""k-row""><label>ขวา (Right)</label><input type=""number"" id=""st-mg-right"" class=""k-narrow"" min=""0"" max=""5"" step=""0.05""></div>
      </div>
      <div class=""k-row""><label>ช่วงบรรทัดบทภาพยนตร์<span class=""k-hint"">มาตรฐาน = 1 (6 บรรทัด/นิ้ว) · เปลี่ยนแล้วจำนวนบรรทัดต่อหน้าเปลี่ยนตาม</span></label><input type=""number"" id=""st-splh"" class=""k-narrow"" min=""0.8"" max=""2.5"" step=""0.05""></div>
      <div class=""k-row""><label>ช่องว่างระหว่างหน้าในโหมดจัดหน้า (px)</label><input type=""number"" id=""st-sppagegap"" class=""k-narrow"" min=""8"" max=""120"" step=""2""></div>
      <div class=""k-set-sub k-full"">สีกระดาษ</div>
      <div class=""k-hint k-full"" style=""margin-bottom:8px"">[alpha.100] สีของแผ่นกระดาษบนจอ — มีผลกับมุมมองจัดหน้า · เรียงหน้าคู่ · ภาพรวม · โหมดอ่าน · ตอนพิมพ์และส่งออก PDF ยังเป็นขาวเสมอ</div>
      <div class=""k-row""><label>พรีเซ็ต</label><select id=""st-paper-color"" class=""k-dlg-select""></select></div>
      <div class=""k-row""><label>เลือกสีเอง<span class=""k-hint"">สีขอบแผ่น เส้นประ และสีหมึก คำนวณตามให้อัตโนมัติ</span></label><input type=""color"" id=""st-paper-color-hex"" class=""k-narrow""></div>
      <div class=""k-row""><label>เส้นบอกระยะขอบกระดาษ<span class=""k-hint"">เส้นประรอบพื้นที่พิมพ์ในมุมมองจัดหน้า — ครบทั้งสี่ด้านทุกแผ่น</span></label><input type=""checkbox"" id=""st-page-guides""></div>
      <div class=""k-hint k-full"" id=""st-page-info"" style=""margin-top:8px""></div>
      <div class=""k-set-sub k-full"">การตรวจทานบนจอ</div>
      <div class=""k-row""><label>ขีดเส้นบอกจุดที่ผิดในบท<span class=""k-hint"">เส้นหยักใต้บรรทัดที่ตัวตรวจรูปแบบทักไว้ · สลับได้จากป้าย ⚠ บนแถบสถานะเหมือนกัน (ไม่มีผลกับไฟล์และการส่งออก)</span></label><input type=""checkbox"" id=""st-sp-errmark""></div>
      <div class=""k-set-sub k-full"">เลขฉาก (Scene Number)</div>
      <div class=""k-row""><label>แสดงเลขฉากข้างหัวฉาก<span class=""k-hint"">เลขจะอยู่ทั้งซ้ายและขวาของบรรทัดหัวฉาก</span></label><input type=""checkbox"" id=""st-sn-show""></div>
      <div class=""k-row""><label>ท้ายเลข<span class=""k-hint"">เช่น ว่าง หรือ "".""</span></label><input type=""text"" id=""st-sn-suffix"" class=""k-narrow""></div>
      <div class=""k-row""><label>ซ้าย: ระยะจากขอบกระดาษซ้าย (นิ้ว)</label><input type=""number"" id=""st-sn-left"" class=""k-narrow"" min=""0"" max=""5"" step=""0.05""></div>
      <div class=""k-row""><label>ขวา: ระยะจากขอบกระดาษขวา (นิ้ว)</label><input type=""number"" id=""st-sn-right"" class=""k-narrow"" min=""0"" max=""5"" step=""0.05""></div>
      <div class=""k-set-sub k-full"">เลขหน้า (Page Number)</div>
      <div class=""k-row""><label>แสดงเลขหน้า<span class=""k-hint"">มีเฉพาะไฟล์ที่เป็นฉาก · เลขเริ่มต้นตั้งรายไฟล์ที่ ""คุณสมบัติฉาก""</span></label><input type=""checkbox"" id=""st-pn-show""></div>
      <div class=""k-row""><label>ใส่เลขบนหน้าแรกด้วย<span class=""k-hint"">ปิด = หน้าที่เลขจริงเป็น 1 ไม่พิมพ์เลข (ธรรมเนียมบทของบางคน) · หน้าปก/รายชื่อไม่นับอยู่แล้ว</span></label><input type=""checkbox"" id=""st-pn-first""></div>
      <div class=""k-row""><label>ระยะจากขอบขวา (นิ้ว)</label><input type=""number"" id=""st-pn-right"" class=""k-narrow"" min=""0"" max=""5"" step=""0.05""></div>
      <div class=""k-row""><label>ระยะจากขอบบน (นิ้ว)</label><input type=""number"" id=""st-pn-top"" class=""k-narrow"" min=""0"" max=""5"" step=""0.05""></div>
      <div class=""k-row""><label>ท้ายเลข</label><input type=""text"" id=""st-pn-suffix"" class=""k-narrow""></div>
      <div class=""k-set-sub k-full"">ต่อเนื่อง (CONTINUED)</div>
      <div class=""k-row""><label>ใส่ CONTINUED อัตโนมัติ<span class=""k-hint"">ใส่ให้เองเมื่อบล็อกถูกหั่นคร่อมหน้า · ปิดแล้วใช้บล็อก &quot;ต่อเนื่อง (ซ้าย/ขวา)&quot; พิมพ์เองได้</span></label><input type=""checkbox"" id=""st-ct-auto""></div>
      <div class=""k-row""><label>ใส่ได้แม้หน้านั้นไม่มีหัวฉาก<span class=""k-hint"">ปิดอยู่ = ใส่ (CONTINUED) เฉพาะหน้าที่มีหัวฉากอยู่ก่อน (ธรรมเนียมบทถ่ายทำ)</span></label><input type=""checkbox"" id=""st-ct-nohead""></div>
      <div class=""k-set-sub"">[84] กฎการตัดหน้า (widow / orphan)</div>
      <div class=""k-set-grid2"">
        <div class=""k-row""><label>บรรยาย: เหลือท้ายหน้าอย่างน้อย</label><input type=""number"" id=""st-pb-ab"" class=""k-narrow"" min=""0"" max=""20""></div>
        <div class=""k-row""><label>บรรยาย: ยกไปหน้าใหม่อย่างน้อย</label><input type=""number"" id=""st-pb-at"" class=""k-narrow"" min=""0"" max=""20""></div>
        <div class=""k-row""><label>บทพูด: เหลือท้ายหน้าอย่างน้อย</label><input type=""number"" id=""st-pb-db"" class=""k-narrow"" min=""0"" max=""20""></div>
        <div class=""k-row""><label>บทพูด: ยกไปหน้าใหม่อย่างน้อย</label><input type=""number"" id=""st-pb-dt"" class=""k-narrow"" min=""0"" max=""20""></div>
        <div class=""k-row""><label>ขีดท้ายบรรทัดติดกันไม่เกิน</label><input type=""number"" id=""st-pb-hy"" class=""k-narrow"" min=""0"" max=""10""></div>
        <div class=""k-row""><label>หัวฉากท้ายหน้าต้องมีเนื้อตาม</label><input type=""number"" id=""st-pb-ks"" class=""k-narrow"" min=""0"" max=""20""></div>
      </div>
      <div class=""k-set-sub"">[92] ข้อความมาตรฐาน</div>
      <div class=""k-row""><label>ท้ายหน้าเมื่อฉากต่อเนื่อง</label><input type=""text"" id=""st-str-cb""></div>
      <div class=""k-row""><label>ต้นหน้าเมื่อฉากต่อเนื่อง</label><input type=""text"" id=""st-str-ct""></div>
      <div class=""k-row""><label>บทพูดยังไม่จบ (MORE)</label><input type=""text"" id=""st-str-more""></div>
      <div class=""k-row""><label>ทวนชื่อตัวละคร (cont'd)</label><input type=""text"" id=""st-str-contd""></div>
      <div class=""k-row""><label>หัวข้อ Scene / Time (หน้ารายชื่อ)</label>
        <span><input type=""text"" id=""st-str-scene"" style=""width:46%""> <input type=""text"" id=""st-str-time"" style=""width:46%""></span></div>
      <div class=""k-full"" style=""margin-top:12px; text-align:right""><button id=""st-page-reset"" class=""k-reset-btn"">↺ คืนค่าเริ่มต้น</button></div>
    </div>
    <div class=""k-set-page k-set-2col"" data-p=""prose"">
      <div class=""k-hint k-full"" style=""margin-bottom:10px"">
        [16–24] รูปแบบของ ""เนื้อเรื่องนิยาย"" — ย่อหน้าบรรทัดแรก · ช่วงบรรทัด · หัวข้อ · ยกคำพูด
        · ค่าที่ตั้งที่นี่ใช้ทั้งบนจอและตอนส่งออก HTML (WYSIWYG)</div>
      <div class=""k-set-sub k-full"">เนื้อเรื่อง</div>
      <div class=""k-row""><label>ขนาด (pt)</label><input type=""number"" id=""st-pr-pt"" class=""k-narrow"" min=""6"" max=""48"" step=""0.5""></div>
      <div class=""k-row""><label>ช่วงบรรทัด<span class=""k-hint"">1.0 = ชิด · 1.75 = ปกติ · 2.0 = เว้นบรรทัดคู่</span></label><input type=""number"" id=""st-pr-lh"" class=""k-narrow"" min=""0.8"" max=""4"" step=""0.05""></div>
      <div class=""k-row""><label>ระยะระหว่างย่อหน้า (em)<span class=""k-hint"">นิยายมาตรฐาน = 0 (ใช้ย่อหน้าแทนการเว้นบรรทัด)</span></label><input type=""number"" id=""st-pr-para"" class=""k-narrow"" min=""0"" max=""4"" step=""0.05""></div>
      <div class=""k-row""><label>ย่อหน้าบรรทัดแรก (นิ้ว)<span class=""k-hint"">มาตรฐาน 0.3–0.5 นิ้ว · 0 = ไม่ย่อ</span></label><input type=""number"" id=""st-pr-indent"" class=""k-narrow"" min=""0"" max=""3"" step=""0.05""></div>
      <div class=""k-row""><label>ย่อหน้าแรกหลังหัวข้อด้วย<span class=""k-hint"">ธรรมเนียมสากล: ย่อหน้าแรกของบทไม่ย่อ</span></label><input type=""checkbox"" id=""st-pr-indent-h""></div>
      <div class=""k-row""><label>จัดหน้าเริ่มต้น</label><select id=""st-pr-align"" class=""k-dlg-select""><option value=""left"">ชิดซ้าย</option><option value=""justify"">เต็มบรรทัด</option></select></div>
      <div class=""k-set-sub k-full"">หัวข้อ (h1–h6)</div>
      <div class=""k-row""><label>ฟอนต์หัวข้อ<span class=""k-hint"">ว่าง = เหมือนเนื้อเรื่อง</span></label><select id=""st-pr-hfont"" class=""k-dlg-select"" style=""width:100%""></select></div>
      <div class=""k-row""><label>สีหัวข้อ<span class=""k-hint"">ว่าง = ใช้สีของธีม</span></label><input type=""text"" id=""st-pr-hcolor"" class=""k-narrow"" placeholder=""#c8792f""></div>
      <div class=""k-full""><table class=""k-sp-cycle-tbl"" id=""st-pr-heads"">
        <thead><tr><th>ระดับ</th><th>ขนาด (เท่า)</th><th>หนา</th><th>เอียง</th><th>เว้นก่อน (em)</th><th>เว้นหลัง (em)</th><th>จัดหน้า</th></tr></thead>
        <tbody></tbody></table></div>
      <div class=""k-row""><label>เติมเลขบทอัตโนมัติ<span class=""k-hint"">วาดด้วย CSS — ไม่เขียนตัวเลขลงไฟล์</span></label><input type=""checkbox"" id=""st-pr-hnum""></div>
      <div class=""k-row""><label>รูปแบบเลขบท<span class=""k-hint"">ใช้ {{n}}</span></label><input type=""text"" id=""st-pr-hnumfmt""></div>
      <div class=""k-row""><label>ใส่เลขให้หัวข้อระดับ</label><input type=""number"" id=""st-pr-hnumlv"" class=""k-narrow"" min=""1"" max=""6""></div>
      <div class=""k-set-sub k-full"">ยกคำพูด (Blockquote)</div>
      <div class=""k-row""><label>ตัวเอียง</label><input type=""checkbox"" id=""st-pr-qi""></div>
      <div class=""k-row""><label>มีเส้นขอบซ้าย</label><input type=""checkbox"" id=""st-pr-qb""></div>
      <div class=""k-row""><label>ระยะเยื้อง (นิ้ว)</label><input type=""number"" id=""st-pr-qind"" class=""k-narrow"" min=""0"" max=""3"" step=""0.05""></div>
      <div class=""k-row""><label>สีตัวอักษร<span class=""k-hint"">ว่าง = ใช้สีของธีม</span></label><input type=""text"" id=""st-pr-qcolor"" class=""k-narrow"" placeholder=""#c8792f""></div>
      <div class=""k-set-sub k-full"">เลขหน้า (มุมมองหน้ากระดาษของนิยาย)</div>
      <div class=""k-row""><label>แสดงเลขหน้า</label><input type=""checkbox"" id=""st-pr-pgnum""></div>
      <div class=""k-hint k-full"" id=""st-pr-info"" style=""margin-top:8px""></div>
      <div class=""k-full"" style=""margin-top:12px; display:flex; gap:8px; justify-content:flex-end; flex-wrap:wrap"">
        <button id=""st-pr-preset-novel"" class=""k-key-btn"">📖 ตั้งเป็นแบบนิยายมาตรฐาน</button>
        <button id=""st-pr-preset-ms"" class=""k-key-btn"">📄 ต้นฉบับส่งสำนักพิมพ์ (เว้นบรรทัดคู่)</button>
        <button id=""st-pr-reset"" class=""k-reset-btn"">↺ คืนค่าเริ่มต้น</button>
      </div>
    </div>
    <div class=""k-set-page"" data-p=""spfmt"">
      <div class=""k-hint"" style=""margin-bottom:10px"">[81][82][83] ระยะเยื้อง (วัดจากขอบกระดาษ) · ความกว้าง · ระยะเว้นบรรทัด (10 = 1 บรรทัด) · ตัวอักษรบนจอ / ตอนพิมพ์</div>
      <div class=""k-spfmt-scroll"">
        <table class=""k-spfmt-tbl"" id=""st-spfmt"">
          <thead><tr>
            <th rowspan=""2"">Element</th><th rowspan=""2"">เยื้อง""</th><th rowspan=""2"">กว้าง""</th>
            <th rowspan=""2"">เว้นก่อน</th><th rowspan=""2"">ระยะบรรทัด</th>
            <th colspan=""4"">บนจอ</th><th colspan=""4"">ตอนพิมพ์</th>
          </tr><tr>
            <th>ใหญ่</th><th>หนา</th><th>เอียง</th><th>ขีด</th>
            <th>ใหญ่</th><th>หนา</th><th>เอียง</th><th>ขีด</th>
          </tr></thead><tbody></tbody>
        </table>
      </div>
      <div style=""margin-top:12px; text-align:right""><button id=""st-spfmt-reset"" class=""k-reset-btn"">↺ คืนค่าเริ่มต้น</button></div>
    </div>
    <div class=""k-set-page"" data-p=""sp"">
      <div class=""k-row""><label>เปิดระบบปุ่มสลับ element<span class=""k-hint"">ปิด = Enter ขึ้นบรรทัดใหม่ชนิดเดิม · ปุ่มอื่นไม่ทำงาน</span></label><input type=""checkbox"" id=""st-spcycle-on""></div>
      <div class=""k-row""><label>บรรทัดถัดจากบทพูด = บทพูดต่อ<span class=""k-hint"">ปิด (ค่าเริ่มต้น · แนว Final Draft) = บรรทัดถัดไปเป็น &quot;บรรยาย&quot; เขียนเปล่า ๆ ได้เลย ไม่ต้องมีรหัสนำหน้า · เปิด = ใช้เขียนบทพูดยาวหลายบรรทัดติดกัน แล้วบรรยายต้องขึ้นต้นด้วย !</span></label><input type=""checkbox"" id=""st-spdlgcont""></div>
      <div class=""k-set-sub"">ปุ่มที่ใช้ (กด ""เปลี่ยน"" แล้วกดปุ่มใหม่)</div>
      <div id=""st-spkeys""></div>
      <div class=""k-hint"" style=""margin:12px 0"">ควบคุมว่าปุ่มแต่ละตัวจะสร้างหรือสลับเป็น element ใด</div>
      <table class=""k-sp-cycle-tbl"" id=""st-spcycle""><thead><tr><th>Element</th><th id=""st-hd-enter"">Enter →</th><th id=""st-hd-tab"">Tab →</th><th id=""st-hd-stab"">Shift+Tab →</th></tr></thead><tbody></tbody></table>
      <div style=""margin-top:12px; text-align:right""><button id=""st-spcycle-reset"" class=""k-reset-btn"">↺ คืนค่าเริ่มต้น</button></div>
    </div>
    <div class=""k-set-page"" data-p=""fonts"">
      <div class=""k-hint"" style=""margin-bottom:10px"">
        ตารางเดียวคุมฟอนต์ทั้งโปรแกรม: <b>ช่วงอักขระไหน → ฟอนต์อะไร → ใช้กับโหมดไหน → ย่อ/ขยายกี่ %</b>
        เพิ่ม/ลบได้ไม่จำกัด · แถวบนสุดมีลำดับก่อน · ฟอนต์เอามาได้ทั้งจากที่ฝังมากับโปรแกรม ไฟล์ที่นำเข้าเก็บไว้ในโปรเจกต์ และฟอนต์ที่ลงไว้ในเครื่อง
        <br><b>ช่อง %</b> คือตัวย่อกลิฟให้พอดีกล่องบรรทัด — ""ไทยในบทภาพยนตร์"" ใช้ 85 เพราะสแตกของบทเริ่มด้วย Courier ที่ไม่มีอักษรไทย ตัวไทยจึงตกไปฟอนต์สำรองที่ตัวใหญ่กว่า แล้วล้นระยะบรรทัดตายตัวของบท (6 บรรทัด/นิ้ว) · ภาษาอื่นทำแบบเดียวกันได้ด้วยการเพิ่มแถว</div>
      <div class=""k-set-sub k-full"">🔤 ฟอนต์ตามช่วงอักขระ (ใช้ได้ทั้งนิยายและบท)</div>
      <div id=""st-fonts-list""></div>
      <div style=""margin-top:12px; display:flex; gap:8px; flex-wrap:wrap"">
        <button id=""st-fonts-add"" class=""k-key-btn"">➕ เพิ่มแถว</button>
        <button id=""st-fonts-import"" class=""k-key-btn"">📁 นำเข้าไฟล์ฟอนต์เข้าโปรเจกต์…</button>
        <button id=""st-fonts-reset"" class=""k-reset-btn"">↺ คืนค่าเริ่มต้น</button>
      </div>
      <div class=""k-hint"" id=""st-fonts-preview"" style=""margin-top:14px""></div>
      <div id=""st-fonts-sample"" style=""margin-top:6px; font-size:22px; line-height:1.7""></div>
    </div>
    <div class=""k-set-page"" data-p=""lang"">
      <div class=""k-row""><label>{36}</label>
        <select id=""st-lang""></select>
      </div>
      <div class=""k-hint"" style=""margin-top:10px"">{37}</div>
      <div id=""st-lang-dirs"" class=""k-hint"" style=""margin-top:6px; opacity:.7; font-size:11px""></div>
      <div class=""k-dlg-btns"" style=""justify-content:flex-start; margin-top:12px"">
        <button id=""st-lang-export"" class=""cmp-mini"">{38}</button>
        <button id=""st-lang-folder"" class=""cmp-mini"">{39}</button>
        <button id=""st-lang-reload"" class=""cmp-mini"">{40}</button>
      </div>
    </div>
    <div class=""k-set-page"" data-p=""keys"">
      <div class=""k-hint"" style=""margin-bottom:10px"">{41}</div>
      <div id=""st-keys""></div>
    </div>
    <div class=""k-set-page"" data-p=""netcol"">
      <div class=""k-hint"" style=""margin-bottom:10px"">สีและการควบคุมของ Story Network — ช่องทั้งหมดสร้างจากนิยามกลาง (network-theme.js) จึงครบทุกสีที่ผังใช้จริงเสมอ</div>
      <div class=""k-set-sub k-full"">🖱 การควบคุมด้วยเมาส์</div>
      <div class=""k-row""><label>ปุ่มหมุนมุมมอง 3D</label><select id=""st-net-orbit"" class=""k-dlg-select""></select></div>
      <div class=""k-row""><label>ปุ่มเลื่อนผัง (แพน)</label><select id=""st-net-pan"" class=""k-dlg-select""></select></div>
      <div class=""k-hint k-full"" id=""st-net-hint"" style=""margin:2px 0 10px""></div>
      <div id=""st-netcol-body""></div>
    </div>
  </div>
</div>
<div class=""k-dlg-btns""><button class=""k-cancel"">{42}</button><button class=""k-ok"">{43}</button></div>","<div class=""k-dlg-title"">{0}</div>
<div class=""k-set-wrap"">
  <div class=""k-set-nav"">
    <input id=""st-nav-q"" class=""k-set-navq"" type=""search"" placeholder=""ค้นหาหัวข้อตั้งค่า…"">
    <div class=""k-set-navgrp""><span class=""k-set-navgrp-ic"">🌐</span> ระดับผู้ใช้ <span class=""k-set-navgrp-sub"">ใช้ร่วมทุกผลงาน</span></div>
    <div class=""k-set-tab on"" data-p=""gen"" data-find=""ทั่วไป ชื่อ ผู้เขียน บันทึกอัตโนมัติ สำรอง เป้าหมาย หน้าแรก ประวัติ"">{1}</div>
    <div class=""k-set-tab"" data-p=""write"" data-find=""การเขียน ฟอนต์ ขนาด ตรวจคำผิด เลขบรรทัด โฟกัส เสียงพิมพ์ดีด ถังขยะ"">{2}</div>
    <div class=""k-set-tab"" data-p=""toolbar"" data-find=""แถบเครื่องมือ ปุ่ม เอาปุ่มออก toolbar"">แถบเครื่องมือ</div>
    <div class=""k-set-tab"" data-p=""fmtbar"" data-find=""แถบรูปแบบ ลอย ปุ่ม B I U ถอดปุ่ม นิยาย หนัง format bar"">Format bar</div>
    <div class=""k-set-tab"" data-p=""fab"" data-find=""ปุ่มลอย fab คำสั่งลัด มุมจอ วงกลม"">Floating button (FAB)</div>
    <div class=""k-set-tab"" data-p=""auto"" data-find=""automation sync pagination update version release github"">{3}</div>
    <div class=""k-set-tab"" data-p=""lang"" data-find=""ภาษา language แปล csv"">{4}</div>
    <div class=""k-set-tab"" data-p=""keys"" data-find=""ปุ่มลัด คีย์ลัด shortcut"">{5}</div>
    <div class=""k-set-navgrp""><span class=""k-set-navgrp-ic"">📁</span> เฉพาะผลงานนี้ <span class=""k-set-navgrp-sub"">เก็บใน project.khn.json</span></div>
    <div class=""k-set-tab"" data-p=""setup"" data-find=""ข้อมูลผลงาน ผู้เขียน อีเมล ตัวแทน ลิขสิทธิ์ agent"">ข้อมูลผลงาน</div>
    <div class=""k-set-tab"" data-p=""page"" data-find=""หน้ากระดาษ ขนาด ระยะขอบ เลขหน้า เลขฉาก ตัดหน้า"">หน้ากระดาษ</div>
    <div class=""k-set-tab"" data-p=""prose"" data-find=""รูปแบบนิยาย ย่อหน้า ช่วงบรรทัด หัวข้อ ยกคำพูด"">รูปแบบนิยาย</div>
    <div class=""k-set-tab"" data-p=""spfmt"" data-find=""รูปแบบบท element เยื้อง ความกว้าง"">รูปแบบบท</div>
    <div class=""k-set-tab"" data-p=""sp"" data-find=""ปุ่มบทหนัง tab enter element"">ปุ่มบทหนัง</div>
    <div class=""k-set-tab"" data-p=""fonts"" data-find=""ฟอนต์ตามภาษา ช่วงอักขระ"">ฟอนต์ตามภาษา</div>
    <div class=""k-set-tab"" data-p=""netcol"" data-find=""story network สี ปุ่มเมาส์ ผัง"">Story Network</div>
  </div>
  <div class=""k-set-main"">
    <div class=""k-set-page"" data-p=""fmtbar"">
      <div id=""st-fmtbar-host""></div>
    </div>

    <div class=""k-set-page"" data-p=""fab"">
      <div id=""st-fab-host""></div>
    </div>

    <div class=""k-set-page"" data-p=""toolbar"">
      <div class=""k-hint"" style=""margin-bottom:10px"">เลือกว่าจะให้ปุ่มไหนโผล่บนแถบเครื่องมือบ้าง — ติ๊กแล้วเห็นผลทันที · เส้นคั่นของกลุ่มที่ปิดหมดจะหายไปเอง</div>
      <div id=""st-toolbar-host""></div>
    </div>

    <div class=""k-set-page k-set-2col on"" data-p=""gen"">
      <div class=""k-row""><label>{6}</label><input type=""text"" id=""st-title""></div>
      <div class=""k-row""><label>{7}</label><input type=""text"" id=""st-author""></div>
      <div class=""k-row""><label>Color theme<span class=""k-hint"">Colors of the app shell (bars · panels · dialogs) — never touches the page or exported files</span></label><select id=""st-theme"" class=""k-dlg-select"" style=""width:100%""></select></div>
      <div class=""k-row""><label>{8}<span class=""k-hint"">{9}</span></label><input type=""number"" id=""st-auto"" min=""0"" max=""120""></div>
      <div class=""k-row""><label>{10}</label><input type=""checkbox"" id=""st-backup""></div>
      <div class=""k-row""><label>{11}<span class=""k-hint"">{12}</span></label><input type=""number"" id=""st-maxbak"" min=""1"" max=""200""></div>
      <div class=""k-row""><label>{13}</label><input type=""number"" id=""st-daily"" min=""0""></div>
      <div class=""k-row""><label>{14}</label><input type=""number"" id=""st-proj"" min=""0""></div>
      <div class=""k-set-sub k-full"">// [alpha.60r ข้อ 1] พฤติกรรมตอนเปิดโปรเจกต์</div>
      <div class=""k-row""><label>แสดงหน้าแรกเมื่อเปิดโปรเจกต์<span class=""k-hint"">ปิด = เปิดโปรเจกต์ล่าสุดโดยไม่ถาม</span></label><input type=""checkbox"" id=""st-showhome""></div>
      <div class=""k-set-sub k-full"">// [alpha.69] ประวัติการทำงาน (แผง 🕘)</div>
      <div class=""k-row""><label>เก็บประวัติย้อนหลัง (ครั้ง)<span class=""k-hint"">ยิ่งมากยิ่งย้อนได้ไกล แต่กินที่ใน .k2history/ · 4–500 · ค่าเริ่มต้น 32</span></label><input type=""number"" id=""st-histlimit"" min=""4"" max=""500""></div>
      <div class=""k-row""><label>ปิดการจดประวัติ<span class=""k-hint"">ปิดแล้วแผงประวัติจะไม่มีอะไรใหม่เพิ่ม (ของเดิมยังอยู่)</span></label><input type=""checkbox"" id=""st-histoff""></div>
    </div>
    <div class=""k-set-page k-set-2col"" data-p=""write"">
      <div class=""k-row""><label>{15}<span class=""k-hint"">{16}</span></label><select id=""st-fontfamily"" class=""k-dlg-select"" style=""width:100%""></select></div>
      <div class=""k-row""><label>{17}<span class=""k-hint"">{18}</span></label><select id=""st-spfontfamily"" class=""k-dlg-select"" style=""width:100%""></select></div>
      <div class=""k-row""><label>ขนาดฟอนต์นิยาย (pt)<span class=""k-hint"">มาตรฐานต้นฉบับ = 12pt · รูปแบบอื่น ๆ ดูที่แท็บ ""📖 รูปแบบนิยาย""</span></label><input type=""number"" id=""st-edpt"" class=""k-narrow"" min=""6"" max=""48"" step=""0.5""></div>
      <div class=""k-row""><label>ขนาดฟอนต์บทภาพยนตร์ (pt)<span class=""k-hint"">มาตรฐานบท = 12pt ทุกภาษา</span></label><input type=""number"" id=""st-sppt"" class=""k-narrow"" min=""6"" max=""48"" step=""0.5""></div>
      <div class=""k-row""><label>ขนาดตัวอักษรของ UI<span class=""k-hint"">[บั๊ก 14] ปรับจากค่าเริ่มต้น 14px — มีผลกับเปลือกโปรแกรมเท่านั้น ไม่แตะเอกสาร</span></label><input type=""number"" id=""st-font"" min=""-6"" max=""16"" step=""1""></div>
      <div class=""k-row""><label>ขนาดการ์ดหน้าแรก (px)<span class=""k-hint"">ความกว้างการ์ด 4 คอลัมน์บนหน้าแรก</span></label><input type=""number"" id=""st-homethumb"" class=""k-narrow"" min=""120"" max=""400"" step=""10""></div>
      <div class=""k-row""><label>{19}<span class=""k-hint"">{20}</span></label><input type=""checkbox"" id=""st-ln""></div>
      <div class=""k-row""><label>ปุ่มลอยมุมขวาล่าง (FAB)<span class=""k-hint"">[60r2 ข้อ 9] ปิดแล้วปุ่ม + และเมนูของมันจะหายไปทั้งชุด</span></label><input type=""checkbox"" id=""st-fab""></div>
      <div class=""k-row""><label>{21}<span class=""k-hint"">{22}</span></label><input type=""checkbox"" id=""st-spell""></div>
      <div class=""k-row""><label>{23}<span class=""k-hint"">{24}</span></label><input type=""checkbox"" id=""st-spelldict""></div>
      <div class=""k-row""><label>{25}<span class=""k-hint"">{26}</span></label><input type=""checkbox"" id=""st-mention""></div>
      <div class=""k-row""><label>{27}<span class=""k-hint"">{28}</span></label><input type=""number"" id=""st-recycle"" min=""0"" max=""3650""></div>
      <div class=""k-row""><label>{29}<span class=""k-hint"">{30}</span></label><input type=""range"" id=""st-fmdim"" min=""0.05"" max=""0.8"" step=""0.05""><span id=""st-fmdim-lbl"" class=""k-hint""></span></div>
      <div class=""k-row""><label>{31}<span class=""k-hint"">{32}</span></label><input type=""range"" id=""st-uiscale"" min=""0.75"" max=""2"" step=""0.05""><span id=""st-uiscale-lbl"" class=""k-hint""></span></div>
      <div class=""k-set-sub k-full"">🔊 เสียงเครื่องพิมพ์ดีด</div>
      <div class=""k-row""><label>เปิดเสียงขณะพิมพ์<span class=""k-hint"">เคาะแป้น · วรรค · ลบ · กระดิ่งตอนขึ้นบรรทัด</span></label><input type=""checkbox"" id=""st-typesnd""></div>
      <div class=""k-row""><label>เล่นเมื่อไร<span class=""k-hint"">[60r2 ข้อ 4] ค่าเริ่มต้น = ดังตลอด · เดิมต้องเปิดสวิตช์ที่สองด้วยจึงจะได้ยิน</span></label><select id=""st-typesnd-mode"" class=""k-dlg-select""><option value=""always"">ดังตลอดเวลาที่พิมพ์</option><option value=""typewriter"">เฉพาะโหมดเครื่องพิมพ์ดีด ({sc:typewriter})</option></select></div>
      <div class=""k-row""><label>ระดับเสียง</label><input type=""range"" id=""st-typesnd-vol"" min=""0"" max=""1"" step=""0.05""><span id=""st-typesnd-lbl"" class=""k-hint""></span></div>
      <div class=""k-row""><label>ลองฟัง</label><span><button id=""st-typesnd-test"" class=""k-key-btn"">เคาะ</button> <button id=""st-typesnd-test2"" class=""k-key-btn"">ขึ้นบรรทัด</button></span></div>
    </div>
    <div class=""k-set-page"" data-p=""auto"">
      <div class=""k-row""><label>{33} {34}<span class=""k-hint"">{35}</span></label><input type=""checkbox"" id=""st-autosync""></div>
      <div class=""k-row""><label>คลังคำพ้อง/คำตรงข้าม<span class=""k-hint"">เปิดแล้วจะ **ส่งคำที่เลือกออกอินเทอร์เน็ต** เพื่อค้นคำพ้อง · ปิดอยู่ = ใช้คลังไทยในตัวอย่างเดียว</span></label><input type=""checkbox"" id=""st-thesaurus""></div>
      <div class=""k-set-sub k-full"">// [alpha.60 ข้อ 96] ปรับหน้าใหม่อัตโนมัติสำหรับบทภาพยนตร์</div>
      <div class=""k-row""><label>คำนวณจำนวนหน้าใหม่หลังหยุดพิมพ์<span class=""k-hint"">ทำงานหลังจากหยุดพักตามช่วงเวลาที่ตั้ง · ใช้กับบทภาพยนตร์เท่านั้น</span></label><input type=""checkbox"" id=""st-autopag""></div>
      <div class=""k-row""><label>รอหลังหยุดพิมพ์ (วินาที)<span class=""k-hint"">1–60 วินาที ก่อนคำนวณหน้าใหม่ · ยิ่งสั้นยิ่งใช้ CPU มาก</span></label><input type=""number"" id=""st-pagintv"" min=""1"" max=""60"" step=""1"" class=""k-narrow""></div>
      <div class=""k-set-sub k-full"">Program updates</div>
      <div id=""st-update-host""></div>
    </div>
    <div class=""k-set-page k-set-2col"" data-p=""setup"">
      <div class=""k-hint"" style=""margin-bottom:10px"">[98] ข้อมูลบนหน้าปกบท/ต้นฉบับ — ใช้ตอนพิมพ์และส่งออก</div>
      <div class=""k-set-sub"">ผู้เขียน</div>
      <div class=""k-row""><label>อีเมลผู้เขียน</label><input type=""text"" id=""st-email""></div>
      <div class=""k-row""><label>ข้อมูลติดต่อ (Contact information)</label><input type=""text"" id=""st-contact""></div>
      <div class=""k-row""><label>โทรศัพท์ (Phone)</label><input type=""text"" id=""st-phone""></div>
      <div class=""k-set-sub"">เครดิตบท</div>
      <div class=""k-row""><label>Screenplay By</label><input type=""text"" id=""st-spby""></div>
      <div class=""k-row""><label>Based On</label><input type=""text"" id=""st-basedon""></div>
      <div class=""k-row""><label>Revisions by</label><input type=""text"" id=""st-revby""></div>
      <div class=""k-set-sub"">ตัวแทน (Agent)</div>
      <div class=""k-row""><label>Agent's Name</label><input type=""text"" id=""st-agname""></div>
      <div class=""k-row""><label>Agent's Address</label><input type=""text"" id=""st-agaddr""></div>
      <div class=""k-row""><label>Agent's Phone</label><input type=""text"" id=""st-agphone""></div>
      <div class=""k-row""><label>Agent's Email</label><input type=""text"" id=""st-agemail""></div>
      <div class=""k-set-sub"">ลิขสิทธิ์</div>
      <div class=""k-row""><label>Copyright by</label><input type=""text"" id=""st-copyright""></div>
    </div>
    <div class=""k-set-page k-set-2col"" data-p=""page"">
      <div class=""k-hint"" style=""margin-bottom:10px"">[85] ขนาดกระดาษและระยะขอบ — ใช้ร่วมกันทั้งโหมดนิยายและโหมดบทภาพยนตร์</div>
      <div class=""k-row""><label>ขนาดกระดาษ</label><select id=""st-paper"" class=""k-dlg-select""></select></div>
      <div class=""k-row k-full"" id=""st-paper-custom""><label>กว้าง × สูง (นิ้ว)</label>
        <span><input type=""number"" id=""st-paper-w"" class=""k-narrow"" min=""3"" max=""30"" step=""0.01"">
        × <input type=""number"" id=""st-paper-h"" class=""k-narrow"" min=""3"" max=""40"" step=""0.01""></span></div>
      <div class=""k-set-sub"">ระยะขอบ (นิ้ว)</div>
      <!-- [alpha.60r2 ข้อ 6] ชุดสำเร็จรูป — เลือกแล้วเติมช่องทั้งสี่ให้ทันที (ค่าอยู่ใน src/margin-presets.json) -->
      <div class=""k-row k-full""><label>ชุดสำเร็จรูป<span class=""k-hint"">เลือกแล้วเติมค่าทั้งสี่ด้านให้ · แก้ตัวเลขเองได้ต่อ</span></label><select id=""st-mg-preset"" class=""k-dlg-select""></select></div>
      <div class=""k-set-grid2"">
        <div class=""k-row""><label>บน (Top)</label><input type=""number"" id=""st-mg-top"" class=""k-narrow"" min=""0"" max=""5"" step=""0.05""></div>
        <div class=""k-row""><label>ล่าง (Bottom)</label><input type=""number"" id=""st-mg-bottom"" class=""k-narrow"" min=""0"" max=""5"" step=""0.05""></div>
        <div class=""k-row""><label>ซ้าย (Left)</label><input type=""number"" id=""st-mg-left"" class=""k-narrow"" min=""0"" max=""5"" step=""0.05""></div>
        <div class=""k-row""><label>ขวา (Right)</label><input type=""number"" id=""st-mg-right"" class=""k-narrow"" min=""0"" max=""5"" step=""0.05""></div>
      </div>
      <div class=""k-row""><label>ช่วงบรรทัดบทภาพยนตร์<span class=""k-hint"">มาตรฐาน = 1 (6 บรรทัด/นิ้ว) · เปลี่ยนแล้วจำนวนบรรทัดต่อหน้าเปลี่ยนตาม</span></label><input type=""number"" id=""st-splh"" class=""k-narrow"" min=""0.8"" max=""2.5"" step=""0.05""></div>
      <div class=""k-row""><label>ช่องว่างระหว่างหน้าในโหมดจัดหน้า (px)</label><input type=""number"" id=""st-sppagegap"" class=""k-narrow"" min=""8"" max=""120"" step=""2""></div>
      <div class=""k-set-sub k-full"">สีกระดาษ</div>
      <div class=""k-hint k-full"" style=""margin-bottom:8px"">[alpha.100] สีของแผ่นกระดาษบนจอ — มีผลกับมุมมองจัดหน้า · เรียงหน้าคู่ · ภาพรวม · โหมดอ่าน · ตอนพิมพ์และส่งออก PDF ยังเป็นขาวเสมอ</div>
      <div class=""k-row""><label>พรีเซ็ต</label><select id=""st-paper-color"" class=""k-dlg-select""></select></div>
      <div class=""k-row""><label>เลือกสีเอง<span class=""k-hint"">สีขอบแผ่น เส้นประ และสีหมึก คำนวณตามให้อัตโนมัติ</span></label><input type=""color"" id=""st-paper-color-hex"" class=""k-narrow""></div>
      <div class=""k-row""><label>เส้นบอกระยะขอบกระดาษ<span class=""k-hint"">เส้นประรอบพื้นที่พิมพ์ในมุมมองจัดหน้า — ครบทั้งสี่ด้านทุกแผ่น</span></label><input type=""checkbox"" id=""st-page-guides""></div>
      <div class=""k-hint k-full"" id=""st-page-info"" style=""margin-top:8px""></div>
      <div class=""k-set-sub k-full"">การตรวจทานบนจอ</div>
      <div class=""k-row""><label>ขีดเส้นบอกจุดที่ผิดในบท<span class=""k-hint"">เส้นหยักใต้บรรทัดที่ตัวตรวจรูปแบบทักไว้ · สลับได้จากป้าย ⚠ บนแถบสถานะเหมือนกัน (ไม่มีผลกับไฟล์และการส่งออก)</span></label><input type=""checkbox"" id=""st-sp-errmark""></div>
      <div class=""k-set-sub k-full"">เลขฉาก (Scene Number)</div>
      <div class=""k-row""><label>แสดงเลขฉากข้างหัวฉาก<span class=""k-hint"">เลขจะอยู่ทั้งซ้ายและขวาของบรรทัดหัวฉาก</span></label><input type=""checkbox"" id=""st-sn-show""></div>
      <div class=""k-row""><label>ท้ายเลข<span class=""k-hint"">เช่น ว่าง หรือ "".""</span></label><input type=""text"" id=""st-sn-suffix"" class=""k-narrow""></div>
      <div class=""k-row""><label>ซ้าย: ระยะจากขอบกระดาษซ้าย (นิ้ว)</label><input type=""number"" id=""st-sn-left"" class=""k-narrow"" min=""0"" max=""5"" step=""0.05""></div>
      <div class=""k-row""><label>ขวา: ระยะจากขอบกระดาษขวา (นิ้ว)</label><input type=""number"" id=""st-sn-right"" class=""k-narrow"" min=""0"" max=""5"" step=""0.05""></div>
      <div class=""k-set-sub k-full"">เลขหน้า (Page Number)</div>
      <div class=""k-row""><label>แสดงเลขหน้า<span class=""k-hint"">มีเฉพาะไฟล์ที่เป็นฉาก · เลขเริ่มต้นตั้งรายไฟล์ที่ ""คุณสมบัติฉาก""</span></label><input type=""checkbox"" id=""st-pn-show""></div>
      <div class=""k-row""><label>ใส่เลขบนหน้าแรกด้วย<span class=""k-hint"">ปิด = หน้าที่เลขจริงเป็น 1 ไม่พิมพ์เลข (ธรรมเนียมบทของบางคน) · หน้าปก/รายชื่อไม่นับอยู่แล้ว</span></label><input type=""checkbox"" id=""st-pn-first""></div>
      <div class=""k-row""><label>ระยะจากขอบขวา (นิ้ว)</label><input type=""number"" id=""st-pn-right"" class=""k-narrow"" min=""0"" max=""5"" step=""0.05""></div>
      <div class=""k-row""><label>ระยะจากขอบบน (นิ้ว)</label><input type=""number"" id=""st-pn-top"" class=""k-narrow"" min=""0"" max=""5"" step=""0.05""></div>
      <div class=""k-row""><label>ท้ายเลข</label><input type=""text"" id=""st-pn-suffix"" class=""k-narrow""></div>
      <div class=""k-set-sub k-full"">ต่อเนื่อง (CONTINUED)</div>
      <div class=""k-row""><label>ใส่ CONTINUED อัตโนมัติ<span class=""k-hint"">ใส่ให้เองเมื่อบล็อกถูกหั่นคร่อมหน้า · ปิดแล้วใช้บล็อก &quot;ต่อเนื่อง (ซ้าย/ขวา)&quot; พิมพ์เองได้</span></label><input type=""checkbox"" id=""st-ct-auto""></div>
      <div class=""k-row""><label>ใส่ได้แม้หน้านั้นไม่มีหัวฉาก<span class=""k-hint"">ปิดอยู่ = ใส่ (CONTINUED) เฉพาะหน้าที่มีหัวฉากอยู่ก่อน (ธรรมเนียมบทถ่ายทำ)</span></label><input type=""checkbox"" id=""st-ct-nohead""></div>
      <div class=""k-set-sub"">[84] กฎการตัดหน้า (widow / orphan)</div>
      <div class=""k-set-grid2"">
        <div class=""k-row""><label>บรรยาย: เหลือท้ายหน้าอย่างน้อย</label><input type=""number"" id=""st-pb-ab"" class=""k-narrow"" min=""0"" max=""20""></div>
        <div class=""k-row""><label>บรรยาย: ยกไปหน้าใหม่อย่างน้อย</label><input type=""number"" id=""st-pb-at"" class=""k-narrow"" min=""0"" max=""20""></div>
        <div class=""k-row""><label>บทพูด: เหลือท้ายหน้าอย่างน้อย</label><input type=""number"" id=""st-pb-db"" class=""k-narrow"" min=""0"" max=""20""></div>
        <div class=""k-row""><label>บทพูด: ยกไปหน้าใหม่อย่างน้อย</label><input type=""number"" id=""st-pb-dt"" class=""k-narrow"" min=""0"" max=""20""></div>
        <div class=""k-row""><label>ขีดท้ายบรรทัดติดกันไม่เกิน</label><input type=""number"" id=""st-pb-hy"" class=""k-narrow"" min=""0"" max=""10""></div>
        <div class=""k-row""><label>หัวฉากท้ายหน้าต้องมีเนื้อตาม</label><input type=""number"" id=""st-pb-ks"" class=""k-narrow"" min=""0"" max=""20""></div>
      </div>
      <div class=""k-set-sub"">[92] ข้อความมาตรฐาน</div>
      <div class=""k-row""><label>ท้ายหน้าเมื่อฉากต่อเนื่อง</label><input type=""text"" id=""st-str-cb""></div>
      <div class=""k-row""><label>ต้นหน้าเมื่อฉากต่อเนื่อง</label><input type=""text"" id=""st-str-ct""></div>
      <div class=""k-row""><label>บทพูดยังไม่จบ (MORE)</label><input type=""text"" id=""st-str-more""></div>
      <div class=""k-row""><label>ทวนชื่อตัวละคร (cont'd)</label><input type=""text"" id=""st-str-contd""></div>
      <div class=""k-row""><label>หัวข้อ Scene / Time (หน้ารายชื่อ)</label>
        <span><input type=""text"" id=""st-str-scene"" style=""width:46%""> <input type=""text"" id=""st-str-time"" style=""width:46%""></span></div>
      <div class=""k-full"" style=""margin-top:12px; text-align:right""><button id=""st-page-reset"" class=""k-reset-btn"">↺ คืนค่าเริ่มต้น</button></div>
    </div>
    <div class=""k-set-page k-set-2col"" data-p=""prose"">
      <div class=""k-hint k-full"" style=""margin-bottom:10px"">
        [16–24] รูปแบบของ ""เนื้อเรื่องนิยาย"" — ย่อหน้าบรรทัดแรก · ช่วงบรรทัด · หัวข้อ · ยกคำพูด
        · ค่าที่ตั้งที่นี่ใช้ทั้งบนจอและตอนส่งออก HTML (WYSIWYG)</div>
      <div class=""k-set-sub k-full"">เนื้อเรื่อง</div>
      <div class=""k-row""><label>ขนาด (pt)</label><input type=""number"" id=""st-pr-pt"" class=""k-narrow"" min=""6"" max=""48"" step=""0.5""></div>
      <div class=""k-row""><label>ช่วงบรรทัด<span class=""k-hint"">1.0 = ชิด · 1.75 = ปกติ · 2.0 = เว้นบรรทัดคู่</span></label><input type=""number"" id=""st-pr-lh"" class=""k-narrow"" min=""0.8"" max=""4"" step=""0.05""></div>
      <div class=""k-row""><label>ระยะระหว่างย่อหน้า (em)<span class=""k-hint"">นิยายมาตรฐาน = 0 (ใช้ย่อหน้าแทนการเว้นบรรทัด)</span></label><input type=""number"" id=""st-pr-para"" class=""k-narrow"" min=""0"" max=""4"" step=""0.05""></div>
      <div class=""k-row""><label>ย่อหน้าบรรทัดแรก (นิ้ว)<span class=""k-hint"">มาตรฐาน 0.3–0.5 นิ้ว · 0 = ไม่ย่อ</span></label><input type=""number"" id=""st-pr-indent"" class=""k-narrow"" min=""0"" max=""3"" step=""0.05""></div>
      <div class=""k-row""><label>ย่อหน้าแรกหลังหัวข้อด้วย<span class=""k-hint"">ธรรมเนียมสากล: ย่อหน้าแรกของบทไม่ย่อ</span></label><input type=""checkbox"" id=""st-pr-indent-h""></div>
      <div class=""k-row""><label>จัดหน้าเริ่มต้น</label><select id=""st-pr-align"" class=""k-dlg-select""><option value=""left"">ชิดซ้าย</option><option value=""justify"">เต็มบรรทัด</option></select></div>
      <div class=""k-set-sub k-full"">หัวข้อ (h1–h6)</div>
      <div class=""k-row""><label>ฟอนต์หัวข้อ<span class=""k-hint"">ว่าง = เหมือนเนื้อเรื่อง</span></label><select id=""st-pr-hfont"" class=""k-dlg-select"" style=""width:100%""></select></div>
      <div class=""k-row""><label>สีหัวข้อ<span class=""k-hint"">ว่าง = ใช้สีของธีม</span></label><input type=""text"" id=""st-pr-hcolor"" class=""k-narrow"" placeholder=""#c8792f""></div>
      <div class=""k-full""><table class=""k-sp-cycle-tbl"" id=""st-pr-heads"">
        <thead><tr><th>ระดับ</th><th>ขนาด (เท่า)</th><th>หนา</th><th>เอียง</th><th>เว้นก่อน (em)</th><th>เว้นหลัง (em)</th><th>จัดหน้า</th></tr></thead>
        <tbody></tbody></table></div>
      <div class=""k-row""><label>เติมเลขบทอัตโนมัติ<span class=""k-hint"">วาดด้วย CSS — ไม่เขียนตัวเลขลงไฟล์</span></label><input type=""checkbox"" id=""st-pr-hnum""></div>
      <div class=""k-row""><label>รูปแบบเลขบท<span class=""k-hint"">ใช้ {{n}}</span></label><input type=""text"" id=""st-pr-hnumfmt""></div>
      <div class=""k-row""><label>ใส่เลขให้หัวข้อระดับ</label><input type=""number"" id=""st-pr-hnumlv"" class=""k-narrow"" min=""1"" max=""6""></div>
      <div class=""k-set-sub k-full"">ยกคำพูด (Blockquote)</div>
      <div class=""k-row""><label>ตัวเอียง</label><input type=""checkbox"" id=""st-pr-qi""></div>
      <div class=""k-row""><label>มีเส้นขอบซ้าย</label><input type=""checkbox"" id=""st-pr-qb""></div>
      <div class=""k-row""><label>ระยะเยื้อง (นิ้ว)</label><input type=""number"" id=""st-pr-qind"" class=""k-narrow"" min=""0"" max=""3"" step=""0.05""></div>
      <div class=""k-row""><label>สีตัวอักษร<span class=""k-hint"">ว่าง = ใช้สีของธีม</span></label><input type=""text"" id=""st-pr-qcolor"" class=""k-narrow"" placeholder=""#c8792f""></div>
      <div class=""k-set-sub k-full"">เลขหน้า (มุมมองหน้ากระดาษของนิยาย)</div>
      <div class=""k-row""><label>แสดงเลขหน้า</label><input type=""checkbox"" id=""st-pr-pgnum""></div>
      <div class=""k-hint k-full"" id=""st-pr-info"" style=""margin-top:8px""></div>
      <div class=""k-full"" style=""margin-top:12px; display:flex; gap:8px; justify-content:flex-end; flex-wrap:wrap"">
        <button id=""st-pr-preset-novel"" class=""k-key-btn"">📖 ตั้งเป็นแบบนิยายมาตรฐาน</button>
        <button id=""st-pr-preset-ms"" class=""k-key-btn"">📄 ต้นฉบับส่งสำนักพิมพ์ (เว้นบรรทัดคู่)</button>
        <button id=""st-pr-reset"" class=""k-reset-btn"">↺ คืนค่าเริ่มต้น</button>
      </div>
    </div>
    <div class=""k-set-page"" data-p=""spfmt"">
      <div class=""k-hint"" style=""margin-bottom:10px"">[81][82][83] ระยะเยื้อง (วัดจากขอบกระดาษ) · ความกว้าง · ระยะเว้นบรรทัด (10 = 1 บรรทัด) · ตัวอักษรบนจอ / ตอนพิมพ์</div>
      <div class=""k-spfmt-scroll"">
        <table class=""k-spfmt-tbl"" id=""st-spfmt"">
          <thead><tr>
            <th rowspan=""2"">Element</th><th rowspan=""2"">เยื้อง""</th><th rowspan=""2"">กว้าง""</th>
            <th rowspan=""2"">เว้นก่อน</th><th rowspan=""2"">ระยะบรรทัด</th>
            <th colspan=""4"">บนจอ</th><th colspan=""4"">ตอนพิมพ์</th>
          </tr><tr>
            <th>ใหญ่</th><th>หนา</th><th>เอียง</th><th>ขีด</th>
            <th>ใหญ่</th><th>หนา</th><th>เอียง</th><th>ขีด</th>
          </tr></thead><tbody></tbody>
        </table>
      </div>
      <div style=""margin-top:12px; text-align:right""><button id=""st-spfmt-reset"" class=""k-reset-btn"">↺ คืนค่าเริ่มต้น</button></div>
    </div>
    <div class=""k-set-page"" data-p=""sp"">
      <div class=""k-row""><label>เปิดระบบปุ่มสลับ element<span class=""k-hint"">ปิด = Enter ขึ้นบรรทัดใหม่ชนิดเดิม · ปุ่มอื่นไม่ทำงาน</span></label><input type=""checkbox"" id=""st-spcycle-on""></div>
      <div class=""k-row""><label>บรรทัดถัดจากบทพูด = บทพูดต่อ<span class=""k-hint"">ปิด (ค่าเริ่มต้น · แนว Final Draft) = บรรทัดถัดไปเป็น &quot;บรรยาย&quot; เขียนเปล่า ๆ ได้เลย ไม่ต้องมีรหัสนำหน้า · เปิด = ใช้เขียนบทพูดยาวหลายบรรทัดติดกัน แล้วบรรยายต้องขึ้นต้นด้วย !</span></label><input type=""checkbox"" id=""st-spdlgcont""></div>
      <div class=""k-set-sub"">ปุ่มที่ใช้ (กด ""เปลี่ยน"" แล้วกดปุ่มใหม่)</div>
      <div id=""st-spkeys""></div>
      <div class=""k-hint"" style=""margin:12px 0"">ควบคุมว่าปุ่มแต่ละตัวจะสร้างหรือสลับเป็น element ใด</div>
      <table class=""k-sp-cycle-tbl"" id=""st-spcycle""><thead><tr><th>Element</th><th id=""st-hd-enter"">Enter →</th><th id=""st-hd-tab"">Tab →</th><th id=""st-hd-stab"">Shift+Tab →</th></tr></thead><tbody></tbody></table>
      <div style=""margin-top:12px; text-align:right""><button id=""st-spcycle-reset"" class=""k-reset-btn"">↺ คืนค่าเริ่มต้น</button></div>
    </div>
    <div class=""k-set-page"" data-p=""fonts"">
      <div class=""k-hint"" style=""margin-bottom:10px"">
        ตารางเดียวคุมฟอนต์ทั้งโปรแกรม: <b>ช่วงอักขระไหน → ฟอนต์อะไร → ใช้กับโหมดไหน → ย่อ/ขยายกี่ %</b>
        เพิ่ม/ลบได้ไม่จำกัด · แถวบนสุดมีลำดับก่อน · ฟอนต์เอามาได้ทั้งจากที่ฝังมากับโปรแกรม ไฟล์ที่นำเข้าเก็บไว้ในโปรเจกต์ และฟอนต์ที่ลงไว้ในเครื่อง
        <br><b>ช่อง %</b> คือตัวย่อกลิฟให้พอดีกล่องบรรทัด — ""ไทยในบทภาพยนตร์"" ใช้ 85 เพราะสแตกของบทเริ่มด้วย Courier ที่ไม่มีอักษรไทย ตัวไทยจึงตกไปฟอนต์สำรองที่ตัวใหญ่กว่า แล้วล้นระยะบรรทัดตายตัวของบท (6 บรรทัด/นิ้ว) · ภาษาอื่นทำแบบเดียวกันได้ด้วยการเพิ่มแถว</div>
      <div class=""k-set-sub k-full"">🔤 ฟอนต์ตามช่วงอักขระ (ใช้ได้ทั้งนิยายและบท)</div>
      <div id=""st-fonts-list""></div>
      <div style=""margin-top:12px; display:flex; gap:8px; flex-wrap:wrap"">
        <button id=""st-fonts-add"" class=""k-key-btn"">➕ เพิ่มแถว</button>
        <button id=""st-fonts-import"" class=""k-key-btn"">📁 นำเข้าไฟล์ฟอนต์เข้าโปรเจกต์…</button>
        <button id=""st-fonts-reset"" class=""k-reset-btn"">↺ คืนค่าเริ่มต้น</button>
      </div>
      <div class=""k-hint"" id=""st-fonts-preview"" style=""margin-top:14px""></div>
      <div id=""st-fonts-sample"" style=""margin-top:6px; font-size:22px; line-height:1.7""></div>
    </div>
    <div class=""k-set-page"" data-p=""lang"">
      <div class=""k-row""><label>{36}</label>
        <select id=""st-lang""></select>
      </div>
      <div class=""k-hint"" style=""margin-top:10px"">{37}</div>
      <div id=""st-lang-dirs"" class=""k-hint"" style=""margin-top:6px; opacity:.7; font-size:11px""></div>
      <div class=""k-dlg-btns"" style=""justify-content:flex-start; margin-top:12px"">
        <button id=""st-lang-export"" class=""cmp-mini"">{38}</button>
        <button id=""st-lang-folder"" class=""cmp-mini"">{39}</button>
        <button id=""st-lang-reload"" class=""cmp-mini"">{40}</button>
      </div>
    </div>
    <div class=""k-set-page"" data-p=""keys"">
      <div class=""k-hint"" style=""margin-bottom:10px"">{41}</div>
      <div id=""st-keys""></div>
    </div>
    <div class=""k-set-page"" data-p=""netcol"">
      <div class=""k-hint"" style=""margin-bottom:10px"">สีและการควบคุมของ Story Network — ช่องทั้งหมดสร้างจากนิยามกลาง (network-theme.js) จึงครบทุกสีที่ผังใช้จริงเสมอ</div>
      <div class=""k-set-sub k-full"">🖱 การควบคุมด้วยเมาส์</div>
      <div class=""k-row""><label>ปุ่มหมุนมุมมอง 3D</label><select id=""st-net-orbit"" class=""k-dlg-select""></select></div>
      <div class=""k-row""><label>ปุ่มเลื่อนผัง (แพน)</label><select id=""st-net-pan"" class=""k-dlg-select""></select></div>
      <div class=""k-hint k-full"" id=""st-net-hint"" style=""margin:2px 0 10px""></div>
      <div id=""st-netcol-body""></div>
    </div>
  </div>
</div>
<div class=""k-dlg-btns""><button class=""k-cancel"">{42}</button><button class=""k-ok"">{43}</button></div>",ไอคอน 🌐 📁 🕘 📖 🔊 ⚠ ↺ 📖 📄 ↺ ↺ ↺ 🔤 ➕ 📁 ↺ 🖱 อยู่กลางประโยค — ต้องเขียนประโยคใหม่ · คีย์ลัด Shift+Tab ในประโยค — หาคำสั่งที่ตรงไม่เจอ
ui.dlg.compareRight,,swap,,⇋ เทียบด้านขวา,เทียบด้านขวา,⇋ เทียบด้านขวา,เทียบด้านขวา,
ui.dlg.exportFileCSV,,export,,📤 ส่งออกไฟล์แปล (CSV),ส่งออกไฟล์แปล (CSV),📤 ส่งออกไฟล์แปล (CSV),ส่งออกไฟล์แปล (CSV),
ui.dlg.loadFileLangNew2,,refresh,,↻ โหลดไฟล์ภาษาใหม่,โหลดไฟล์ภาษาใหม่,↻ โหลดไฟล์ภาษาใหม่,โหลดไฟล์ภาษาใหม่,
ui.dlg.openFolderLang,,folder,,📁 เปิดโฟลเดอร์ภาษา,เปิดโฟลเดอร์ภาษา,📁 เปิดโฟลเดอร์ภาษา,เปิดโฟลเดอร์ภาษา,
ui.dlg.toggleUndoPrevShift,,,,สลับย้อนกลับ (เดิม Shift+Tab),สลับย้อนกลับ,สลับย้อนกลับ (เดิม Shift+Tab),สลับย้อนกลับ,ตัดคีย์ลัดท้าย (เดิม Shift+Tab) — ให้ UI เติมจาก commands.csv
ui.dlgb.monoTip,,thought,,💭 ให้ตัวละครที่เลือกไว้รำพึงคนเดียว — เสียงในใจ ตัวละครอื่นไม่ได้ยิน,ให้ตัวละครที่เลือกไว้รำพึงคนเดียว — เสียงในใจ ตัวละครอื่นไม่ได้ยิน,💭 Let the selected character speak a monologue — an inner voice the others never hear,Let the selected character speak a monologue — an inner voice the others never hear,
ui.dlgb.keepTalking,,arrow-turn-down,,⤵ พูดต่อ,พูดต่อ,⤵ Keep talking,Keep talking,
ui.dlgb.modelThinking,,brain,,🧠 ความคิดของโมเดล,ความคิดของโมเดล,🧠 Model thinking,Model thinking,
ui.dlgb.overrideTitle,,cog,,⚙ โมเดลและพารามิเตอร์ของตัวนี้,โมเดลและพารามิเตอร์ของตัวนี้,⚙ Model and parameters for this character,Model and parameters for this character,
ui.dlgb.send,,play,,▶ ส่ง,ส่ง,▶ Send,Send,
ui.dlgb.thinking,,mask,,🎭 กำลังคิด…,กำลังคิด…,🎭 Thinking…,Thinking…,
ui.dlgBuilder.aiPick,,bot,,🤖 ให้ AI เลือก,ให้ AI เลือก,🤖 Let AI choose,Let AI choose,
ui.dlgBuilder.selfMono,,thought,,💭 รำพึงคนเดียว,รำพึงคนเดียว,💭 monologue,monologue,
ui.dlgBuilder.randomPick,,dice,,🎲 สุ่ม,สุ่ม,🎲 Random,Random,
ui.editor.ctrlClickOpenWiki,,,,Ctrl+คลิก เปิดใน Wiki,Ctrl+คลิก เปิดใน Wiki,Ctrl+คลิก เปิดใน Wiki,Ctrl+คลิก เปิดใน Wiki,
ui.exportBlog.exportHTMLBlock,,globe,,🌐 ส่งออกเป็น HTML สำหรับบล็อก,ส่งออกเป็น HTML สำหรับบล็อก,🌐 ส่งออกเป็น HTML สำหรับบล็อก,ส่งออกเป็น HTML สำหรับบล็อก,
ui.filterCommands,,search,,🔍 กรองคำสั่ง…,กรองคำสั่ง…,Filter commands...,Filter commands...,
ui.floorplan.cancelPin,,close,,✖ ยกเลิกการปัก,ยกเลิกการปัก,✖ ยกเลิกการปัก,ยกเลิกการปัก,
ui.floorplan.cantPinPosPress,,,,"ยังไม่ได้ปักตำแหน่ง — กด ""📌 ปักตำแหน่งฉากนี้""","ยังไม่ได้ปักตำแหน่ง — กด ""📌 ปักตำแหน่งฉากนี้""","ยังไม่ได้ปักตำแหน่ง — กด ""📌 ปักตำแหน่งฉากนี้""","ยังไม่ได้ปักตำแหน่ง — กด ""📌 ปักตำแหน่งฉากนี้""",ไอคอน 📌 อยู่กลางประโยค — ต้องเขียนประโยคใหม่
ui.floorplan.clearPos,,block,,🚫 ล้างตำแหน่ง,ล้างตำแหน่ง,🚫 ล้างตำแหน่ง,ล้างตำแหน่ง,
ui.floorplan.clickTopMapTop,,pin,,📌 คลิกบนแผนที่ (หรือบนหมุด) เพื่อกำหนดตำแหน่งของฉากนี้,คลิกบนแผนที่ (หรือบนหมุด) เพื่อกำหนดตำแหน่งของฉากนี้,📌 คลิกบนแผนที่ (หรือบนหมุด) เพื่อกำหนดตำแหน่งของฉากนี้,คลิกบนแผนที่ (หรือบนหมุด) เพื่อกำหนดตำแหน่งของฉากนี้,
ui.floorplan.lineTimePlace,,time,,🕒 เส้นเวลาของสถานที่นี้,เส้นเวลาของสถานที่นี้,🕒 เส้นเวลาของสถานที่นี้,เส้นเวลาของสถานที่นี้,
ui.floorplan.notHasSceneBind,,,,"ยังไม่มีฉากผูกกับแผนที่นี้ — เปิดฉากแล้วกด ""📌 ปักตำแหน่งฉากนี้""","ยังไม่มีฉากผูกกับแผนที่นี้ — เปิดฉากแล้วกด ""📌 ปักตำแหน่งฉากนี้""","ยังไม่มีฉากผูกกับแผนที่นี้ — เปิดฉากแล้วกด ""📌 ปักตำแหน่งฉากนี้""","ยังไม่มีฉากผูกกับแผนที่นี้ — เปิดฉากแล้วกด ""📌 ปักตำแหน่งฉากนี้""",ไอคอน 📌 อยู่กลางประโยค — ต้องเขียนประโยคใหม่
ui.floorplan.pinPosScene2,,pin,,📌 ปักตำแหน่งฉากนี้,ปักตำแหน่งฉากนี้,📌 ปักตำแหน่งฉากนี้,ปักตำแหน่งฉากนี้,
ui.floorplan.sceneOpen,,file,,📄 ฉากที่เปิดอยู่,ฉากที่เปิดอยู่,📄 ฉากที่เปิดอยู่,ฉากที่เปิดอยู่,
ui.floorplan.thingFound,,package,,📦 สิ่งที่พบ,สิ่งที่พบ,📦 สิ่งที่พบ,สิ่งที่พบ,
ui.floorplan.thingHear,,volume,,🔊 สิ่งที่ได้ยิน,สิ่งที่ได้ยิน,🔊 สิ่งที่ได้ยิน,สิ่งที่ได้ยิน,
ui.fmtcfg.hereBtn,,,,เรียกแถบมาที่เคอร์เซอร์ (Ctrl+Shift+/),เรียกแถบมาที่เคอร์เซอร์,Bring the bar to the cursor (Ctrl+Shift+/),Bring the bar to the cursor,ตัดคีย์ลัดท้าย (Ctrl+Shift+/) — ให้ UI เติมจาก commands.csv
ui.gallery.aISetCaptionImage,,bot,,🤖 AI: ตั้งคำบรรยายให้รูปที่เลือก,AI: ตั้งคำบรรยายให้รูปที่เลือก,🤖 AI: ตั้งคำบรรยายให้รูปที่เลือก,AI: ตั้งคำบรรยายให้รูปที่เลือก,
ui.gallery.aISuggestTagImage,,bot,,🤖 AI: แนะนำแท็กให้รูปที่เลือก,AI: แนะนำแท็กให้รูปที่เลือก,🤖 AI: แนะนำแท็กให้รูปที่เลือก,AI: แนะนำแท็กให้รูปที่เลือก,
ui.gallery.changeName,,edit,,✏️ เปลี่ยนชื่อ…,เปลี่ยนชื่อ…,✏️ เปลี่ยนชื่อ…,เปลี่ยนชื่อ…,
ui.gallery.changeNameTagLibrary,,edit,,✏️ เปลี่ยนชื่อแท็กนี้ทั้งคลัง,เปลี่ยนชื่อแท็กนี้ทั้งคลัง,✏️ เปลี่ยนชื่อแท็กนี้ทั้งคลัง,เปลี่ยนชื่อแท็กนี้ทั้งคลัง,
ui.gallery.clearItemFilterTag,,close,,✕ ล้างตัวกรองแท็ก,ล้างตัวกรองแท็ก,✕ ล้างตัวกรองแท็ก,ล้างตัวกรองแท็ก,
ui.gallery.dataImage2,,info,,ℹ️ ข้อมูลรูป,ข้อมูลรูป,ℹ️ ข้อมูลรูป,ข้อมูลรูป,
ui.gallery.delAlbumMoveTrash,,trash,,🗑 ลบอัลบั้ม (ย้ายไปถังขยะ),ลบอัลบั้ม (ย้ายไปถังขยะ),🗑 ลบอัลบั้ม (ย้ายไปถังขยะ),ลบอัลบั้ม (ย้ายไปถังขยะ),
ui.gallery.detachTagExitAll2,,trash,,🗑 ถอดแท็กนี้ออกจากทุกรูป,ถอดแท็กนี้ออกจากทุกรูป,🗑 ถอดแท็กนี้ออกจากทุกรูป,ถอดแท็กนี้ออกจากทุกรูป,
ui.gallery.editCaption,,edit,,✏️ แก้คำบรรยาย…,แก้คำบรรยาย…,✏️ แก้คำบรรยาย…,แก้คำบรรยาย…,
ui.gallery.editTag,,tag,,🏷 แก้แท็ก…,แก้แท็ก…,🏷 แก้แท็ก…,แก้แท็ก…,
ui.gallery.exportAlbum,,export,,📤 ส่งออกอัลบั้มนี้…,ส่งออกอัลบั้มนี้…,📤 ส่งออกอัลบั้มนี้…,ส่งออกอัลบั้มนี้…,
ui.gallery.exportAlbumPick,,export,,📤 ส่งออกอัลบั้มที่เลือกอยู่…,ส่งออกอัลบั้มที่เลือกอยู่…,📤 ส่งออกอัลบั้มที่เลือกอยู่…,ส่งออกอัลบั้มที่เลือกอยู่…,
ui.gallery.exportPick,,export,,📤 ส่งออกที่เลือก,ส่งออกที่เลือก,📤 ส่งออกที่เลือก,ส่งออกที่เลือก,
ui.gallery.findImageTiredLift,,search,,🔎 หารูปที่คล้ายกัน,หารูปที่คล้ายกัน,🔎 หารูปที่คล้ายกัน,หารูปที่คล้ายกัน,
ui.gallery.hasImageUseSource,,error,,"
⚠ มี {0} รูปที่ถูกใช้ในต้นฉบับอยู่",มี {0} รูปที่ถูกใช้ในต้นฉบับอยู่,"
⚠ มี {0} รูปที่ถูกใช้ในต้นฉบับอยู่",มี {0} รูปที่ถูกใช้ในต้นฉบับอยู่,
ui.gallery.hasItemUseSource,,error,,"
⚠ มี {0} ใบที่ยังถูกใช้ในต้นฉบับ",มี {0} ใบที่ยังถูกใช้ในต้นฉบับ,"
⚠ มี {0} ใบที่ยังถูกใช้ในต้นฉบับ",มี {0} ใบที่ยังถูกใช้ในต้นฉบับ,
ui.gallery.moveAlbum2,,folder,,📁 ย้ายไปอัลบั้ม,ย้ายไปอัลบั้ม,📁 ย้ายไปอัลบั้ม,ย้ายไปอัลบั้ม,
ui.gallery.moveAlbum3,,folder,,📁 ย้ายไปอัลบั้ม…,ย้ายไปอัลบั้ม…,📁 ย้ายไปอัลบั้ม…,ย้ายไปอัลบั้ม…,
ui.gallery.moveUnder,,folder,,📁 ย้ายไปอยู่ใต้…,ย้ายไปอยู่ใต้…,📁 ย้ายไปอยู่ใต้…,ย้ายไปอยู่ใต้…,
ui.gallery.newImagesJsonNew,,refresh,,🔄 สร้าง images.json ใหม่ (ดัชนี v1),สร้าง images.json ใหม่ (ดัชนี v1),🔄 สร้าง images.json ใหม่ (ดัชนี v1),สร้าง images.json ใหม่ (ดัชนี v1),
ui.gallery.openImageCant,,error,,⚠ เปิดรูปไม่ได้,เปิดรูปไม่ได้,⚠ เปิดรูปไม่ได้,เปิดรูปไม่ได้,
ui.gallery.pasteTopBoardMood,,palette,,🎨 วางบนกระดานอารมณ์,วางบนกระดานอารมณ์,🎨 วางบนกระดานอารมณ์,วางบนกระดานอารมณ์,
ui.gallery.searchNameFileCaption,,search,,🔍 ค้นชื่อไฟล์ / คำบรรยาย / แท็ก,ค้นชื่อไฟล์ / คำบรรยาย / แท็ก,🔍 ค้นชื่อไฟล์ / คำบรรยาย / แท็ก,ค้นชื่อไฟล์ / คำบรรยาย / แท็ก,
ui.gallery.showOnlyImageNot,,broom,,🧹 แสดงเฉพาะรูปที่ยังไม่ถูกใช้,แสดงเฉพาะรูปที่ยังไม่ถูกใช้,🧹 แสดงเฉพาะรูปที่ยังไม่ถูกใช้,แสดงเฉพาะรูปที่ยังไม่ถูกใช้,
ui.gallery.tag,,tag,,🏷 ติดแท็ก,ติดแท็ก,🏷 ติดแท็ก,ติดแท็ก,
ui.galleryMoodboard.adjustAllItemAt2,,ruler,,📐 ปรับทุกชิ้นให้ตรงสัดส่วนรูป,ปรับทุกชิ้นให้ตรงสัดส่วนรูป,📐 ปรับทุกชิ้นให้ตรงสัดส่วนรูป,ปรับทุกชิ้นให้ตรงสัดส่วนรูป,
ui.galleryMoodboard.adjustAtRatioImage,,ruler,,📐 ปรับให้ตรงสัดส่วนรูป,ปรับให้ตรงสัดส่วนรูป,📐 ปรับให้ตรงสัดส่วนรูป,ปรับให้ตรงสัดส่วนรูป,
ui.galleryMoodboard.arrangeAuto,,grid,,▦ จัดเรียงอัตโนมัติ,จัดเรียงอัตโนมัติ,▦ จัดเรียงอัตโนมัติ,จัดเรียงอัตโนมัติ,
ui.galleryMoodboard.bottomLast,,arrow-down,,⬇️ ลงล่างสุด,ลงล่างสุด,⬇️ ลงล่างสุด,ลงล่างสุด,
ui.galleryMoodboard.clearBoardNotDel,,trash,,🗑 ล้างกระดาน (ไม่ลบไฟล์),ล้างกระดาน (ไม่ลบไฟล์),🗑 ล้างกระดาน (ไม่ลบไฟล์),ล้างกระดาน (ไม่ลบไฟล์),
ui.galleryMoodboard.exitBoardNotDel,,close,,✕ เอาออกจากกระดาน (ไม่ลบไฟล์),เอาออกจากกระดาน (ไม่ลบไฟล์),✕ เอาออกจากกระดาน (ไม่ลบไฟล์),เอาออกจากกระดาน (ไม่ลบไฟล์),
ui.galleryMoodboard.exportBoardImage,,camera,,📷 ส่งออกกระดานเป็นภาพ…,ส่งออกกระดานเป็นภาพ…,📷 ส่งออกกระดานเป็นภาพ…,ส่งออกกระดานเป็นภาพ…,
ui.galleryMoodboard.pickImageLibraryDone,,,,"(หรือเลือกรูปในคลังแล้วกด ""🎨 วางบนกระดาน"")","(หรือเลือกรูปในคลังแล้วกด ""🎨 วางบนกระดาน"")","(หรือเลือกรูปในคลังแล้วกด ""🎨 วางบนกระดาน"")","(หรือเลือกรูปในคลังแล้วกด ""🎨 วางบนกระดาน"")",ไอคอน 🎨 อยู่กลางประโยค — ต้องเขียนประโยคใหม่
ui.galleryMoodboard.top,,arrow-up,,⬆️ ขึ้นบนสุด,ขึ้นบนสุด,⬆️ ขึ้นบนสุด,ขึ้นบนสุด,
ui.histOry.clearHistory,,trash,,🗑 ล้างประวัติ,ล้างประวัติ,🗑 ล้างประวัติ,ล้างประวัติ,
ui.histOry.historyNoteOnlyChange,,,,"ประวัติจดเฉพาะ ""การเปลี่ยนแปลงที่ลงไฟล์แล้ว"" — การพิมพ์ที่ยังไม่บันทึกใช้ Ctrl+Z ตามปกติ ","ประวัติจดเฉพาะ ""การเปลี่ยนแปลงที่ลงไฟล์แล้ว"" — การพิมพ์ที่ยังไม่บันทึกใช้ {sc:editor-undo} ตามปกติ","ประวัติจดเฉพาะ ""การเปลี่ยนแปลงที่ลงไฟล์แล้ว"" — การพิมพ์ที่ยังไม่บันทึกใช้ Ctrl+Z ตามปกติ ","ประวัติจดเฉพาะ ""การเปลี่ยนแปลงที่ลงไฟล์แล้ว"" — การพิมพ์ที่ยังไม่บันทึกใช้ {sc:editor-undo} ตามปกติ",
ui.histOry.msg,,return,,↩ ย้อนมาที่นี่,ย้อนมาที่นี่,↩ ย้อนมาที่นี่,ย้อนมาที่นี่,
ui.home.close,,close,,✕ ปิด,ปิด,✕ Close,Close,
ui.home.export,,export,,📤 ส่งออก,ส่งออก,📤 Export,Export,
ui.home.import,,import,,📥 นำเข้า,นำเข้า,📥 Import,Import,
ui.home.newProject,,plus,,➕ สร้างโปรเจกต์ใหม่,สร้างโปรเจกต์ใหม่,➕ New Project,New Project,
ui.home.notHasProjectNew,,,,"
        <div class=""home-empty-icon"">📚</div>
        <h2>ยังไม่มีโปรเจกต์</h2>
        <p>สร้างโปรเจกต์แรกของคุณ แล้วเริ่มเขียนนิยายหรือบทภาพยนตร์ได้เลย</p>
      ","
        <div class=""home-empty-icon"">📚</div>
        <h2>ยังไม่มีโปรเจกต์</h2>
        <p>สร้างโปรเจกต์แรกของคุณ แล้วเริ่มเขียนนิยายหรือบทภาพยนตร์ได้เลย</p>","
        <div class=""home-empty-icon"">📚</div>
        <h2>ยังไม่มีโปรเจกต์</h2>
        <p>สร้างโปรเจกต์แรกของคุณ แล้วเริ่มเขียนนิยายหรือบทภาพยนตร์ได้เลย</p>
      ","
        <div class=""home-empty-icon"">📚</div>
        <h2>ยังไม่มีโปรเจกต์</h2>
        <p>สร้างโปรเจกต์แรกของคุณ แล้วเริ่มเขียนนิยายหรือบทภาพยนตร์ได้เลย</p>",ไอคอน 📚 อยู่กลางประโยค — ต้องเขียนประโยคใหม่
ui.home.openProject,,folder-open,,📂 เปิดโปรเจกต์,เปิดโปรเจกต์,📂 Open Project,Open Project,
ui.home.pageFirst,,home,,🏠 หน้าแรก,หน้าแรก,🏠 หน้าแรก,หน้าแรก,
ui.home.search,,search,,🔍 ค้นหา,ค้นหา,🔍 ค้นหา,ค้นหา,
ui.html.tbChapters,toggle-panel:chapters,,,จัดการบท (Ctrl+Alt+Shift+K),จัดการบท,Chapter manager (Ctrl+Alt+Shift+K),Chapter manager,ตัดคีย์ลัดท้าย (Ctrl+Alt+Shift+K) — ให้ UI เติมจาก commands.csv
ui.imp.warnPrefix,,error,,⚠ คำเตือน ,คำเตือน,⚠ Warnings: ,Warnings:,
ui.maps.busyNextRouteClick,,road,,🛣 กำลังต่อเส้นทาง “{0}” — คลิกหมุดตามลำดับที่เดินทาง ({1} จุด),กำลังต่อเส้นทาง “{0}” — คลิกหมุดตามลำดับที่เดินทาง ({1} จุด),🛣 กำลังต่อเส้นทาง “{0}” — คลิกหมุดตามลำดับที่เดินทาง ({1} จุด),กำลังต่อเส้นทาง “{0}” — คลิกหมุดตามลำดับที่เดินทาง ({1} จุด),
ui.maps.cancelPick,,close,,✖ ยกเลิกการเลือก,ยกเลิกการเลือก,✖ ยกเลิกการเลือก,ยกเลิกการเลือก,
ui.maps.changeImage,,image,,🖼 เปลี่ยนรูป,เปลี่ยนรูป,🖼 เปลี่ยนรูป,เปลี่ยนรูป,
ui.maps.ctrlClickPickItem,,,, · Ctrl+คลิก = เลือกหลายตัว · Shift+ลาก = เลือกเป็นกรอบ · Ctrl+ล้อ = ซูม, · Ctrl+คลิก = เลือกหลายตัว · Shift+ลาก = เลือกเป็นกรอบ · Ctrl+ล้อ = ซูม, · Ctrl+คลิก = เลือกหลายตัว · Shift+ลาก = เลือกเป็นกรอบ · Ctrl+ล้อ = ซูม, · Ctrl+คลิก = เลือกหลายตัว · Shift+ลาก = เลือกเป็นกรอบ · Ctrl+ล้อ = ซูม,
ui.maps.delMap,,trash,,🗑 ลบแผนที่,ลบแผนที่,🗑 ลบแผนที่,ลบแผนที่,
ui.maps.delPick,,trash,,🗑 ลบที่เลือก,ลบที่เลือก,🗑 ลบที่เลือก,ลบที่เลือก,
ui.maps.done,,checkmark,,✔ เสร็จ,เสร็จ,✔ เสร็จ,เสร็จ,
ui.maps.dotLatest,,return,,↩ ถอยจุดล่าสุด,ถอยจุดล่าสุด,↩ ถอยจุดล่าสุด,ถอยจุดล่าสุด,
ui.maps.foundPinTopMap,,search,,"🔍 ""{0}"" — เจอ {1} หมุดบนแผนที่นี้","""{0}"" — เจอ {1} หมุดบนแผนที่นี้","🔍 ""{0}"" — เจอ {1} หมุดบนแผนที่นี้","""{0}"" — เจอ {1} หมุดบนแผนที่นี้",
ui.maps.nextDot,,edit,,✎ ต่อจุด,ต่อจุด,✎ ต่อจุด,ต่อจุด,
ui.maps.notHasImagePress,,camera,,"📷 ยังไม่มีรูป — กด ""🖼 เปลี่ยนรูป""","ยังไม่มีรูป — กด ""🖼 เปลี่ยนรูป""","📷 ยังไม่มีรูป — กด ""🖼 เปลี่ยนรูป""","ยังไม่มีรูป — กด ""🖼 เปลี่ยนรูป""",ไอคอน 🖼 อยู่กลางประโยค — ต้องเขียนประโยคใหม่
ui.maps.pastePin,,clipboard,,📋 วาง {0} หมุด,วาง {0} หมุด,📋 วาง {0} หมุด,วาง {0} หมุด,
ui.maps.portalSceneBindMap,,map,,📍 {0} เอนทิตี้ · 🚪 {1} ประตู · 📌 {2} หมายเหตุ · 📄 {3} ฉากผูกกับแผนที่นี้,{0} เอนทิตี้ · 🚪 {1} ประตู · 📌 {2} หมายเหตุ · 📄 {3} ฉากผูกกับแผนที่นี้,📍 {0} เอนทิตี้ · 🚪 {1} ประตู · 📌 {2} หมายเหตุ · 📄 {3} ฉากผูกกับแผนที่นี้,{0} เอนทิตี้ · 🚪 {1} ประตู · 📌 {2} หมายเหตุ · 📄 {3} ฉากผูกกับแผนที่นี้,ไอคอน 🚪 📌 📄 อยู่กลางประโยค — ต้องเขียนประโยคใหม่
ui.maps.pressBtnEditTop,,,," · กดปุ่ม ""✎ แก้ไข"" บนแถบเครื่องมือเพื่อแก้หมุดนี้"," · กดปุ่ม ""✎ แก้ไข"" บนแถบเครื่องมือเพื่อแก้หมุดนี้"," · กดปุ่ม ""✎ แก้ไข"" บนแถบเครื่องมือเพื่อแก้หมุดนี้"," · กดปุ่ม ""✎ แก้ไข"" บนแถบเครื่องมือเพื่อแก้หมุดนี้",ไอคอน ✎ อยู่กลางประโยค — ต้องเขียนประโยคใหม่
ui.maps.print,,printer,,🖨 พิมพ์,พิมพ์,🖨 พิมพ์,พิมพ์,
ui.maps.route2,,road,,🛣 เส้นทาง,เส้นทาง,🛣 เส้นทาง,เส้นทาง,
ui.maps.route3,,road,,🛣 เส้นทาง ({0}),เส้นทาง ({0}),🛣 เส้นทาง ({0}),เส้นทาง ({0}),
ui.maps.saveMapLibraryImage,,camera,,📷 บันทึกแผนที่ลงคลังรูปแล้ว: ,บันทึกแผนที่ลงคลังรูปแล้ว:,📷 บันทึกแผนที่ลงคลังรูปแล้ว: ,บันทึกแผนที่ลงคลังรูปแล้ว:,
ui.maps.searchPinName,,search,,🔍 ค้นหาหมุด (ชื่อ/หมายเหตุ),ค้นหาหมุด (ชื่อ/หมายเหตุ),🔍 ค้นหาหมุด (ชื่อ/หมายเหตุ),ค้นหาหมุด (ชื่อ/หมายเหตุ),
ui.maps.setGapField,,,,(ตั้งระยะได้ที่ช่องข้าง 📏),(ตั้งระยะได้ที่ช่องข้าง 📏),(ตั้งระยะได้ที่ช่องข้าง 📏),(ตั้งระยะได้ที่ช่องข้าง 📏),ไอคอน 📏 อยู่กลางประโยค — ต้องเขียนประโยคใหม่
ui.maps.showItemFilm,,font,,🔤 แสดงตัวหนังสือ,แสดงตัวหนังสือ,🔤 แสดงตัวหนังสือ,แสดงตัวหนังสือ,
ui.maps.sizePin,,map,,📍 ขนาดหมุด,ขนาดหมุด,📍 ขนาดหมุด,ขนาดหมุด,
ui.maps.zoomInCtrlWheel,,,,ซูมเข้า (Ctrl+ล้อ),ซูมเข้า,ซูมเข้า (Ctrl+ล้อ),ซูมเข้า,ตัดคีย์ลัดท้าย (Ctrl+ล้อ) — ให้ UI เติมจาก commands.csv
ui.maps.zoomOutCtrlWheel,,,,ซูมออก (Ctrl+ล้อ),ซูมออก,ซูมออก (Ctrl+ล้อ),ซูมออก,ตัดคีย์ลัดท้าย (Ctrl+ล้อ) — ให้ UI เติมจาก commands.csv
ui.menu.aIAnalyzePaceStory,ai-analyzer,brain,,🧠 AI วิเคราะห์ (จังหวะเรื่อง · ตัวละคร · คำซ้ำ),AI วิเคราะห์ (จังหวะเรื่อง · ตัวละคร · คำซ้ำ),🧠 AI วิเคราะห์ (จังหวะเรื่อง · ตัวละคร · คำซ้ำ),AI วิเคราะห์ (จังหวะเรื่อง · ตัวละคร · คำซ้ำ),
ui.menu.alignLeftL,fmt:align:left,,,ชิดซ้าย ({0}+{1}+L),ชิดซ้าย,ชิดซ้าย ({0}+{1}+L),ชิดซ้าย,ตัดคีย์ลัดท้าย ({0}+{1}+L) — ให้ UI เติมจาก commands.csv
ui.menu.backVersionLatestRevert,revert,return,,↩ กลับไปเวอร์ชันล่าสุด (Revert),กลับไปเวอร์ชันล่าสุด (Revert),↩ กลับไปเวอร์ชันล่าสุด (Revert),กลับไปเวอร์ชันล่าสุด (Revert),
ui.menu.boardMoodMoodBoard,gallery-board,palette,,🎨 กระดานอารมณ์ (Mood Board) — เปิดเป็นแผงข้าง ๆ แล้วลากรูปมาวางได้,กระดานอารมณ์ (Mood Board) — เปิดเป็นแผงข้าง ๆ แล้วลากรูปมาวางได้,🎨 กระดานอารมณ์ (Mood Board) — เปิดเป็นแผงข้าง ๆ แล้วลากรูปมาวางได้,กระดานอารมณ์ (Mood Board) — เปิดเป็นแผงข้าง ๆ แล้วลากรูปมาวางได้,
ui.menu.caseBigSmall,,text-case,,🔠 ตัวพิมพ์ใหญ่/เล็ก (ให้อิสระ),ตัวพิมพ์ใหญ่/เล็ก (ให้อิสระ),🔠 ตัวพิมพ์ใหญ่/เล็ก (ให้อิสระ),ตัวพิมพ์ใหญ่/เล็ก (ให้อิสระ),
ui.menu.centerK,fmt:align:center,,,กึ่งกลาง ({0}+{1}+K),กึ่งกลาง,กึ่งกลาง ({0}+{1}+K),กึ่งกลาง,ตัดคีย์ลัดท้าย ({0}+{1}+K) — ให้ UI เติมจาก commands.csv
ui.menu.chapterFilm,set-format:screenplay,film,,🎬 บทหนัง,บทหนัง,🎬 บทหนัง,บทหนัง,
ui.menu.checkFindErrorU,sp-find-error,,,ตรวจหาข้อผิดพลาดถัดไป ({0}+{1}+U),ตรวจหาข้อผิดพลาดถัดไป,ตรวจหาข้อผิดพลาดถัดไป ({0}+{1}+U),ตรวจหาข้อผิดพลาดถัดไป,ตัดคีย์ลัดท้าย ({0}+{1}+U) — ให้ UI เติมจาก commands.csv
ui.menu.clearFormatSpace,fmt:clear,,,ล้างรูปแบบ ({0}+Space),ล้างรูปแบบ,ล้างรูปแบบ ({0}+Space),ล้างรูปแบบ,ตัดคีย์ลัดท้าย ({0}+Space) — ให้ UI เติมจาก commands.csv
ui.menu.closeAllTabW,close-all-tabs,,,ปิดทุกแท็บ ({0}+{1}+W),ปิดทุกแท็บ,ปิดทุกแท็บ ({0}+{1}+W),ปิดทุกแท็บ,ตัดคีย์ลัดท้าย ({0}+{1}+W) — ให้ UI เติมจาก commands.csv
ui.menu.closeTabW,close-tab,,,ปิดแท็บ ({0}+W),ปิดแท็บ,ปิดแท็บ ({0}+W),ปิดแท็บ,ตัดคีย์ลัดท้าย ({0}+W) — ให้ UI เติมจาก commands.csv
ui.menu.codexCodex,toggle-panel:codex,book-content,,📚 สารานุกรม (Codex),สารานุกรม (Codex),📚 สารานุกรม (Codex),สารานุกรม (Codex),
ui.menu.collapse,,,,ย่อ ({0}+-),ย่อ,ย่อ ({0}+-),ย่อ,ตัดคีย์ลัดท้าย ({0}+-) — ให้ UI เติมจาก commands.csv
ui.menu.commentScenePanel,comments,chat,,💬 คอมเมนต์ในฉากนี้ (แผง),คอมเมนต์ในฉากนี้ (แผง),💬 คอมเมนต์ในฉากนี้ (แผง),คอมเมนต์ในฉากนี้ (แผง),
ui.menu.compareChapter,sp-compare,chart,,📊 เปรียบเทียบบท / สคริปต์…,เปรียบเทียบบท / สคริปต์…,📊 เปรียบเทียบบท / สคริปต์…,เปรียบเทียบบท / สคริปต์…,
ui.menu.consoleDev,dev-console,wrench,,🛠 คอนโซลนักพัฒนา… ({0}+{1}+`),คอนโซลนักพัฒนา…,🛠 คอนโซลนักพัฒนา… ({0}+{1}+`),คอนโซลนักพัฒนา…,ตัดคีย์ลัดท้าย ({0}+{1}+`) — ให้ UI เติมจาก commands.csv
ui.menu.copyC,,,,คัดลอก ({0}+C),คัดลอก,คัดลอก ({0}+C),คัดลอก,ตัดคีย์ลัดท้าย ({0}+C) — ให้ UI เติมจาก commands.csv
ui.menu.coverTitlePages,title-pages,file,,📄 หน้าปก (Title Pages)…,หน้าปก (Title Pages)…,📄 หน้าปก (Title Pages)…,หน้าปก (Title Pages)…,
ui.menu.cutX,,,,ตัด ({0}+X),ตัด,ตัด ({0}+X),ตัด,ตัดคีย์ลัดท้าย ({0}+X) — ให้ UI เติมจาก commands.csv
ui.menu.dashLineUnderU,fmt:underline,,,ขีดเส้นใต้ ({0}+U),ขีดเส้นใต้,ขีดเส้นใต้ ({0}+U),ขีดเส้นใต้,ตัดคีย์ลัดท้าย ({0}+U) — ให้ UI เติมจาก commands.csv
ui.menu.dashX,fmt:strike,,,ขีดฆ่า ({0}+{1}+X),ขีดฆ่า,ขีดฆ่า ({0}+{1}+X),ขีดฆ่า,ตัดคีย์ลัดท้าย ({0}+{1}+X) — ให้ UI เติมจาก commands.csv
ui.menu.dataResultTaskAuthor,project-setup,film,,🎞 ข้อมูลผลงาน (ผู้เขียน · ตัวแทน · ลิขสิทธิ์)…,ข้อมูลผลงาน (ผู้เขียน · ตัวแทน · ลิขสิทธิ์)…,🎞 ข้อมูลผลงาน (ผู้เขียน · ตัวแทน · ลิขสิทธิ์)…,ข้อมูลผลงาน (ผู้เขียน · ตัวแทน · ลิขสิทธิ์)…,
ui.menu.delElementType,remove-elements,broom,,🧹 ลบ element ตามประเภท…,ลบ element ตามประเภท…,🧹 ลบ element ตามประเภท…,ลบ element ตามประเภท…,
ui.menu.delLineDelete,delete-line,,,ลบทั้งบรรทัด ({0}+{1}+Delete),ลบทั้งบรรทัด,ลบทั้งบรรทัด ({0}+{1}+Delete),ลบทั้งบรรทัด,ตัดคีย์ลัดท้าย ({0}+{1}+Delete) — ให้ UI เติมจาก commands.csv
ui.menu.dlgbPanel,toggle-panel:dlgb,mask,,🎭 ห้องซ้อมบท,ห้องซ้อมบท,🎭 Rehearsal Room,Rehearsal Room,
ui.menu.doZ,editor-undo,,,เลิกทำ ({0}+Z),เลิกทำ,เลิกทำ ({0}+Z),เลิกทำ,ตัดคีย์ลัดท้าย ({0}+Z) — ให้ UI เติมจาก commands.csv
ui.menu.expand,zoom:1,,,ขยาย ({0}+=),ขยาย,ขยาย ({0}+=),ขยาย,ตัดคีย์ลัดท้าย ({0}+=) — ให้ UI เติมจาก commands.csv
ui.menu.exportChapterFinalDraft,,film,,🎬 ส่งออกบทเป็น Final Draft (.fdx)…,ส่งออกบทเป็น Final Draft (.fdx)…,🎬 ส่งออกบทเป็น Final Draft (.fdx)…,ส่งออกบทเป็น Final Draft (.fdx)…,
ui.menu.exportChapterRichText,,film,,🎬 ส่งออกบทเป็น Rich Text (.rtf)…,ส่งออกบทเป็น Rich Text (.rtf)…,🎬 ส่งออกบทเป็น Rich Text (.rtf)…,ส่งออกบทเป็น Rich Text (.rtf)…,
ui.menu.exportFinalDraftFdx,,film,,🎬 ส่งออกเป็น Final Draft (.fdx)…,ส่งออกเป็น Final Draft (.fdx)…,🎬 ส่งออกเป็น Final Draft (.fdx)…,ส่งออกเป็น Final Draft (.fdx)…,
ui.menu.exportHTMLBlockB,,,,ส่งออกเป็น HTML สำหรับบล็อก… ({0}+{1}+B),ส่งออกเป็น HTML สำหรับบล็อก…,ส่งออกเป็น HTML สำหรับบล็อก… ({0}+{1}+B),ส่งออกเป็น HTML สำหรับบล็อก…,ตัดคีย์ลัดท้าย ({0}+{1}+B) — ให้ UI เติมจาก commands.csv
ui.menu.exportHub,export-hub,,,ส่งออก… ({0}+{1}+E),ส่งออก…,Export… ({0}+{1}+E),Export…,ตัดคีย์ลัดท้าย ({0}+{1}+E) — ให้ UI เติมจาก commands.csv
ui.menu.exportLangCSVKey,export-language-csv,globe,,🌐 ส่งออกภาษาเป็น CSV (key · ไทย · อังกฤษ)…,ส่งออกภาษาเป็น CSV (key · ไทย · อังกฤษ)…,🌐 ส่งออกภาษาเป็น CSV (key · ไทย · อังกฤษ)…,ส่งออกภาษาเป็น CSV (key · ไทย · อังกฤษ)…,
ui.menu.exportLayoutPanelJSON,export-panel-layout,export,,📤 ส่งออกการจัดวางแผง (JSON)…,ส่งออกการจัดวางแผง (JSON)…,📤 ส่งออกการจัดวางแผง (JSON)…,ส่งออกการจัดวางแผง (JSON)…,
ui.menu.exportPDFItemNew,,receipt,,🧾 ส่งออก PDF (ตัวสร้างในโปรแกรม — สารบัญ · หน้าปก)…,ส่งออก PDF (ตัวสร้างในโปรแกรม — สารบัญ · หน้าปก)…,🧾 ส่งออก PDF (ตัวสร้างในโปรแกรม — สารบัญ · หน้าปก)…,ส่งออก PDF (ตัวสร้างในโปรแกรม — สารบัญ · หน้าปก)…,
ui.menu.exportPDFTocCover,,receipt,,🧾 ส่งออก PDF (สารบัญ · หน้าปก · เปิดที่หน้าเดิม)…,ส่งออก PDF (สารบัญ · หน้าปก · เปิดที่หน้าเดิม)…,🧾 ส่งออก PDF (สารบัญ · หน้าปก · เปิดที่หน้าเดิม)…,ส่งออก PDF (สารบัญ · หน้าปก · เปิดที่หน้าเดิม)…,
ui.menu.exportPDFWatermarkPerson,,water,,💧 ส่งออก PDF ลายน้ำรายคน…,ส่งออก PDF ลายน้ำรายคน…,💧 ส่งออก PDF ลายน้ำรายคน…,ส่งออก PDF ลายน้ำรายคน…,
ui.menu.exportRichTextRtf,,film,,🎬 ส่งออกเป็น Rich Text (.rtf)…,ส่งออกเป็น Rich Text (.rtf)…,🎬 ส่งออกเป็น Rich Text (.rtf)…,ส่งออกเป็น Rich Text (.rtf)…,
ui.menu.exportWorkFlowE,,,,ส่งออกด้วยเวิร์กโฟลว์… ({0}+{1}+E),ส่งออกด้วยเวิร์กโฟลว์…,ส่งออกด้วยเวิร์กโฟลว์… ({0}+{1}+E),ส่งออกด้วยเวิร์กโฟลว์…,ตัดคีย์ลัดท้าย ({0}+{1}+E) — ให้ UI เติมจาก commands.csv
ui.menu.fontLangOther,lang-fonts,font,,🔤 ฟอนต์ตามภาษา (ไทย/ละติน/อื่น ๆ)…,ฟอนต์ตามภาษา (ไทย/ละติน/อื่น ๆ)…,🔤 ฟอนต์ตามภาษา (ไทย/ละติน/อื่น ๆ)…,ฟอนต์ตามภาษา (ไทย/ละติน/อื่น ๆ)…,
ui.menu.formatNovelParaRange,prose-setup,book-open,,📖 รูปแบบนิยาย (ย่อหน้า · ช่วงบรรทัด · หัวข้อ)…,รูปแบบนิยาย (ย่อหน้า · ช่วงบรรทัด · หัวข้อ)…,📖 รูปแบบนิยาย (ย่อหน้า · ช่วงบรรทัด · หัวข้อ)…,รูปแบบนิยาย (ย่อหน้า · ช่วงบรรทัด · หัวข้อ)…,
ui.menu.fullLineJ,fmt:align:justify,,,เต็มบรรทัด ({0}+{1}+J),เต็มบรรทัด,เต็มบรรทัด ({0}+{1}+J),เต็มบรรทัด,ตัดคีย์ลัดท้าย ({0}+{1}+J) — ให้ UI เติมจาก commands.csv
ui.menu.graphDialogueNextPage,sp-report:chart,chart,,📊 กราฟบทพูดต่อหน้า (Dialogue Chart)…,กราฟบทพูดต่อหน้า (Dialogue Chart)…,📊 กราฟบทพูดต่อหน้า (Dialogue Chart)…,กราฟบทพูดต่อหน้า (Dialogue Chart)…,
ui.menu.heading,,,,หัวข้อ {0} ({1}+{2}),หัวข้อ {0},หัวข้อ {0} ({1}+{2}),หัวข้อ {0},ตัดคีย์ลัดท้าย ({1}+{2}) — ให้ UI เติมจาก commands.csv
ui.menu.headPaperAllPage,page-headers,page-header,,📑 หัวกระดาษทุกหน้า (Page Headers)…,หัวกระดาษทุกหน้า (Page Headers)…,📑 หัวกระดาษทุกหน้า (Page Headers)…,หัวกระดาษทุกหน้า (Page Headers)…,
ui.menu.hidePanelSideLeft,panels-hide-left,panel-hide-left,,◨ ซ่อนแผงฝั่งซ้าย,ซ่อนแผงฝั่งซ้าย,◨ ซ่อนแผงฝั่งซ้าย,ซ่อนแผงฝั่งซ้าย,
ui.menu.hidePanelSideRight,panels-hide-right,panel-hide-right,,⬓ ซ่อนแผงฝั่งขวา ({0}+{1}+[),ซ่อนแผงฝั่งขวา,⬓ ซ่อนแผงฝั่งขวา ({0}+{1}+[),ซ่อนแผงฝั่งขวา,ตัดคีย์ลัดท้าย ({0}+{1}+[) — ให้ UI เติมจาก commands.csv
ui.menu.hideShowPanelAll,panels-hide-all,panel-hide-all,,⬒ ซ่อน/แสดงแผงทั้งหมด ({0}+\),ซ่อน/แสดงแผงทั้งหมด,⬒ ซ่อน/แสดงแผงทั้งหมด ({0}+\),ซ่อน/แสดงแผงทั้งหมด,ตัดคีย์ลัดท้าย ({0}+\) — ให้ UI เติมจาก commands.csv
ui.menu.imageNotUse,gallery-unused,broom,,🧹 รูปที่ยังไม่ถูกใช้,รูปที่ยังไม่ถูกใช้,🧹 รูปที่ยังไม่ถูกใช้,รูปที่ยังไม่ถูกใช้,
ui.menu.importLangCSV,import-language-csv,globe,,🌐 นำเข้าภาษาจาก CSV…,นำเข้าภาษาจาก CSV…,🌐 นำเข้าภาษาจาก CSV…,นำเข้าภาษาจาก CSV…,
ui.readbook.button,,book-open,,📖 อ่านทั้งเล่ม,อ่านทั้งเล่ม,📖 Read whole book,Read whole book,
ui.readbook.buttonAll,,book-open,,📖 อ่านทั้งโปรเจกต์,อ่านทั้งโปรเจกต์,📖 Read whole project,Read whole project,
ui.readbook.stageTip,,arrow-left,,← → เปลี่ยนหน้า · Ctrl+ล้อ = ซูม · Esc = ออก,→ เปลี่ยนหน้า · Ctrl+ล้อ = ซูม · Esc = ออก,Left/Right arrows change page · Ctrl+wheel zooms · Esc exits,Left/Right arrows change page · Ctrl+wheel zooms · Esc exits,
ui.readbook.zoomIn,,,,ขยาย (Ctrl+ล้อขึ้น),ขยาย,Zoom in (Ctrl + wheel up),Zoom in (Ctrl + wheel up),ตัดคีย์ลัดท้าย (Ctrl+ล้อขึ้น) — ให้ UI เติมจาก commands.csv
ui.readbook.zoomOut,,,,ย่อ (Ctrl+ล้อลง),ย่อ,Zoom out (Ctrl + wheel down),Zoom out (Ctrl + wheel down),ตัดคีย์ลัดท้าย (Ctrl+ล้อลง) — ให้ UI เติมจาก commands.csv
ui.menu.itemBoldB,fmt:bold,,,ตัวหนา ({0}+B),ตัวหนา,ตัวหนา ({0}+B),ตัวหนา,ตัดคีย์ลัดท้าย ({0}+B) — ให้ UI เติมจาก commands.csv
ui.menu.itemI,fmt:italic,,,ตัวเอียง ({0}+I),ตัวเอียง,ตัวเอียง ({0}+I),ตัวเอียง,ตัดคีย์ลัดท้าย ({0}+I) — ให้ UI เติมจาก commands.csv
ui.menu.libraryImageG,,,,คลังรูปภาพ ({0}+{1}+G),คลังรูปภาพ,คลังรูปภาพ ({0}+{1}+G),คลังรูปภาพ,ตัดคีย์ลัดท้าย ({0}+{1}+G) — ให้ UI เติมจาก commands.csv
ui.menu.libraryImageGalleryG,,image,,🖼 คลังรูปภาพ (Gallery) ({0}+{1}+G),คลังรูปภาพ (Gallery),🖼 คลังรูปภาพ (Gallery) ({0}+{1}+G),คลังรูปภาพ (Gallery),ตัดคีย์ลัดท้าย ({0}+{1}+G) — ให้ UI เติมจาก commands.csv
ui.menu.listHeadingCollapse,fmt:ul,,,รายการหัวข้อย่อย ({0}+{1}+8),รายการหัวข้อย่อย,รายการหัวข้อย่อย ({0}+{1}+8),รายการหัวข้อย่อย,ตัดคีย์ลัดท้าย ({0}+{1}+8) — ให้ UI เติมจาก commands.csv
ui.menu.listItemNum,fmt:ol,,,รายการตัวเลข ({0}+{1}+7),รายการตัวเลข,รายการตัวเลข ({0}+{1}+7),รายการตัวเลข,ตัดคีย์ลัดท้าย ({0}+{1}+7) — ให้ UI เติมจาก commands.csv
ui.menu.managePanelShowHide,panel-system,ruler,,📐 จัดการแผง (แสดง/ซ่อน)…,จัดการแผง (แสดง/ซ่อน)…,📐 จัดการแผง (แสดง/ซ่อน)…,จัดการแผง (แสดง/ซ่อน)…,
ui.menu.manageSmartTypeDelWord,smart-manage,brain,,🧠 จัดการ SmartType (ลบคำที่จำผิด)…,จัดการ SmartType (ลบคำที่จำผิด)…,🧠 จัดการ SmartType (ลบคำที่จำผิด)…,จัดการ SmartType (ลบคำที่จำผิด)…,
ui.menu.mapChar,char-map,font,,🔤 แผนที่อักขระพิเศษ…,แผนที่อักขระพิเศษ…,🔤 แผนที่อักขระพิเศษ…,แผนที่อักขระพิเศษ…,
ui.menu.modeFocusD,focus-mode,,,โหมดโฟกัส ({0}+{1}+D),โหมดโฟกัส,โหมดโฟกัส ({0}+{1}+D),โหมดโฟกัส,ตัดคีย์ลัดท้าย ({0}+{1}+D) — ให้ UI เติมจาก commands.csv
ui.menu.modeTypewriterT,typewriter,,,โหมดเครื่องพิมพ์ดีด ({0}+{1}+T),โหมดเครื่องพิมพ์ดีด,โหมดเครื่องพิมพ์ดีด ({0}+{1}+T),โหมดเครื่องพิมพ์ดีด,ตัดคีย์ลัดท้าย ({0}+{1}+T) — ให้ UI เติมจาก commands.csv
ui.menu.newProjectNewN,new-project,,,สร้างโปรเจกต์ใหม่… ({0}+N),สร้างโปรเจกต์ใหม่…,สร้างโปรเจกต์ใหม่… ({0}+N),สร้างโปรเจกต์ใหม่…,ตัดคีย์ลัดท้าย ({0}+N) — ให้ UI เติมจาก commands.csv
ui.menu.openLibraryImageG,gallery,,,เปิดคลังรูป ({0}+{1}+G),เปิดคลังรูป,เปิดคลังรูป ({0}+{1}+G),เปิดคลังรูป,ตัดคีย์ลัดท้าย ({0}+{1}+G) — ให้ UI เติมจาก commands.csv
ui.menu.openProjectO,open-project,,,เปิดโปรเจกต์… ({0}+O),เปิดโปรเจกต์…,เปิดโปรเจกต์… ({0}+O),เปิดโปรเจกต์…,ตัดคีย์ลัดท้าย ({0}+O) — ให้ UI เติมจาก commands.csv
ui.menu.pageChapterG,goto,file,,📄 ไปที่หน้า/บท… ({0}+G),ไปที่หน้า/บท…,📄 ไปที่หน้า/บท… ({0}+G),ไปที่หน้า/บท…,ตัดคีย์ลัดท้าย ({0}+G) — ให้ UI เติมจาก commands.csv
ui.menu.pageFirst,goto-page:1,skip-previous,,⏮ ไปหน้าแรก,ไปหน้าแรก,⏮ ไปหน้าแรก,ไปหน้าแรก,
ui.menu.pageFirstHome,home,home,,🏠 หน้าแรก (Home),หน้าแรก (Home),🏠 หน้าแรก (Home),หน้าแรก (Home),
ui.menu.pageListCharacterCast,roster,mask,,🎭 หน้ารายชื่อตัวละคร (Cast of Characters)…,หน้ารายชื่อตัวละคร (Cast of Characters)…,🎭 หน้ารายชื่อตัวละคร (Cast of Characters)…,หน้ารายชื่อตัวละคร (Cast of Characters)…,
ui.menu.pagePaperGapMargin,page-setup,ruler,,📐 หน้ากระดาษ · ระยะขอบ · รูปแบบบท…,หน้ากระดาษ · ระยะขอบ · รูปแบบบท…,📐 หน้ากระดาษ · ระยะขอบ · รูปแบบบท…,หน้ากระดาษ · ระยะขอบ · รูปแบบบท…,
ui.menu.pagePaperGapMargin2,page-setup,ruler,,📐 หน้ากระดาษ · ระยะขอบ…,หน้ากระดาษ · ระยะขอบ…,📐 หน้ากระดาษ · ระยะขอบ…,หน้ากระดาษ · ระยะขอบ…,
ui.menu.pageSceneG,goto,,,ไปที่หน้า/ฉาก… ({0}+G),ไปที่หน้า/ฉาก…,ไปที่หน้า/ฉาก… ({0}+G),ไปที่หน้า/ฉาก…,ตัดคีย์ลัดท้าย ({0}+G) — ให้ UI เติมจาก commands.csv
ui.menu.panelAIAssistantWrite,toggle-panel:ai-chat,chat,,💬 แผง AI ผู้ช่วยเขียน,แผง AI ผู้ช่วยเขียน,💬 แผง AI ผู้ช่วยเขียน,แผง AI ผู้ช่วยเขียน,
ui.menu.pasteStyleTextV,,,,วางแบบข้อความล้วน ({0}+{1}+V),วางแบบข้อความล้วน,วางแบบข้อความล้วน ({0}+{1}+V),วางแบบข้อความล้วน,ตัดคีย์ลัดท้าย ({0}+{1}+V) — ให้ UI เติมจาก commands.csv
ui.menu.pasteV,,,,วาง ({0}+V),วาง,วาง ({0}+V),วาง,ตัดคีย์ลัดท้าย ({0}+V) — ให้ UI เติมจาก commands.csv
ui.menu.pickAllA,,,,เลือกทั้งหมด ({0}+A),เลือกทั้งหมด,เลือกทั้งหมด ({0}+A),เลือกทั้งหมด,ตัดคีย์ลัดท้าย ({0}+A) — ให้ UI เติมจาก commands.csv
ui.menu.printP,print,,,พิมพ์… ({0}+P),พิมพ์…,พิมพ์… ({0}+P),พิมพ์…,ตัดคีย์ลัดท้าย ({0}+P) — ให้ UI เติมจาก commands.csv
ui.menu.propsSceneFileMd,sync-scene-meta,refresh,,🔄 ซิงก์คุณสมบัติฉากจากไฟล์ .md (แก้ไฟล์นอกโปรแกรมแล้วใช้),ซิงก์คุณสมบัติฉากจากไฟล์ .md (แก้ไฟล์นอกโปรแกรมแล้วใช้),🔄 ซิงก์คุณสมบัติฉากจากไฟล์ .md (แก้ไฟล์นอกโปรแกรมแล้วใช้),ซิงก์คุณสมบัติฉากจากไฟล์ .md (แก้ไฟล์นอกโปรแกรมแล้วใช้),
ui.menu.repeatY,editor-redo,,,ทำซ้ำ ({0}+Y),ทำซ้ำ,ทำซ้ำ ({0}+Y),ทำซ้ำ,ตัดคีย์ลัดท้าย ({0}+Y) — ให้ UI เติมจาก commands.csv
ui.menu.reportCharacterReport,sp-report:character,group,,👥 รายงานตัวละคร (Character Report)…,รายงานตัวละคร (Character Report)…,👥 รายงานตัวละคร (Character Report)…,รายงานตัวละคร (Character Report)…,
ui.menu.reportPlaceLocationReport,sp-report:location,map,,📍 รายงานสถานที่ (Location Report)…,รายงานสถานที่ (Location Report)…,📍 รายงานสถานที่ (Location Report)…,รายงานสถานที่ (Location Report)…,
ui.menu.resetZoom,zoom:0,,,รีเซ็ตซูม ({0}+{1}+0),รีเซ็ตซูม,รีเซ็ตซูม ({0}+{1}+0),รีเซ็ตซูม,ตัดคีย์ลัดท้าย ({0}+{1}+0) — ให้ UI เติมจาก commands.csv
ui.menu.rightR,fmt:align:right,,,ชิดขวา ({0}+{1}+R),ชิดขวา,ชิดขวา ({0}+{1}+R),ชิดขวา,ตัดคีย์ลัดท้าย ({0}+{1}+R) — ให้ UI เติมจาก commands.csv
ui.menu.saveAllS,save-all,,,บันทึกทั้งหมด ({0}+{1}+S),บันทึกทั้งหมด,บันทึกทั้งหมด ({0}+{1}+S),บันทึกทั้งหมด,ตัดคีย์ลัดท้าย ({0}+{1}+S) — ให้ UI เติมจาก commands.csv
ui.menu.saveS,save,,,บันทึก ({0}+S),บันทึก,บันทึก ({0}+S),บันทึก,ตัดคีย์ลัดท้าย ({0}+S) — ให้ UI เติมจาก commands.csv
ui.menu.searchF,find,,,ค้นหา… ({0}+F),ค้นหา…,ค้นหา… ({0}+F),ค้นหา…,ตัดคีย์ลัดท้าย ({0}+F) — ให้ UI เติมจาก commands.csv
ui.menu.searchFileQuickO,quick-open,,,ค้นหาไฟล์ด่วน… ({0}+{1}+O),ค้นหาไฟล์ด่วน…,ค้นหาไฟล์ด่วน… ({0}+{1}+O),ค้นหาไฟล์ด่วน…,ตัดคีย์ลัดท้าย ({0}+{1}+O) — ให้ UI เติมจาก commands.csv
ui.menu.searchProjectF,,,,ค้นหาทั้งโปรเจกต์ ({0}+{1}+F),ค้นหาทั้งโปรเจกต์,ค้นหาทั้งโปรเจกต์ ({0}+{1}+F),ค้นหาทั้งโปรเจกต์,ตัดคีย์ลัดท้าย ({0}+{1}+F) — ให้ UI เติมจาก commands.csv
ui.menu.searchProjectF2,toggle-panel:search,,,ค้นหาทั้งโปรเจกต์… ({0}+{1}+F),ค้นหาทั้งโปรเจกต์…,ค้นหาทั้งโปรเจกต์… ({0}+{1}+F),ค้นหาทั้งโปรเจกต์…,ตัดคีย์ลัดท้าย ({0}+{1}+F) — ให้ UI เติมจาก commands.csv
ui.menu.sessionNew,ai-chat-new,plus,,➕ เซสชันแชทใหม่,เซสชันแชทใหม่,➕ เซสชันแชทใหม่,เซสชันแชทใหม่,
ui.menu.settingsProject,settings,,,"ตั้งค่าโปรเจกต์… ({0}+,)",ตั้งค่าโปรเจกต์…,"ตั้งค่าโปรเจกต์… ({0}+,)",ตั้งค่าโปรเจกต์…,"ตัดคีย์ลัดท้าย ({0}+,) — ให้ UI เติมจาก commands.csv"
ui.menu.soundTypewriterPrint,type-sound,volume,,🔊 เสียงเครื่องพิมพ์ดีดขณะพิมพ์,เสียงเครื่องพิมพ์ดีดขณะพิมพ์,🔊 เสียงเครื่องพิมพ์ดีดขณะพิมพ์,เสียงเครื่องพิมพ์ดีดขณะพิมพ์,
ui.menu.splitLeftRight,split-view:right,,,แยกซ้าย-ขวา ({0}+{1}+\),แยกซ้าย-ขวา,แยกซ้าย-ขวา ({0}+{1}+\),แยกซ้าย-ขวา,ตัดคีย์ลัดท้าย ({0}+{1}+\) — ให้ UI เติมจาก commands.csv
ui.menu.textNormal,fmt:paragraph,,,ข้อความปกติ ({0}+0),ข้อความปกติ,ข้อความปกติ ({0}+0),ข้อความปกติ,ตัดคีย์ลัดท้าย ({0}+0) — ให้ UI เติมจาก commands.csv
ui.menu.themeLightDarkP,,,,ธีม: สว่าง / มืด ({0}+{1}+P),ธีม: สว่าง / มืด,ธีม: สว่าง / มืด ({0}+{1}+P),ธีม: สว่าง / มืด,ตัดคีย์ลัดท้าย ({0}+{1}+P) — ให้ UI เติมจาก commands.csv
ui.menu.toggleModeNovelChapter,toggle-format,,,สลับโหมด นิยาย ↔ บทหนัง ({0}+{1}+M),สลับโหมด นิยาย ↔ บทหนัง,สลับโหมด นิยาย ↔ บทหนัง ({0}+{1}+M),สลับโหมด นิยาย ↔ บทหนัง,ตัดคีย์ลัดท้าย ({0}+{1}+M) — ให้ UI เติมจาก commands.csv
ui.menu.trialPlayStoryBreak,player-mode,play,,▶️ ทดลองเล่นเรื่องแตกสาย (Player Mode),ทดลองเล่นเรื่องแตกสาย (Player Mode),▶️ ทดลองเล่นเรื่องแตกสาย (Player Mode),ทดลองเล่นเรื่องแตกสาย (Player Mode),
ui.menu.workY,workspace-menu,collection,,🗂 เวิร์กสเปซ… ({0}+{1}+Y),เวิร์กสเปซ…,🗂 เวิร์กสเปซ… ({0}+{1}+Y),เวิร์กสเปซ…,ตัดคีย์ลัดท้าย ({0}+{1}+Y) — ให้ UI เติมจาก commands.csv
ui.net.cat,,tag,,🏷 หมวด: ,หมวด:,🏷 หมวด: ,หมวด:,
ui.net.changeName,,edit,,✎ เปลี่ยนชื่อ…,เปลี่ยนชื่อ…,✎ เปลี่ยนชื่อ…,เปลี่ยนชื่อ…,
ui.net.changeNameChapter,,edit,,✎ เปลี่ยนชื่อบท…,เปลี่ยนชื่อบท…,✎ เปลี่ยนชื่อบท…,เปลี่ยนชื่อบท…,
ui.net.delChapterChapter,,trash,,🗑 ลบบททั้งบท,ลบบททั้งบท,🗑 ลบบททั้งบท,ลบบททั้งบท,
ui.net.dragBgScrollWheel,,mouse,,🖱 ลากพื้น=เลื่อน · ล้อ=ซูม · ลากโหนด=ย้าย · Shift+คลิก=ผลัก · ดับเบิลคลิก=เปิด · คลิกขวา=เมนู,ลากพื้น=เลื่อน · ล้อ=ซูม · ลากโหนด=ย้าย · Shift+คลิก=ผลัก · ดับเบิลคลิก=เปิด · คลิกขวา=เมนู,🖱 ลากพื้น=เลื่อน · ล้อ=ซูม · ลากโหนด=ย้าย · Shift+คลิก=ผลัก · ดับเบิลคลิก=เปิด · คลิกขวา=เมนู,ลากพื้น=เลื่อน · ล้อ=ซูม · ลากโหนด=ย้าย · Shift+คลิก=ผลัก · ดับเบิลคลิก=เปิด · คลิกขวา=เมนู,
ui.net.findDisk,,folder-open,,📂 หาในดิสก์,หาในดิสก์,📂 หาในดิสก์,หาในดิสก์,
ui.net.open,,file,,📄 เปิด,เปิด,📄 เปิด,เปิด,
ui.net.open2,,book-open,,📖 เปิด,เปิด,📖 เปิด,เปิด,
ui.net.openBook,,folder-open,,📂 เปิดเล่ม,เปิดเล่ม,📂 เปิดเล่ม,เปิดเล่ม,
ui.net.openChapter,,folder-open,,📂 เปิดบท,เปิดบท,📂 เปิดบท,เปิดบท,
ui.net.relation,,link,,🔗 ความสัมพันธ์ (,ความสัมพันธ์ (,🔗 ความสัมพันธ์ (,ความสัมพันธ์ (,
ui.net.repeat,,clipboard,,📋 ทำซ้ำ,ทำซ้ำ,📋 ทำซ้ำ,ทำซ้ำ,
ui.net.resetView,,rotate-right,,⤾ รีเซ็ตมุมมอง,รีเซ็ตมุมมอง,⤾ รีเซ็ตมุมมอง,รีเซ็ตมุมมอง,
ui.net.search,,search,,🔍 ค้นหา…,ค้นหา…,🔍 ค้นหา…,ค้นหา…,
ui.net.shiftClickNodeResult,,,,Shift+คลิกโหนด = ผลักโหนดรอบ ๆ ออก,Shift+คลิกโหนด = ผลักโหนดรอบ ๆ ออก,Shift+คลิกโหนด = ผลักโหนดรอบ ๆ ออก,Shift+คลิกโหนด = ผลักโหนดรอบ ๆ ออก,
ui.net.tag,,tag,,🏷 แท็ก: ,แท็ก:,🏷 แท็ก: ,แท็ก:,
ui.net.unsetPinAllNode2,,pin,,📌 ปลดหมุดทุกโหนด แล้วจัดผังใหม่,ปลดหมุดทุกโหนด แล้วจัดผังใหม่,📌 ปลดหมุดทุกโหนด แล้วจัดผังใหม่,ปลดหมุดทุกโหนด แล้วจัดผังใหม่,
ui.net.unsetPinNode,,pin,,📌 ปลดหมุดโหนดนี้,ปลดหมุดโหนดนี้,📌 ปลดหมุดโหนดนี้,ปลดหมุดโหนดนี้,
ui.notes.do2,,note,,📝 ไว้ทำภายหลัง ({0}),ไว้ทำภายหลัง ({0}),📝 ไว้ทำภายหลัง ({0}),ไว้ทำภายหลัง ({0}),
ui.notes.doneDoDoneList,,check-circle,,✅ เคลียร์หมดแล้ว (ทำไปแล้ว {0} รายการ),เคลียร์หมดแล้ว (ทำไปแล้ว {0} รายการ),✅ เคลียร์หมดแล้ว (ทำไปแล้ว {0} รายการ),เคลียร์หมดแล้ว (ทำไปแล้ว {0} รายการ),
ui.notes.moveInMemo,,clipboard,,📋 ย้ายเข้า Memo,ย้ายเข้า Memo,📋 ย้ายเข้า Memo,ย้ายเข้า Memo,
ui.notes.noteAll,,note,,📝 โน้ตทั้งหมด (,โน้ตทั้งหมด (,📝 โน้ตทั้งหมด (,โน้ตทั้งหมด (,
ui.notes.notebookNoteQuick,,note,,📝 สมุดโน้ตด่วน,สมุดโน้ตด่วน,📝 สมุดโน้ตด่วน,สมุดโน้ตด่วน,
ui.notes.noteQuick,,note,,📝 โน้ตด่วน — ,โน้ตด่วน —,📝 โน้ตด่วน — ,โน้ตด่วน —,
ui.notes.notHasNotePress,,,,ยังไม่มีโน้ต — กด 📝 ใน toolbar,ยังไม่มีโน้ต — กด 📝 ใน toolbar,ยังไม่มีโน้ต — กด 📝 ใน toolbar,ยังไม่มีโน้ต — กด 📝 ใน toolbar,ไอคอน 📝 อยู่กลางประโยค — ต้องเขียนประโยคใหม่
ui.notes.notHasNoteStuck,,,,"ยังไม่มีโน้ตค้าง — กด 📝 บนแถบเครื่องมือแล้วติ๊ก ""ไว้ทำภายหลัง""","ยังไม่มีโน้ตค้าง — กด 📝 บนแถบเครื่องมือแล้วติ๊ก ""ไว้ทำภายหลัง""","ยังไม่มีโน้ตค้าง — กด 📝 บนแถบเครื่องมือแล้วติ๊ก ""ไว้ทำภายหลัง""","ยังไม่มีโน้ตค้าง — กด 📝 บนแถบเครื่องมือแล้วติ๊ก ""ไว้ทำภายหลัง""",ไอคอน 📝 อยู่กลางประโยค — ต้องเขียนประโยคใหม่
ui.panel.aiAnalyzerTitle,,brain,,🧠 AI วิเคราะห์,AI วิเคราะห์,🧠 AI Analyzer,AI Analyzer,
ui.panel.aiChatTitle,,chat,,💬 AI ผู้ช่วยเขียน,AI ผู้ช่วยเขียน,💬 AI Writing Assistant,AI Writing Assistant,
ui.panel.branchTitle,,branch,,🌿 ผังแตกสาย,ผังแตกสาย,🌿 Branching Map,Branching Map,
ui.panel.codex,toggle-panel:codex,book-content,,📚 สารานุกรม,สารานุกรม,📚 สารานุกรม,สารานุกรม,
ui.panel.codexTitle,,book-content,,📚 สารานุกรม,สารานุกรม,📚 Codex,Codex,
ui.panel.exportLayout,,export,,📤 ส่งออกการจัดวางแผงเป็นไฟล์ JSON…,ส่งออกการจัดวางแผงเป็นไฟล์ JSON…,📤 ส่งออกการจัดวางแผงเป็นไฟล์ JSON…,ส่งออกการจัดวางแผงเป็นไฟล์ JSON…,
ui.panel.hidePanelAllArea,,panel-hide-all,,⬒ ซ่อนแผงทั้งหมด (เหลือแต่พื้นที่เขียน),ซ่อนแผงทั้งหมด (เหลือแต่พื้นที่เขียน),⬒ ซ่อนแผงทั้งหมด (เหลือแต่พื้นที่เขียน),ซ่อนแผงทั้งหมด (เหลือแต่พื้นที่เขียน),
ui.panel.hidePanelSide,,panel-hide-right,,⬓ ซ่อนแผงฝั่งนี้,ซ่อนแผงฝั่งนี้,⬓ ซ่อนแผงฝั่งนี้,ซ่อนแผงฝั่งนี้,
ui.panel.historyTitle,,history,,🕘 ประวัติการทำงาน,ประวัติการทำงาน,🕘 History,History,
ui.panel.manage,,ruler,,📐 จัดการแผง,จัดการแผง,📐 Manage panels,Manage panels,
ui.panel.playerTitle,,play,,▶️ ทดลองเล่น,ทดลองเล่น,▶️ Play Test,Play Test,
ui.panel.recordTitle,,notepad,,🗒 บันทึกประจำวัน,บันทึกประจำวัน,🗒 Daily Record,Daily Record,
ui.panel.sceneGuard,,pause,,⏸ หน้าต่างหลักยังไม่ได้บันทึก,หน้าต่างหลักยังไม่ได้บันทึก,⏸ Unsaved changes in the main window:,Unsaved changes in the main window:,
ui.panel.searchPlaceholder,,search,,🔍 ค้นหา / กรอง — เช่น status:กำลังเขียน tag:บู๊,ค้นหา / กรอง — เช่น status:กำลังเขียน tag:บู๊,Search / Filter — e.g. status:draft tag:action,Search / Filter — e.g. status:draft tag:action,
ui.panel.spaceHideAll,,panel-hide-all,,⬒ ซ่อนแผงทั้งหมด (เหลือแต่พื้นที่เขียน),ซ่อนแผงทั้งหมด (เหลือแต่พื้นที่เขียน),⬒ Hide all panels (canvas only),Hide all panels (canvas only),
ui.panel.spaceHideLeft,,panel-hide-left,,◨ ซ่อนแผงฝั่งซ้าย,ซ่อนแผงฝั่งซ้าย,◨ Hide left panels,Hide left panels,
ui.panel.spaceHideRight,,panel-hide-right,,⬓ ซ่อนแผงฝั่งขวา,ซ่อนแผงฝั่งขวา,⬓ Hide right panels,Hide right panels,
ui.panel.spaceShow,,panel-hide-all,,⬒ คืนแผงที่ซ่อนไว้,คืนแผงที่ซ่อนไว้,⬒ Restore hidden panels,Restore hidden panels,
ui.panel.whatIsThis,,help,,❔ นี่คืออะไร,นี่คืออะไร,❔ What is this?,What is this?,
ui.panel.work,,collection,,🗂 เวิร์กสเปซ…,เวิร์กสเปซ…,🗂 เวิร์กสเปซ…,เวิร์กสเปซ…,
ui.panel.wsDelete,,trash,,🗑 ลบเวิร์กสเปซ…,ลบเวิร์กสเปซ…,🗑 Delete workspace…,Delete workspace…,
ui.panel.wsMenu,,collection,,🗂 เวิร์กสเปซ…,เวิร์กสเปซ…,🗂 Workspaces…,Workspaces…,
ui.panel.wsPick,,collection,,🗂 เวิร์กสเปซ — สลับชุดการจัดวางแผง,เวิร์กสเปซ — สลับชุดการจัดวางแผง,🗂 Workspace — switch panel layout set,Workspace — switch panel layout set,
ui.panelRenderer.closePanelOpenBack,,close,,✕ ปิดแผง (เปิดกลับที่ มุมมอง → แผง),ปิดแผง (เปิดกลับที่ มุมมอง → แผง),✕ ปิดแผง (เปิดกลับที่ มุมมอง → แผง),ปิดแผง (เปิดกลับที่ มุมมอง → แผง),
ui.panelRenderer.moveWindowSplitDrag2,,desktop,,🖥 ย้ายไปหน้าต่างแยก (ลากไปจออื่นได้),ย้ายไปหน้าต่างแยก (ลากไปจออื่นได้),🖥 ย้ายไปหน้าต่างแยก (ลากไปจออื่นได้),ย้ายไปหน้าต่างแยก (ลากไปจออื่นได้),
ui.panelRenderer.panel,,chevron-right,,▸ คลี่แผง,คลี่แผง,▸ คลี่แผง,คลี่แผง,
ui.panelRenderer.panel2,,chevron-down,,▾ พับแผง,พับแผง,▾ พับแผง,พับแผง,
ui.panelRenderer.whatIsThis,,help,,❔ นี่คืออะไร — <b>,นี่คืออะไร — <b>,❔ นี่คืออะไร — <b>,นี่คืออะไร — <b>,
ui.pdf.addPage,,plus,,➕ เพิ่มหน้า,เพิ่มหน้า,➕ เพิ่มหน้า,เพิ่มหน้า,
ui.pdf.addText,,plus,,➕ เพิ่มข้อความ,เพิ่มข้อความ,➕ เพิ่มข้อความ,เพิ่มข้อความ,
ui.pdf.default,,rotate-left,,↺ ค่าเริ่มต้น,ค่าเริ่มต้น,↺ ค่าเริ่มต้น,ค่าเริ่มต้น,
ui.pdf.delPage,,trash,,🗑 ลบหน้า,ลบหน้า,🗑 ลบหน้า,ลบหน้า,
ui.pdf.delText,,trash,,🗑 ลบข้อความนี้,ลบข้อความนี้,🗑 ลบข้อความนี้,ลบข้อความนี้,
ui.pdf.putCoverDefault,,film,,🎬 ใส่หน้าปกมาตรฐาน,ใส่หน้าปกมาตรฐาน,🎬 ใส่หน้าปกมาตรฐาน,ใส่หน้าปกมาตรฐาน,
ui.planner.allTypeSceneChapter,,,,"
    <input class=""planner-filter-input"" id=""pl-f-text"" placeholder=""🔍 กรอง — ชื่อ / สรุป / แท็ก"">
    <select class=""planner-filter-sel"" id=""pl-f-type"">
      <option value="""">ทุกประเภท</option>
      <option value=""scene"">📄 ฉาก</option>
      <option value=""chapter"">📁 บท</option>
      <option value=""entity"">👤 Wiki</option>
      <option value=""note"">📝 โน้ต</option>
      <option value=""sticky"">📌 โพสต์อิต</option>
      <option value=""text"">🅃 ข้อความ</option>
      <option value=""shape"">⬛ รูปทรง</option>
      <option value=""frame"">🖼 เฟรม</option>
      <option value=""comment"">💬 คอมเมนต์</option>
    </select>
    <select class=""planner-filter-sel"" id=""pl-f-status"">
      <option value="""">ทุกสถานะ</option>
      {0}
    </select>
    <button class=""planner-btn-small"" id=""pl-f-clear"">ล้าง</button>
  ","
    <input class=""planner-filter-input"" id=""pl-f-text"" placeholder=""🔍 กรอง — ชื่อ / สรุป / แท็ก"">
    <select class=""planner-filter-sel"" id=""pl-f-type"">
      <option value="""">ทุกประเภท</option>
      <option value=""scene"">📄 ฉาก</option>
      <option value=""chapter"">📁 บท</option>
      <option value=""entity"">👤 Wiki</option>
      <option value=""note"">📝 โน้ต</option>
      <option value=""sticky"">📌 โพสต์อิต</option>
      <option value=""text"">🅃 ข้อความ</option>
      <option value=""shape"">⬛ รูปทรง</option>
      <option value=""frame"">🖼 เฟรม</option>
      <option value=""comment"">💬 คอมเมนต์</option>
    </select>
    <select class=""planner-filter-sel"" id=""pl-f-status"">
      <option value="""">ทุกสถานะ</option>
      {0}
    </select>
    <button class=""planner-btn-small"" id=""pl-f-clear"">ล้าง</button>","
    <input class=""planner-filter-input"" id=""pl-f-text"" placeholder=""🔍 กรอง — ชื่อ / สรุป / แท็ก"">
    <select class=""planner-filter-sel"" id=""pl-f-type"">
      <option value="""">ทุกประเภท</option>
      <option value=""scene"">📄 ฉาก</option>
      <option value=""chapter"">📁 บท</option>
      <option value=""entity"">👤 Wiki</option>
      <option value=""note"">📝 โน้ต</option>
      <option value=""sticky"">📌 โพสต์อิต</option>
      <option value=""text"">🅃 ข้อความ</option>
      <option value=""shape"">⬛ รูปทรง</option>
      <option value=""frame"">🖼 เฟรม</option>
      <option value=""comment"">💬 คอมเมนต์</option>
    </select>
    <select class=""planner-filter-sel"" id=""pl-f-status"">
      <option value="""">ทุกสถานะ</option>
      {0}
    </select>
    <button class=""planner-btn-small"" id=""pl-f-clear"">ล้าง</button>
  ","
    <input class=""planner-filter-input"" id=""pl-f-text"" placeholder=""🔍 กรอง — ชื่อ / สรุป / แท็ก"">
    <select class=""planner-filter-sel"" id=""pl-f-type"">
      <option value="""">ทุกประเภท</option>
      <option value=""scene"">📄 ฉาก</option>
      <option value=""chapter"">📁 บท</option>
      <option value=""entity"">👤 Wiki</option>
      <option value=""note"">📝 โน้ต</option>
      <option value=""sticky"">📌 โพสต์อิต</option>
      <option value=""text"">🅃 ข้อความ</option>
      <option value=""shape"">⬛ รูปทรง</option>
      <option value=""frame"">🖼 เฟรม</option>
      <option value=""comment"">💬 คอมเมนต์</option>
    </select>
    <select class=""planner-filter-sel"" id=""pl-f-status"">
      <option value="""">ทุกสถานะ</option>
      {0}
    </select>
    <button class=""planner-btn-small"" id=""pl-f-clear"">ล้าง</button>",ไอคอน 🔍 📄 📁 👤 📝 📌 🅃 ⬛ 🖼 💬 อยู่กลางประโยค — ต้องเขียนประโยคใหม่
ui.planner.arrow,,send,,➜ ลูกศร,ลูกศร,➜ ลูกศร,ลูกศร,
ui.planner.bindFileProject,,folder,,📁 ผูกไฟล์จากโปรเจกต์…,ผูกไฟล์จากโปรเจกต์…,📁 ผูกไฟล์จากโปรเจกต์…,ผูกไฟล์จากโปรเจกต์…,
ui.planner.boardMainNewOpen,,,,"
    <span class=""planner-board-name"" id=""pl-boardname"" title=""กระดานที่เปิดอยู่"">กระดานหลัก</span>
    <span class=""planner-dirty"" id=""pl-dirty"" title=""ยังไม่ได้บันทึก"">●</span>
    <span class=""planner-sep""></span>
    <button class=""planner-btn"" data-action=""new"" title=""กระดานใหม่"">✚ ใหม่</button>
    <button class=""planner-btn"" data-action=""open"" title=""เปิดกระดานอื่น"">📂 เปิด</button>
    <button class=""planner-btn k-ok"" data-action=""save"" title=""บันทึก (Ctrl+S)"">💾 บันทึก</button>
    <button class=""planner-btn"" data-action=""save-as"" title=""บันทึกเป็นไฟล์ใหม่"">💾… บันทึกเป็น</button>
    <span class=""planner-sep""></span>
    <button class=""planner-btn"" data-action=""undo"" title=""ย้อนกลับ (Ctrl+Z)"">↶</button>
    <button class=""planner-btn"" data-action=""redo"" title=""ทำซ้ำ (Ctrl+Shift+Z)"">↷</button>
    <span class=""planner-sep""></span>
    <button class=""planner-btn"" data-action=""group"" title=""จัดกลุ่ม (Ctrl+G)"">🗂 จัดกลุ่ม</button>
    <button class=""planner-btn"" data-action=""duplicate"" title=""ทำซ้ำ (Ctrl+D)"">⧉ ทำซ้ำ</button>
    <button class=""planner-btn"" data-action=""reveal"" title=""ชี้ตำแหน่งไฟล์ใน Explorer"">📂 ในเอกสาร</button>
    <button class=""planner-btn"" data-action=""delete"" title=""ลบ (Del)"">🗑 ลบ</button>
    <span class=""planner-sep""></span>
    <button class=""planner-btn"" data-action=""auto-layout"" title=""จัดเรียงอัตโนมัติ"">📐 จัดเรียง</button>
    <button class=""planner-btn"" data-action=""grid"" title=""ตั้งค่ากริด"">▦ กริด</button>
    <span class=""planner-sep""></span>
    <button class=""planner-btn"" data-action=""zoom-out"" title=""ซูมออก (Ctrl+-)"">➖</button>
    <button class=""planner-btn planner-zoom-label"" data-action=""zoom-reset"" title=""ซูม 100% (Ctrl+0)"" id=""pl-zoom"">100%</button>
    <button class=""planner-btn"" data-action=""zoom-in"" title=""ซูมเข้า (Ctrl+=)"">➕</button>
    <button class=""planner-btn"" data-action=""zoom-fit"" title=""พอดีจอ"">⊡ พอดีจอ</button>
    <span class=""planner-sep""></span>
    <button class=""planner-btn"" data-action=""export-png"" title=""ส่งออกเป็นรูป"">🖼 PNG</button>
    <button class=""planner-btn"" data-action=""sample"" title=""ใส่ตัวอย่าง"">🧪 ตัวอย่าง</button>
  ","
    <span class=""planner-board-name"" id=""pl-boardname"" title=""กระดานที่เปิดอยู่"">กระดานหลัก</span>
    <span class=""planner-dirty"" id=""pl-dirty"" title=""ยังไม่ได้บันทึก"">●</span>
    <span class=""planner-sep""></span>
    <button class=""planner-btn"" data-action=""new"" title=""กระดานใหม่"">✚ ใหม่</button>
    <button class=""planner-btn"" data-action=""open"" title=""เปิดกระดานอื่น"">📂 เปิด</button>
    <button class=""planner-btn k-ok"" data-action=""save"" title=""บันทึก ({sc:save})"">💾 บันทึก</button>
    <button class=""planner-btn"" data-action=""save-as"" title=""บันทึกเป็นไฟล์ใหม่"">💾… บันทึกเป็น</button>
    <span class=""planner-sep""></span>
    <button class=""planner-btn"" data-action=""undo"" title=""ย้อนกลับ ({sc:editor-undo})"">↶</button>
    <button class=""planner-btn"" data-action=""redo"" title=""ทำซ้ำ ({sc:editor-redo})"">↷</button>
    <span class=""planner-sep""></span>
    <button class=""planner-btn"" data-action=""group"" title=""จัดกลุ่ม ({sc:goto})"">🗂 จัดกลุ่ม</button>
    <button class=""planner-btn"" data-action=""duplicate"" title=""ทำซ้ำ (Ctrl+D)"">⧉ ทำซ้ำ</button>
    <button class=""planner-btn"" data-action=""reveal"" title=""ชี้ตำแหน่งไฟล์ใน Explorer"">📂 ในเอกสาร</button>
    <button class=""planner-btn"" data-action=""delete"" title=""ลบ (Del)"">🗑 ลบ</button>
    <span class=""planner-sep""></span>
    <button class=""planner-btn"" data-action=""auto-layout"" title=""จัดเรียงอัตโนมัติ"">📐 จัดเรียง</button>
    <button class=""planner-btn"" data-action=""grid"" title=""ตั้งค่ากริด"">▦ กริด</button>
    <span class=""planner-sep""></span>
    <button class=""planner-btn"" data-action=""zoom-out"" title=""ซูมออก (Ctrl+-)"">➖</button>
    <button class=""planner-btn planner-zoom-label"" data-action=""zoom-reset"" title=""ซูม 100% ({sc:fmt:paragraph})"" id=""pl-zoom"">100%</button>
    <button class=""planner-btn"" data-action=""zoom-in"" title=""ซูมเข้า (Ctrl+=)"">➕</button>
    <button class=""planner-btn"" data-action=""zoom-fit"" title=""พอดีจอ"">⊡ พอดีจอ</button>
    <span class=""planner-sep""></span>
    <button class=""planner-btn"" data-action=""export-png"" title=""ส่งออกเป็นรูป"">🖼 PNG</button>
    <button class=""planner-btn"" data-action=""sample"" title=""ใส่ตัวอย่าง"">🧪 ตัวอย่าง</button>","
    <span class=""planner-board-name"" id=""pl-boardname"" title=""กระดานที่เปิดอยู่"">กระดานหลัก</span>
    <span class=""planner-dirty"" id=""pl-dirty"" title=""ยังไม่ได้บันทึก"">●</span>
    <span class=""planner-sep""></span>
    <button class=""planner-btn"" data-action=""new"" title=""กระดานใหม่"">✚ ใหม่</button>
    <button class=""planner-btn"" data-action=""open"" title=""เปิดกระดานอื่น"">📂 เปิด</button>
    <button class=""planner-btn k-ok"" data-action=""save"" title=""บันทึก (Ctrl+S)"">💾 บันทึก</button>
    <button class=""planner-btn"" data-action=""save-as"" title=""บันทึกเป็นไฟล์ใหม่"">💾… บันทึกเป็น</button>
    <span class=""planner-sep""></span>
    <button class=""planner-btn"" data-action=""undo"" title=""ย้อนกลับ (Ctrl+Z)"">↶</button>
    <button class=""planner-btn"" data-action=""redo"" title=""ทำซ้ำ (Ctrl+Shift+Z)"">↷</button>
    <span class=""planner-sep""></span>
    <button class=""planner-btn"" data-action=""group"" title=""จัดกลุ่ม (Ctrl+G)"">🗂 จัดกลุ่ม</button>
    <button class=""planner-btn"" data-action=""duplicate"" title=""ทำซ้ำ (Ctrl+D)"">⧉ ทำซ้ำ</button>
    <button class=""planner-btn"" data-action=""reveal"" title=""ชี้ตำแหน่งไฟล์ใน Explorer"">📂 ในเอกสาร</button>
    <button class=""planner-btn"" data-action=""delete"" title=""ลบ (Del)"">🗑 ลบ</button>
    <span class=""planner-sep""></span>
    <button class=""planner-btn"" data-action=""auto-layout"" title=""จัดเรียงอัตโนมัติ"">📐 จัดเรียง</button>
    <button class=""planner-btn"" data-action=""grid"" title=""ตั้งค่ากริด"">▦ กริด</button>
    <span class=""planner-sep""></span>
    <button class=""planner-btn"" data-action=""zoom-out"" title=""ซูมออก (Ctrl+-)"">➖</button>
    <button class=""planner-btn planner-zoom-label"" data-action=""zoom-reset"" title=""ซูม 100% (Ctrl+0)"" id=""pl-zoom"">100%</button>
    <button class=""planner-btn"" data-action=""zoom-in"" title=""ซูมเข้า (Ctrl+=)"">➕</button>
    <button class=""planner-btn"" data-action=""zoom-fit"" title=""พอดีจอ"">⊡ พอดีจอ</button>
    <span class=""planner-sep""></span>
    <button class=""planner-btn"" data-action=""export-png"" title=""ส่งออกเป็นรูป"">🖼 PNG</button>
    <button class=""planner-btn"" data-action=""sample"" title=""ใส่ตัวอย่าง"">🧪 ตัวอย่าง</button>
  ","
    <span class=""planner-board-name"" id=""pl-boardname"" title=""กระดานที่เปิดอยู่"">กระดานหลัก</span>
    <span class=""planner-dirty"" id=""pl-dirty"" title=""ยังไม่ได้บันทึก"">●</span>
    <span class=""planner-sep""></span>
    <button class=""planner-btn"" data-action=""new"" title=""กระดานใหม่"">✚ ใหม่</button>
    <button class=""planner-btn"" data-action=""open"" title=""เปิดกระดานอื่น"">📂 เปิด</button>
    <button class=""planner-btn k-ok"" data-action=""save"" title=""บันทึก ({sc:save})"">💾 บันทึก</button>
    <button class=""planner-btn"" data-action=""save-as"" title=""บันทึกเป็นไฟล์ใหม่"">💾… บันทึกเป็น</button>
    <span class=""planner-sep""></span>
    <button class=""planner-btn"" data-action=""undo"" title=""ย้อนกลับ ({sc:editor-undo})"">↶</button>
    <button class=""planner-btn"" data-action=""redo"" title=""ทำซ้ำ ({sc:editor-redo})"">↷</button>
    <span class=""planner-sep""></span>
    <button class=""planner-btn"" data-action=""group"" title=""จัดกลุ่ม ({sc:goto})"">🗂 จัดกลุ่ม</button>
    <button class=""planner-btn"" data-action=""duplicate"" title=""ทำซ้ำ (Ctrl+D)"">⧉ ทำซ้ำ</button>
    <button class=""planner-btn"" data-action=""reveal"" title=""ชี้ตำแหน่งไฟล์ใน Explorer"">📂 ในเอกสาร</button>
    <button class=""planner-btn"" data-action=""delete"" title=""ลบ (Del)"">🗑 ลบ</button>
    <span class=""planner-sep""></span>
    <button class=""planner-btn"" data-action=""auto-layout"" title=""จัดเรียงอัตโนมัติ"">📐 จัดเรียง</button>
    <button class=""planner-btn"" data-action=""grid"" title=""ตั้งค่ากริด"">▦ กริด</button>
    <span class=""planner-sep""></span>
    <button class=""planner-btn"" data-action=""zoom-out"" title=""ซูมออก (Ctrl+-)"">➖</button>
    <button class=""planner-btn planner-zoom-label"" data-action=""zoom-reset"" title=""ซูม 100% ({sc:fmt:paragraph})"" id=""pl-zoom"">100%</button>
    <button class=""planner-btn"" data-action=""zoom-in"" title=""ซูมเข้า (Ctrl+=)"">➕</button>
    <button class=""planner-btn"" data-action=""zoom-fit"" title=""พอดีจอ"">⊡ พอดีจอ</button>
    <span class=""planner-sep""></span>
    <button class=""planner-btn"" data-action=""export-png"" title=""ส่งออกเป็นรูป"">🖼 PNG</button>
    <button class=""planner-btn"" data-action=""sample"" title=""ใส่ตัวอย่าง"">🧪 ตัวอย่าง</button>",ไอคอน ✚ 📂 💾 💾 ↶ ↷ 🗂 📂 🗑 📐 ▦ ➖ ➕ 🖼 อยู่กลางประโยค — ต้องเขียนประโยคใหม่ · คีย์ลัด Ctrl+D ในประโยค — หาคำสั่งที่ตรงไม่เจอ · คีย์ลัด Ctrl+- ในประโยค — หาคำสั่งที่ตรงไม่เจอ · คีย์ลัด Ctrl+= ในประโยค — หาคำสั่งที่ตรงไม่เจอ
ui.planner.cardCantBindFile2,,,,"การ์ดนี้ยังไม่ได้ผูกไฟล์ — กด ""📁 เลือกจากโปรเจกต์"" ในแผงคุณสมบัติ","การ์ดนี้ยังไม่ได้ผูกไฟล์ — กด ""📁 เลือกจากโปรเจกต์"" ในแผงคุณสมบัติ","การ์ดนี้ยังไม่ได้ผูกไฟล์ — กด ""📁 เลือกจากโปรเจกต์"" ในแผงคุณสมบัติ","การ์ดนี้ยังไม่ได้ผูกไฟล์ — กด ""📁 เลือกจากโปรเจกต์"" ในแผงคุณสมบัติ",ไอคอน 📁 อยู่กลางประโยค — ต้องเขียนประโยคใหม่
ui.planner.changeNameGroup,,edit,,✏️ เปลี่ยนชื่อกลุ่ม…,เปลี่ยนชื่อกลุ่ม…,✏️ เปลี่ยนชื่อกลุ่ม…,เปลี่ยนชื่อกลุ่ม…,
ui.planner.closeSnap,,hash,,⌗ ปิด snap,ปิด snap,⌗ ปิด snap,ปิด snap,
ui.planner.comment,,chat,,💬 คอมเมนต์ตรงนี้,คอมเมนต์ตรงนี้,💬 คอมเมนต์ตรงนี้,คอมเมนต์ตรงนี้,
ui.planner.corner,,shape-rounded,,▢ มุมมน,มุมมน,▢ มุมมน,มุมมน,
ui.planner.cut,,shape-diamond,,◇ ข้าวหลามตัด,ข้าวหลามตัด,◇ ข้าวหลามตัด,ข้าวหลามตัด,
ui.planner.cylinder,,shape-cylinder,,⛁ ทรงกระบอก,ทรงกระบอก,⛁ ทรงกระบอก,ทรงกระบอก,
ui.planner.delLine,,trash,,🗑 ลบเส้น,ลบเส้น,🗑 ลบเส้น,ลบเส้น,
ui.planner.editBadge,,tag,,🏷 แก้ป้ายกำกับ…,แก้ป้ายกำกับ…,🏷 แก้ป้ายกำกับ…,แก้ป้ายกำกับ…,
ui.planner.editText,,edit,,✏️ แก้ข้อความ,แก้ข้อความ,✏️ แก้ข้อความ,แก้ข้อความ,
ui.planner.ellipse,,shape-ellipse,,⬭ วงรี,วงรี,⬭ วงรี,วงรี,
ui.planner.gridShowGridView,,,,"
    <div class=""planner-pop-title"">▦ กริด</div>
    <label class=""planner-pop-row""><input type=""checkbox"" id=""plg-show""{0}> แสดงกริด</label>
    <label class=""planner-pop-row""><input type=""checkbox"" id=""plg-snap""{1}> ดูดเข้าเส้นกริด (snap)</label>
    <div class=""planner-pop-row""><span>ขนาด</span>
      <input type=""number"" id=""plg-size"" min=""4"" max=""400"" step=""1"" value=""{2}""> px</div>
    <div class=""planner-pop-row""><span>รูปแบบ</span>
      <select id=""plg-style"">{3}</select></div>
    <div class=""planner-pop-row""><span>ความเข้ม</span>
      <input type=""range"" id=""plg-op"" min=""0"" max=""1"" step=""0.05"" value=""{4}""></div>
    <div class=""planner-pop-row""><span>สีเส้น</span><input type=""color"" id=""plg-color"" value=""{5}""></div>
    <div class=""planner-pop-row""><span>สีพื้น</span><input type=""color"" id=""plg-bg"" value=""{6}""></div>
    <div class=""planner-pop-row planner-pop-presets"">
      <button data-size=""10"">10</button><button data-size=""20"">20</button>
      <button data-size=""25"">25</button><button data-size=""50"">50</button><button data-size=""100"">100</button>
    </div>
  ","
    <div class=""planner-pop-title"">▦ กริด</div>
    <label class=""planner-pop-row""><input type=""checkbox"" id=""plg-show""{0}> แสดงกริด</label>
    <label class=""planner-pop-row""><input type=""checkbox"" id=""plg-snap""{1}> ดูดเข้าเส้นกริด (snap)</label>
    <div class=""planner-pop-row""><span>ขนาด</span>
      <input type=""number"" id=""plg-size"" min=""4"" max=""400"" step=""1"" value=""{2}""> px</div>
    <div class=""planner-pop-row""><span>รูปแบบ</span>
      <select id=""plg-style"">{3}</select></div>
    <div class=""planner-pop-row""><span>ความเข้ม</span>
      <input type=""range"" id=""plg-op"" min=""0"" max=""1"" step=""0.05"" value=""{4}""></div>
    <div class=""planner-pop-row""><span>สีเส้น</span><input type=""color"" id=""plg-color"" value=""{5}""></div>
    <div class=""planner-pop-row""><span>สีพื้น</span><input type=""color"" id=""plg-bg"" value=""{6}""></div>
    <div class=""planner-pop-row planner-pop-presets"">
      <button data-size=""10"">10</button><button data-size=""20"">20</button>
      <button data-size=""25"">25</button><button data-size=""50"">50</button><button data-size=""100"">100</button>
    </div>","
    <div class=""planner-pop-title"">▦ กริด</div>
    <label class=""planner-pop-row""><input type=""checkbox"" id=""plg-show""{0}> แสดงกริด</label>
    <label class=""planner-pop-row""><input type=""checkbox"" id=""plg-snap""{1}> ดูดเข้าเส้นกริด (snap)</label>
    <div class=""planner-pop-row""><span>ขนาด</span>
      <input type=""number"" id=""plg-size"" min=""4"" max=""400"" step=""1"" value=""{2}""> px</div>
    <div class=""planner-pop-row""><span>รูปแบบ</span>
      <select id=""plg-style"">{3}</select></div>
    <div class=""planner-pop-row""><span>ความเข้ม</span>
      <input type=""range"" id=""plg-op"" min=""0"" max=""1"" step=""0.05"" value=""{4}""></div>
    <div class=""planner-pop-row""><span>สีเส้น</span><input type=""color"" id=""plg-color"" value=""{5}""></div>
    <div class=""planner-pop-row""><span>สีพื้น</span><input type=""color"" id=""plg-bg"" value=""{6}""></div>
    <div class=""planner-pop-row planner-pop-presets"">
      <button data-size=""10"">10</button><button data-size=""20"">20</button>
      <button data-size=""25"">25</button><button data-size=""50"">50</button><button data-size=""100"">100</button>
    </div>
  ","
    <div class=""planner-pop-title"">▦ กริด</div>
    <label class=""planner-pop-row""><input type=""checkbox"" id=""plg-show""{0}> แสดงกริด</label>
    <label class=""planner-pop-row""><input type=""checkbox"" id=""plg-snap""{1}> ดูดเข้าเส้นกริด (snap)</label>
    <div class=""planner-pop-row""><span>ขนาด</span>
      <input type=""number"" id=""plg-size"" min=""4"" max=""400"" step=""1"" value=""{2}""> px</div>
    <div class=""planner-pop-row""><span>รูปแบบ</span>
      <select id=""plg-style"">{3}</select></div>
    <div class=""planner-pop-row""><span>ความเข้ม</span>
      <input type=""range"" id=""plg-op"" min=""0"" max=""1"" step=""0.05"" value=""{4}""></div>
    <div class=""planner-pop-row""><span>สีเส้น</span><input type=""color"" id=""plg-color"" value=""{5}""></div>
    <div class=""planner-pop-row""><span>สีพื้น</span><input type=""color"" id=""plg-bg"" value=""{6}""></div>
    <div class=""planner-pop-row planner-pop-presets"">
      <button data-size=""10"">10</button><button data-size=""20"">20</button>
      <button data-size=""25"">25</button><button data-size=""50"">50</button><button data-size=""100"">100</button>
    </div>",ไอคอน ▦ อยู่กลางประโยค — ต้องเขียนประโยคใหม่
ui.planner.group2,,trash,,🗑 ยุบกลุ่ม,ยุบกลุ่ม,🗑 ยุบกลุ่ม,ยุบกลุ่ม,
ui.planner.groupPick,,collection,,🗂 จัดกลุ่มที่เลือก,จัดกลุ่มที่เลือก,🗂 จัดกลุ่มที่เลือก,จัดกลุ่มที่เลือก,
ui.planner.hideGrid,,grid,,▦ ซ่อนกริด,ซ่อนกริด,▦ ซ่อนกริด,ซ่อนกริด,
ui.planner.liftOneLayer,,arrow-up,,↑ ยกขึ้นหนึ่งชั้น,ยกขึ้นหนึ่งชั้น,↑ ยกขึ้นหนึ่งชั้น,ยกขึ้นหนึ่งชั้น,
ui.planner.liftOneLayerCtrl,,arrow-up,,"↑ ยกขึ้นหนึ่งชั้น <span style=""opacity:.55"">Ctrl+]</span>","ยกขึ้นหนึ่งชั้น <span style=""opacity:.55"">Ctrl+]</span>","↑ ยกขึ้นหนึ่งชั้น <span style=""opacity:.55"">Ctrl+]</span>","ยกขึ้นหนึ่งชั้น <span style=""opacity:.55"">Ctrl+]</span>",คีย์ลัด Ctrl+] ในประโยค — หาคำสั่งที่ตรงไม่เจอ
ui.planner.liftTop,,arrow-up,,⬆ ยกไปบนสุด,ยกไปบนสุด,⬆ ยกไปบนสุด,ยกไปบนสุด,
ui.planner.liftTopCtrlShift,,,,ยกไปบนสุด (Ctrl+Shift+]),ยกไปบนสุด,ยกไปบนสุด (Ctrl+Shift+]),ยกไปบนสุด,ตัดคีย์ลัดท้าย (Ctrl+Shift+]) — ให้ UI เติมจาก commands.csv
ui.planner.liftTopCtrlShift2,,arrow-up,,"⬆ ยกไปบนสุด <span style=""opacity:.55"">Ctrl+Shift+]</span>","ยกไปบนสุด <span style=""opacity:.55"">{sc:panels-hide-right}</span>","⬆ ยกไปบนสุด <span style=""opacity:.55"">Ctrl+Shift+]</span>","ยกไปบนสุด <span style=""opacity:.55"">{sc:panels-hide-right}</span>",
ui.planner.lock,,lock,,🔒 ล็อก,ล็อก,🔒 ล็อก,ล็อก,
ui.planner.notHasBoardProject,,,,ยังไม่มีกระดานในโปรเจกต์ — กด ✚ ใหม่ เพื่อสร้าง,ยังไม่มีกระดานในโปรเจกต์ — กด ✚ ใหม่ เพื่อสร้าง,ยังไม่มีกระดานในโปรเจกต์ — กด ✚ ใหม่ เพื่อสร้าง,ยังไม่มีกระดานในโปรเจกต์ — กด ✚ ใหม่ เพื่อสร้าง,ไอคอน ✚ อยู่กลางประโยค — ต้องเขียนประโยคใหม่
ui.planner.openBoardPlanner,,clipboard,,📋 เปิดกระดานวางแผน,เปิดกระดานวางแผน,📋 เปิดกระดานวางแผน,เปิดกระดานวางแผน,
ui.planner.openFile,,book-open,,📖 เปิดไฟล์,เปิดไฟล์,📖 เปิดไฟล์,เปิดไฟล์,
ui.planner.openSnap,,hash,,⌗ เปิด snap,เปิด snap,⌗ เปิด snap,เปิด snap,
ui.planner.pickCardBeforeDrag,,,,เลือกการ์ดก่อน (ลากคลุม / Shift+คลิก) แล้วกด 🗂 จัดกลุ่ม,เลือกการ์ดก่อน (ลากคลุม / Shift+คลิก) แล้วกด 🗂 จัดกลุ่ม,เลือกการ์ดก่อน (ลากคลุม / Shift+คลิก) แล้วกด 🗂 จัดกลุ่ม,เลือกการ์ดก่อน (ลากคลุม / Shift+คลิก) แล้วกด 🗂 จัดกลุ่ม,ไอคอน 🗂 อยู่กลางประโยค — ต้องเขียนประโยคใหม่
ui.planner.pointPosExplorer,,folder-open,,📂 ชี้ตำแหน่งใน Explorer,ชี้ตำแหน่งใน Explorer,📂 ชี้ตำแหน่งใน Explorer,ชี้ตำแหน่งใน Explorer,
ui.planner.putSampleDonePress,,,,ใส่ตัวอย่างแล้ว — กด 💾 ถ้าจะเก็บไว้,ใส่ตัวอย่างแล้ว — กด 💾 ถ้าจะเก็บไว้,ใส่ตัวอย่างแล้ว — กด 💾 ถ้าจะเก็บไว้,ใส่ตัวอย่างแล้ว — กด 💾 ถ้าจะเก็บไว้,ไอคอน 💾 อยู่กลางประโยค — ต้องเขียนประโยคใหม่
ui.planner.rect,,shape-rect,,▭ สี่เหลี่ยม,สี่เหลี่ยม,▭ สี่เหลี่ยม,สี่เหลี่ยม,
ui.planner.reduceOneLayer,,arrow-down,,↓ ลดลงหนึ่งชั้น,ลดลงหนึ่งชั้น,↓ ลดลงหนึ่งชั้น,ลดลงหนึ่งชั้น,
ui.planner.reduceOneLayerCtrl,,arrow-down,,"↓ ลดลงหนึ่งชั้น <span style=""opacity:.55"">Ctrl+[</span>","ลดลงหนึ่งชั้น <span style=""opacity:.55"">Ctrl+[</span>","↓ ลดลงหนึ่งชั้น <span style=""opacity:.55"">Ctrl+[</span>","ลดลงหนึ่งชั้น <span style=""opacity:.55"">Ctrl+[</span>",คีย์ลัด Ctrl+[ ในประโยค — หาคำสั่งที่ตรงไม่เจอ
ui.planner.repeat,,redo,,↷ ทำซ้ำ,ทำซ้ำ,↷ ทำซ้ำ,ทำซ้ำ,
ui.planner.repeatCtrlD,,,,ทำซ้ำ (Ctrl+D),ทำซ้ำ,ทำซ้ำ (Ctrl+D),ทำซ้ำ,ตัดคีย์ลัดท้าย (Ctrl+D) — ให้ UI เติมจาก commands.csv
ui.planner.save,,save,,"💾 บันทึกเป็น ""","บันทึกเป็น ""","💾 บันทึกเป็น ""","บันทึกเป็น """,
ui.planner.saveBefore,,save,,💾 บันทึกก่อน,บันทึกก่อน,💾 บันทึกก่อน,บันทึกก่อน,
ui.planner.saveBoard,,save,,💾 บันทึกกระดาน,บันทึกกระดาน,💾 บันทึกกระดาน,บันทึกกระดาน,
ui.planner.saveBoard2,,save,,"💾 บันทึกกระดาน ""","บันทึกกระดาน ""","💾 บันทึกกระดาน ""","บันทึกกระดาน """,
ui.planner.saveImageBoardDone,,image,,🖼 บันทึกรูปกระดานแล้ว: ,บันทึกรูปกระดานแล้ว:,🖼 บันทึกรูปกระดานแล้ว: ,บันทึกรูปกระดานแล้ว:,
ui.planner.sendBottomLast,,arrow-down,,⬇ ส่งไปล่างสุด,ส่งไปล่างสุด,⬇ ส่งไปล่างสุด,ส่งไปล่างสุด,
ui.planner.sendBottomLastCtrl,,,,ส่งไปล่างสุด (Ctrl+Shift+[),ส่งไปล่างสุด,ส่งไปล่างสุด (Ctrl+Shift+[),ส่งไปล่างสุด,ตัดคีย์ลัดท้าย (Ctrl+Shift+[) — ให้ UI เติมจาก commands.csv
ui.planner.sendBottomLastCtrl2,,arrow-down,,"⬇ ส่งไปล่างสุด <span style=""opacity:.55"">Ctrl+Shift+[</span>","ส่งไปล่างสุด <span style=""opacity:.55"">{sc:panels-hide-left}</span>","⬇ ส่งไปล่างสุด <span style=""opacity:.55"">Ctrl+Shift+[</span>","ส่งไปล่างสุด <span style=""opacity:.55"">{sc:panels-hide-left}</span>",
ui.planner.shape,,square,,⬛ รูปทรงตรงนี้,รูปทรงตรงนี้,⬛ รูปทรงตรงนี้,รูปทรงตรงนี้,
ui.planner.showGrid,,grid,,▦ แสดงกริด,แสดงกริด,▦ แสดงกริด,แสดงกริด,
ui.planner.star,,star-outline,,☆ ดาว,ดาว,☆ ดาว,ดาว,
ui.planner.sticky2,,pin,,📌 โพสต์อิตตรงนี้,โพสต์อิตตรงนี้,📌 โพสต์อิตตรงนี้,โพสต์อิตตรงนี้,
ui.planner.text,,text-tool,,🅃 ข้อความตรงนี้,ข้อความตรงนี้,🅃 ข้อความตรงนี้,ข้อความตรงนี้,
ui.planner.triangle,,shape-triangle,,△ สามเหลี่ยม,สามเหลี่ยม,△ สามเหลี่ยม,สามเหลี่ยม,
ui.planner.undo,,undo,,↶ ย้อนกลับ,ย้อนกลับ,↶ ย้อนกลับ,ย้อนกลับ,
ui.plannerProps.arrow2,,send,,➤ ลูกศร,ลูกศร,➤ ลูกศร,ลูกศร,
ui.plannerProps.bottom2,,download,,⤓ ล่าง,ล่าง,⤓ ล่าง,ล่าง,
ui.plannerProps.centerHoriz,,align-center-h,,⇹ กลางแนวนอน,กลางแนวนอน,⇹ กลางแนวนอน,กลางแนวนอน,
ui.plannerProps.centerVert,,align-center-v,,⇳ กลางแนวตั้ง,กลางแนวตั้ง,⇳ กลางแนวตั้ง,กลางแนวตั้ง,
ui.plannerProps.chapter,,folder,,📁 บท,บท,📁 บท,บท,
ui.plannerProps.comment,,chat,,💬 คอมเมนต์,คอมเมนต์,💬 คอมเมนต์,คอมเมนต์,
ui.plannerProps.cut2,,shape-diamond,,◆ ข้าวหลามตัด,ข้าวหลามตัด,◆ ข้าวหลามตัด,ข้าวหลามตัด,
ui.plannerProps.delAll,,trash,,🗑 ลบทั้งหมด,ลบทั้งหมด,🗑 ลบทั้งหมด,ลบทั้งหมด,
ui.plannerProps.delLine2,,trash,,🗑 ลบเส้นนี้,ลบเส้นนี้,🗑 ลบเส้นนี้,ลบเส้นนี้,
ui.plannerProps.delObject,,trash,,🗑 ลบวัตถุนี้,ลบวัตถุนี้,🗑 ลบวัตถุนี้,ลบวัตถุนี้,
ui.plannerProps.distributeHoriz,,distribute-h,,⇿ กระจายแนวนอน,กระจายแนวนอน,⇿ กระจายแนวนอน,กระจายแนวนอน,
ui.plannerProps.distributeVert,,distribute-v,,↕ กระจายแนวตั้ง,กระจายแนวตั้ง,↕ กระจายแนวตั้ง,กระจายแนวตั้ง,
ui.plannerProps.frame,,image,,🖼 เฟรม,เฟรม,🖼 เฟรม,เฟรม,
ui.plannerProps.group,,collection,,🗂 จัดกลุ่ม,จัดกลุ่ม,🗂 จัดกลุ่ม,จัดกลุ่ม,
ui.plannerProps.left,,outdent,,⇤ ซ้าย,ซ้าย,⇤ ซ้าย,ซ้าย,
ui.plannerProps.lineLink,,link,,🔗 เส้นเชื่อม,เส้นเชื่อม,🔗 เส้นเชื่อม,เส้นเชื่อม,
ui.plannerProps.lineNext,,link,,🔗 เส้นที่ต่ออยู่ (,เส้นที่ต่ออยู่ (,🔗 เส้นที่ต่ออยู่ (,เส้นที่ต่ออยู่ (,
ui.plannerProps.linkLineScrollFind,,,,"
    <button id=""plp-link"" title=""ลากจากจุดสีส้มรอบการ์ดก็ได้"">🔗 เชื่อมเส้น</button>
    <button id=""plp-center"">🎯 เลื่อนไปหา</button>
    <button id=""plp-reveal"">📂 ในเอกสาร</button>
  ","
    <button id=""plp-link"" title=""ลากจากจุดสีส้มรอบการ์ดก็ได้"">🔗 เชื่อมเส้น</button>
    <button id=""plp-center"">🎯 เลื่อนไปหา</button>
    <button id=""plp-reveal"">📂 ในเอกสาร</button>","
    <button id=""plp-link"" title=""ลากจากจุดสีส้มรอบการ์ดก็ได้"">🔗 เชื่อมเส้น</button>
    <button id=""plp-center"">🎯 เลื่อนไปหา</button>
    <button id=""plp-reveal"">📂 ในเอกสาร</button>
  ","
    <button id=""plp-link"" title=""ลากจากจุดสีส้มรอบการ์ดก็ได้"">🔗 เชื่อมเส้น</button>
    <button id=""plp-center"">🎯 เลื่อนไปหา</button>
    <button id=""plp-reveal"">📂 ในเอกสาร</button>",ไอคอน 🔗 🎯 📂 อยู่กลางประโยค — ต้องเขียนประโยคใหม่
ui.plannerProps.lockNotMoveEdit,,,,"<label class=""planner-check""><input type=""checkbox"" id=""plp-lock""{0}> 🔒 ล็อกไม่ให้ย้าย/แก้</label>","<label class=""planner-check""><input type=""checkbox"" id=""plp-lock""{0}> 🔒 ล็อกไม่ให้ย้าย/แก้</label>","<label class=""planner-check""><input type=""checkbox"" id=""plp-lock""{0}> 🔒 ล็อกไม่ให้ย้าย/แก้</label>","<label class=""planner-check""><input type=""checkbox"" id=""plp-lock""{0}> 🔒 ล็อกไม่ให้ย้าย/แก้</label>",ไอคอน 🔒 อยู่กลางประโยค — ต้องเขียนประโยคใหม่
ui.plannerProps.note,,note,,📝 โน้ต,โน้ต,📝 โน้ต,โน้ต,
ui.plannerProps.pickItem,,selection,,⬚ เลือกไว้ {0} ชิ้น,เลือกไว้ {0} ชิ้น,⬚ เลือกไว้ {0} ชิ้น,เลือกไว้ {0} ชิ้น,
ui.plannerProps.pickProject,,,,"<input class=""planner-prop-input"" id=""plp-file"" value=""{0}"" placeholder=""ยังไม่ได้ผูกไฟล์"">
     <div class=""planner-props-actions"" style=""margin-top:5px"">
       <button id=""plp-pick"">📁 เลือกจากโปรเจกต์</button>
       <button id=""plp-unlink"" title=""เอาลิงก์ออก"">✕</button>
     </div>","<input class=""planner-prop-input"" id=""plp-file"" value=""{0}"" placeholder=""ยังไม่ได้ผูกไฟล์"">
     <div class=""planner-props-actions"" style=""margin-top:5px"">
       <button id=""plp-pick"">📁 เลือกจากโปรเจกต์</button>
       <button id=""plp-unlink"" title=""เอาลิงก์ออก"">✕</button>
     </div>","<input class=""planner-prop-input"" id=""plp-file"" value=""{0}"" placeholder=""ยังไม่ได้ผูกไฟล์"">
     <div class=""planner-props-actions"" style=""margin-top:5px"">
       <button id=""plp-pick"">📁 เลือกจากโปรเจกต์</button>
       <button id=""plp-unlink"" title=""เอาลิงก์ออก"">✕</button>
     </div>","<input class=""planner-prop-input"" id=""plp-file"" value=""{0}"" placeholder=""ยังไม่ได้ผูกไฟล์"">
     <div class=""planner-props-actions"" style=""margin-top:5px"">
       <button id=""plp-pick"">📁 เลือกจากโปรเจกต์</button>
       <button id=""plp-unlink"" title=""เอาลิงก์ออก"">✕</button>
     </div>",ไอคอน 📁 ✕ อยู่กลางประโยค — ต้องเขียนประโยคใหม่
ui.plannerProps.right,,indent,,⇥ ขวา,ขวา,⇥ ขวา,ขวา,
ui.plannerProps.scene,,file,,📄 ฉาก,ฉาก,📄 ฉาก,ฉาก,
ui.plannerProps.shape,,square,,⬛ รูปทรง,รูปทรง,⬛ รูปทรง,รูปทรง,
ui.plannerProps.sticky,,pin,,📌 โพสต์อิต,โพสต์อิต,📌 โพสต์อิต,โพสต์อิต,
ui.plannerProps.text,,text-tool,,🅃 ข้อความ,ข้อความ,🅃 ข้อความ,ข้อความ,
ui.plannerProps.top2,,align-top,,⤒ บน,บน,⤒ บน,บน,
ui.plannerProps.triangleSolid,,play,,▶ สามเหลี่ยมทึบ,สามเหลี่ยมทึบ,▶ สามเหลี่ยมทึบ,สามเหลี่ยมทึบ,
ui.player.empty,,,,ยังไม่มีเรื่องแตกสายให้เล่น — เพิ่มทางเลือกให้ฉากสักฉากที่ผังแตกสาย (🌿) ก่อน,ยังไม่มีเรื่องแตกสายให้เล่น — เพิ่มทางเลือกให้ฉากสักฉากที่ผังแตกสาย (🌿) ก่อน,Nothing branching to play yet — add a choice to a scene in the Branching Map (🌿) first,Nothing branching to play yet — add a choice to a scene in the Branching Map (🌿) first,ไอคอน 🌿 อยู่กลางประโยค — ต้องเขียนประโยคใหม่
ui.player.export,,import,,📥 ส่งออก,ส่งออก,📥 ส่งออก,ส่งออก,
ui.player.historyDecide,,gamepad,,🎮 ประวัติการตัดสินใจ,ประวัติการตัดสินใจ,🎮 ประวัติการตัดสินใจ,ประวัติการตัดสินใจ,
ui.player.historyDecide2,,gamepad,,🎮 ประวัติการตัดสินใจ (,ประวัติการตัดสินใจ (,🎮 ประวัติการตัดสินใจ (,ประวัติการตัดสินใจ (,
ui.player.notHasDecisionChoice,,,,ยังไม่มีการตัดสินใจ — เดินตามทางเลือกในผังแตกสาย (🌿) แล้วจะบันทึกที่นี่,ยังไม่มีการตัดสินใจ — เดินตามทางเลือกในผังแตกสาย (🌿) แล้วจะบันทึกที่นี่,ยังไม่มีการตัดสินใจ — เดินตามทางเลือกในผังแตกสาย (🌿) แล้วจะบันทึกที่นี่,ยังไม่มีการตัดสินใจ — เดินตามทางเลือกในผังแตกสาย (🌿) แล้วจะบันทึกที่นี่,ไอคอน 🌿 อยู่กลางประโยค — ต้องเขียนประโยคใหม่
ui.player.notHasStoryBreak,,,,ยังไม่มีเรื่องแตกสายให้เล่น — เพิ่มทางเลือกให้ฉากสักฉากที่ผังแตกสาย (🌿) ก่อน,ยังไม่มีเรื่องแตกสายให้เล่น — เพิ่มทางเลือกให้ฉากสักฉากที่ผังแตกสาย (🌿) ก่อน,ยังไม่มีเรื่องแตกสายให้เล่น — เพิ่มทางเลือกให้ฉากสักฉากที่ผังแตกสาย (🌿) ก่อน,ยังไม่มีเรื่องแตกสายให้เล่น — เพิ่มทางเลือกให้ฉากสักฉากที่ผังแตกสาย (🌿) ก่อน,ไอคอน 🌿 อยู่กลางประโยค — ต้องเขียนประโยคใหม่
ui.plug.installWarn,,error,,⚠ ปลั๊กอินรันโค้ดได้เต็มที่ในโปรแกรม (อ่าน-เขียนไฟล์ในผลงานได้) — ติดตั้งเฉพาะจากคนที่เชื่อถือได้,ปลั๊กอินรันโค้ดได้เต็มที่ในโปรแกรม (อ่าน-เขียนไฟล์ในผลงานได้) — ติดตั้งเฉพาะจากคนที่เชื่อถือได้,⚠ Plugins run with full access to your project files — only install from sources you trust,Plugins run with full access to your project files — only install from sources you trust,
ui.project.fantasy,,fantasy,,🐉 แฟนตาซี,แฟนตาซี,🐉 แฟนตาซี,แฟนตาซี,
ui.project.investigateBack,,search,,🔍 สืบสวน/ลึกลับ,สืบสวน/ลึกลับ,🔍 สืบสวน/ลึกลับ,สืบสวน/ลึกลับ,
ui.project.screenplay,,film,,🎬 บทภาพยนตร์,บทภาพยนตร์,🎬 บทภาพยนตร์,บทภาพยนตร์,
ui.quickOpen.pickEnterOpenEsc,,arrow-up,,↑↓ เลือก · Enter เปิด · Esc ปิด · Ctrl+R สแกนใหม่,↓ เลือก · Enter เปิด · Esc ปิด · Ctrl+R สแกนใหม่,↑↓ เลือก · Enter เปิด · Esc ปิด · Ctrl+R สแกนใหม่,↓ เลือก · Enter เปิด · Esc ปิด · Ctrl+R สแกนใหม่,คีย์ลัด Ctrl+R ในประโยค — หาคำสั่งที่ตรงไม่เจอ
ui.recOrd.exportCSV,,export,,📤 ส่งออก CSV,ส่งออก CSV,📤 ส่งออก CSV,ส่งออก CSV,
ui.recOrd.normal,,smile,,🙂 ปกติ,ปกติ,🙂 ปกติ,ปกติ,
ui.recOrd.save,,checkmark,,✔ บันทึก,บันทึก,✔ บันทึก,บันทึก,
ui.recOrd.save2,,plus,,➕ บันทึก,บันทึก,➕ บันทึก,บันทึก,
ui.roster.fetchWiki,,arrow-down,,↓ ดึงจาก Wiki,ดึงจาก Wiki,↓ ดึงจาก Wiki,ดึงจาก Wiki,
ui.scene.chapterImportantFavorite,,star,,⭐ บทสำคัญ (Favorite),บทสำคัญ (Favorite),⭐ บทสำคัญ (Favorite),บทสำคัญ (Favorite),
ui.scene.filterSearchNameTag,,search,,🔍 กรอง — ค้นชื่อ/แท็ก/สถานะ/เรื่องย่อ,กรอง — ค้นชื่อ/แท็ก/สถานะ/เรื่องย่อ,🔍 กรอง — ค้นชื่อ/แท็ก/สถานะ/เรื่องย่อ,กรอง — ค้นชื่อ/แท็ก/สถานะ/เรื่องย่อ,
ui.scene.pinPin,,star,,⭐ ปักหมุด: ,ปักหมุด:,⭐ ปักหมุด: ,ปักหมุด:,
ui.scene.tableScene2,,chart,,📊 ตารางฉาก,ตารางฉาก,📊 ตารางฉาก,ตารางฉาก,
ui.scene.tableSceneAll,,chart,,📊 ตารางฉากทั้งหมด,ตารางฉากทั้งหมด,📊 ตารางฉากทั้งหมด,ตารางฉากทั้งหมด,
ui.search.searchProject,,search,,🔍 ค้นหาทั้งโปรเจกต์,ค้นหาทั้งโปรเจกต์,🔍 ค้นหาทั้งโปรเจกต์,ค้นหาทั้งโปรเจกต์,
ui.section.coverOut,,close,,✕ เอาปกออก,เอาปกออก,✕ เอาปกออก,เอาปกออก,
ui.section.pickImage,,image,,🖼 เลือกรูป…,เลือกรูป…,🖼 เลือกรูป…,เลือกรูป…,
ui.sensory.ambienceSensory,,globe,,🌐 บรรยากาศรับรู้,บรรยากาศรับรู้,🌐 บรรยากาศรับรู้,บรรยากาศรับรู้,
ui.sensory.smell,,sense-smell,,👃 กลิ่น,กลิ่น,👃 กลิ่น,กลิ่น,
ui.sensory.taste,,sense-taste,,👅 รสชาติ,รสชาติ,👅 รสชาติ,รสชาติ,
ui.sensory.thingHear,,sense-hearing,,👂 สิ่งที่ได้ยิน,สิ่งที่ได้ยิน,👂 สิ่งที่ได้ยิน,สิ่งที่ได้ยิน,
ui.sensory.touch,,sense-touch,,🖐 สัมผัส,สัมผัส,🖐 สัมผัส,สัมผัส,
ui.shortcutCategories.edit,,edit,,✏️ แก้ไข,แก้ไข,Edit,Edit,
ui.shortcutCategories.file,,folder-open,,📂 ไฟล์,ไฟล์,File,File,
ui.shortcutCategories.format,,palette,,🎨 รูปแบบ,รูปแบบ,Format,Format,
ui.shortcutCategories.navigation,,refresh,,🔄 การนำทาง,การนำทาง,Navigation,Navigation,
ui.shortcutCategories.view,,eye,,👁 มุมมอง,มุมมอง,View,View,
ui.split.closePane,,close,,✕ ปิดช่องนี้,ปิดช่องนี้,✕ Close pane,Close pane,
ui.spValidator.notFoundError,,check-circle,,✅ ไม่พบข้อผิดพลาด,ไม่พบข้อผิดพลาด,✅ ไม่พบข้อผิดพลาด,ไม่พบข้อผิดพลาด,
ui.status.export,,export,,📤 ส่งออก…,ส่งออก…,📤 ส่งออก…,ส่งออก…,
ui.status.import,,import,,📥 นำเข้า…,นำเข้า…,📥 นำเข้า…,นำเข้า…,
ui.status.manageStatusScene,,tag,,🏷 จัดการสถานะฉาก,จัดการสถานะฉาก,🏷 จัดการสถานะฉาก,จัดการสถานะฉาก,
ui.tags.list,,clipboard,,📋 รายการ,รายการ,📋 รายการ,รายการ,
ui.tags.manageVisualTags,,tag,,🏷 จัดการ Visual Tags,จัดการ Visual Tags,🏷 จัดการ Visual Tags,จัดการ Visual Tags,
ui.tags.tag3,,cloud,,☁️ เมฆแท็ก,เมฆแท็ก,☁️ เมฆแท็ก,เมฆแท็ก,
ui.tags.tag4,,tag,,🏷 แท็ก,แท็ก,🏷 แท็ก,แท็ก,
ui.tags.tagAll,,tag,,🏷 แท็กทั้งหมด,แท็กทั้งหมด,🏷 แท็กทั้งหมด,แท็กทั้งหมด,
ui.tbcfg.reset,,rotate-left,,↺ คืนค่าเริ่มต้น,คืนค่าเริ่มต้น,↺ Reset,Reset,
ui.thes.close,,close,,✕ ปิด,ปิด,✕ ปิด,ปิด,
ui.thes.thesaurusWordOpposite,,book-open,,"📖 คำพ้อง/คำตรงข้าม: ""{0}""","คำพ้อง/คำตรงข้าม: ""{0}""","📖 คำพ้อง/คำตรงข้าม: ""{0}""","คำพ้อง/คำตรงข้าม: ""{0}""",
ui.timeline.card,,grid,,▦ การ์ด,การ์ด,▦ การ์ด,การ์ด,
ui.timeline.hasDotEventTime,,error,,⚠ มี {0} จุดที่เหตุการณ์เวลาตรงกัน (ไฮไลต์สีส้ม) — ตรวจว่าตั้งใจหรือไม่,มี {0} จุดที่เหตุการณ์เวลาตรงกัน (ไฮไลต์สีส้ม) — ตรวจว่าตั้งใจหรือไม่,⚠ มี {0} จุดที่เหตุการณ์เวลาตรงกัน (ไฮไลต์สีส้ม) — ตรวจว่าตั้งใจหรือไม่,มี {0} จุดที่เหตุการณ์เวลาตรงกัน (ไฮไลต์สีส้ม) — ตรวจว่าตั้งใจหรือไม่,
ui.timeline.hasDotTimeAt,,error,,⚠ มี {0} จุดที่เวลาตรงกัน (ไฮไลต์สีส้ม),มี {0} จุดที่เวลาตรงกัน (ไฮไลต์สีส้ม),⚠ มี {0} จุดที่เวลาตรงกัน (ไฮไลต์สีส้ม),มี {0} จุดที่เวลาตรงกัน (ไฮไลต์สีส้ม),
ui.timeline.lineTime,,time,,🕒 เส้นเวลา,เส้นเวลา,🕒 เส้นเวลา,เส้นเวลา,
ui.toolbar.starter,,magic,,✨ Story Starter (ตั้งต้นเรื่อง · เล่นเป็นตอนกับ AI),Story Starter (ตั้งต้นเรื่อง · เล่นเป็นตอนกับ AI),✨ Story Starter (ตั้งต้นเรื่อง · เล่นเป็นตอนกับ AI),Story Starter (ตั้งต้นเรื่อง · เล่นเป็นตอนกับ AI),
ui.vis.addFree,,plus,,➕ แถวว่าง,แถวว่าง,➕ Blank row,Blank row,
ui.vis.addRow,,plus,,➕ เพิ่มจากบรรทัดในฉาก,เพิ่มจากบรรทัดในฉาก,➕ Add from scene lines,Add from scene lines,
ui.vis.cols,,cog,,⚙ คอลัมน์,คอลัมน์,⚙ Columns,Columns,
ui.vis.menu,,film,,🎬 เล่าด้วยภาพ,เล่าด้วยภาพ,🎬 Visual telling,Visual telling,
ui.vis.viewFull,,fullscreen,,⛶ เต็มจอ,เต็มจอ,⛶ Full screen,Full screen,
ui.wiki.aiFillTip,,magic,,✨ ให้ AI เติมช่องนี้ให้ (คลิกเดียว),ให้ AI เติมช่องนี้ให้ (คลิกเดียว),✨ Let AI fill this field (one click),Let AI fill this field (one click),
ui.wiki.decision,,gamepad,,🎮 การตัดสินใจที่เกี่ยวกับ ,การตัดสินใจที่เกี่ยวกับ,🎮 การตัดสินใจที่เกี่ยวกับ ,การตัดสินใจที่เกี่ยวกับ,
ui.wiki.saveCtrlS,,,, บันทึก (Ctrl+S), บันทึก, บันทึก (Ctrl+S), บันทึก,ตัดคีย์ลัดท้าย (Ctrl+S) — ให้ UI เติมจาก commands.csv
ui.html.saveAllBtn,,,,บันทึกทั้งหมด (Ctrl+Shift+S),บันทึกทั้งหมด,Save all (Ctrl+Shift+S),Save all,ตัดคีย์ลัดท้าย (Ctrl+Shift+S) — ให้ UI เติมจาก commands.csv
ui.html.tbTheme,,,,ธีมมืด — คลิกเพื่อไปธีมสว่าง (Ctrl+Shift+P),ธีมมืด — คลิกเพื่อไปธีมสว่าง,Dark theme — click for the light one (Ctrl+Shift+P),Dark theme — click for the light one,ตัดคีย์ลัดท้าย (Ctrl+Shift+P) — ให้ UI เติมจาก commands.csv
ui.html.tbMode,toggle-format,,,สลับโหมดเอกสาร นิยาย ↔ บทหนัง (Ctrl+Shift+M),สลับโหมดเอกสาร นิยาย ↔ บทหนัง,Switch document mode: prose ↔ screenplay (Ctrl+Shift+M),Switch document mode: prose ↔ screenplay,ตัดคีย์ลัดท้าย (Ctrl+Shift+M) — ให้ UI เติมจาก commands.csv
ui.html.tbBold,fmt:bold,,,ตัวหนา (Ctrl+B),ตัวหนา,Bold (Ctrl+B),Bold,ตัดคีย์ลัดท้าย (Ctrl+B) — ให้ UI เติมจาก commands.csv
ui.html.tbItalic,fmt:italic,,,ตัวเอียง (Ctrl+I),ตัวเอียง,Italic (Ctrl+I),Italic,ตัดคีย์ลัดท้าย (Ctrl+I) — ให้ UI เติมจาก commands.csv
ui.html.tbUnderline,fmt:underline,,,ขีดเส้นใต้ (Ctrl+U),ขีดเส้นใต้,Underline (Ctrl+U),Underline,ตัดคีย์ลัดท้าย (Ctrl+U) — ให้ UI เติมจาก commands.csv
ui.html.tbAlignLeft,fmt:align:left,,,ชิดซ้าย (Ctrl+Shift+L),ชิดซ้าย,Align left (Ctrl+Shift+L),Align left,ตัดคีย์ลัดท้าย (Ctrl+Shift+L) — ให้ UI เติมจาก commands.csv
ui.html.tbAlignCenter,fmt:align:center,,,กึ่งกลาง (Ctrl+Shift+K),กึ่งกลาง,Align centre (Ctrl+Shift+K),Align centre,ตัดคีย์ลัดท้าย (Ctrl+Shift+K) — ให้ UI เติมจาก commands.csv
ui.html.tbAlignRight,fmt:align:right,,,ชิดขวา (Ctrl+Shift+R),ชิดขวา,Align right (Ctrl+Shift+R),Align right,ตัดคีย์ลัดท้าย (Ctrl+Shift+R) — ให้ UI เติมจาก commands.csv
ui.html.tbAlignJustify,fmt:align:justify,,,เต็มบรรทัด (Ctrl+Shift+J),เต็มบรรทัด,Justify (Ctrl+Shift+J),Justify,ตัดคีย์ลัดท้าย (Ctrl+Shift+J) — ให้ UI เติมจาก commands.csv
ui.html.tbGallery,gallery,,,คลังรูปภาพ (Ctrl+Shift+G),คลังรูปภาพ,Image library (Ctrl+Shift+G),Image library,ตัดคีย์ลัดท้าย (Ctrl+Shift+G) — ให้ UI เติมจาก commands.csv
ui.html.tbGsearch,global-search,,,ค้นหาทั้งโปรเจกต์ (Ctrl+Shift+F),ค้นหาทั้งโปรเจกต์,Search the whole project (Ctrl+Shift+F),Search the whole project,ตัดคีย์ลัดท้าย (Ctrl+Shift+F) — ให้ UI เติมจาก commands.csv
ui.html.tbClose,close-tab,,,ปิดแท็บ (Ctrl+W),ปิดแท็บ,Close tab (Ctrl+W),Close tab,ตัดคีย์ลัดท้าย (Ctrl+W) — ให้ UI เติมจาก commands.csv
ui.html.tbCloseAll,close-all-tabs,,,ปิดทุกแท็บ (Ctrl+Shift+W),ปิดทุกแท็บ,Close every tab (Ctrl+Shift+W),Close every tab,ตัดคีย์ลัดท้าย (Ctrl+Shift+W) — ให้ UI เติมจาก commands.csv
ui.html.tbFocus,focus-mode,,,โหมดโฟกัส (Ctrl+Shift+D),โหมดโฟกัส,Focus mode (Ctrl+Shift+D),Focus mode,ตัดคีย์ลัดท้าย (Ctrl+Shift+D) — ให้ UI เติมจาก commands.csv
ui.html.tbTypewriter,typewriter,,,โหมดเครื่องพิมพ์ดีด (Ctrl+Shift+T),โหมดเครื่องพิมพ์ดีด,Typewriter mode (Ctrl+Shift+T),Typewriter mode,ตัดคีย์ลัดท้าย (Ctrl+Shift+T) — ให้ UI เติมจาก commands.csv
ui.html.tbQuickopen,quick-open,,,ค้นหาไฟล์ด่วน (Ctrl+Shift+O),ค้นหาไฟล์ด่วน,Quick open a file (Ctrl+Shift+O),Quick open a file,ตัดคีย์ลัดท้าย (Ctrl+Shift+O) — ให้ UI เติมจาก commands.csv
ui.html.tbAiHub,toggle-panel:ai-hub,,,AI Hub — ทางเข้าเดียวของทุกความสามารถ AI (Ctrl+Alt+Q),AI Hub — ทางเข้าเดียวของทุกความสามารถ AI,AI Hub — one door into every AI feature (Ctrl+Alt+Q),AI Hub — one door into every AI feature,ตัดคีย์ลัดท้าย (Ctrl+Alt+Q) — ให้ UI เติมจาก commands.csv
ui.html.tbStarter,story-starter-toggle,magic,,✨ Story Starter (ตั้งต้นเรื่อง · เล่นเป็นตอนกับ AI),Story Starter (ตั้งต้นเรื่อง · เล่นเป็นตอนกับ AI),✨ Story Starter — set a story up and play it out with AI,Story Starter — set a story up and play it out with AI,
ui.html.tbAiAnalyzer,ai-analyzer,brain,,🧠 AI วิเคราะห์ (จังหวะเรื่อง · ตัวละคร · คำซ้ำ),AI วิเคราะห์ (จังหวะเรื่อง · ตัวละคร · คำซ้ำ),🧠 AI analysis — pacing · characters · repeated words,AI analysis — pacing · characters · repeated words,
ui.html.tbCodex,toggle-panel:codex,book-content,,📚 สารานุกรม (Codex — เอนทิตี้ Wiki ทั้งเล่ม · ส่งออกเป็นเว็บได้),สารานุกรม (Codex — เอนทิตี้ Wiki ทั้งเล่ม · ส่งออกเป็นเว็บได้),"📚 Codex — every Wiki entry in one book, exportable as a website","Codex — every Wiki entry in one book, exportable as a website",
ui.html.tbHistory,toggle-panel:history,history,,🕘 ประวัติการทำงาน (ย้อนกลับไปจุดไหนก็ได้),ประวัติการทำงาน (ย้อนกลับไปจุดไหนก็ได้),🕘 Work history — roll back to any point,Work history — roll back to any point,
ui.html.tbRecord,toggle-panel:record,notepad,,🗒 บันทึกประจำวัน (จดว่าวันนี้ทำอะไร · ส่งออก CSV),บันทึกประจำวัน (จดว่าวันนี้ทำอะไร · ส่งออก CSV),"🗒 Daily journal — what you did today, exportable as CSV","Daily journal — what you did today, exportable as CSV",
ui.html.tbDialogue,toggle-panel:dialogue,,,บทพูดทั้งผลงาน (Ctrl+Alt+L),บทพูดทั้งผลงาน,Dialogue across the whole work (Ctrl+Alt+L),Dialogue across the whole work,ตัดคีย์ลัดท้าย (Ctrl+Alt+L) — ให้ UI เติมจาก commands.csv
ui.html.tbPlugins,toggle-panel:plugins,,,ปลั๊กอิน (Ctrl+Alt+E),ปลั๊กอิน,Plugins (Ctrl+Alt+E),Plugins,ตัดคีย์ลัดท้าย (Ctrl+Alt+E) — ให้ UI เติมจาก commands.csv
ui.html.tbTimeline,toggle-panel:timeline,,,เส้นเวลา (Ctrl+Alt+T),เส้นเวลา,Timeline (Ctrl+Alt+T),Timeline,ตัดคีย์ลัดท้าย (Ctrl+Alt+T) — ให้ UI เติมจาก commands.csv
ui.html.tbMaps,toggle-panel:maps,,,แผนที่ (Ctrl+Alt+M),แผนที่,Maps (Ctrl+Alt+M),Maps,ตัดคีย์ลัดท้าย (Ctrl+Alt+M) — ให้ UI เติมจาก commands.csv
ui.html.tbBooks,toggle-panel:books,,,จัดการเล่ม (Ctrl+Alt+K),จัดการเล่ม,Book manager (Ctrl+Alt+K),Book manager,ตัดคีย์ลัดท้าย (Ctrl+Alt+K) — ให้ UI เติมจาก commands.csv
ui.html.tbPlanner,toggle-panel:planner,,,กระดานวางแผน (Ctrl+Alt+P),กระดานวางแผน,Planner board (Ctrl+Alt+P),Planner board,ตัดคีย์ลัดท้าย (Ctrl+Alt+P) — ให้ UI เติมจาก commands.csv
ui.html.tbBranch,toggle-panel:branch,,,ผังแตกสาย (Ctrl+Alt+B),ผังแตกสาย,Branching map (Ctrl+Alt+B),Branching map,ตัดคีย์ลัดท้าย (Ctrl+Alt+B) — ให้ UI เติมจาก commands.csv
ui.html.tbFloorplan,toggle-panel:floorplan,,,ผังพื้นที่ (Ctrl+Alt+F),ผังพื้นที่,Floor plan (Ctrl+Alt+F),Floor plan,ตัดคีย์ลัดท้าย (Ctrl+Alt+F) — ให้ UI เติมจาก commands.csv
ui.html.tbPlayer,toggle-panel:player,,,ทดลองเล่น (Ctrl+Alt+Y),ทดลองเล่น,Play through (Ctrl+Alt+Y),Play through,ตัดคีย์ลัดท้าย (Ctrl+Alt+Y) — ให้ UI เติมจาก commands.csv
ui.html.tbGalleryBoard,toggle-panel:gallery-board,,,กระดานอารมณ์ (Ctrl+Alt+G),กระดานอารมณ์,Mood board (Ctrl+Alt+G),Mood board,ตัดคีย์ลัดท้าย (Ctrl+Alt+G) — ให้ UI เติมจาก commands.csv
ui.html.tbComments,toggle-panel:comments,,,คอมเมนต์ (Ctrl+Alt+O),คอมเมนต์,Comments (Ctrl+Alt+O),Comments,ตัดคีย์ลัดท้าย (Ctrl+Alt+O) — ให้ UI เติมจาก commands.csv
ui.html.zoomCtl,,,,ซูมหน้ากระดาษ (Ctrl+ล้อเมาส์),ซูมหน้ากระดาษ,Zoom the page (Ctrl + mouse wheel),Zoom the page (Ctrl + mouse wheel),ตัดคีย์ลัดท้าย (Ctrl+ล้อเมาส์) — ให้ UI เติมจาก commands.csv
ui.html.zoomOut,zoom,,,ย่อ (Ctrl+-),ย่อ,Zoom out (Ctrl+-),Zoom out,ตัดคีย์ลัดท้าย (Ctrl+-) — ให้ UI เติมจาก commands.csv
ui.html.zoomIn,zoom,,,ขยาย (Ctrl+=),ขยาย,Zoom in (Ctrl+=),Zoom in,ตัดคีย์ลัดท้าย (Ctrl+=) — ให้ UI เติมจาก commands.csv
ui.html.zoomReset,zoom,,,รีเซ็ต (Ctrl+Shift+0),รีเซ็ต,Reset zoom (Ctrl+Shift+0),Reset zoom,ตัดคีย์ลัดท้าย (Ctrl+Shift+0) — ให้ UI เติมจาก commands.csv
ui.html.tbModeText,,book-open,chevron-down,📖 นิยาย ▾,นิยาย,📖 Prose ▾,Prose,
ui.menu.importScrivenerScrivI,import-scrivener,,,นำเข้าจาก Scrivener (.scriv)… ({0}+{1}+{2}+I),นำเข้าจาก Scrivener (.scriv)…,Import from Scrivener (.scriv)… ({0}+{1}+{2}+I),Import from Scrivener (.scriv)…,ตัดคีย์ลัดท้าย ({0}+{1}+{2}+I) — ให้ UI เติมจาก commands.csv
ui.menu.textCaseCycleU,text-case-cycle,,,วนรูปตัวพิมพ์ ({0}+{1}+U),วนรูปตัวพิมพ์,Cycle letter case ({0}+{1}+U),Cycle letter case,ตัดคีย์ลัดท้าย ({0}+{1}+U) — ให้ UI เติมจาก commands.csv
ui.menu.thesaurusT,thesaurus,,,คลังคำพ้อง/คำตรงข้าม… ({0}+{1}+{2}+T),คลังคำพ้อง/คำตรงข้าม…,Thesaurus… ({0}+{1}+{2}+T),Thesaurus…,ตัดคีย์ลัดท้าย ({0}+{1}+{2}+T) — ให้ UI เติมจาก commands.csv
ui.menu.backlinksPanelB,,link,,🔗 ฉากที่กล่าวถึง ({0}+{1}+{2}+B),ฉากที่กล่าวถึง,🔗 Mentions ({0}+{1}+{2}+B),Mentions,ตัดคีย์ลัดท้าย ({0}+{1}+{2}+B) — ให้ UI เติมจาก commands.csv
