meta.code,en
meta.name,English
meta.nativeName,English
meta.version,3
meta.author,Killian 2
ui.about.changelog,What's new
ui.about.checkUpdate,Check for updates
ui.about.credits,Credits
ui.about.dataFolder,Project folder
ui.ai.aiChatRAGUse,ai chat: RAG unavailable → asking directly
ui.ai.aiChatStreamFail,ai chat: stream failed
ui.ai.aPIKeyNotValid,The API key is invalid or has expired (HTTP 
ui.ai.assistantTitle,AI writing assistant
ui.ai.callAINotOk,The AI call failed (HTTP 
ui.ai.callFail,AI call failed
ui.ai.callTryNewTimes,Too many requests — please try again (HTTP 429)
ui.ai.cantSettingsAPIKey,No API key set yet (menu AI → AI settings)
ui.ai.charA,Character A: 
ui.ai.charADesc,"Character A description (personality, speech, goal…)"
ui.ai.charB,Character B: 
ui.ai.charBDesc,Character B description
ui.ai.chatPlaceholder,Ask about your story…
ui.ai.collecting,Collecting data…
ui.ai.collectingScenes,Collecting scenes…
ui.ai.connectAICant,Cannot connect to the AI: 
ui.ai.consistTitle,Consistency check — 
ui.ai.consistWorking,Checking consistency…
ui.ai.ctxLabel,Context: 
ui.ai.dataRefProject,Reference material from the project
ui.ai.description,Description
ui.ai.detailLabel,Details:
ui.ai.dialogueCtx,"Scene context (situation, place, goal…)"
ui.ai.dialogueLabel,Dialogue:
ui.ai.dialogueTitle,Generate dialogue
ui.ai.dialogueWorking,Generating dialogue…
ui.ai.edit,Prose
ui.ai.entityReadFail,Could not read the entity file
ui.ai.entityUnnamed,Unnamed entity
ui.ai.error,Something went wrong
ui.ai.errorMark,Something went wrong
ui.ai.errorRetry,"Something went wrong, please try again"
ui.ai.evidenceLabel,Evidence: 
ui.ai.extraHint,Extra instructions (optional)
ui.ai.fileKeepKeyPart,This file holds your private key — do not share it or include it in a zip you pass on
ui.ai.formatLabel,Format: 
ui.ai.foundDotCheckRound,Found {0} {0|issue|issues} · {1} {1|pass|passes} checked
ui.ai.foundDotSceneAppear,Found {0} {0|issue|issues} in {1} {1|scene|scenes} where they appear
ui.ai.freeform,Freeform
ui.ai.general,General
ui.ai.generating,AI is writing...
ui.ai.genSynopsis,Let AI write it
ui.ai.greeting,"Hi! Ask me anything about your story, e.g."
ui.ai.hasRoundCallAI,{0} AI {0|call|calls} failed
ui.ai.important,Major
ui.ai.inputLabel,Text to process
ui.ai.insert,Insert
ui.ai.insertedDialogue,Dialogue inserted into the scene
ui.ai.insertedResult,AI result inserted into the scene
ui.ai.insertScene,Insert into scene
ui.ai.kindLabel,Kind: 
ui.ai.msg,Critical
ui.ai.nameA,Character A name
ui.ai.nameB,Character B name
ui.ai.needBothChars,Enter both character names
ui.ai.needSetup,Set up AI first: menu AI → AI settings
ui.ai.new,Create
ui.ai.noAnswer,(no answer)
ui.ai.noInconsist,No inconsistencies found
ui.ai.noPlotHoles,No plot holes found
ui.ai.noProject,No project is open
ui.ai.noScenes,(no scenes in this project)
ui.ai.notChangeTone,Keep the tone
ui.ai.notKnownProvider,Unknown provider: 
ui.ai.notSet,(not set)
ui.ai.opContinue,Continue
ui.ai.openProjectFirst,Open a project first
ui.ai.opExpand,Expand
ui.ai.opLabel,Operation: 
ui.ai.opRewrite,Rewrite
ui.ai.opSummarize,Summarize
ui.ai.opTone,Change tone
ui.ai.orWord,or
ui.ai.partialKept,Kept the text received before the connection dropped
ui.ai.pickEntity,Select an entity (character) first
ui.ai.plotTitle,Plot hole check
ui.ai.plotWorking,Checking for plot holes…
ui.ai.readAnswerAICant,Could not read the AI's answer (not JSON)
ui.ai.readFail,Could not read file: 
ui.ai.result,Processing
ui.ai.resultLabel,Result:
ui.ai.sample1,Who are the characters in this story?
ui.ai.sample2,Summarize the fight scenes for me
ui.ai.savedToWiki,Saved to the Wiki: 
ui.ai.saveWiki,Save to Wiki
ui.ai.sceneLabel,Scene: 
ui.ai.searchingProject,Searching the project…
ui.ai.sendingToAi,Sending to AI…
ui.ai.smallLess,Minor
ui.ai.sources,Sources: 
ui.ai.speakerLabel,Speaker: 
ui.ai.textLabel,Text:
ui.ai.textNotOk,Text stream failed: 
ui.ai.toneCasual,Casual
ui.ai.toneConcise,Concise
ui.ai.toneDark,Dark
ui.ai.toneDetailed,Detailed
ui.ai.toneFormal,Formal
ui.ai.toneFunny,Funny
ui.ai.toneLabel, Tone: 
ui.ai.toneRomantic,Romantic
ui.ai.toneTense,Tense
ui.ai.useDataContextMain,"Rely mainly on the context provided. If the information is not there, say it was not found. Answer in English."
ui.ai.wCity,City
ui.ai.wCulture,Culture
ui.ai.wEconomy,Economy
ui.ai.wFaction,Faction
ui.ai.wMagic,Magic system
ui.ai.wordAsk,Question: 
ui.ai.working,Working…
ui.ai.worldPrompt,"Describe what to build (e.g. ""a magic system that costs blood"")"
ui.ai.worldTitle,World builder
ui.ai.wReligion,Religion
ui.ai.youAssistantWriterReply,You are a writing assistant. Answer questions about the user's story. 
ui.aia.adjKeep,Keep
ui.aia.adjLessComedy,Less comedy
ui.aia.adjLessDrama,Less drama
ui.aia.adjMoreComedy,More comedy
ui.aia.adjMoreDrama,More drama
ui.aia.aiHead,AI reading
ui.aia.aiNoFinding,The AI found nothing worth flagging
ui.aia.aiOffHint,Showing the computed layer only (AI is off or not configured).
ui.aia.aiSettings,AI settings
ui.aia.aiSettingsTip,Open the AI provider settings without going through the settings menu
ui.aia.analyzePaceStory,Story pacing analysis
ui.aia.arcGap,Absent
ui.aia.arcHead,{0} — {1} mentions across {2} {2|scene|scenes}
ui.aia.busy,Analysing…
ui.aia.cmpBalanced,Balanced
ui.aia.cmpDialogue,Dialogue
ui.aia.cmpInteriority,Interiority
ui.aia.cmpLeanN,leads in {0} {0|scene|scenes}
ui.aia.cmpNarration,Narration
ui.aia.cmpOverall,Overall
ui.aia.confirmDelSession,Delete session “{0}”?
ui.aia.crCast,Cast balance
ui.aia.crCastNote,{0} {0|character|characters} · lead takes {1}%
ui.aia.crConflict,Conflict
ui.aia.crConflictNote,{0} {0|scene|scenes} show no conflict markers
ui.aia.crDialogue,Dialogue balance
ui.aia.crDialogueNote,Dialogue averages {0}% of scene text
ui.aia.crLanguage,Prose cleanliness
ui.aia.crLanguageNote,{0} close {0|repeat|repeats} found
ui.aia.crPacing,Pacing
ui.aia.crPacingNote,Avg tempo {0} · {1} slow {1|run|runs}
ui.aia.crSceneLen,Scene-length consistency
ui.aia.crSceneLenNote,Mean {0} {0|word|words} · sd {1}
ui.aia.csAdjust,Adjust
ui.aia.csAnalysis,Analysis
ui.aia.csAvgSent,Avg sentence (words)
ui.aia.csChapter,Chapter
ui.aia.csCharacter,Character
ui.aia.csClosest,Closest gap (words)
ui.aia.csComedy,Comedy/1k words
ui.aia.csCostUsd,Cost (USD)
ui.aia.csCount,Count
ui.aia.csCreated,Created
ui.aia.csCriterion,Criterion
ui.aia.csDensity,Per 1k words
ui.aia.csDetail,Detail
ui.aia.csDialogue,Dialogue %
ui.aia.csDrag,Drag
ui.aia.csDrama,Drama/1k words
ui.aia.csExpected,Usual
ui.aia.csFound,Found
ui.aia.csLines,Lines
ui.aia.csMarkers,Markers
ui.aia.csMentions,Mentions
ui.aia.csMinutes,Minutes
ui.aia.csNarration,Longest narration (words)
ui.aia.csNote,Note
ui.aia.csOdd,Shifts
ui.aia.csPages,Pages
ui.aia.csParticle,Usual particle
ui.aia.csPer10k,Per 10k
ui.aia.csPronoun,Usual pronoun
ui.aia.csQuote,Quote
ui.aia.csReason,Reason
ui.aia.csScene,Scene
ui.aia.csScope,Scope
ui.aia.csScore,Score
ui.aia.csSession,Session
ui.aia.csSeverity,Severity
ui.aia.csShare,Share %
ui.aia.csSharedScenes,Shared scenes
ui.aia.csSideA,Character A
ui.aia.csSideB,Character B
ui.aia.csSpeaker,Speaker
ui.aia.csStat,Statistic
ui.aia.csSuggestion,Suggestion
ui.aia.csSummary,Summary
ui.aia.csTempo,Tempo
ui.aia.csTitle,Title
ui.aia.csTokenUsed,Tokens used
ui.aia.csTone,Tone
ui.aia.csValue,Value
ui.aia.csvSaved,CSV saved to {0}
ui.aia.csWord,Word
ui.aia.csWords,Words
ui.aia.dArc,"How often each character appears per chapter, and where they disappear."
ui.aia.dComposition,"How much of each scene is dialogue, interiority and narration — and which way it leans"
ui.aia.dConflict,Which scenes carry conflict and which are flat.
ui.aia.dContinuity,Whether character and world details stay consistent across the chosen scope.
ui.aia.dDialog,"Finds speeches that run too long, written language in characters' mouths, as-you-know exposition and constant name-calling."
ui.aia.dDrag,"Scores drag per scene from tempo, conflict, length and long unbroken narration."
ui.aia.dgArc,{0}: mentioned {1} {1|time|times} across {2} {2|scene|scenes}
ui.aia.dgArcGap, · absent: {0}
ui.aia.dgComposition,{0} [{1}] dialogue={2}% interiority={3}% narration={4}% → {5}
ui.aia.dgConflict,{0} [{1}] no conflict marker found
ui.aia.dgDialog,{0} [{1}] speaker={2} · {3}: “{4}”
ui.aia.dgDrag,{0} [{1}] drag={2} tempo={3} longest narration={4} {4|word|words} · {5}
ui.aia.dgLength,{0} [{1}] {2} {2|word|words} ({3} min)
ui.aia.dgLogic,{0} [{1}] markers: {2} · “{3}”
ui.aia.dgNote,{0} [{1}] {2}
ui.aia.dgOocChar,{0}: {1} {1|line|lines} · usual pronoun={2} · usual particle={3}
ui.aia.dgOocOdd,{0} in {1} [{2}] uses “{3}” instead of “{4}”: “{5}”
ui.aia.dgPacing,{0} [{1}] tempo={2} dialogue={3}% {4} {4|word|words}
ui.aia.dgRepeat,"“{0}” ×{1} in {2} [{3}], closest {4} {4|word|words} apart"
ui.aia.dgScore,{0}: {1}/10 — {2}
ui.aia.dgScreentime,{0}: {1} {1|scene|scenes} · {2} {2|mention|mentions} · {3}%
ui.aia.dgShipping,{0} × {1}: {2} shared {2|scene|scenes} · score {3}
ui.aia.dgTone,{0} [{1}] tone={2} comedy={3}/1k drama={4}/1k
ui.aia.dgWords,{0} ×{1} ({2} per 10k)
ui.aia.dLength,"Scene length against the median, with estimated reading time."
ui.aia.dlgR.exposition,as-you-know
ui.aia.dlgR.long,too long
ui.aia.dlgR.vocative,name-calling
ui.aia.dlgR.written,written style
ui.aia.dlgVocNote,Names the other person in {0} of {1} {1|line|lines} in this scene
ui.aia.dLogic,"Finds events driven by coincidence or luck, decisions without motivation, and cause-and-effect that doesn't connect."
ui.aia.done,done
ui.aia.dOoc,Compares each character's behaviour and voice with their Wiki profile and with themselves in other scenes (shifts in pronouns and particles).
ui.aia.dPacing,"Which scenes drag and which rush — from dialogue share, sentence length and scene length."
ui.aia.dPlotHole,"Contradictions, threads left open, and missing motivation."
ui.aia.dragR.long,longer than usual
ui.aia.dragR.narration,long unbroken narration
ui.aia.dragR.noConflict,no sign of conflict
ui.aia.dragR.slow,slower than average
ui.aia.dRepeat,The same word reappearing close enough to trip the reader.
ui.aia.dScore,Two layers: a metric score and an AI reading.
ui.aia.dScreentime,"Who takes up the page, by scenes present and mentions."
ui.aia.dShipping,Character pairs that share the most scenes and romantic weight.
ui.aia.dTone,"Shows which scenes stray from the intended tone, where to add or cut comedy/drama, and where the mood swings too hard."
ui.aia.dWords,Most-used words with a per-10k rate (stopwords and character names removed).
ui.aia.errAiFail,The AI call failed
ui.aia.errCsv,Could not write the CSV file
ui.aia.errNoScene,No scenes in the chosen scope
ui.aia.errNothingToExport,Nothing to export yet — run an analysis first
ui.aia.errNothingToSave,Nothing to save yet — run an analysis first
ui.aia.errOpenScene,Could not open the scene from the analyzer panel
ui.aia.errRun,Analysis failed
ui.aia.errSessionDel,Could not delete the session
ui.aia.errSessionRead,Could not read session file: 
ui.aia.errSessionSave,Could not save the session
ui.aia.errUnknownKind,Unknown analysis type
ui.aia.estAll,All 11 kinds ≈ {0} {0|token|tokens} · {1}
ui.aia.estOff,AI is off — nothing will be charged
ui.aia.estTip,Estimate before calling the AI — scene text + instructions + reply cap
ui.aia.estTokens,≈ {0} {0|token|tokens} · {1}
ui.aia.exportCsv,Export CSV
ui.aia.exportCsvOne,Export this analysis as CSV
ui.aia.exportCsvTip,Export every result in this scope as CSV (opens in Excel/Sheets)
ui.aia.fastRun,Fast run
ui.aia.groupDoctor,Script doctor
ui.aia.groupDoctorDesc,"These numbers are signals worth a look, not verdicts — turn on AI to have the model read the real context and judge."
ui.aia.groupStats,Overview analyses
ui.aia.lead,"Eleven ways to analyse the manuscript, scoped to the whole project, one book, one chapter or one scene. Every one computes locally; AI adds a reading on top when configured."
ui.aia.longScene,Scene length
ui.aia.noMarker,No markers
ui.aia.noProject,No project open
ui.aia.noSignal,No signals in this scope
ui.aia.noteCharOnce,Appears once in the whole scope — deliberate or dropped?
ui.aia.noteNoPov,No POV set
ui.aia.nScene, · {0} {0|scene|scenes}
ui.aia.oocHabit,usual: {0} · {1}
ui.aia.oocNoProfile,no profile
ui.aia.oocShift,uses “{0}” instead of “{1}”
ui.aia.partCurveCharacter,Character arcs
ui.aia.pFormatDoctor,"Answer format: a JSON array of {""title"":""short title"",""detail"":""what is wrong"",""severity"":""critical|major|minor"",""sceneId"":""scene id"",""quote"":""the original line at fault (short)"",""character"":""character name if relevant"",""suggestion"":""the fix or a rewritten example""}"
ui.aia.pFormatFindings,"Answer format: a JSON array of {""title"":""short title"",""detail"":""explanation"",""severity"":""critical|major|minor"",""sceneId"":""scene id if any"",""suggestion"":""what to do""}"
ui.aia.pFormatScore,"Answer format: a JSON object {""criteria"":[{""label"":""criterion"",""score"":0-10,""note"":""one-line reason""}],""total"":0-10,""summary"":""one paragraph""}"
ui.aia.pFormatTone,"Answer format: a JSON array of {""title"":""short title"",""detail"":""how it strays from the tone"",""severity"":""critical|major|minor"",""sceneId"":""scene id"",""adjust"":""more-comedy|less-comedy|more-drama|less-drama|keep"",""quote"":""the line at fault (if any)"",""suggestion"":""how to adjust""}"
ui.aia.pHeadNumbers,Numbers already counted by the app (treat as correct; do not recount):
ui.aia.pHeadProfiles,Character profiles from the Wiki (treat as established traits):
ui.aia.pHeadScenes,Scene text:
ui.aia.pHeadScope,Scope: 
ui.aia.pHeadTask,Task: 
ui.aia.pNoProfiles,(No character profiles in the Wiki — compare each character with their own behaviour in other scenes instead.)
ui.aia.pRules,"Rules: cite only what appears above or in the attached scenes · include the exact sceneId when you refer to a scene · be concise and specific · if there is nothing to report, answer with an empty array []."
ui.aia.pToneAuto,"not specified — first judge the main tone from the whole story, then hold it as the target"
ui.aia.pToneTarget,Intended tone: 
ui.aia.pTruncated, (partial — over the token budget)
ui.aia.reload,Reload
ui.aia.rowLength,{0} {0|word|words} · {1} min
ui.aia.rowPacing,{0} {0|word|words} · {1}% dialogue · {2} {2|word|words}/sentence
ui.aia.rowRepeat,{0} · closest {1} {1|word|words} apart
ui.aia.rowScreentime,{0} {0|scene|scenes} · {1} {1|mention|mentions}
ui.aia.rowShip,{0} shared {0|scene|scenes} · {1} {1|mention|mentions}
ui.aia.run,Analyze
ui.aia.runAll,Run all
ui.aia.runRange,{0} → {1} · {2} in a row
ui.aia.scopeBook,This book
ui.aia.scopeChapter,This chapter
ui.aia.scopeProject,Whole project
ui.aia.scopeScene,This scene
ui.aia.scoreAiHead,AI score
ui.aia.scoreLocalHead,Metric score
ui.aia.sessionAuto,Analysis of {0}
ui.aia.sessionCost,{0} {0|token|tokens} · ${1}
ui.aia.sessionCurrent,Open session: {0}
ui.aia.sessionDeleted,Deleted session “{0}”
ui.aia.sessionEmpty,No sessions saved in this project yet
ui.aia.sessionKinds,{0} {0|kind|kinds}
ui.aia.sessionList,Sessions
ui.aia.sessionListTip,Open a session saved in this project
ui.aia.sessionOpen,Open
ui.aia.sessionOpened,Opened session “{0}”
ui.aia.sessionSave,Save session
ui.aia.sessionSaved,Saved session “{0}”
ui.aia.sessionSaveTip,Store the results for this scope inside the project (Analysis folder)
ui.aia.sessionSaveTitle,Name this session
ui.aia.sessionTitle,Analysis sessions
ui.aia.slowRun,Slow run
ui.aia.stAvgWordScene,Avg words / scene
ui.aia.stChapter,Chapters
ui.aia.stCharAppear,Characters seen
ui.aia.stCharGap,Characters with gaps
ui.aia.stCharOnce,One-shot characters
ui.aia.stCmpLean,Leans toward
ui.aia.stConflictDensity,Markers per 1k words
ui.aia.stDialogueAvg,Avg dialogue
ui.aia.stDlgExpo,As-you-know lines
ui.aia.stDlgLines,Dialogue lines
ui.aia.stDlgLong,Overlong lines
ui.aia.stDlgVoc,Scenes heavy on name-calling
ui.aia.stDlgWritten,Written-style speech
ui.aia.stDragAvg,Average drag
ui.aia.stDragNarr,Longest narration (words)
ui.aia.stDragRuns,Slow stretches
ui.aia.stDragScenes,Scenes at risk of dragging
ui.aia.stFastRun,Fast runs
ui.aia.stHasStoryDate,Scenes with story date
ui.aia.stLead,Lead
ui.aia.stLeadShare,Lead share
ui.aia.stLogicHits,Coincidences / shortcuts
ui.aia.stLogicLate,In the last quarter
ui.aia.stLogicScenes,Scenes found
ui.aia.stMedian,Median
ui.aia.stNoConflict,Scenes with none
ui.aia.stNoPov,Scenes without POV
ui.aia.stOocOdd,Voice shifts
ui.aia.stOocProfile,With a Wiki profile
ui.aia.stOocSpeakers,Characters who speak
ui.aia.stPairFound,Pairs found
ui.aia.stReadTime,Total reading time
ui.aia.stRepeatFound,Repeats found
ui.aia.stRichWord,Lexical variety
ui.aia.stRomanceWord,Romance cues
ui.aia.stSceneAffected,Scenes affected
ui.aia.stSceneHasConflict,Scenes with conflict
ui.aia.stScoreLocal,Metric score
ui.aia.stSilentChar,Never mentioned
ui.aia.stSlowRun,Slow runs
ui.aia.stTempoAvg,Avg tempo
ui.aia.stToneOff,Off-tone scenes
ui.aia.stToneOverall,Overall tone
ui.aia.stToneTarget,Intended tone
ui.aia.stToneWhip,Tonal whiplash
ui.aia.stTooLong,Outlier-long scenes
ui.aia.stTopPair,Strongest pair
ui.aia.stUniqueWord,Unique words
ui.aia.stWindow,Proximity window
ui.aia.sysEditor,"You are a meticulous, blunt manuscript editor. Analyse only what appears in the material given; never invent events or details. Answer with JSON only, nothing outside the JSON."
ui.aia.tagNeedAI,needs AI
ui.aia.taskArc,"From each character’s appearances, say whose arc breaks, who vanishes for too long, and who shows no development."
ui.aia.taskComposition,"Read the per-scene split of dialogue/interiority/narration. Say which scenes lean so far that pacing or emotion suffers, where to add dialogue or the character's inner thoughts, and whether the overall balance suits the genre."
ui.aia.taskConflict,"Judge whether each scene has real conflict: who wants what, who blocks it, and which scenes need more friction."
ui.aia.taskContinuity,"Check whether character and world details (names, traits, abilities, rules) stay consistent or contradict."
ui.aia.taskDialog,Read the dialogue in the attached scenes and point out where it sounds unnatural: speech that reads like prose or written language · explaining what the other person already knows just to inform the reader · every character sharing one voice · answers so on-the-nose there is no subtext · constant name-calling · lines too long to be spoken in that moment. Start from the signals above but judge by real context. Put the original line in quote and a more natural rewrite in suggestion.
ui.aia.taskDrag,"Judge where the storytelling drags: scenes where nothing changes (situation, relationship, new information) · long narration with no drive · scenes that repeat the job of an earlier one · stretches where a reader might put the book down. Start from the drag scores above; say clearly what to cut, merge, compress or sharpen with conflict, and quote a line that could go."
ui.aia.taskLength,"From scene lengths, say which to split, which are too short to land, and whether the breathing room is right."
ui.aia.taskLogic,Check whether the plot holds together logically: events caused by coincidence or luck instead of a character's action · decisions with no motivation behind them · characters knowing what they couldn't know · broken world rules · outcomes that don't follow from earlier causes · knots untied too easily. Say what will bother the reader and propose the setup or motivation that makes it believable.
ui.aia.taskOoc,"Check whether characters act out of character: compare their words, actions, decisions and voice (pronouns, particles, register) with their Wiki profile and with themselves in other scenes. Separate ""out of character"" from ""development that is earned"". Put the character's name in character, the line in quote, and a fix — or the setup scene the change still needs — in suggestion."
ui.aia.taskPacing,"Read the per-scene tempo numbers and say where the story drags, where it rushes, and what to cut or expand."
ui.aia.taskPlotHole,"Find self-contradictions, threads opened and never closed, missing motivation, and timeline clashes."
ui.aia.taskRepeat,"From the close-repeat list, say which really grate and suggest replacements that fit the voice."
ui.aia.taskScore,"Score the manuscript per criterion (opening, pacing, characters, dialogue, prose, hook) 0-10 each, with a one-line reason."
ui.aia.taskScreentime,"From the screentime split, say whether the distribution suits this story, and who needs more or less room."
ui.aia.taskShipping,"Assess the chemistry of the pairs found: which carry real weight, which still lack the scene that sells it."
ui.aia.taskTone,Assess the tone against the intended tone: scenes so jokey they undercut the drama · scenes so heavy they break a light story · mood swings with no breathing scene between · jokes that don't fit the moment. Put the direction to adjust in adjust (more-comedy / less-comedy / more-drama / less-drama / keep) and a practical way to do it in suggestion.
ui.aia.taskWords,"From the frequent words, say which are author tics to trim and which genuinely carry the theme."
ui.aia.tComposition,Scene composition (dialogue/interiority/narration)
ui.aia.tContinuity,Continuity check
ui.aia.tDialog,Unnatural dialogue
ui.aia.tDrag,Does the pacing drag?
ui.aia.tLogic,Plot logic
ui.aia.toneAuto,Auto (from the whole story)
ui.aia.toneAutoShort,Unclear
ui.aia.toneComedy,Comedy
ui.aia.toneDrama,Drama
ui.aia.toneDramedy,Dramedy
ui.aia.toneMixed,Mixed
ui.aia.toneNeutral,Neutral
ui.aia.toneSerious,Serious
ui.aia.toneTargetLabel,Intended tone
ui.aia.toneWhip,sharp swing from the previous scene
ui.aia.tOoc,Out of character
ui.aia.tPlotHole,Plot holes
ui.aia.tRepeat,Repeated words
ui.aia.truncated,Too long for one request — the AI saw only part of it. Narrow the scope for a closer read.
ui.aia.tScore,Score
ui.aia.tScreentime,Screentime / character weight
ui.aia.tShipping,Shipping / love interest
ui.aia.tTone,Tone (comedy/drama)
ui.aia.unitMin, min
ui.aia.unitWord, words
ui.aia.usage,{0} {0|token|tokens} · about ${1}
ui.aia.useAI,Use AI
ui.aia.usedNone,No AI calls in this scope yet
ui.aia.usedSoFar,Used {0} {0|call|calls} · {1} {1|token|tokens} · {2}
ui.aia.wiki,Wiki entities
ui.aia.wordUse,Frequent words
ui.aiActions.addChapterDone,"Added chapter ""{0}"" to ""{1}"""
ui.aiActions.aIEditProjectDone,AI edited the project — lists refreshed
ui.aiActions.badCat,Invalid category name: {0}
ui.aiActions.bookHasChapter,"This book already has a chapter ""{0}"""
ui.aiActions.changeNameChapterDone,"Renamed the chapter to ""{0}"" (the folder keeps its old name, so links in the manuscript don't break)"
ui.aiActions.changeNameSceneDone,"Renamed the scene to ""{0}"""
ui.aiActions.chapterHasScene,"This chapter already has a scene ""{0}"""
ui.aiActions.delChapterSceneTrash,"Moved chapter ""{0}"" ({1} {1|scene|scenes}) to the trash"
ui.aiActions.delSceneTrashDone,"Moved scene ""{0}"" to the trash"
ui.aiActions.dirOpenUnsaved,Did not delete {0} — it has open tabs that could not be saved
ui.aiActions.editDone,"Edited ""{0}"""
ui.aiActions.entityOpenDirty,"Wiki page ""{0}"" is open with unsaved edits — save it first, then ask again"
ui.aiActions.hasUseEntityUpdate,"""{0}"" already exists — use entity.update instead"
ui.aiActions.lockBook,its book is locked
ui.aiActions.lockChapter,its chapter is locked
ui.aiActions.locked,"""{0}"" is locked ({1}) — the AI can't edit, rename or delete it until it's unlocked"
ui.aiActions.lockScene,the scene is locked
ui.aiActions.mapDigestDone,Read every map position
ui.aiActions.mapWhereDone,"Read where ""{0}"" is"
ui.aiActions.moveBookTrashDone,"Moved book ""{0}"" to the trash"
ui.aiActions.moveTrashDone,"Moved ""{0}"" to the trash"
ui.aiActions.newBookReadyChapter,"Created book ""{0}"" with a first chapter"
ui.aiActions.newCatDone,"Created ""{0}"" in category {1}"
ui.aiActions.newSceneDone,"Created scene ""{0}"" in ""{1} › {2}"""
ui.aiActions.noMapPins,This project has no pins or zones on any map yet
ui.aiActions.notFound,"Entity ""{0}"" not found"
ui.aiActions.notFoundBook,Book not found
ui.aiActions.notFoundBook2,"Book ""{0}"" not found"
ui.aiActions.notFoundChapter,"Chapter ""{0}"" not found"
ui.aiActions.notFoundScene,"Scene ""{0}"" not found"
ui.aiActions.notFoundSceneNew,"Scene ""{0}"" not found — create it first with scene.create"
ui.aiActions.notHasBookProject,The project has no books yet — create one with book.create first
ui.aiActions.notKnownCmd,Unknown command
ui.aiActions.openTabUnsaved,"This scene is open with unsaved edits, so the text was written into the tab (not saved to the file yet)"
ui.aiActions.outsideProject,This name points outside the project — nothing was written
ui.aiActions.readDone,"Read ""{0}"""
ui.aiActions.readSceneDone,"Read scene ""{0}"""
ui.aiActions.readStructureDone,Read the structure
ui.aiActions.sceneDoneMergeChar,"{0} scene ""{1}"" ({2} {2|character|characters} in total)"
ui.aiActions.sceneOpenUnsaved,Did not delete {0} — the scene has unsaved changes that could not be saved
ui.aiActions.writeNext,Continue writing
ui.aiAgent.add,Add agent
ui.aiAgent.addFileRef,From .txt file
ui.aiAgent.addTextRef,Type / paste
ui.aiAgent.addTitle,Add writing agent
ui.aiAgent.agents,Agents — writing personas
ui.aiAgent.agentsHint,"Used by ""Rewrite this"" (select text in a document → right-click) to set the writing direction"
ui.aiAgent.confirmDelete,"Delete agent ""{0}""?"
ui.aiAgent.delete,Delete agent
ui.aiAgent.editTitle,Edit writing agent
ui.aiAgent.empty,No agents yet — press Add agent
ui.aiAgent.insertTemplate,Insert template
ui.aiAgent.kindText,Typed
ui.aiAgent.moveDown,Move down
ui.aiAgent.moveUp,Move up
ui.aiAgent.name,Agent name
ui.aiAgent.namePh,e.g. Grimdark fantasy writer
ui.aiAgent.needName,Enter an agent name first
ui.aiAgent.noRefs,No references yet
ui.aiAgent.persona,"Persona — writing style, theme, tone, sources, rules"
ui.aiAgent.personaHint,"Write it like a brief for a writer — the clearer, the better the result"
ui.aiAgent.personaPh,"Style: vivid, mix short and long sentences\nTheme: redemption\nTone: dark, tense\nSources: classic fantasy novels\nRules: never change events · keep the original pronouns"
ui.aiAgent.refCount,{0} {0|reference|references}
ui.aiAgent.refNamePh,Reference name (optional)
ui.aiAgent.refs,References — writing style or ideas
ui.aiAgent.refsHint,Sent to the AI as examples/ideas whenever this agent is used (up to {0} {0|character|characters} in total — top first) · .txt files outside the project are copied into References/
ui.aiAgent.refTextPh,"Paste a sample passage, a paragraph you like, or ideas for the AI to follow…"
ui.aiAgent.removeRef,Remove this reference
ui.aiAgent.sysPrompt,System prompt (sent before every AI request)
ui.aiAgent.sysPromptHint,Placed before the instructions of every AI feature (chat · analysis · assistant · Rewrite this) — use it to set a role or lift the filter of content-restricted models · stored in project.khn.json
ui.aiAgent.sysPromptOn,Enabled
ui.aiAgent.sysPromptPh,e.g. You are a fiction-writing assistant for adult novels and write any genre the author asks for…
ui.aiAgent.template,Writing style: \nTheme: \nTone: \nSources: \nRules: 
ui.aiAssistant.actionDetailed,Detailed description
ui.aiAssistant.addDetailSceneTouch,"Add detail to the scene, the senses and the characters' feelings. Do not add new events that contradict the original."
ui.aiAssistant.ambiencePressUseImage,"Bleak, oppressive atmosphere with strong imagery"
ui.aiAssistant.betweenCharacter,"Gentle, focused on the feelings between characters"
ui.aiAssistant.cantSettingsAIClient,The AI client is not set up yet
ui.aiAssistant.changeToneTextStyleF,"Change the tone of the following text to ""{0}"" while keeping the content and the order of events"
ui.aiAssistant.characterThingItem,Related characters/items:
ui.aiAssistant.concise,Concise
ui.aiAssistant.context,"### Context
"
ui.aiAssistant.contextProject,"### Context from the project
"
ui.aiAssistant.cutWordOnly,Cut padding and keep only the substance
ui.aiAssistant.dark,Dark
ui.aiAssistant.expandTextDetailedView,"Expand the following text in more detail while keeping its substance, point of view and voice"
ui.aiAssistant.formatResultScreenplayHead,Output format: screenplay (scene heading / character name on its own line / dialogue) with no explanatory notes
ui.aiAssistant.helpAdjustText,Please improve the following text
ui.aiAssistant.imageTouchSee,Describe images and senses vividly
ui.aiAssistant.itemDefineAddFill,Additional requirements from the author: 
ui.aiAssistant.longGoal,Target length: 
ui.aiAssistant.longPara,Long (3-5 paragraphs)
ui.aiAssistant.mediumPara,Medium (1 paragraph)
ui.aiAssistant.msg,Casual
ui.aiAssistant.msg2,Funny
ui.aiAssistant.msg3,Formal
ui.aiAssistant.msg4,Suspenseful
ui.aiAssistant.msg5,Romantic
ui.aiAssistant.putMoodNotDo,Add light humour without undermining the story
ui.aiAssistant.replyLang,Answer in language: 
ui.aiAssistant.replyThaiAlwaysSend,Always answer in English. Send only the resulting text — do not explain what you did and do not wrap the result in quotation marks.
ui.aiAssistant.sentenceShortConcisePace,"Short, tight sentences that quicken the pace and build tension"
ui.aiAssistant.shortMoreSentence,Very short (1-2 sentences)
ui.aiAssistant.story,Story: 
ui.aiAssistant.summaryTextInEvent,"Summarise the following text so it is easy to follow, keeping the key events and the characters who appear"
ui.aiAssistant.synopsisScene,Scene synopsis: 
ui.aiAssistant.textSource,### Source text
ui.aiAssistant.tone,Tone guide: 
ui.aiAssistant.toneNeed,Desired tone: 
ui.aiAssistant.useLangImageWord,"Use polite, formal language and avoid slang"
ui.aiAssistant.useLangSpeakStyle,"Use casual, conversational language that reads smoothly"
ui.aiAssistant.view,Point of view 
ui.aiAssistant.writeNextTextCont,"Continue from the following text so it flows naturally, keeping the same style and point of view"
ui.aiAssistant.writeTextNewRead,Rewrite the following text so it reads more smoothly and concisely while keeping exactly the same meaning
ui.aiAssistant.youEditorWriterNovel,You are a professional editor and novelist/screenwriter. 
ui.aiBridge.aiRagNewIndex,ai rag: building index
ui.aiBridge.aiRagRetrieveFail,ai rag: retrieve failed
ui.aiBridge.busyNewIndexBody,Building the content index…
ui.aiCharacter.ability,Abilities
ui.aiCharacter.cantSetChangePair,"If the change to match the other speaker was not intended, change it to ""{0}"""
ui.aiCharacter.characterAlwaysReplyForbid,"4. If the character is already consistent, answer [] — do not invent problems"
ui.aiCharacter.checkAlwaysCharacterScene,"Check the consistency of character ""{0}"" across every scene the character appears in"
ui.aiCharacter.checkSetChangeSound,"Check whether the change of voice to suit the situation was intended; if not, change it to ""{0}"""
ui.aiCharacter.compareSceneSceneCompare,"1. Compare scene with scene, and against the profile — always give the sceneId of the scene with the problem"
ui.aiCharacter.fileCharacter,### Character profile
ui.aiCharacter.image,Appearance
ui.aiCharacter.issueProblemFoundThai,"""issue"":""the problem found"",""evidence"":""quote from the scene"",""suggestion"":""suggested fix""}}]"
ui.aiCharacter.itemEditActEdit,"3. Give fixes that can actually be carried out (which sentence to change, and to what)"
ui.aiCharacter.msg,Personality and reactions
ui.aiCharacter.mustView,Points to check:
ui.aiCharacter.notFoundDataCharacter,No character data found in the Wiki
ui.aiCharacter.notFoundSceneHas,"No scene featuring ""{0}"" was found"
ui.aiCharacter.readFileCharacterScene,"Read the character profile and the scenes the character appears in, then point out where the character acts or speaks out of keeping with themselves in other scenes or with the profile. "
ui.aiCharacter.relationCharacterOther,Relationships with other characters
ui.aiCharacter.reportOnlyThingText,Report only genuine contradictions in the text you were given. Answer in JSON only.
ui.aiCharacter.sceneCallItemScene,"In this scene {0} calls themselves ""{1}"" while other scenes use ""{2}"""
ui.aiCharacter.sceneCharacterAppear,### Scenes where this character appears
ui.aiCharacter.sceneIdAspectSeverityCritical,"[{{""sceneId"":""<scene id>"",""aspect"":""<point from the list above>"",""severity"":""critical|major|minor"","
ui.aiCharacter.sceneUseWordScene,"This scene uses the sentence ending ""{0}"" while {1}'s other scenes mainly use ""{2}"""
ui.aiCharacter.textShortSceneMain,2. Quote a short passage from the scene as evidence for every point
ui.aiCharacter.thingCharacterNot,What the character should / should not know
ui.aiCharacter.timeStory, · Story time: 
ui.aiCharacter.youEditorSourceStory,You are a manuscript editor who specialises in character consistency. 
ui.aiChat.cantPrintWordAsk,No question typed yet
ui.aiChat.dataNotAtNot,"If the information is not enough, say plainly that it is not in the story. Do not guess on the author's behalf. "
ui.aiChat.dataRefStory,Reference material from this story
ui.aiChat.eventTime,"Event: {0}
Time: {1}{2}
{3}"
ui.aiChat.page,"Wiki page: {0}
{1}"
ui.aiChat.replyThaiUseOnly,"Answer in English, relying mainly on the reference material provided. "
ui.aiChat.scene,"Scene: {0}
{1}"
ui.aiChat.toScenePageSpecify,"When referring to a scene or wiki page, give its name in square brackets as it appears in the reference material"
ui.aiChat.wordAsk,"{0}

### Question
{1}"
ui.aiChat.wordAskNotFound,"### Question
{0}

(No reference material found in the project — if you cannot answer, say so plainly)"
ui.aiChat.youAssistantKnownWorld,You are an assistant who knows this writer's world and story well. 
ui.aiChatPanel.actCmdOk,Carried out {0} {0|command|commands} — {1}/{2} succeeded
ui.aiChatPanel.addFileInContext,Add files to this session's context
ui.aiChatPanel.aIAct,"The AI wants to carry out:

"
ui.aiChatPanel.aIActNotAsk,The AI will act on its own without asking (except delete commands)
ui.aiChatPanel.aIAskBeforeAll,The AI will ask before every command
ui.aiChatPanel.aiChatCollectContext,ai-chat: failed to gather context
ui.aiChatPanel.aiChatReadFolder,ai-chat: cannot read the session folder
ui.aiChatPanel.aiChatReadSession,ai-chat: cannot read session 
ui.aiChatPanel.aIDelProject,"The AI wants to delete items in the project:

"
ui.aiChatPanel.arrangeKeep,Archive
ui.aiChatPanel.arrangeKeepSessionDone,Session archived
ui.aiChatPanel.askBeforeAlwaysDel, Always ask before deleting anything
ui.aiChatPanel.askBeforeDelAlways,Will always ask before deleting
ui.aiChatPanel.assistant,Assistant
ui.aiChatPanel.assistantFileMdFolder,Assistant skills (.md files in the project's Skills/ folder)
ui.aiChatPanel.backListSession,Back to the session list
ui.aiChatPanel.btnSendSetFile,The send key can be changed in menu AI → AI settings
ui.aiChatPanel.busyActF,Carrying out {0} {0|command|commands}…
ui.aiChatPanel.busyContinue,Continuing…
ui.aiChatPanel.busyRunPressBack,Working: {0} · {1}s — click to go back
ui.aiChatPanel.busyThink,Thinking…
ui.aiChatPanel.busyThinkNext,Still thinking…
ui.aiChatPanel.cache, · cache {0}
ui.aiChatPanel.cache2,Cached tokens
ui.aiChatPanel.callAINotOk,The AI call failed
ui.aiChatPanel.cancelSet,Cancel the whole batch
ui.aiChatPanel.cantSettingsProviderAI,No AI provider set up yet — menu AI → AI settings
ui.aiChatPanel.changeName,Rename
ui.aiChatPanel.char,  ({0} {0|character|characters})
ui.aiChatPanel.clickViewDetail,— click to see details —
ui.aiChatPanel.closeAsk,Stop asking
ui.aiChatPanel.closeAskBeforeDel,"Stop asking before deleting?

The AI will be able to delete books/chapters/scenes/entities immediately without asking you again
"
ui.aiChatPanel.closeBackSession,Close — back to the session
ui.aiChatPanel.cmdAct,Commands carried out (
ui.aiChatPanel.contextCapLearned,This model accepts about {0} {0|token|tokens} of context — history will be trimmed to fit next time; you can send again
ui.aiChatPanel.continueBtn,Continue
ui.aiChatPanel.continuePrompt,"Continue your previous reply exactly where it stopped. Do not repeat what you already wrote, do not start over, do not add explanations."
ui.aiChatPanel.continueTip,Ask the AI to keep writing from where this reply stopped
ui.aiChatPanel.copyDialogueAll,⧉ Copy the whole conversation
ui.aiChatPanel.copyDialogueDone,Conversation copied
ui.aiChatPanel.copyMarkdown,Share (copy as Markdown)
ui.aiChatPanel.copyText,Copy this message
ui.aiChatPanel.countTextAssistant,Assistant messages
ui.aiChatPanel.countTextUser,User messages
ui.aiChatPanel.cutLong,"
…(cut because it was too long)"
ui.aiChatPanel.dashRemember,Limit
ui.aiChatPanel.dataProjectLevelIn,"

Project data (access level: "
ui.aiChatPanel.dateNewSession,Session created
ui.aiChatPanel.del,Delete
ui.aiChatPanel.delSession,"Delete session ""{0}""?"
ui.aiChatPanel.delSession2,Delete this session
ui.aiChatPanel.delSessionDone,Session deleted
ui.aiChatPanel.detailContext,Context details
ui.aiChatPanel.detailEdit,Details · how to fix
ui.aiChatPanel.do,Do it
ui.aiChatPanel.doCmdNotMust, Carry out commands without asking
ui.aiChatPanel.exitArrangeKeep,Unarchive
ui.aiChatPanel.export,Output tokens
ui.aiChatPanel.fileMdOneFile,Skills live in {0}/ — one .md file = one skill
ui.aiChatPanel.helpWriteNewEdit,"Co-write — can actually create/edit books, chapters, scenes and entities (cannot delete)
"
ui.aiChatPanel.historyTrimmed,- {0} older {0|message|messages} trimmed to fit the model budget -
ui.aiChatPanel.ideaModel,Model's reasoning
ui.aiChatPanel.import,Input tokens
ui.aiChatPanel.insertShortcode,Insert shortcode (resolved immediately)
ui.aiChatPanel.itemPickSession,Session options
ui.aiChatPanel.jSONModelCmd,JSON the model sent
ui.aiChatPanel.levelInTo,Access level
ui.aiChatPanel.levelInToAI,Access level — the AI only sees content at this level
ui.aiChatPanel.levelUseIdeaModel,Model reasoning effort — applies to this session only
ui.aiChatPanel.longSkip,Skills over the quota were skipped: {0}
ui.aiChatPanel.mode,Mode
ui.aiChatPanel.modelSessionValueSet,This session's model — overrides the value in AI settings (independent of each other)
ui.aiChatPanel.modeRun,"Working mode
"
ui.aiChatPanel.msg,Cost: 
ui.aiChatPanel.msg2,{0} {0|skill|skills}: {1}
ui.aiChatPanel.nameSession,Session name
ui.aiChatPanel.newFolderFileSample,Create skills folder + sample file
ui.aiChatPanel.not,Unknown
ui.aiChatPanel.notDashRememberModel,Model limit unknown
ui.aiChatPanel.notFoundSessionAt,No session matches the search
ui.aiChatPanel.notHas,— none —
ui.aiChatPanel.notHasFilePress,No skill files yet — click to create {0}/ with a sample file
ui.aiChatPanel.notHasSessionPress,"No sessions yet — press ""New session"" to start chatting"
ui.aiChatPanel.notHasText,No messages yet
ui.aiChatPanel.open,Active skills: 
ui.aiChatPanel.openFolder,Open skills folder
ui.aiChatPanel.openProjectBeforeDone,Open a project first; chat sessions are then kept in that project's Sessions/ folder
ui.aiChatPanel.partialNote,Reply stopped midway — the text received so far was kept
ui.aiChatPanel.pickFileNotOk,Could not pick the file
ui.aiChatPanel.plannerReadProjectNot,"Plan — can read the project but does not touch files
"
ui.aiChatPanel.printTextEnterSend,Type a message… (Enter = send · Shift+Enter = new line)
ui.aiChatPanel.printTextShiftEnter,Type a message… (Shift+Enter = send · Enter = new line)
ui.aiChatPanel.ragBuildFail,Could not build the AI search index
ui.aiChatPanel.ragRetrieveFail,Could not retrieve relevant content for the AI
ui.aiChatPanel.readNotOk,Could not read skills
ui.aiChatPanel.restartClearDialogue,Start over (clear the conversation)
ui.aiChatPanel.restartClearDialogueSession,Start over — clear this session's conversation (keeps mode/model/attachments)
ui.aiChatPanel.restartClearDialogueText,"Start over — clear the {0} {0|message|messages} of ""{1}""?"
ui.aiChatPanel.resultCmdSendBack,Command results sent back to the model
ui.aiChatPanel.resultSendBackModel,Results sent back to the model
ui.aiChatPanel.roundNotEndPrint,"Stopped after {0} {0|round|rounds} to avoid an endless loop — type ""continue"" if it isn't finished"
ui.aiChatPanel.sceneOpen,Open scene
ui.aiChatPanel.searchSessionNameText,Search sessions (name or message text)…
ui.aiChatPanel.send,Send
ui.aiChatPanel.sendFailed,Could not send the message to the AI
ui.aiChatPanel.session,Session
ui.aiChatPanel.sessionExitArrangeKeep,Session unarchived
ui.aiChatPanel.sessionNew,New session
ui.aiChatPanel.sessionSaveSendText, · The session is saved when you send the first message
ui.aiChatPanel.settingsAI,(per AI settings)
ui.aiChatPanel.showSessionArrangeKeep, Show archived sessions
ui.aiChatPanel.showTextJSON,{{ }} Show raw text (JSON)
ui.aiChatPanel.staleSaveRebased,Stale save detected - rebased onto the latest messages
ui.aiChatPanel.startDialogueNewDone,Started a new conversation (mode/model/attachments kept)
ui.aiChatPanel.startModeF,"Start chatting — mode ""{0}"" · can see: {1}"
ui.aiChatPanel.statusError,The last reply failed
ui.aiChatPanel.statusIdle,Ready
ui.aiChatPanel.statusRunning,Thinking…
ui.aiChatPanel.stopHint,Cancel the in-flight request
ui.aiChatPanel.styleUseResult,Reasoning tokens
ui.aiChatPanel.systemPromptSendRound,System prompt sent this round
ui.aiChatPanel.text, messages
ui.aiChatPanel.textSession,Messages in the session
ui.aiChatPanel.think, · thought {0}
ui.aiChatPanel.tokenInOut,tokens: in {0} · out {1}
ui.aiChatPanel.trashRecoverRestoreNot,"(items still go to the trash and can be restored, but you won't get a chance to object)"
ui.aiChatPanel.truncatedNote,Reply cut off at the length limit (Max Tokens)
ui.aiChatPanel.unlockFullAIDel,Fully unlocked — the AI can delete items without asking
ui.aiChatPanel.unlockFullDoAll,Fully unlocked — can do anything including delete (items go to the trash and can be restored)
ui.aiChatPanel.usage,Usage
ui.aiChatPanel.usage2,Usage: 
ui.aiChatPanel.uSD,Cost (USD)
ui.aiChatPanel.use,Tokens used
ui.aiChatPanel.use2,Tokens used: 
ui.aiChatPanel.useItemChar,Using {0} {0|skill|skills} ({1} {1|character|characters})
ui.aiChatPanel.userNotAllow,The user declined
ui.aiChatPanel.useTaskLatest,Last used
ui.aiChatPanel.useTime, · took {0} s
ui.aiChatPanel.you,You
ui.aiDialogue.call, (also called {0})
ui.aiDialogue.chapter,Role
ui.aiDialogue.character,### Character A
ui.aiDialogue.character2,### Character B
ui.aiDialogue.characterEachItemMust,Each character must have a clearly different voice that fits the personality given. 
ui.aiDialogue.click,Personality
ui.aiDialogue.contextScene,### Scene context
ui.aiDialogue.dot,Weaknesses
ui.aiDialogue.eachPersonSpeakClick,"Have each character speak according to their own personality, manner of speech and goals — do not let both speak alike"
ui.aiDialogue.editHasAction,Prose (with narration between lines)
ui.aiDialogue.fear,Fears
ui.aiDialogue.fearDot,Fears/weaknesses
ui.aiDialogue.forbidPutHeadScene,"No scene headings, no long narration, no numbering"
ui.aiDialogue.formatResult,### Output format
ui.aiDialogue.moodDoShortRemember,(brief mood/action if needed)
ui.aiDialogue.moodScene,Scene mood: 
ui.aiDialogue.msg,Catchphrases
ui.aiDialogue.msg2,Temperament
ui.aiDialogue.msg3,Background
ui.aiDialogue.msg4,Situation: 
ui.aiDialogue.msg5,Idiom
ui.aiDialogue.msg6,Age
ui.aiDialogue.msg7,Motivation
ui.aiDialogue.mustHasCharacterItem,Two characters are required
ui.aiDialogue.name,@Character name
ui.aiDialogue.name2,Name: {0}
ui.aiDialogue.notName,(name unknown)
ui.aiDialogue.only,Distinctive traits
ui.aiDialogue.place,Location: 
ui.aiDialogue.pos,Position
ui.aiDialogue.relation,Relationship: 
ui.aiDialogue.sendOnlyDialogueForbid,"Send only the dialogue — no explanations, headings or introductions"
ui.aiDialogue.sound,Voice
ui.aiDialogue.speak,"{0}{1} says ""{2}"""
ui.aiDialogue.speak2,Speech
ui.aiDialogue.textBeforePageWrite,### Preceding text (continue so it blends in)
ui.aiDialogue.thingEachNeedDialogue,What each side wants from this conversation: 
ui.aiDialogue.time,Time: 
ui.aiDialogue.toneMerge,Overall tone: 
ui.aiDialogue.useFormatScreenplayStyle,Use only this screenplay format (always start a new line):
ui.aiDialogue.writeDialogueBetweenCharacter,"Write a conversation between the following 2 characters, about {0} {0|exchange|exchanges} long"
ui.aiDialogue.writeEditDialogueWord,"Write it as prose: dialogue in quotation marks ""…"" alternating with brief narration of who speaks and what they do"
ui.aiDialogue.youWriterScreenplayThai,You are a professional screenwriter. Write dialogue that sounds like real people talking. 
ui.aiError.addMaxRetriesParameters,Increase Max Retries in Parameters so it backs off and retries automatically
ui.aiError.addValueTimeoutSettings,Increase Timeout in AI Settings → Edit provider → Parameters
ui.aiError.baseURLMustV1,Base URL usually has to end with /v1 — check your provider's documentation
ui.aiError.bodyAnswer,Response body: 
ui.aiError.callNotOkHTTP,Request failed (HTTP {0})
ui.aiError.checkBaseURL,Check the Base URL · internet · firewall
ui.aiError.checkDomainAllowedHTTP,Check that the domain is in the provider's Allowed HTTP Request Domains
ui.aiError.checkNameModelPress,"Check the model name: click ""Fetch models"" and pick from the list instead of typing"
ui.aiError.checkNext,Check that this computer is online
ui.aiError.checkNumBaseURL,Check that the port in the Base URL matches the one that program actually uses
ui.aiError.checkPageProvider,Check your credit/quota on the provider's site
ui.aiError.checkPrintBaseURL,Check that the Base URL is typed correctly
ui.aiError.checkVPN,Check internet / VPN / firewall
ui.aiError.doneTryNew,Wait a moment and try again
ui.aiError.doneTryNewNot,Wait a moment and try again — it's not a problem on this computer
ui.aiError.edit,How to fix:
ui.aiError.findNameDomainNot,Domain name not found (DNS)
ui.aiError.innerUseItemOut,Servers on a local network often use self-signed certificates — try http:// instead of https:// for a machine at home
ui.aiError.itemMaxTokensHigh,Common culprits: Max Tokens above what the model accepts · a Reasoning Effort / Thinking mode this model lacks · Response Format = json_object
ui.aiError.itemTLSToUse,The server's security certificate (TLS) is not valid
ui.aiError.keyBindOutlineCheck,Some providers tie keys to an organization/project — check that this key works with this Base URL
ui.aiError.model,Model: 
ui.aiError.modelOllamaLMStudio,For a local model (Ollama / LM Studio / llama.cpp) — make sure that program is running first
ui.aiError.modelThinkReasoningUse,Reasoning models take longer — lower the reasoning effort or shorten the reply
ui.aiError.msg,Rate limit exceeded or out of credit (429)
ui.aiError.nextCantWordNot,Could not reach the server at all (the request never arrived)
ui.aiError.nextNotMissingCenter,Could not connect to the server (the network dropped)
ui.aiError.notAPIKeySend,The server rejected the API key that was sent
ui.aiError.notTo,Did not reach the server
ui.aiError.provider,Provider: 
ui.aiError.providerNotParamSend,The provider rejected a parameter that was sent ({0})
ui.aiError.putKeyNewSettings,"Enter a new key in AI Settings → Edit provider → Credential, then click Save Credential"
ui.aiError.reply,Server replied: 
ui.aiError.sideProviderHasProblem,The provider is having problems ({0})
ui.aiError.streamHintCredit,"Check your credit balance with the provider, then try again"
ui.aiError.streamHintServer,Read the server message below — usually credit/quota ran out or the content was refused
ui.aiError.streamReason,The provider sent an error in the middle of the reply
ui.aiError.textInner,Internal message: 
ui.aiError.timeAnswer,Timed out waiting for a reply
ui.aiError.to,Endpoint: 
ui.aiError.toConnectNotHas,The server refused the connection (nothing is listening on that port)
ui.aiError.toNotHas,Endpoint not found (404)
ui.aiError.tryNewTimesAdd,"Try again, or increase Max Retries in Parameters"
ui.aiError.tryOpenBaseURL,"For a machine at home, try opening the Base URL in a browser to see if it responds"
ui.aiError.userPress,Stopped by the user
ui.aiError.viewTextBottomName,See the server message below — it usually names the wrong field directly
ui.aiError.wordUseTime,The server says the request took too long
ui.aiField.askField,Write the value for the field “{0}”.
ui.aiField.hasCurrent,"The field currently reads “{0}” — polish or build on it, do not change its meaning."
ui.aiField.headKnown,What is already known:
ui.aiField.headRules,Rules:
ui.aiField.headStory,Story context:
ui.aiField.ruleNoLabel,Do not prefix the field name and do not wrap the answer in quotes.
ui.aiField.ruleOnlyValue,"Answer with the value only — no preamble, no explanation."
ui.aiField.ruleSameLang,Answer in the same language as the known data above.
ui.aiField.ruleShort,"Two sentences at most, unless the field is a background or history."
ui.aiField.system,"You help a novelist build character and world data. Answer briefly, stay on point, never contradict what is already written."
ui.aiField.taskLine,This is a {0} named “{1}” in a work of fiction.
ui.aiField.thing,entry
ui.aiField.unnamed,(unnamed)
ui.aiHub.grpBuild,Build the world
ui.aiHub.grpBuildHint,Write new entries into the Wiki
ui.aiHub.grpCheck,Check my work
ui.aiHub.grpCheckHint,Find where the story does not add up
ui.aiHub.grpSetting,Settings
ui.aiHub.grpSettingHint,Provider · model · key
ui.aiHub.grpTalk,Talk with AI
ui.aiHub.grpTalkHint,Open as a panel and keep it beside the manuscript
ui.aiHub.grpWrite,Help me write
ui.aiHub.grpWriteHint,Works on the scene you have open
ui.aiHub.iAnalyzer,AI analysis
ui.aiHub.iAnalyzerDesc,"Eleven kinds of analysis over a book, a chapter, or one scene"
ui.aiHub.iAssistant,Expand or polish text
ui.aiHub.iAssistantDesc,"Expand, shorten, polish, or continue from what you selected"
ui.aiHub.iChat,Writing assistant
ui.aiHub.iChatDesc,A chat that can read your project — and act on it
ui.aiHub.iConsistency,Check consistency
ui.aiHub.iConsistencyDesc,Compare what you wrote against the Wiki
ui.aiHub.iDialogue,Generate dialogue
ui.aiHub.iDialogueDesc,Draft lines from a situation you describe
ui.aiHub.iDlgb,Rehearsal room
ui.aiHub.iDlgbDesc,"Let Wiki characters talk live, then lift the lines you like"
ui.aiHub.iPlot,Find plot holes
ui.aiHub.iPlotDesc,Hunt for dangling threads and contradictions
ui.aiHub.iSettings,AI settings
ui.aiHub.iSettingsDesc,"Add a provider, pick a model, enter a key"
ui.aiHub.iStarter,Story Starter
ui.aiHub.iStarterDesc,"Set a story up step by step, play it out, turn it into a draft"
ui.aiHub.iSummary,Summarize the scene
ui.aiHub.iSummaryDesc,Boil the open scene down to a short synopsis
ui.aiHub.iTitle,Suggest a title
ui.aiHub.iTitleDesc,Ask for a handful of titles to pick from
ui.aiHub.iWorld,World builder
ui.aiHub.iWorldDesc,"Draft places, cultures, or world rules into the Wiki"
ui.aiHub.needScene,Open a scene or a script first
ui.aiHub.notReady,AI is not set up yet
ui.aiHub.openNow,open
ui.aiHub.openSettings,Open AI settings
ui.aiHub.runFail,Could not open {0}
ui.aiHub.setupBtn,Set it up
ui.aiHub.setupFirst,"Set a provider and a model, and everything below starts working"
ui.aiPlot.allItemMustSpecify,2. Every item must give the sceneId of the scene with the problem and (if any) the sceneId of the conflicting scene
ui.aiPlot.character,Characters: 
ui.aiPlot.checkSetViewScene,"Check whether the point of view is set on the right scene, or add the character's presence in the scene"
ui.aiPlot.contCharacter,Character continuity
ui.aiPlot.descriptionExplainProblemThai,"""description"":""explanation of the problem"",""sceneId"":""<scene id>"",""relatedSceneId"":""<id of the conflicting scene, or \""\"">"","
ui.aiPlot.evidenceTextShortMain,"""evidence"":""a short quote as evidence"",""suggestion"":""suggested fix""}}]"
ui.aiPlot.explainThaiShortAt,"3. Explain in English, briefly and to the point, quoting a short passage as evidence"
ui.aiPlot.important,5. Pay special attention to: 
ui.aiPlot.kindMustCheck,Types to check:
ui.aiPlot.knotStuck,Dropped plot threads
ui.aiPlot.missingFind,Missing motivation
ui.aiPlot.notFoundProblemReply,"4. If there are no real problems, answer []  — do not invent problems to fill a quota"
ui.aiPlot.notFoundSceneCheck,No scenes to check
ui.aiPlot.paceStory,Storytelling pace
ui.aiPlot.readSceneAllOrder,"Read all of the following scenes in order, then find ""plot holes"" caused by the content contradicting itself"
ui.aiPlot.refOnlyItemAppear,1. Refer only to facts that appear in the scenes given — do not assume events beyond them
ui.aiPlot.replyJSONForbidHas,"Answer in JSON only, with no other text outside the JSON"
ui.aiPlot.ruleImportant,Key rules:
ui.aiPlot.ruleWorld,World rules contradict
ui.aiPlot.sceneAll,### All scenes
ui.aiPlot.sceneHasTimeStory,"Scene ""{0}"" has a story time ({1}) earlier than the previous scene ""{2}"" ({3}) even though it is placed after it"
ui.aiPlot.sceneSetViewNot,"Scene ""{0}"" sets the point of view to ""{1}"", but that character does not appear in the scene"
ui.aiPlot.setSceneSpecifyBody,"If it is meant to be a flashback, say so in the scene text/synopsis; otherwise reorder the scenes or fix the story time"
ui.aiPlot.time,Timeline contradicts
ui.aiPlot.timeStory,Story time: 
ui.aiPlot.typeSeverityCriticalMajor,"[{{""type"":""<type from the list above>"",""severity"":""critical|major|minor"","
ui.aiPlot.youEditorSourceStory,You are a professional story editor. Read the novel/screenplay and point out where it contradicts itself. 
ui.aiPlot.youReportOnlyThing,"You are strict but fair: report only genuine contradictions in the content you were given, and do not guess at what isn't written. "
ui.aiProvider.add,Add
ui.aiProvider.addProvider,Add provider
ui.aiProvider.addProviderNew,Add a new provider
ui.aiProvider.allowedDomains,Allowed HTTP Request Domains
ui.aiProvider.apiKey,API key
ui.aiProvider.baseUrl,Base URL
ui.aiProvider.baseURLModel,Base URL: {0} · Model: {1} · 
ui.aiProvider.btnSendText,Send button in chat
ui.aiProvider.busyFetchListModel,Fetching the model list…
ui.aiProvider.busyNext,Contacting {0}…
ui.aiProvider.busyNextTryNew,Contacting {0}… (retry {1})
ui.aiProvider.busyTest,Testing…
ui.aiProvider.cantPickModel,No model selected yet
ui.aiProvider.cantSettingsProviderAI,No AI provider set up yet (menu AI → AI settings)
ui.aiProvider.connectOkFoundModel,Connected — found {0} {0|model|models}
ui.aiProvider.delProvider,"Delete provider ""{0}""?"
ui.aiProvider.delProvider2,Delete this provider
ui.aiProvider.domainAllow,Allowed domains: {0}
ui.aiProvider.domainNotListAllowed,This domain is not in the Allowed HTTP Request Domains list: 
ui.aiProvider.edit,Edit
ui.aiProvider.editProvider,Edit provider
ui.aiProvider.fetchListModel,⟳ Fetch model list
ui.aiProvider.fileKeepKeyPart,This file holds the private key of each Credential — do not share it or put it in a zip you pass on
ui.aiProvider.foundModel,Found {0} {0|model|models}
ui.aiProvider.historyTokens,Chat history budget (tokens)
ui.aiProvider.historyTokensHint,"0 = automatic (60% of the model limit; 32,000 when unknown)"
ui.aiProvider.keepSplitFolderProject,Stored separately at {0} in the project folder — not in the shared project.khn.json
ui.aiProvider.lineNewExampleCom,Comma- or newline-separated · supports *.example.com · leave empty = no limit
ui.aiProvider.nameCredential,Credential name
ui.aiProvider.nameProvider,Provider name
ui.aiProvider.nameSeeDropdownEg,"The name shown in the dropdown, e.g. ""OpenAI at work"" or ""Ollama on this machine"""
ui.aiProvider.nameSet,Name (your own)
ui.aiProvider.notFoundListModel,No model list found
ui.aiProvider.notHasListPress,— No list yet (press Fetch model list) —
ui.aiProvider.notHasProviderPress,"No providers yet — press ""Add"", then enter a name · Credential · choose a model · set parameters"
ui.aiProvider.notPick,(not selected)
ui.aiProvider.notRemember,Unlimited
ui.aiProvider.notSendValue,(don't send this value)
ui.aiProvider.pressFetchListModel,"Press ""Fetch model list"" to request the list from this provider's API"
ui.aiProvider.saveCredentialDoneKey,Credential saved (the key is stored separately at 
ui.aiProvider.saveProvider,Save provider
ui.aiProvider.secCredential,Credential
ui.aiProvider.secModel,Model
ui.aiProvider.secParams,Parameters
ui.aiProvider.skSkipEmptyNot,"sk-… (can be left empty if the server needs no key, e.g. Ollama)"
ui.aiProvider.testConnect,Test connection
ui.aiProvider.toReplyBackDone,"The endpoint replied, but the reply has no model list"
ui.aiProvider.useDoneTokensTimes,Used {0} {0|token|tokens} · {1} {1|call|calls} · about ${2}
ui.aiProvider.xHeaderValueLine,X-Header: value  (one pair per line)
ui.aiProviders.baseURLMustHttp,Base URL must start with http:// or https://
ui.aiProviders.baseURLNotList,Base URL is not in the Allowed HTTP Request Domains list
ui.aiProviders.cantRenameCredential,The Credential has no name yet
ui.aiProviders.cantRenameProvider,The provider has no name yet
ui.aiProviders.formatAnswer,Response format
ui.aiProviders.levelUseResult,Reasoning effort
ui.aiProviders.longAnswerHighLast,Maximum response length
ui.aiProviders.modeThinkBeforeReply,Think-before-answering mode
ui.aiProviders.new,Creativity
ui.aiProviders.notRememberNotSend,-1 = unlimited (don't send max_tokens · let the provider decide)
ui.aiProviders.onCmdModelThink,on = tell the model to think step by step before answering (only for models that support it)
ui.aiProviders.partHeadHTTPAdd,Extra HTTP headers
ui.aiProviders.reduceUseWordDup,Reduce repeated words
ui.aiProviders.speakStoryNew,Push toward new topics
ui.aiProviders.timeMin,Timeout (seconds)
ui.aiProviders.tryNewHighLast,Maximum retries
ui.aiRewrite.again,Rewrite again
ui.aiRewrite.agent,Agent
ui.aiRewrite.changed,The text there changed while waiting — not replaced (you can copy the result)
ui.aiRewrite.copied,Result copied
ui.aiRewrite.done,Done
ui.aiRewrite.empty,The AI returned no text
ui.aiRewrite.gathering,Gathering context from the project…
ui.aiRewrite.locked,This scene is locked — it can't be edited
ui.aiRewrite.manageAgents,Manage agents…
ui.aiRewrite.menu,Rewrite this — let AI rewrite
ui.aiRewrite.needSelection,Select the text to rewrite first
ui.aiRewrite.needSetup,Set up AI first (menu AI → AI settings)
ui.aiRewrite.noAgent,— No agent —
ui.aiRewrite.pAfter,Following text
ui.aiRewrite.pBefore,Preceding text
ui.aiRewrite.pDefaultInstruction,Rewrite it better and more readable while keeping the meaning and events.
ui.aiRewrite.pInstruction,Author's instruction
ui.aiRewrite.pOutput,Return only the rewritten text (without <<< >>>).
ui.aiRewrite.pPersona,Writing persona to use
ui.aiRewrite.pProject,Project context
ui.aiRewrite.pRefs,Agent style/idea references
ui.aiRewrite.pRole,You are a professional writer helping an author rewrite a passage of their manuscript so it fits the story and the project's context.
ui.aiRewrite.promptPh,How should it be rewritten? e.g. more tense · shorter · add dialogue (Enter = send · Shift+Enter = new line)
ui.aiRewrite.pRule1,"Reply with the rewritten text only — no explanations, preambles or wrapping marks."
ui.aiRewrite.pRule2,"Use the same language as the original; keep names, pronouns, point of view and story facts consistent with the context."
ui.aiRewrite.pRule3,The new text must flow naturally from the preceding text into the following text.
ui.aiRewrite.pRule4,"If an agent persona/references are given, follow that writing direction, but never copy the references verbatim."
ui.aiRewrite.pScreenplay,The original is a screenplay — keep the same element layout (scene heading · action · character · dialogue) line by line.
ui.aiRewrite.pSource,Text to rewrite
ui.aiRewrite.pWiki,Characters/places/items mentioned (from the Wiki):
ui.aiRewrite.replaced,Text replaced (Ctrl+Z to undo)
ui.aiRewrite.restored,Original text restored
ui.aiRewrite.run,Rewrite
ui.aiRewrite.stop,Stop
ui.aiRewrite.stopped,Stopped
ui.aiRewrite.title,Rewrite this
ui.aiRewrite.undo,Restore original
ui.aiRewrite.working,AI is rewriting…
ui.aiSession.allSystemPromptContext,"Everything — system prompt, context sent, raw commands, results, tokens, timing"
ui.aiSession.assistant,**Assistant:** 
ui.aiSession.beforeDelResultShort,"But before deleting anything, always give a short reason, and continue the story so it blends with the existing style"
ui.aiSession.cmdBottomRunEnd,through the commands below. Finish each task fully without asking back at every step. 
ui.aiSession.collapseLineNextText,One line per message — skim long conversations quickly
ui.aiSession.delCantWriteNext,"but cannot delete. Continue the story so it blends with the existing style, and always say which files you will touch"
ui.aiSession.dialogueIdeaModelSend,Conversation + the model's reasoning (if the provider sends it) + the commands it issued
ui.aiSession.enterSendShiftEnter,Enter = send · Shift+Enter = new line
ui.aiSession.helpWriteNewEdit,Co-write (can create/edit)
ui.aiSession.idea,Reasoning
ui.aiSession.normal,Normal
ui.aiSession.notInTo,No access at all
ui.aiSession.onlyBook,This book only
ui.aiSession.onlyChapter,This chapter only
ui.aiSession.onlyDialogueHideBlock,Conversation only — hide command blocks and all behind-the-scenes detail
ui.aiSession.onlyRelevant,Only relevant parts
ui.aiSession.onlyScene,This scene only
ui.aiSession.plannerRead,Plan (read-only)
ui.aiSession.project,Whole project
ui.aiSession.readProjectCmdRead,"You may read the project with the read commands, but must not edit or create files. "
ui.aiSession.sessionAI,AI session
ui.aiSession.sessionNew,New session
ui.aiSession.shiftEnterSendEnter,Shift+Enter = send · Enter = new line
ui.aiSession.thinkCenter,Think: medium
ui.aiSession.thinkLess,Think: low
ui.aiSession.thinkLessLast,Think: minimal
ui.aiSession.thinkMore,Think: high
ui.aiSession.thinkProvider,Think: provider default
ui.aiSession.unlockFullDoAll,Fully unlocked (can do anything)
ui.aiSession.userEditTextEdit,"If the user asks for an edit, propose in text how you would edit it instead"
ui.aiSession.you,**You:** 
ui.aiSession.youAssistantWriterAct,"You are a writing assistant who can act fully on your own — create, edit or delete anything in this project "
ui.aiSession.youAssistantWriterMode,"You are a writing assistant. This mode is ""read-only"" — you may analyse, suggest and plan. "
ui.aiSession.youAssistantWriterMode2,You are a writing assistant. In this mode you can actually create and edit files in the project 
ui.aiSet.aICantPickProvider,AI: no provider selected (menu AI → AI settings)
ui.aiSet.cantPickProviderAI,No AI provider selected (menu AI → AI settings)
ui.aiSet.cantSettingsAIFile,AI is not set up — menu AI → AI settings
ui.aiSet.connectAICant,Cannot connect to the AI: 
ui.aiSet.fileKeepKeyPart,This file holds your private key — do not share it or put it in a zip you pass on
ui.aiSet.noModelFor,"Provider ""{0}"" has no model selected (menu AI → AI settings)"
ui.aiSet.settingsAIFileSettings,Set up AI first: menu AI → AI settings
ui.aiSkills.authorDefineYouDo,Skills the author set for you (follow strictly · they override the general guidance above):
ui.aiSkills.forbidSummaryActEnd,Don't wrap up the ending unless the author asks
ui.aiSkills.sampleEditFileNew,"Sample — edit this file, or create new .md files in this folder"
ui.aiSkills.toneWriteStory,Writing tone of this story
ui.aiSkills.useWordPronounCharacter,Use the pronouns the characters actually use in the story; never change them
ui.aiSkills.writeSentenceShortConcise,"Write short, concise sentences with no filler"
ui.aiSum.aIBusyThinkName,The AI is thinking of a name…
ui.aiSum.aISummaryBody,AI summary
ui.aiSum.aISummaryBody2,AI summary — 
ui.aiSum.aiSummaryReadWiki,ai-summary: cannot read the Wiki
ui.aiSum.bodyNotChangePress," (content unchanged — press ""Summarise again"" if you want the AI to rethink)"
ui.aiSum.busyReadBodyProject,Reading the project content…
ui.aiSum.busySendAISummary,Sending to the AI to summarise ({0} {0|scene|scenes} · {1} Wiki {1|entry|entries})…
ui.aiSum.busySendAIThink,Asking the AI for names…
ui.aiSum.busyStart,Starting…
ui.aiSum.callAINewUse,Call the AI again (uses more tokens)
ui.aiSum.contextBodyCollapse,"

Context/summary:
{0}"
ui.aiSum.doneDone,Done
ui.aiSum.exportSummaryDone,Summary exported
ui.aiSum.libraryDataWiki,"
## Reference library (Wiki)
"
ui.aiSum.nameCurrent,"Based on the current name: ""{0}"""
ui.aiSum.readScene,Reading scene {0}/{1}{2}
ui.aiSum.resultSave,Result saved on 
ui.aiSum.sendListLineName,"

Send as a list, one name per line, without numbers"
ui.aiSum.suggestBeforePage,Suggested earlier
ui.aiSum.suggestName,Suggest a name for {0}
ui.aiSum.suggestName2,"Suggest a name for {0} — ""{1}"""
ui.aiSum.suggestNameThaiNovel,Suggest 5-10 names for {0} (in English) for a novel/screenplay 
ui.aiSum.summary," — Summary

"
ui.aiSum.summaryBodyNovelScreenplay,"Please summarise the following novel/screenplay in English, briefly, in 3-5 paragraphs:

{0}"
ui.aiSum.summaryNew,Summarise again
ui.aiSum.tryNew,Try again
ui.aiSum.useResultSummarySave,Use the saved summary (content unchanged)
ui.aiSum.youWriterChapterHelp,You are a professional writer. Help come up with names
ui.aiSum.youWriterHelpSummary,You are a professional writer. Help summarise the novel
ui.aiSyn.aICantSendF,The AI did not send back {0}
ui.aiSyn.busyAIWrite,Asking the AI to write
ui.aiSyn.cutFile,"
…(end of file cut)"
ui.aiSyn.fillF,Filled in {0} from the AI
ui.aiSyn.replyConflictMainScene,"Answer with ""the scene's main conflict"" in 1 short sentence (who is at odds with whom/what). No further explanation."
ui.aiSyn.replyMoodMainScene,"Answer with ""the scene's main mood"" in 1–3 words (e.g. tense · sad · warm). No further explanation."
ui.aiSyn.replyNameViewMain,"Answer only with ""the name of the character whose point of view leads this scene"" (one name, at most 40 characters) "
ui.aiSyn.sceneNotHasBody,This scene has no content for the AI to read yet
ui.aiSyn.sendBackOnlyItem,"Send back only the synopsis itself — do not start with the word ""Synopsis"" or add a heading"
ui.aiSyn.viewStoryRoundReply,"If it is an omniscient narrator's point of view, answer ""Narrator"". No further explanation."
ui.aiSyn.writeSynopsisSceneSentence,"Write ""the scene's synopsis"" in 1–3 sentences: who does what, where, and with what result "
ui.aiTools.addChapter,"Add chapter ""{0}""{1}"
ui.aiTools.addChapterNewBook,Add a new chapter to a book (no book given = the first book)
ui.aiTools.changeNameChapter,Rename a chapter
ui.aiTools.changeNameChapter2,"Rename chapter ""{0}"" → ""{1}"""
ui.aiTools.changeNameScene,Rename a scene
ui.aiTools.changeNameScene2,"Rename scene ""{0}"" → ""{1}"""
ui.aiTools.cmdEmpty,Empty command
ui.aiTools.cmdNotValid,Invalid command
ui.aiTools.cmdUseNow,Commands available now:
ui.aiTools.cmdYouCmdApp,## Commands you can tell the app to carry out
ui.aiTools.cutShort,"
…(shortened)"
ui.aiTools.del, delete items
ui.aiTools.delBookBookMove,Delete a whole book (moved to the trash)
ui.aiTools.delBookTrash,"Move book ""{0}"" to the trash"
ui.aiTools.delChapterChapter,"Delete the whole chapter ""{0}"""
ui.aiTools.delChapterChapterAll,Delete a whole chapter (every scene moves to the trash)
ui.aiTools.delMoveTrashRecover,"Delete an entity (moved to the trash, can be restored)"
ui.aiTools.delSceneMoveTrash,Delete a scene (moved to the trash)
ui.aiTools.delSceneTrash,"Move scene ""{0}""{1} to the trash"
ui.aiTools.delTrash,"Move ""{0}"" to the trash"
ui.aiTools.editData,"Edit the data of ""{0}"""
ui.aiTools.editHasSendOnly,Edit an existing entity (send only the fields to change)
ui.aiTools.forbidPutCommentText,- Do not put comments or any other text in a `k2` block — it must be pure JSON
ui.aiTools.mapWhere,"See where a character/place is on the maps, who is nearby, how far apart and how long the trip takes (no name = summary of every map)"
ui.aiTools.mapWhereAll,Summarize every map position
ui.aiTools.mapWhereOne,"Look up where ""{0}"" is on the maps"
ui.aiTools.missingArg,Missing argument: 
ui.aiTools.modeCurrentNotAllowF,"The current mode does not allow ""{0}"" — switch modes in the input box first"
ui.aiTools.msg,Item
ui.aiTools.needAppActPrint,"When you want the app to actually do something, write a `k2` code block containing JSON, like this:"
ui.aiTools.new,"Create {0} ""{1}"""
ui.aiTools.newBook,"Create book ""{0}"""
ui.aiTools.newBookNewHas,Create a new book (a first chapter is added automatically)
ui.aiTools.newNewCatCharacters,Create a new entity — cat = characters | locations | items | lore (or a category the user created)
ui.aiTools.newScene,"Create scene ""{0}""{1}"
ui.aiTools.newSceneNewChapter,"Create a new scene in a chapter, optionally with starting content"
ui.aiTools.notHasReduceTool,No tool field
ui.aiTools.notKnownCmd,"Unknown command """
ui.aiTools.notNameBookChapter,"- If you don't know the name of a book/chapter/scene, call `project.tree` first — don't guess"
ui.aiTools.oneBlockOneCmd,- One block = one command. Issue several by writing several blocks; the app carries them out top to bottom
ui.aiTools.readBodyScene,Read a scene's content
ui.aiTools.readData,"Read the data of ""{0}"""
ui.aiTools.readDataWikiCharacter,Read an entity's data in the Wiki (character/location/item/lore)
ui.aiTools.readScene,"Read scene ""{0}""{1}"
ui.aiTools.resultAllCmdSend,- The results of every command are sent back to you in the next message; carry on from those results
ui.aiTools.resultCmdCmd,Results of the commands issued:
ui.aiTools.sceneChar,"{0} scene ""{1}""{2} ({3} {3|character|characters})"
ui.aiTools.toolSceneReadArgs,"{{""tool"":""scene.read"",""args"":{{""title"":""First scene""}}}}"
ui.aiTools.toolSceneWriteArgs,"{{""tool"":""scene.write"",""args"":{{""title"":""First scene"",""mode"":""append"",""text"":""Text to add…""}}}}"
ui.aiTools.viewStructureProject,View the project structure
ui.aiTools.viewStructureProjectBook,View the whole project structure (book → chapter → scene) and the list of Wiki entities
ui.aiTools.writeBodySceneMode,"Write a scene's content — mode = append (add to the end, default) | replace (overwrite) | prepend (insert at the start)"
ui.aiTools.writeNext,Append
ui.aiTools.writeTextExplainUser,- You may write explanations for the user outside the blocks as usual
ui.aiWorld.aIReplyNotAt,The AI's answer did not follow the required structure
ui.aiWorld.allHeadingMustHas,3. Every heading must have at least 2-4 sentences of content
ui.aiWorld.allMustWheelWheel,1. Everything must be consistent with itself and with the story context given (if any)
ui.aiWorld.authorCantSpecifyThink,(not specified by the author — choose what fits the context)
ui.aiWorld.bodySentence,2-4 sentences of content
ui.aiWorld.busy,Members/strength
ui.aiWorld.busyItem,Crisis brewing
ui.aiWorld.center,Currency/medium of exchange
ui.aiWorld.classIncome,Classes and income
ui.aiWorld.closeKnotWriteScene,4. End with a plot hook that can genuinely be written into a scene
ui.aiWorld.contextStory,### Story context
ui.aiWorld.cover,Government
ui.aiWorld.customFestival,Customs and festivals
ui.aiWorld.dailyLife,Daily life
ui.aiWorld.dark,Black market
ui.aiWorld.districtImportant,Key districts
ui.aiWorld.formatAnswerJSON,### Answer format (JSON only)
ui.aiWorld.group,Group/organisation
ui.aiWorld.hasPowerGroup,Power holders and factions
ui.aiWorld.how,Methods
ui.aiWorld.howto,How it is used in practice
ui.aiWorld.itemDefine,Requirements:
ui.aiWorld.itemForbid,Taboos
ui.aiWorld.itemRemember,Limitations
ui.aiWorld.knotWriteNext,Plot hooks to write from
ui.aiWorld.lang,Language/accent
ui.aiWorld.main,Main goods
ui.aiWorld.main2,Main economy
ui.aiWorld.mainWord,Core teachings
ui.aiWorld.msg,Clergy/leaders
ui.aiWorld.msg10,Source of power
ui.aiWorld.msg11,Who controls the wealth
ui.aiWorld.msg2,Population
ui.aiWorld.msg3,Leader
ui.aiWorld.msg4,Terrain
ui.aiWorld.msg5,Culture
ui.aiWorld.msg6,Enemies
ui.aiWorld.msg7,Symbols
ui.aiWorld.msg8,City
ui.aiWorld.msg9,Economy
ui.aiWorld.must,The price to pay
ui.aiWorld.name,Beliefs
ui.aiWorld.name2,Name of the religion/cult
ui.aiWorld.name3,City name
ui.aiWorld.name4,Religion/belief
ui.aiWorld.nameGroup,Name of the group/culture
ui.aiWorld.nameSystem,System name
ui.aiWorld.nameSystem2,Name of the economic system
ui.aiWorld.newDetailWheelHas,"Create details that are internally consistent, make sense within the world and can genuinely be used to write the story. "
ui.aiWorld.newWorldStoryCmd,"Create ""{0}"" for this story's world, following the author's instructions: {1}"
ui.aiWorld.notKnownType,Unknown type: 
ui.aiWorld.orderLayer,Social hierarchy
ui.aiWorld.origin,History
ui.aiWorld.originLegend,Origins and legends
ui.aiWorld.overviewAmbience,Overview and atmosphere
ui.aiWorld.placeImportant,Important places
ui.aiWorld.planCurrent,Current plans
ui.aiWorld.power,Political power
ui.aiWorld.prevHasForbid,### What already exists (do not contradict)
ui.aiWorld.problem,Problems the city faces
ui.aiWorld.relationGroupOther,Relations with other groups
ui.aiWorld.replyJSONOutlineDefine,"Answer only in JSON following the given structure, with no other text outside the JSON"
ui.aiWorld.resourceDot,Resources and weaknesses
ui.aiWorld.resultNext,Effects on society
ui.aiWorld.ritual,Rituals
ui.aiWorld.ritualImportant,Important rituals
ui.aiWorld.ruleSystem,Rules of the system
ui.aiWorld.scarce,Scarce goods
ui.aiWorld.see,Dissenters
ui.aiWorld.sideEffect,Side effects and dangers
ui.aiWorld.spread,How widespread it is
ui.aiWorld.structureInner,Internal structure
ui.aiWorld.structureTrade,Trade structure
ui.aiWorld.system,Magic system
ui.aiWorld.thing,What is considered heresy
ui.aiWorld.thing2,What is worshipped
ui.aiWorld.toneWorld,5. Tone/genre of the world: 
ui.aiWorld.use,Who can use it
ui.aiWorld.valueMain,Core values
ui.aiWorld.wordSearch,keyword1
ui.aiWorld.wordSearch2,keyword2
ui.aiWorld.writeThaiConciseUse,"2. Write in English, concisely and practically — not just pretty words"
ui.aiWorld.youNewWorldWorldbuilder,You are a worldbuilder for novels/screenplays. 
ui.allShortcutsTitle,Keyboard Shortcuts
ui.app.add,Add “{0}” to the dictionary
ui.app.addBook,+ Add book…
ui.app.addChapter,+ Add chapter…
ui.app.addChapterBook,Add a chapter to this book
ui.app.addDone,Added to the dictionary: 
ui.app.addEvent,Add event
ui.app.addFileTask,+ Add research file…
ui.app.addImageInLibrary,Add images to the library
ui.app.addImageInLibrary2,Added images to the library: 
ui.app.addMap,+ Add map…
ui.app.addMapNew,Add a new map
ui.app.addPart,+ Add section
ui.app.addReduce,+ Add field
ui.app.addSceneChapter,Add a scene to this chapter
ui.app.aiAnalysis,AI analysis results
ui.app.all,All sources
ui.app.allLine,Same on every line
ui.app.app,App default
ui.app.appWriteNovelScreenplay,Novel/screenplay writing app — Electron + ProseMirror
ui.app.auto,— Automatic —
ui.app.autoFitWidthOff,Auto-fit page width is off — back to the zoom you set
ui.app.autoFitWidthOn,Auto-fit page width is on
ui.app.autosaveFail,Auto-save failed: 
ui.app.autosaveRunN,Auto-saved {0} of {1} {1|file|files}
ui.app.back,Back to the form
ui.app.backSceneNormalDone,"""{0}"" is a normal scene again"
ui.app.backVersionLatestSave,Go back to the last saved version
ui.app.badgeUseScreenplayOpenScene,This badge applies to screenplays — open a screenplay scene first
ui.app.beforeDel,Before deleting 
ui.app.bind,Linked to
ui.app.bindCardDocProject,Link the card to a document in the project
ui.app.bindRelation,Link a relationship
ui.app.block, blocks
ui.app.boardItemHideItem,{0} {0|board is|boards are} hidden by the filter — clear the search box to see them all
ui.app.boardPlanner,Planning boards
ui.app.boardPlanner2,Planning boards ({0})
ui.app.boardPlannerPlannerGraph,Planning boards (Planner) and floor plans
ui.app.boardPlannerReadCant,Planning boards (unreadable)
ui.app.bookNotHasDraft,This book has no draft yet
ui.app.btnFloatFABClose,Floating button (FAB): off
ui.app.btnFloatFABOpen,Floating button (FAB): on
ui.app.buildTreeFail,buildTree failed
ui.app.buildTreeNewCatBoard,buildTree: failed to build the planning-board category — skipping it for now
ui.app.buildTreeNewCatGraph,buildTree: failed to build the branching-plan category — skipping it for now
ui.app.buildTreeNewCatMap,buildTree: failed to build the map category — skipping it for now
ui.app.buildTreeNewNotOk,buildTree: failed to build the tree (the old tree is kept)
ui.app.buildTreeNotHasTree,buildTree: no #tree to swap into (project panel not ready) — skipping this round
ui.app.busyLayoutPanelTab,Arranging panels and tabs…
ui.app.busyLoadLang,Loading language…
ui.app.busyLoadTemplate,Loading templates…
ui.app.busyMergeDraft,Merging the draft…
ui.app.busyNew,Creating {0}/{1} — {2}
ui.app.busyNewFilePDF,Creating the PDF…
ui.app.busyNewStructureProject,Creating the project structure…
ui.app.busyOpen,  — currently open
ui.app.busyOpenNotSave,  — currently open · unsaved
ui.app.busyOpenProject,Opening the project…
ui.app.busyReadDataProject,Reading project data…
ui.app.busyResultWorkFlow,Running the workflow…
ui.app.busyRun,Working…
ui.app.busySave,Saving {0}/{1} — {2}
ui.app.busySave2,Saving…
ui.app.busySearchSceneMention,Searching for scenes that mention “
ui.app.busyStartApp,Starting the app…
ui.app.busyWriteFile,Writing the file…
ui.app.cancelChangeAllTab,"Discard all changes in this tab?
The content will go back to the last saved version"
ui.app.cancelCloseApp,Cancel closing the app
ui.app.cancelMargin,Clear the scope
ui.app.cancelSave,Cancel saving
ui.app.cantPick,Nothing selected yet
ui.app.cantPickFolder,(no folder selected yet)
ui.app.cantRef,Nothing referenced yet
ui.app.cat,Category
ui.app.cat2,Category: 
ui.app.catMapSkipEmpty,Map category (leave empty = no category)
ui.app.changeIconNameShow, Change icon/display name
ui.app.changeImageCase,Change case: 
ui.app.changeImageCaseUnset,Change case: {0} — removed the forced upper case of 
ui.app.changeName2,Rename…
ui.app.changeNameBoard,Rename board
ui.app.changeNameF,"Renamed to ""{0}"""
ui.app.changeNameMapDone,Map renamed
ui.app.changeNamePlanDone,Plan renamed
ui.app.changeTitle,Change the title to: 
ui.app.chapter,Chapter {0}
ui.app.chapterFilm, Screenplay
ui.app.chapterFilm2, Screenplay ▾
ui.app.chapterFirstNotHas,The first chapter has no scenes yet
ui.app.chapterHeading,Chapter/heading
ui.app.chapterNotHasElement,This script has no elements with content to delete
ui.app.chapterPageFilePerson,"Script “{0}” · {1} {1|page|pages} — one file per person, each with a different watermark"
ui.app.characterChapter,Characters in this script
ui.app.characterLineDialoguePage,{0} {0|character|characters} · {1} {1|line|lines} of dialogue · {2} {2|page|pages}
ui.app.checkChapterBeforeExport,Check the script before export: off
ui.app.checkChapterBeforeExport2,Check the script before export: on
ui.app.checkChapterNotOk,Script check failed
ui.app.checkDone,Script format OK ▾
ui.app.checkNew,Check again
ui.app.checkNewChapter, Recheck the whole script
ui.app.checkScreenplay,Check screenplay
ui.app.checkWord,Spell-check dictionary
ui.app.clearResult,Clear results
ui.app.clearSaveShowFile,Clear the log shown (the log files on disk are kept)
ui.app.clickPickFormatCtrl,Click to choose a format · or Ctrl+↑/↓ to switch
ui.app.clickViewCmdItem, — click to see commands (next item · full list · check again)
ui.app.clickViewDetail,Click to see details
ui.app.clickViewImageFull,"
Click = view full image · drag into a scene to insert the image"
ui.app.close2,Turned off after a crash
ui.app.closeAllDirtyAsk,{0} {0|tab has|tabs have} unsaved changes
ui.app.closeAllKeptUnsaved,Closed {0} {0|tab|tabs} · kept {1} {1|tab|tabs} that could not be saved
ui.app.closeAppHasList,Close the app — {0} {0|item|items} are unsaved
ui.app.closeAppPendingList,Closing the app · {0} pending {0|item|items}
ui.app.closeNotSave,Close without saving
ui.app.closePrint,Off (printed exactly as it is)
ui.app.closeTab,Close this tab
ui.app.closeTabDirtyAsk,"""{0}"" has unsaved changes. What now?"
ui.app.closeTabDiscard,Close without saving
ui.app.closeTabSave,Save and close
ui.app.cmdLibraryImageFail,Image library command failed: 
ui.app.cmdUseScreenplayOpenScene,"This command applies to screenplays
Open a screenplay scene first, then try again"
ui.app.compareVersion,Compare versions — 
ui.app.compareVersion2,Compare versions
ui.app.consoleDev,Developer console
ui.app.convertGo,Convert
ui.app.convertLoss,Switching modes will change some block types irreversibly — {0} · Convert anyway?
ui.app.convertLostItem,{0} → {1} ({2})
ui.app.convertLostMore, and {0} more {0|type|types}
ui.app.copyReportDone,Report copied
ui.app.copyReportNotOk,Could not copy the report
ui.app.copyResult,Copy results
ui.app.copyResultConsoleDone,Console output copied
ui.app.copySaveDoneLine,Log copied ({0} {0|line|lines} matching the filter)
ui.app.corner,Tilt (degrees)
ui.app.courierMonoThaiProportionalThai,Courier MonoThai · ProportionalThai (1998)
ui.app.coverBookReadNot,Could not read the book cover image
ui.app.ctrlEnter,Run (Ctrl+Enter)
ui.app.currentTopDisk,Current (on disk)
ui.app.data,Data
ui.app.dataSystem,System info
ui.app.date,Day 3 · Year 1024 · Morning
ui.app.default,Default
ui.app.del,Delete permanently
ui.app.delAllLine,All {0} {0|line|lines} will be deleted
ui.app.delAllLine2,Delete all {0} ({1} {1|line|lines})?
ui.app.delCat, Delete category
ui.app.delDone,Permanently deleted: 
ui.app.delElementDoneCancel,Deleted {0} {0|element|elements} (undo with {sc:editor-undo})
ui.app.delElementNotOk,Could not delete the elements: 
ui.app.delElementType,Delete elements by type
ui.app.delFolder,Delete folder
ui.app.delFolderAll,"Delete the whole folder ""{0}""?"
ui.app.delLineDone,Line deleted
ui.app.delMap,Delete this map
ui.app.delMapDone,Map deleted
ui.app.delMoveTrash,Delete (move to the trash)
ui.app.delRecoverRestoreCant,Permanently delete “{0}”? (it cannot be restored)
ui.app.delTemplate,"Delete template ""{0}""?"
ui.app.delTemplateDone,Template deleted
ui.app.delUseApp,Libraries used in the app
ui.app.delWorkFlow,Delete workflow “{0}”?
ui.app.detail,Details
ui.app.dialog,(in the dialog)
ui.app.dirtyPending,dirty: registered pending-work source 
ui.app.diskChangedWhileDirty,"""{0}"" was changed outside the app while you have unsaved edits — you'll choose which version to keep when you save"
ui.app.diskConflictAsk,"""{0}"" was changed by another program after you opened it here. Which version do you want to keep?"
ui.app.diskConflictAutoSkip,Autosave skipped a file changed outside the app: 
ui.app.diskConflictAutoStatus,"Didn't autosave ""{0}"" because it was changed outside the app — save manually to choose which version to keep"
ui.app.diskConflictOverwrite,Overwrite with this tab's text
ui.app.diskConflictRecreate,Recreate the file
ui.app.diskConflictReload,Use the version on disk (discard tab edits)
ui.app.diskDeletedAsk,"""{0}"" was deleted or moved outside the app. Recreate it in its old place with this tab's text?"
ui.app.diskReloadedN,Reloaded {0} {0|tab|tabs} changed outside the app
ui.app.dlgbSource,Rehearsal Room
ui.app.doItemSet,Build installer/portable
ui.app.doneDoneFile,Done — {0} {0|file|files}
ui.app.doneOpenBackChapter,"Applied ""{0}"" (turn it back on at Script → Upper/lower case)"
ui.app.draft,Draft
ui.app.draftNotHasChapter,This draft has no chapters yet — create a chapter first
ui.app.dragMoveBar,Drag to move the bar
ui.app.drawPanelCommentNot,Could not draw the comments panel
ui.app.drawPanelF,Drawing panel {0} failed
ui.app.drawPanelF2,Drawing panel {0} failed
ui.app.dupBoardDone,Board duplicated
ui.app.dupWorkFlowDone,Workflow duplicated
ui.app.edit,Edit…
ui.app.editCatNameIcon, Edit category (name/icon)
ui.app.editEvent,Edit event
ui.app.editIIAuto,Automatically change a lone i to I
ui.app.editItemFirstSentence,Automatically capitalise the first letter of a sentence
ui.app.editJSON,{{ }} Edit raw JSON
ui.app.editJSON2,{{ }} Edit as JSON
ui.app.editPin,Edit pin
ui.app.editTemplate,Edit template
ui.app.eg,e.g. The Demon of Bangkok
ui.app.eg2,e.g. Father / Friend
ui.app.eg3,e.g. War breaks out
ui.app.egBeforeEditAct,e.g. Before rewriting the ending
ui.app.egDate,e.g. Year 1024 · Day 3
ui.app.egK2CssVarEd,"e.g.  k2.cssVar(""--ed-fs"")   or   k2.blocks().length"
ui.app.egLineMainView,"e.g. Main line, Villain's view"
ui.app.egWorldCurrentWorld,e.g. Present world · Past world · Other dimension
ui.app.exitCatDone,Removed from the category
ui.app.exitModeFocus,Exit focus mode
ui.app.exitModeRead,Exit reading mode
ui.app.explorerReadLibraryImage,explorer: cannot read the image library
ui.app.explorerReadMapsJson,explorer: cannot read maps.json
ui.app.exportAlignFail,Could not carry the scene alignment into the export
ui.app.exportChapter,Export script 
ui.app.exportChapterDraft,Export the script from which draft
ui.app.exportDone,Exported .{0}: {1}
ui.app.exportDraft,Export which draft
ui.app.exportFontCssFail,Could not embed fonts into the export
ui.app.exportImportProjectZip,Export/import the project as .zip
ui.app.exportMergeDone,Exported combined: 
ui.app.exportNext,Export anyway
ui.app.exportPDFDonePage,Exported PDF ({0} {0|page|pages}): 
ui.app.exportPDFWatermarkPerson,Export per-person watermarked PDFs
ui.app.exportTableWordDone,Exported the translation table ({0} {0|key|keys}): 
ui.app.exportWorkFlow,Export with a workflow
ui.app.file,File extension
ui.app.fileLangK2Csv,Language files (k2_*.csv)
ui.app.fileNotHas,(this file has no {0} yet)
ui.app.fileOpen,Open files
ui.app.fileTaskMarkdownJSON,"Work files are Markdown + JSON, fully compatible with Killian v1"
ui.app.filter,Filter by source
ui.app.findDiskFindOn,Find on disk
ui.app.findRowNotFound,Row not found → repairing the tree
ui.app.folderNotProjectKillian,This folder is not a Killian project (project.khn.json not found)
ui.app.fontScreenplayPosView,Screenplay font (Thai) — tone-mark positions adapted · see renderer/assets/fonts/THAI-FONTS.txt
ui.app.fontScreenplayQuoteUnquote,Screenplay font (Latin) — Quote-Unquote Apps
ui.app.forceCaseBig,Force upper case
ui.app.forcePrintBigFormat,Force upper case per the standard script format
ui.app.foundErrorChapterEg,"Found {0} {0|error|errors} in the script (e.g. “{1}”)
Export anyway?"
ui.app.foundSceneMention,Found {0} {0|scene|scenes} that mention “{1}”
ui.app.goalFromSaves,counted from word history (updates after saving)
ui.app.goalWord,Today's goal: {0} / {1} {1|word|words} ({2}%)
ui.app.gotoFindNone,No matches
ui.app.gotoFindPlaceholder,"Type a scene, chapter or page number…"
ui.app.graphBreakBranch,Branching plans
ui.app.graphBreakBranch2,Branching plans ({0})
ui.app.graphDialogue,Dialogue chart
ui.app.graphDialogueNextPage,Dialogue per page chart
ui.app.has,Has
ui.app.hasBoardName,"A board named ""{0}"" already exists"
ui.app.hasBoardName2,A board with this name already exists
ui.app.hasChapterOverrides,Has chapter overrides
ui.app.hasFileNameCat,A file with this name already exists in the target category
ui.app.hasImage,Has images
ui.app.hasPendingFileCtrl,{0} {0|file|files} pending ({sc:save-all} to save all)
ui.app.hasProjectOpenReplace,This project already exists — opening it instead
ui.app.hasRelation,Has relationships
ui.app.heading,Heading
ui.app.hearOpenModeTypewriter, (heard when typewriter mode is on — {sc:typewriter})
ui.app.helpWriteCodePart,Helped write part of the code (opencode)
ui.app.hide, → hidden!
ui.app.hideEmptyCatHide,hidden={0} faded={1} empty={2} categories folded/hidden={3}
ui.app.hidePageLineClose,Hide line-prefix codes: off (all codes shown)
ui.app.hidePageLineOpen,Hide line-prefix codes: on
ui.app.history,History
ui.app.historyVersion, Version history…
ui.app.home,Home
ui.app.icon,Icon (emoji)
ui.app.image,Image: 
ui.app.imageRemoved,Image removed
ui.app.import,Import-
ui.app.importKeyLangAdd,Imported {0} {0|key|keys} · language {1} · added/changed {2}
ui.app.importNotOkNot,Import failed: there is no active book/draft yet
ui.app.importReplaceNoTab,"Nothing replaced — the current tab isn't an editable screenplay (it was closed/switched, or the scene is locked)"
ui.app.importScreenplayF,"Screenplay import ({0}) done: {1} {1|scene|scenes}, {2} {2|character|characters}"
ui.app.importScreenplayF2,"Screenplay import ({0}) — created new scenes: {1} {1|scene|scenes}, {2} {2|character|characters}"
ui.app.insertImage,Insert image: 
ui.app.insertImageDone,Image inserted: 
ui.app.insertImageNotOk,Could not insert the image: 
ui.app.item,Desktop app runtime
ui.app.itemEditCloseDone,The editor has been closed — open the scene again and retry
ui.app.itemEditTextNovel,Text editor (novels + screenplays)
ui.app.itemItem, Next item ({0} {0|item|items})
ui.app.itemReplace,Replacement: 
ui.app.jSONCheckFormatBefore, — plain JSON (format checked before writing)
ui.app.jSONFormatNotSave,"Invalid JSON, not saved: "
ui.app.keyEnglish,key (English)
ui.app.keyPlugin,Plugin shortcut broken: 
ui.app.killianEditor,Killian Editor 
ui.app.kind,Type
ui.app.label,Label
ui.app.label2,Label (Thai)
ui.app.left,Left:
ui.app.libraryImage,Image library ({0})
ui.app.libraryImage2,Image library
ui.app.line,{0} ({1} {1|line|lines})
ui.app.line2,{0} {0|line|lines} differ
ui.app.lineLatest,Follow the latest line
ui.app.lineStory,Track/storyline
ui.app.lineTime,Timeline
ui.app.link,Entity link
ui.app.list,Recipients
ui.app.listWordEnglishFolder,Thai/English word lists in renderer/assets · add your own at Plugins/dictionaries
ui.app.loading,Loading...
ui.app.loadPluginItem,Loaded {0} {0|plugin|plugins}
ui.app.lockEditCant, Locked (read-only)
ui.app.lockEditCant2,Locked (read-only)
ui.app.lockScene, Lock this scene
ui.app.lockSceneDoneEdit,Scene locked (read-only until unlocked)
ui.app.manageBook,Manage books
ui.app.manageSmartTypeWordApp,Manage SmartType (words the app remembers)
ui.app.map,Maps ({0})
ui.app.map2,Maps
ui.app.mapChar2,Special character map
ui.app.mapReadCant,Maps (unreadable)
ui.app.markCentralizeStaleFail,markCentralizeStale failed
ui.app.markdown,Raw Markdown — 
ui.app.mdApplied,Content updated from Markdown
ui.app.mdApply,Apply changes
ui.app.mdApplyFail,Could not apply changes: 
ui.app.mdEditHint,"Editable — press ""Apply changes"" to write it back into the document (not saved to disk until {sc:save})"
ui.app.mdNoChange,Nothing changed
ui.app.mergeFileBundler,Bundling files (bundler)
ui.app.mergeStory,Whole story: {0}
ui.app.migSpThaiFont,Moved the screenplay Thai font setting into the per-language font table
ui.app.mine,Mine
ui.app.modeCompareDoc,Document compare mode: 
ui.app.modeFocus,Focus mode
ui.app.modeFocusEscCtrl,Focus mode — Esc or {sc:focus-mode} to exit
ui.app.modeRead,Reading mode
ui.app.modeReadFocus,Reading + focus mode
ui.app.modeReadPressEsc,Reading mode — press Esc or {sc:reading-mode} to exit
ui.app.modeTypewriterClose,Typewriter mode: off
ui.app.modeTypewriterOpen,Typewriter mode: on
ui.app.mood,Mood: 
ui.app.moveCancelledUnsaved,Cancelled — {0} has unsaved changes that could not be saved
ui.app.moveCatF,"Moved to category ""{0}"""
ui.app.moveCatNewDone,Moved to the new category
ui.app.moveCommentPrevList,Moved {0} existing {0|comment|comments} into the scene file
ui.app.moveCommentPrevNot,Could not move the existing comments
ui.app.moveNoteBackIn,Move the note back into which chapter
ui.app.moveNoteInChapter,"Moved note ""{0}"" into chapter ""{1}"" (it won't be included in exports)"
ui.app.moveOutMEMODone,"Moved ""{0}"" out to MEMO"
ui.app.moveSceneChapter,Move the scene to chapter: 
ui.app.moveSkipDraftNot,Moving between drafts is not supported yet
ui.app.moveSnapshotsFail,Couldn't move the version history along with the file
ui.app.msg, (broken {0})
ui.app.msg3,{0} is … of {1}
ui.app.msg4,Source
ui.app.msg5,Supporting
ui.app.msg6,Inspiration
ui.app.msg7,Go
ui.app.msg8,Go to {0} {1}: {2}
ui.app.msg9,Go to…
ui.app.mustOpenTabScreenplay,Open at least 2 screenplay or document tabs to compare
ui.app.mustRenameTemplate,The template needs a name
ui.app.mustUseKillianF,Requires Killian {0} or later
ui.app.nameCat,Category name
ui.app.nameDate,{{name}} · {{date}}
ui.app.nameEvent,Event name
ui.app.nameMemo,Memo name
ui.app.nameMemoNew,New memo name
ui.app.namePart,Section name
ui.app.nameProjectNew,New project name
ui.app.nameTemplate,Template name
ui.app.nameWorkFlowNew,New workflow name
ui.app.navBookFail,Could not read the whole-book outline
ui.app.navWholeBook,Whole book
ui.app.navWholeBookHint,Switch between this scene outline and the whole book
ui.app.new,+ Create blank
ui.app.new2,Create where
ui.app.new3,After creating the tree
ui.app.newBoardFirst,+ Create the first board…
ui.app.newCatNew,Create a new category
ui.app.newChapterNew,Create the new chapter where
ui.app.newFilePDFFont,Create a PDF with embedded Thai fonts
ui.app.newFolderResearch,+ Create a research folder…
ui.app.newFolderResearchDone,Research folder created
ui.app.newListNew, Create a new list
ui.app.newMapFirst,+ Create the first map…
ui.app.newMemoNew,Create a new memo
ui.app.newNew,Create a new {0}
ui.app.newNewCat,Create new in this category
ui.app.newNewPlan,Create a new plan
ui.app.newPDF,Create PDF
ui.app.newPDFWatermarkFile,Created {0} watermarked PDFs in {1}
ui.app.newPDFWatermarkNot,Could not create the watermarked PDFs
ui.app.newPlanFirst,+ Create the first plan…
ui.app.newProjectNewDone,New project created: 
ui.app.newRelationBetween,"Create the relationship ""{0}"" between {1} ↔ {2}"
ui.app.newSceneNew2,Create the new scene where
ui.app.newTemplateDone,Template created
ui.app.newTemplateNew,+ Create a new template
ui.app.newTemplateNew2,Create a new template
ui.app.note,Note: 
ui.app.noteChapterNotMerge,Note in the chapter — not included when the draft is exported
ui.app.noteDoneNotMerge,"""{0}"" is now a note — it won't be included in exports"
ui.app.notFoundDocAt,No document matches the search
ui.app.notFoundElementAt,No element matches the conditions
ui.app.notFoundError,No errors found 🎉
ui.app.notFoundErrorChapter,No errors found in this script
ui.app.notFoundFileDisk,File not found on disk: 
ui.app.notFoundFileExplorer,This file isn't in the Explorer (it may have been deleted or moved)
ui.app.notFoundFileLang,Language file not found (languages/k2_th.csv · k2_{0}.csv)
ui.app.notFoundFileRef,Referenced file not found: 
ui.app.notFoundFileScene,Scene file not found: 
ui.app.notFoundKeyFile,No keys found in this CSV file
ui.app.notFoundScene,(scene not found)
ui.app.notHas,(none yet)
ui.app.notHas2,(none)
ui.app.notHas3,None
ui.app.notHasBookNew,No books yet — create a book first
ui.app.notHasChapter,— No chapters yet —
ui.app.notHasChapterExport,No script to export yet — open a screenplay scene first
ui.app.notHasChapterOther,There is no other chapter to move to
ui.app.notHasDialogueChapter,No dialogue in this script yet
ui.app.notHasDraftExport,No draft to export yet
ui.app.notHasDraftNew,No draft yet — create a book/draft first
ui.app.notHasFileHas,No {0} {1} (this file has {2})
ui.app.notHasFileOpen,No files to open yet
ui.app.notHasFileTask,No research files yet
ui.app.notHasHeadingHead,(no headings/scene headings yet)
ui.app.notHasHeadScene,No scene headings in this script yet
ui.app.notHasImage,(no images yet)
ui.app.notHasImageLibrary,No images in the library yet
ui.app.notHasLineAt,(no lines match the filter)
ui.app.notHasLineAt2,No lines match the filter — try another level or clear the search
ui.app.notHasList,No recipients yet
ui.app.notHasPageFile,There is no page {0} (this file has {1} {1|page|pages})
ui.app.notHasPart,— No extras —
ui.app.notHasPendingSave,Nothing pending to save
ui.app.notHasPressDup,"(none yet — press ""Duplicate"" on a preset)"
ui.app.notHasSave,(no log entries yet)
ui.app.notHasSceneMention,No scenes mention “
ui.app.notHasSceneNote,No scenes/notes/Wiki pages to link yet
ui.app.notHasSceneNote2,No scenes/notes to reference yet
ui.app.notHasScenePress,No scenes yet — press + to create one
ui.app.notMoveSkipDraft,Moving between drafts is not supported yet
ui.app.notMoveSkipDraft2,Moving between drafts/sections is not supported yet
ui.app.notMustRememberWord,Don't remember this word
ui.app.notOpen,(not opened)
ui.app.notOutDone,Staying
ui.app.notPick,None
ui.app.notRememberEditChapter,"No longer remembering ""{0}"" (change this at Script → Manage SmartType)"
ui.app.notRememberFoundNot,"Not remembered yet (seen fewer than {0} {0|time|times}) — press ""Remember"" to remember it now"
ui.app.notSave,Unsaved
ui.app.notSet,(not set)
ui.app.notSource,Source licence unknown
ui.app.notUseTemplate2,— No template —
ui.app.novel, Novel
ui.app.novel2, Novel ▾
ui.app.novel3,Novel
ui.app.nowReadPressBack,Paused reading here — press to jump back to the bottom
ui.app.numLineClose,Line numbers: off
ui.app.numLineOpen,Line numbers: on
ui.app.numSceneClose,Scene numbers: off
ui.app.numSceneOpenLeft,"Scene numbers: on (left {0}"" · right {1}"" from the paper edge)"
ui.app.oneLineOnePerson,"One line = one person
John
Jane | Director's copy"
ui.app.onlyLineHasBody,(only lines with content are counted — empty lines are left alone · undo with {sc:editor-undo})
ui.app.open,Open
ui.app.openApp,Open in the app
ui.app.openCloseFieldSearch,Show/hide the search box
ui.app.openDocBeforeDel,Open a document first to delete lines
ui.app.openFileCant,Cannot open the file: 
ui.app.openFolder,Show in folder
ui.app.openFolderDone,Opened folder: 
ui.app.openFolderLog,Open the log folder
ui.app.openFolderNotOk,Could not open the folder
ui.app.openFolderResearchDone,Opened the Research folder — drag files in
ui.app.openLibraryImageNot,Could not open the image library
ui.app.openMap,Open this map
ui.app.openMapsJson,Open maps.json
ui.app.openPanelMap,Open the maps panel
ui.app.openProject,Open Project...
ui.app.openProject2,Opened project: 
ui.app.openProjectBeforeImport,Open a project first to import translations
ui.app.openProjectDoneMs,Project opened in {0}ms
ui.app.openSceneBefore,Open a scene first
ui.app.openSceneBeforeChangeImage,Open a scene first to change the case
ui.app.openSceneBeforePage,Open a scene first to go to a page
ui.app.openSceneBeforePageScene,Open a scene first to go to a page/scene
ui.app.openSceneBeforeToggleMode,Open a scene first to switch modes
ui.app.openSceneBeforeViewMarkdown,Open a scene first to view the Markdown
ui.app.openSceneDraftBeforeProps,Open a scene in a draft first to sync its properties
ui.app.openSceneScreenplayBefore,Open a screenplay scene first
ui.app.openSceneScreenplayBeforeCheck,Open a screenplay scene first to check it
ui.app.openSceneScreenplayBeforeDel,Open a screenplay scene first to delete elements by type
ui.app.openSceneScreenplayBeforeDo,Open a screenplay scene first to make a report
ui.app.openSceneViewNavigation,(open a scene to see Navigation)
ui.app.orderItemNumNot,Order (number — optional)
ui.app.out, to exit
ui.app.outNotSave,Exit without saving
ui.app.page, · {0} {0|page|pages}
ui.app.pageAtCursor,Page {0} / {1}
ui.app.pageChapterNotOk,Could not count the script's pages
ui.app.pageGuidesOff,Page guides off
ui.app.pageGuidesOn,Page guides on
ui.app.pageNotName, · doesn't look like the name
ui.app.pageNovelNotOk,Could not count the novel's pages
ui.app.pageNumClose,Page numbers: off
ui.app.pageNumOpenRightMargin,"Page numbers: on (right-aligned {0}"" · {1}"" from the top edge)"
ui.app.pageNumStartChapter,Starting page number (chapter)
ui.app.pageOf,Page {0} / {1}
ui.app.pagePage,Go to page {0} of {1}
ui.app.panelLoadFileWindow,[panel] Failed to load the file edited in the panel window: 
ui.app.panelWindowPanelF,"[panel] Panel window ""{0}"" reported an abnormal state"
ui.app.partBody,Body section
ui.app.partNameVO,Character name extension (V.O. · O.S. · cont'd)
ui.app.pasteLineCharacterBefore,"Put the cursor on a ""Character"" line first"
ui.app.pasteLineCharacterBefore2,"Put the cursor on a ""Character"" line before adding an extension"
ui.app.pDFWatermark,Watermarked PDF
ui.app.pick,— Choose an entity —
ui.app.pickEditionNewNum,"Choose the ""new version"" (number 1–"
ui.app.pickEditionNum,"Choose the ""old version"" (number 1–"
ui.app.pickFolderTo,Choose destination folder
ui.app.pickFolderToBefore,Choose a destination folder first
ui.app.pickMapTo,— Choose a destination map —
ui.app.pickSceneViewProps,(choose a scene to see its properties)
ui.app.pickTextBeforeDone,"Select some text first, then change the case"
ui.app.pickTypeElementNeed,Choose the element type to remove entirely from the script
ui.app.pinPin,Pin
ui.app.placeChapter,Locations in this script
ui.app.placeScenePage,{0} {0|location|locations} · {1} {1|scene|scenes} · {2} {2|page|pages}
ui.app.plannedName,A plan with this name already exists
ui.app.plannerOpenPanelDup,planner: panel reopened — recalculating canvas coordinates
ui.app.plannerTreeCheckImage,planner/tree health ({0}): category={1} rows={2} 
ui.app.plannerTreeFindRow,planner/tree: cannot find the row of the open board
ui.app.plannerTreeItemFilter,"planner/tree: the Explorer filter hid row ""{0}"""
ui.app.plannerTreeNewCat,planner/tree: built the board category with {0} {0|board|boards}
ui.app.plannerTreeRowBoard,planner/tree: a board row was removed from the DOM
ui.app.plannerTreeRowChange,"planner/tree: row ""{0}"" changed {1}"
ui.app.plannerTreeStartView,planner/tree: started watching board rows in the Explorer
ui.app.plugin,Plugins
ui.app.plugin2F,Plugin {0} crashed — disabled for now
ui.app.plugin3,Plugin: 
ui.app.pluginPathMarginProject,plugin: path outside the project: 
ui.app.portal,{0} {0|entity|entities} · {1} {1|portal|portals} · {2} {2|note|notes}
ui.app.portalMap,Portal to a map
ui.app.press, — press 
ui.app.print,Printed exactly as it is
ui.app.printCancelled,Printing cancelled
ui.app.printFail,Printing failed
ui.app.printFilter,Type to filter…
ui.app.printJavaScriptDonePress,"Type JavaScript, then press Ctrl+Enter to run · use the k2 variable to reach the app's internals "
ui.app.printNoTab,No document open to print
ui.app.printSent,Sent to the printer
ui.app.project,Project
ui.app.projectOpenProjectNot,project: failed to open the project: 
ui.app.projectPrevHasTab,The previous project has {0} unsaved {0|tab|tabs}
ui.app.propsNewRowPos,props: cannot create the map-position row
ui.app.propsSceneAtFile,The scene properties already match the .md file
ui.app.propsSceneFileMd,Synced the scene properties from the .md file ({0} {0|value|values})
ui.app.proseIndentOff,Auto first-line indent: off
ui.app.proseIndentOn,Auto first-line indent: on ({0} in)
ui.app.quitSaveBeforeClose,quit: failed to save before closing: 
ui.app.ratio,Ratio
ui.app.read, — read-only
ui.app.readCant,(unreadable)
ui.app.readFileCSVCant,Cannot read the CSV file: 
ui.app.readFileVersionCant,(cannot read the version file)
ui.app.ready,Ready
ui.app.recentBrokenAsk,Cannot open this project - the folder no longer exists: {0}
ui.app.recentBrokenKeep,Keep it
ui.app.recentBrokenRemove,Remove from recents
ui.app.recentBrokenRemoved,Removed the missing project from recents
ui.app.recoverRestore,Restore
ui.app.recoverRestoreTab,Restore {0} {0|tab|tabs}
ui.app.reduceData,Data fields
ui.app.reducePart,{0} {0|field|fields} · {1} {1|section|sections}
ui.app.ref,References
ui.app.refDocNote,+ Reference a document/note…
ui.app.refOut,Remove this reference
ui.app.refreshListProjectDone,Project list refreshed
ui.app.refreshReadFileFolder,Refresh — reread files/folders from disk
ui.app.refToDocNote,Reference which document/note
ui.app.registerPanelFail,registerPanel failed: 
ui.app.remember,Remembered by you
ui.app.remember2,Remember
ui.app.rememberTimes,Remember again
ui.app.rememberWordChapterFound,Remember words from the script when seen at least
ui.app.rememberWordFoundTimes,Remember this word for suggestions even if seen only once
ui.app.removeElementsFail,remove-elements failed
ui.app.removeElementsKeepVersion,remove-elements: failed to keep a version before deleting (continuing)
ui.app.repeat,Duplicate
ui.app.repeatTemplateDone,Template duplicated
ui.app.replaceF,Replaced {0} {0|occurrence|occurrences}
ui.app.report,Character report
ui.app.report2,Character report
ui.app.reportPlace,Location report
ui.app.reportPlace2,Location report
ui.app.reset,Preset
ui.app.resetEditCant,  (preset — read-only)
ui.app.resetPosBarFormat,Format bar position reset
ui.app.restoreF,"Restored ""{0}"" as a tab"
ui.app.restoreTab,Restore as tab
ui.app.restoreTab2,Restore as tab
ui.app.result, results
ui.app.right,Right:
ui.app.save,Save
ui.app.saveAll,Save All
ui.app.saveAllDoneClose,Save all and close
ui.app.saveAllDoneList,Saved everything ({0} {0|item|items})
ui.app.saveAllSaveNotOk,saveAll: save failed: 
ui.app.saveAsDone,Saved as: {0}
ui.app.saveAsUnsupported,This tab can't be saved as an .md file
ui.app.saveAuto,Autosave
ui.app.saveBeforeCloseFail,Couldn't save before closing: 
ui.app.saveCancelledKeepTab,Not saved — the tab stays open
ui.app.saveCompleteListDone,"Saved all {0} {0|item|items}, closing the app"
ui.app.saved,Saved
ui.app.saveDone,Saved: 
ui.app.saveDoneOut,Save and exit
ui.app.saveFail,Couldn't save: 
ui.app.saveFile,Save as file…
ui.app.saveLatestLog,Latest log
ui.app.saveList,Saving {0}/{1} {1|item|items}
ui.app.saveNotOkList,Failed to save {0} {0|item|items} — the app stays open (see the log panel for details)
ui.app.saveOpenTabsNotOk,Failed to save openTabs
ui.app.saveReportDone,Report saved: 
ui.app.saveSettingsFail,Couldn't save the setting to the project file
ui.app.saveSizeUINot,Failed to save the UI size
ui.app.saveTemplateDone,Template saved
ui.app.saveVersionDone,Version saved
ui.app.scene2,(scene)
ui.app.scene3,Scene 
ui.app.sceneFirst,First scene
ui.app.sceneMention2,{0} {0|scene|scenes} mention “{1}”
ui.app.scenePage,  {0} · {1} {1|scene|scenes} · ~{2} {2|page|pages}
ui.app.scroll,Scroll down
ui.app.searchOnly, Search only in: 
ui.app.searchOnlyChapter,Search only in chapter: 
ui.app.searchProject,Search the whole project
ui.app.searchSave,Search the log
ui.app.searchStylePrint,Typo-tolerant search
ui.app.selectAllNeedEditor,Put the cursor in the editor first
ui.app.sendOpenWindowMain,Sent to open in the main window
ui.app.setCat,Set category…
ui.app.settingsFormatCheckChapter, Script format/check settings…
ui.app.showFormatClose,Show formatting: off
ui.app.showFormatOpenLine,Show formatting: on (element outlines + end-of-line marks)
ui.app.showHideLevel,Show/hide level 
ui.app.showHideParaNavigation,Show/hide paragraphs in Navigation
ui.app.showPageFirstAlways,Always show the home page: off
ui.app.showPageFirstAlways2,Always show the home page: on
ui.app.showPosExplorerDone,Shown in the Explorer
ui.app.sideChapterAuto,The other side automatically gets the role “{0}”
ui.app.sizeWatermarkPx,Watermark size (px)
ui.app.skipEmptyEventDot,Leave empty = a single-point event
ui.app.soundTypewriterClose,Typewriter sound: off
ui.app.soundTypewriterOpen,Typewriter sound: on
ui.app.spElementScriptOnly,Element types only apply to screenplays
ui.app.spellIgnoredOnce,"Ignored ""{0}"" once"
ui.app.spellIgnoreOnce,"Ignore ""{0}"" once"
ui.app.spellNoSuggest,No suggestions
ui.app.spellReplaced,"Replaced ""{0}"" with ""{1}"""
ui.app.spellReplaceFail,Could not replace the word
ui.app.spellSuggestHead,Suggestions
ui.app.spErrMarkOff,Script error marks off
ui.app.spErrMarkOn,Script error marks on
ui.app.spErrMarkToggle,Show error marks in the script
ui.app.splitF,"Split ""{0}"" into a floating window (double-click the title bar = back to a tab)"
ui.app.splitWindowFloat,Split into a floating window
ui.app.spThaiOff,Screenplay Thai font: not scaled (system fallback)
ui.app.spThaiOn,Screenplay Thai font: scaled to {0}%
ui.app.startAppOpenProject,On start: open the last project immediately (skip the home page)
ui.app.startAppShowPage,On start: show the home page first
ui.app.status2,Status: 
ui.app.styleWatermark,Watermark template
ui.app.suggest, (recommended)
ui.app.template,Template
ui.app.templateManage,Templates (manage)
ui.app.templatesFillBlockProfile,templates: added the profile block to this project's standard templates
ui.app.templatesFillBlockProfile2,templates: failed to add the profile block
ui.app.templatesJsonFormat,templates.json is malformed: 
ui.app.templatesJsonJSONEdit,templates.json — plain JSON; press Save when done (the format is checked before writing)
ui.app.templateWiki,Wiki templates
ui.app.text, — plain text
ui.app.textContClose,Continuation text: off
ui.app.textContOpenCONTINUED,Continuation text: on — (CONTINUED) · CONTINUED: · (MORE) · (cont'd)
ui.app.textLast,Last message
ui.app.textPageScreenAll,All on-screen text — edit/translate more without rebuilding
ui.app.themeDarkDark,Theme: Dark
ui.app.thesaurusWordOpposite,Synonyms/antonyms for “{0}”
ui.app.thinkExplorerScreenplayWork,"Concepts of the Explorer, screenplays, export workflows and planning boards"
ui.app.timeEndNotForce,End time (optional — for Gantt)
ui.app.timesSpeak,Times speaking
ui.app.timeStoryStart,Story time (start)
ui.app.title,Killian 2
ui.app.toggleModeChapterFilm,Switch to screenplay mode
ui.app.toggleModeDocNovel,Switch document mode novel ↔ screenplay ({sc:toggle-format})
ui.app.toggleModeNovel,Switch to novel mode
ui.app.trash,Trash ({0})
ui.app.tryNew,Try again
ui.app.unlockSceneDone,Scene unlocked
ui.app.updateIndexBacklinksFail,Failed to update the backlinks index
ui.app.use,Credits · what's used and where it comes from
ui.app.useNameDateStory,"Use {{name}} {{date}} {{title}} · give a person their own watermark with ""Name | watermark"""
ui.app.user,User
ui.app.useReorderTimeText,Used for ordering when the time is text
ui.app.valignPlannerOnly,Vertical align only works on the planner board
ui.app.valueRememberAllWord, — value 1 = remember every word typed (typos included)
ui.app.versionEditF,Edited version: {0}  ·  revision #{1}
ui.app.viewListAll, View the full list…
ui.app.viewSample,Preview
ui.app.webMoreElectron,Web engine + runtime bundled with Electron
ui.app.windowPanelCantChapter,Panel window: did not receive the project path
ui.app.wordChar,{0} {0|word|words} · {1} {1|character|characters}
ui.app.wordCmdNotRemember,Words you told it not to remember ({0})
ui.app.wordCmdRemember,Words you told it to remember ({0})
ui.app.wordCountRebuilt,Recounted words in {0} {0|scene|scenes}
ui.app.wordCountSyncFail,Could not sync the word count with the file
ui.app.wordKeepThingPrint,"These words were collected from ""what you typed in this script"" — press the cross after a word to stop remembering it"
ui.app.wordPageNameFile,File name prefix
ui.app.workFlowMine,My workflows
ui.app.writeCode,Wrote code
ui.app.writeOutStyleCode,"Wrote/designed almost all of the code, via Claude Code"
ui.app.zoomFitWide,Zoom to fit width: 
ui.autoTaskEvent.autoSyncUpdateName,auto-sync: updated names in {0} {0|file|files}
ui.autoTaskEvent.autoTaskAutoSync,auto-task: auto-sync off
ui.autoTaskEvent.autoTaskAutoSync2,auto-task: auto-sync on
ui.autoTaskEvent.autoTaskFileNot,auto-task: did not get through all files
ui.autoTaskEvent.renameAsk,"Rename ""{0}"" to ""{1}"" everywhere it is referenced?"
ui.autoTaskEvent.renameGo,Rename everywhere
ui.autoTaskEvent.renameNoHit,Nothing referenced the old name
ui.autoTaskEvent.renameSkipped,Renamed the event only
ui.autoTaskEventQueue.file,{0} → {1} ({2} {2|file|files})
ui.autoTaskEventQueue.notHasHandlerTask,No handler for this kind of task
ui.autoTaskEventQueue.notHasMustEdit,Nothing to change
ui.backup.backupSkipFile,backup: skipped file 
ui.backup.projectDoneFile,Project backed up: {0} ({1} {1|file|files})
ui.backup.projectFail,Project backup failed
ui.books.addBook,+ Add book
ui.books.bookAllProject,All books in the project
ui.books.changeNameBookDone,Book renamed
ui.books.changeNameDraft,Rename draft
ui.books.chapterSceneWord,{0} {0|chapter|chapters} · {1} {1|scene|scenes} · {2} {2|word|words}
ui.books.coverOut,Remove cover
ui.books.delDraft,Delete this draft
ui.books.draft, · {0} {0|draft|drafts}
ui.books.draft2,Draft
ui.books.egDraft,e.g. draft-2
ui.books.export,Export
ui.books.nameDraftNew,New draft name
ui.books.newDraftNew,Created a new draft: 
ui.books.newDraftNew2,+ New draft
ui.books.notHasBookPress,"No books yet — press ""＋ Add book"""
ui.books.open,Open
ui.books.outlineDraftEmptyNew,Copy the structure from which draft? (empty = start blank)
ui.books.pickCover,Choose cover
ui.books.setCoverBookDone,Book cover set
ui.books.setDraftMain,Main draft set to: 
ui.books.setMain,Set as main
ui.books.wordSynopsisBook,Blurb / synopsis of this book…
ui.branch.actEndNotHas,Ending (no outgoing choices)
ui.branch.add,Add
ui.branch.add2,Add
ui.branch.addChoice,Add choice:
ui.branch.addChoice2,Add choice
ui.branch.addChoice3,Add choice:
ui.branch.addChoiceBtn,Add choice
ui.branch.addChoiceDone,Choice added
ui.branch.addChoiceScene,Add a choice to this scene
ui.branch.addChoiceText,Add a choice from the text 
ui.branch.added,Choice added
ui.branch.addedFromText,Added 
ui.branch.addedFromTextTail, choices from the text — set their targets in the Branching Map
ui.branch.addToThis,Add a choice to this scene
ui.branch.addToThisHint,Create a new choice and insert its [text] at the end of the scene
ui.branch.allLinked,All choices in this scene are linked (
ui.branch.allPaths,Possible paths
ui.branch.arrangeGraphNewAuto,Re-arrange the chart automatically (forget positions you dragged)
ui.branch.arrangeGraphNewDone,Chart re-arranged
ui.branch.bindAll,Link all
ui.branch.bindAllChoiceTo,Link them all as choices (leaving the targets empty for now)?
ui.branch.bindChoice,Link as a choice
ui.branch.bindChoiceDone,Linked as a choice
ui.branch.bindChoiceTextComplete,All choices in the text are linked
ui.branch.bindChoiceTextDone,Linked the choice from the text
ui.branch.bindTextDone,Linked to the text
ui.branch.bookSkipEmpty,Book/group (optional)
ui.branch.branchingCheckChoiceAct,branching: failed to check choices when opening the project
ui.branch.branchingExportPNGNot,branching: PNG export failed
ui.branch.branchingFoundChoicePointF,branching: found {0} {0|choice|choices} pointing to scenes that no longer exist
ui.branch.branchingReadBodyScene,branching: failed to read the scene text
ui.branch.branchingReadSceneNot,branching: failed to read the scene
ui.branch.branchOpenPlan,branch: opened plan 
ui.branch.branchOpenPlanNot,branch: failed to open the plan
ui.branch.branchReadFilePlan,branch: cannot read plan file 
ui.branch.brokenHint,"The target scene was deleted or moved — pick the source scene to repoint it, or delete the choice"
ui.branch.brokenTitle,Choices pointing to deleted scenes
ui.branch.busyReadScene,Reading scenes…
ui.branch.cantArrange,Nothing arranged yet
ui.branch.cantOpenPlan,No plan open yet
ui.branch.cantOpenPlanPress,No plan open yet — press “＋” to create a new plan first
ui.branch.cardArrange, cards arranged by hand
ui.branch.cardColor,Card colour
ui.branch.changeToDone,Target changed
ui.branch.chapterOf,Chapter: 
ui.branch.choice, choices / 
ui.branch.choice2,Choices: 
ui.branch.choiceBodyScene,Choices in the scene text
ui.branch.choiceCount,Choices: 
ui.branch.choiceEg,e.g. go to market
ui.branch.choiceF, choices / {0} {0|scene|scenes}
ui.branch.choiceNotHasText,Is a choice but has no text in the scene
ui.branch.choiceNotSpecifyTo,This choice has no target yet
ui.branch.choiceNotSpecifyTo2,Choice has no target yet
ui.branch.choicePointSceneNot,Choice points to a scene that no longer exists
ui.branch.choicePointSceneNot2,Choices that point to scenes that no longer exist
ui.branch.choiceSaveHistoryDecide,Follow this choice (recorded in the decision history)
ui.branch.choiceScene,Scene choices
ui.branch.choiceSceneBindComplete,All choices in this scene are linked (
ui.branch.choiceText,Choice text
ui.branch.choiceTextPh,"Choice text, e.g. ""open the door"""
ui.branch.clearColorCardDone,Card colour cleared
ui.branch.clearColorLineDone,Line colour cleared
ui.branch.clickDialogSceneTop,Click a scene box on the chart to see/edit its choices
ui.branch.clickOpenSceneFrom,Click to open the source scene
ui.branch.clickPickDragMove,Click = select · drag = move · double-click = open the scene
ui.branch.close,Close
ui.branch.collapseGraph,Collapse chart
ui.branch.colorCardScene,Scene card colour
ui.branch.colorClear,Card colour cleared
ui.branch.colorLineChoice,Line colour of this choice
ui.branch.colorNone,No colour
ui.branch.colorSet,Card colour changed
ui.branch.compare,Compare with
ui.branch.comparePlan,Compare plans — 
ui.branch.comparePlanViewChoice,Compare with another plan — see where the choices differ
ui.branch.copied,Copied
ui.branch.copyDone,Copied
ui.branch.copyFail,Copy failed
ui.branch.copyPaths,Copy all
ui.branch.delChoice,Delete this choice
ui.branch.delChoice2,Delete this choice
ui.branch.docChoices,Choices in the scene text
ui.branch.docHint,"Type [text] in the scene where the story branches, e.g. [go to market], then link it here"
ui.branch.docInsert,Insert into scene
ui.branch.docInserted,Inserted at the end of the scene
ui.branch.docLink,Link as choice
ui.branch.docLinkAll,Link all
ui.branch.docLinked,linked to the text
ui.branch.docLinked1,Linked as a choice
ui.branch.docLinkedAll,All text choices linked
ui.branch.docMissing,In the text but not a choice yet
ui.branch.docNone,This scene has no [text] choice markers yet
ui.branch.docOrphan,A choice with no matching text in the scene
ui.branch.dotStartNotTo,Not reachable from the start
ui.branch.dragBarPasteTop,Drag the ⠿ handle onto another scene card = move the choice to that scene
ui.branch.dragChoice,Drag onto another scene to move this choice
ui.branch.dragHint,Drag the ⠿ handle onto another scene card to move the choice there
ui.branch.dragPasteTopScene,Drag onto another scene to move this choice
ui.branch.dup,Loop
ui.branch.dup2,Inside a loop
ui.branch.edit,Go edit
ui.branch.editTextChoiceDone,Choice text edited
ui.branch.eg,e.g. Go to the market
ui.branch.egBookOneUse,e.g. Book One — use when each book has its own set of choices
ui.branch.egBookShort,e.g. Book One
ui.branch.emptyGraph,No scenes with choices yet
ui.branch.emptyHint,"No scenes with choices yet — add one in the ""Add choice"" bar above and the map appears instantly"
ui.branch.expandGraph,Expand chart
ui.branch.expDone,Map exported: 
ui.branch.expHtml,HTML tree (clickable · with scene excerpts)
ui.branch.expJson,JSON (structure only — for other tools)
ui.branch.expMd,Markdown outline (indented list)
ui.branch.exportGraphDone,Chart exported: 
ui.branch.exportGraphHTMLMarkdown,Export chart — HTML / Markdown / JSON / SVG / PNG
ui.branch.exportHint,Export map — HTML / Markdown / JSON / SVG / PNG
ui.branch.expPng,PNG (image — for chat/slides)
ui.branch.expSvg,SVG (vector image of the map)
ui.branch.filterPaths,Filter paths — type a scene name the path must contain
ui.branch.filterRoutePrintName,Filter routes — type the name of a scene the route must include
ui.branch.findHint,Type to highlight matching scenes — the rest fade out
ui.branch.findPlaceholder,Search scenes / choices / tags
ui.branch.fitScreen,Fit to screen
ui.branch.fixIt,Fix
ui.branch.foundChoiceTextNot,Found unlinked choices in the text
ui.branch.foundTextNotChoice,Found in the text but not a choice yet
ui.branch.fromScenes,from
ui.branch.goneScene,missing scene
ui.branch.goTo,Goes to: 
ui.branch.graph,Chart
ui.branch.graphBreakBranchNon,Branching chart (non-linear)
ui.branch.hasMorePressView,"There are more — press ""View all"""
ui.branch.hasOnly," · only in ""{0}"" {1}"
ui.branch.hasOnly2,"Same {0} · different {1} · only in ""{2}"" {3}"
ui.branch.hidePanel,Hide this panel
ui.branch.hidePanelChoice,Hide the choices panel
ui.branch.hideSide,Hide choices panel
ui.branch.hideThis,Hide this panel
ui.branch.hTMLTreeClickHas,HTML tree (clickable · with scene summaries)
ui.branch.inNotTo,Unreachable
ui.branch.insertedDirty,"Inserted into the file — the open scene has unsaved changes, saving will overwrite it"
ui.branch.insertFileDoneScene,Inserted into the file — the open scene is still unsaved; save over it if you don't want this
ui.branch.insertScene,Insert into scene
ui.branch.insertSceneDone,Inserted at the end of the scene
ui.branch.inspector,Scene choices
ui.branch.items,items
ui.branch.jSONStructureInTool,JSON (structure only — for other tools)
ui.branch.labelClick,click to open the source scene
ui.branch.lineColor,Line colour for this choice
ui.branch.lineColorClear,Line colour cleared
ui.branch.lineColorSet,Line colour changed
ui.branch.listDefineToGraph, items — set their targets in the branching chart
ui.branch.loopBack,loops back
ui.branch.markdownOutlineListPara,Markdown outline (indented list)
ui.branch.merge,Merge
ui.branch.mergeAsk,Merge duplicate choices
ui.branch.mergeChoiceDup,Merge duplicate choices
ui.branch.mergeChoiceDupDone,Duplicate choices merged
ui.branch.mergedDone,Merged duplicate choices
ui.branch.mergeDupHint,Merge duplicate choices
ui.branch.mergeNote,Same text going to different scenes is a real branch and will be kept
ui.branch.mergeOk,Merge
ui.branch.moveCardDonePress,Card moved — press ⟲ to re-arrange the chart automatically
ui.branch.moveChoice,Move choice
ui.branch.moved,Card moved — press ⟲ to auto-arrange again
ui.branch.movedChoice,Moved choice
ui.branch.msg,From
ui.branch.msg2,To: 
ui.branch.needFromText,Pick a scene and type the choice text first
ui.branch.needScene,"Open a scene first, then type choices in square brackets, e.g. [go to market]"
ui.branch.needTreeView,Switch to Map view first to export an image
ui.branch.newChoiceNewReady,Create a new choice and insert [text] at the end of the scene too
ui.branch.newNewPlanStartLayout,Create a new plan (starting from a blank layout)
ui.branch.noChoice,This scene has no choices — it is one of the endings
ui.branch.nodeHelp,Click = select · Drag = move · Double-click = open scene
ui.branch.noDup,No duplicate choices to merge
ui.branch.noFile,This scene has no file yet
ui.branch.noMarker,No choices found in this scene — type [text] where the story branches
ui.branch.noMatch,no match
ui.branch.noTarget,This choice has no target yet
ui.branch.notDefineColor,No colour
ui.branch.notFoundChoiceScene,No choices found in this scene — type [text] where the story branches
ui.branch.notHasChoiceDup,No duplicate choices to merge
ui.branch.notHasSceneGraph,No scenes on the chart yet — add a choice to a scene first
ui.branch.notHasSceneHas,"No scenes with choices yet — add one with the ""Add choice"" bar above and the chart appears right away"
ui.branch.notSpecify,— Not set —
ui.branch.notUsePlanRemember,— No plan (this device) —
ui.branch.openBranchToFix,open the Branching Map to fix
ui.branch.openEnd,no target yet
ui.branch.openEndDash,— not set —
ui.branch.openEndParen,(no target yet)
ui.branch.openGraphBreakBranch,Open the branching chart to edit
ui.branch.openModeTrialPlay,Open play-test mode starting at this scene
ui.branch.openPairGraph,Open alongside the chart
ui.branch.openPlanBeforeDone,"Open a plan first, then choose the plan to compare with"
ui.branch.openPlanF,"Opened plan ""{0}"""
ui.branch.openPlanNotOk,Could not open the plan
ui.branch.openScene,Open scene
ui.branch.openScene2,Open scene
ui.branch.openSceneAreaWriteSee,Open the scene in the writing area while keeping the chart in a side panel
ui.branch.openSceneBeforeDonePrint,"Open a scene first, then type choices in square brackets, e.g. [Go to the market]"
ui.branch.openSplit,Open beside map
ui.branch.openSplitHint,Open the scene in the writing area while keeping the map panel visible
ui.branch.openViewGraphBefore,Open the chart view first to export an image
ui.branch.pastChoices,Chosen here before
ui.branch.pathFromStart,Path from the start to here
ui.branch.paths,paths
ui.branch.pathsFrom,Paths from this scene
ui.branch.pathTrunc,The story branches into more than
ui.branch.pathTruncHint,showing as many as could be walked
ui.branch.pickNode,Click a scene card on the map to view/edit its choices
ui.branch.pickNodeEmpty,No scenes on the map yet — add a choice to a scene first
ui.branch.pickScene,Previously chosen at this scene
ui.branch.pickScenePutText,Choose a scene and enter the choice text first
ui.branch.plan,Plan
ui.branch.planGraphOneProject,Plans for this chart — a project can have several (card positions/colours/views are separate per plan)
ui.branch.plannedNewPlanBefore,There is only one plan — create another plan to compare
ui.branch.play,Play from here
ui.branch.playFrom,Play from here
ui.branch.playFromHint,Open play-test mode starting at this scene
ui.branch.playHint,Play test — read the story and click through the choices
ui.branch.pngFail,PNG export failed: 
ui.branch.pNGImageGraphSend,PNG (chart image — for chats/slides)
ui.branch.pngSaved,Map image saved to the gallery: 
ui.branch.printOnlySceneAt,Type to highlight only the matching scenes — the rest fade out
ui.branch.printTextSceneAt,"Type [text] in the scene where the story branches, e.g. [Go to the market], then press Link here"
ui.branch.propsPlan,Plan properties — 
ui.branch.propsPlanStatusDraft,Plan properties — status (draft/live/backup) · colour · tags · book · notes
ui.branch.reading,Reading scene…
ui.branch.readScenesJsonNew,Reread scenes.json
ui.branch.recolorCardDone,Card colour changed
ui.branch.recolorLineDone,Line colour changed
ui.branch.relayout,Auto-arrange again (forget cards you moved)
ui.branch.relayoutDone,Map re-arranged
ui.branch.reload,Re-read scenes.json
ui.branch.roleEnd,Ending
ui.branch.roleEndFull,Ending (no choices out)
ui.branch.roleLoop,inside a loop
ui.branch.roleLoopShort,loop
ui.branch.roleLost,unreachable from any start
ui.branch.roleLostShort,unreachable
ui.branch.roleRoot,Start
ui.branch.route,Possible routes
ui.branch.routeDotStart,Routes from the start to here
ui.branch.routeScene,Routes from this scene
ui.branch.saveImageGraphLibrary,Saved the chart image to the image library: 
ui.branch.saveMapOpen,Save the open plan
ui.branch.saveNewPlanCoverLayout,Save as a new plan (copy the current layout into another plan)
ui.branch.savePlan2F,"Saved plan ""{0}"""
ui.branch.savePlanF,"Saved as plan ""{0}"""
ui.branch.savePropsPlanDone,Plan properties saved
ui.branch.scanAllSceneFind,Scan every scene for unlinked [text] choices
ui.branch.scanAsk,Link them all as choices (targets left blank for now)?
ui.branch.scanClean,Scan complete — every [text] marker is already linked to a choice
ui.branch.scanCompleteDoneAll,Scan complete — every [text] in the scenes is linked as a choice
ui.branch.scanDone,Linked choices from text:
ui.branch.scanFound,Found unlinked choice markers:
ui.branch.scanHint,Scan every scene for unlinked [choice] markers
ui.branch.scanOk,Link all
ui.branch.sceneDup,Scene is inside a loop
ui.branch.sceneNotHasChoice,This scene has no choices yet — it ends a branch
ui.branch.sceneNotHasText,This scene has no [text] choices in the story yet
ui.branch.sceneNotTo,Unreachable scene
ui.branch.sceneToDelMove,"The target scene was deleted or moved — choose the source scene to set a new target, or delete the choice"
ui.branch.searchNameSceneChoice,Search scene names / choices / tags
ui.branch.seeAll,See all
ui.branch.show,Showing as many as can be traced
ui.branch.show2,Showing only
ui.branch.showPanelChoice,Show the choices panel
ui.branch.showSide,Show choices panel
ui.branch.splitDone,Split: map on the left · scene on the right
ui.branch.splitScreenDoneGraph,Split screen: chart on the left · scene on the right
ui.branch.spots,spots
ui.branch.steps,scenes
ui.branch.storyBreakBranchMore,The story branches into more than
ui.branch.sumChoices,choices
ui.branch.sumEndings,endings
ui.branch.sumRoots,starts
ui.branch.sumScenes,scenes
ui.branch.sVGImageGraphStyle,SVG (vector chart image)
ui.branch.targetChanged,Target changed
ui.branch.textChoice,Choice text
ui.branch.textChoiceEgOpen,"Choice text, e.g. ""Open the door"""
ui.branch.textEdited,Choice text updated
ui.branch.textPersonSceneNot,The same text leading to different scenes is not merged
ui.branch.title,Branching Map
ui.branch.titleFull,Branching Map (Non-linear)
ui.branch.trialPlayReadStory,Play-test — read the story and keep choosing paths
ui.branch.truncWarn,Showing only
ui.branch.truncWarnTail,"there are more — press ""See all"""
ui.branch.twoPlanNotHas,Neither plan has any choices yet
ui.branch.usePlanBackRemember,Stop using the plan — go back to positions remembered on this machine
ui.branch.viewAll,View all
ui.branch.viewList,List
ui.branch.viewList2,List view
ui.branch.viewTree,Map
ui.branch.walkChoice,Walk this choice (saved to the decision history)
ui.branch.warnBroken,choices pointing to deleted scenes
ui.branch.warnLoop,scenes inside a loop
ui.branch.warnLost,unreachable scenes
ui.branch.warnOpen,choices with no target
ui.branch.zoomFit,Fit to screen
ui.branch.zoomIn,Zoom in
ui.branch.zoomOut,Zoom out
ui.central.allCurrent,Everything is up to date
ui.central.backlinksSceneToWiki,Backlinks (scenes that reference this Wiki page)
ui.central.busyNewIndexLink,Building the link index…
ui.central.cantWrite,You haven't written today yet!
ui.central.centralizeNewIndexNot,centralize: failed to build the index
ui.central.fresh,● Fresh
ui.central.mentionTimesClickOpenScene,Mentioned {0} {0|time|times} — click to open the scene
ui.central.newIndexNotOk,"Failed to build the index — press ""Rebuild index"""
ui.central.notHasBacklinksPrint,No backlinks yet — type a character/location name in a scene for it to appear here
ui.central.notMention,Not mentioned anywhere yet
ui.central.scene, ← {0} {0|scene|scenes}: 
ui.central.sceneCantSetStatus,{0} {0|scene|scenes} have no status yet
ui.central.stats,Statistics
ui.central.thingMustUpdate,Needs updating
ui.chapters.addChapter,+ Add chapter
ui.chapters.coverClear,Remove cover image
ui.chapters.coverHint,Tick Use chapter cover and the cover counts as a real page both when reading the whole book and when numbering pages
ui.chapters.coverOffDone,Chapter cover off
ui.chapters.coverOnDone,Chapter cover on — counts as one page
ui.chapters.coverPick,Choose cover
ui.chapters.coverSetDone,Chapter cover set
ui.chapters.coverTextPh,Text on the chapter cover (instead of or alongside the image)
ui.chapters.empty,This book has no chapters yet
ui.chapters.fullOffDone,Chapter cover is back to illustration plus title
ui.chapters.fullOnDone,Chapter cover now uses a full-page image
ui.chapters.noBook,No books in this project yet
ui.chapters.noDraft,This book has no draft yet
ui.chapters.open,Open
ui.chapters.props,Properties
ui.chapters.renameDone,Chapter renamed
ui.chapters.renumber,Renumber chapters
ui.chapters.sceneWord,{0} {0|scene|scenes} · {1} {1|word|words}
ui.chapters.sizeHint,"Recommended cover image {0} × {1} px ({2} dpi) · ratio {3} : 1 — the full paper sheet of the selected book size ({4} × {5} in), because a cover with Use full-page image bleeds to the paper edge (anything past the ratio is cropped)"
ui.chapters.title,Chapter Manager
ui.chapters.useCover,Use chapter cover
ui.chapters.useFull,Use full-page image
ui.chapters.useFullHint,The image fills the whole printable area with no title on top — turn off for an illustration plus the chapter title
ui.characters,characters
ui.cmt.added,Comment added
ui.cmt.addFail,Could not add the comment
ui.cmt.anchorHint,New comments are anchored to the selected text
ui.cmt.anchorLost,(anchor text was removed) 
ui.cmt.anchorLostHint,The text this comment was anchored to is gone
ui.cmt.anchorMissing,Could not find the anchored text (it may have been edited or deleted)
ui.cmt.anchorOkHint,Hover to highlight in the scene · click to scroll to it
ui.cmt.cancel,Cancel
ui.cmt.delete,Delete comment
ui.cmt.deleteConfirm,Delete this comment (and every reply) ?
ui.cmt.deleted,Comment deleted
ui.cmt.deleteHint,Delete this comment (with its replies)
ui.cmt.edit,Edit text
ui.cmt.edited, (edited)
ui.cmt.editedDone,Comment updated
ui.cmt.emptyAll,(No comments in this scene yet)
ui.cmt.emptyOpen,(No open comments)
ui.cmt.filterAll,All
ui.cmt.filterHint,Toggle resolved comments
ui.cmt.filterOpen,Open only
ui.cmt.needScene,(Open a scene to add comments)
ui.cmt.placeholder,Write a comment…
ui.cmt.placeholderSel,Comment on the selected text…
ui.cmt.readFail,(Could not read comments)
ui.cmt.readFailLog,Could not read comments
ui.cmt.reopen,Reopen this thread
ui.cmt.reopened,Comment reopened
ui.cmt.replied,Reply added
ui.cmt.reply,Reply
ui.cmt.replyPlaceholder,Reply…
ui.cmt.resolve,Resolve this thread
ui.cmt.resolved,Comment resolved
ui.cmtComment.add,Add
ui.cmtComment.bind,Linked to: “
ui.cmtComment.insertShortcode,Insert shortcode (resolved immediately)
ui.cmtComment.listNotClose,{0} {0|item|items} · {1} still open
ui.cmtComment.moveCommentPrevScenes,Moved {0} existing {0|comment|comments} from scenes.json → .md
ui.cmtComment.reply,Reply
ui.cmtComment.replyBack,{0} {0|reply|replies}
ui.cmtComment.scrollToAnchorPickRangeCant,scrollToAnchor: cannot select the range
ui.cmtComment.selectionAnchorReadFileCant,selectionAnchor: cannot read the file
ui.codex.allCat,All categories
ui.codex.busyNewWebCodex,Building the encyclopedia website…
ui.codex.busyRead,Reading entities…
ui.codex.codexExportNotOk,codex: export failed
ui.codex.codexExportWebF,codex: exported website {0} {0|page|pages} → {1}
ui.codex.codexReadIndexMention,codex: cannot read the mentions index
ui.codex.exportNotOk,Export failed: 
ui.codex.exportWeb,Export as website
ui.codex.exportWebCodexDone,"Exported the encyclopedia website, {0} {0|page|pages} → {1}"
ui.codex.newWebCodexStyle,"Build a Fandom/Wikia-style encyclopedia website (works offline, no internet needed)"
ui.codex.notFoundListAt,(no entries match the search)
ui.codex.notHasDesc,(no description yet)
ui.codex.notHasExport,No entities to export yet
ui.codex.notHasWikiNew,(no entities in the Wiki yet — create them from the project panel)
ui.codex.openPageWiki,Open Wiki page
ui.codex.openPageWikiNot,Could not open the Wiki page
ui.codex.openProjectBeforeHas,Open a project first to get an encyclopedia
ui.codex.searchCodexList,Search the encyclopedia… ({0} {0|entry|entries})
ui.codexBuild.appearScene2,Appears in scenes
ui.codexBuild.item,Related to
ui.codexBuild.knownName2,Also known as: {0}
ui.codexBuild.list2,{1} {1|entry|entries}
ui.codexBuild.newKillianCodex2,Made with Killian 2 · Codex
ui.codexBuild.notHasListCat2,(no entries in this category yet)
ui.codexBuild.searchCodexList,Search the encyclopedia… ({0} {0|entry|entries})
ui.color.blue,Blue
ui.color.brown,Brown
ui.color.clear,Clear colour
ui.color.gold,Gold
ui.color.gray,Grey
ui.color.green,Green
ui.color.hlBlue,Blue
ui.color.hlGray,Grey
ui.color.hlGreen,Green
ui.color.hlOrange,Orange
ui.color.hlPink,Pink
ui.color.hlPresets,Highlight presets
ui.color.hlPurple,Purple
ui.color.hlYellow,Yellow
ui.color.ink,Ink black
ui.color.none,None yet
ui.color.orange,Orange
ui.color.pink,Pink
ui.color.presets,Presets
ui.color.proseOnly,Text colour works in novel mode only
ui.color.purple,Purple
ui.color.recent,Recently used
ui.color.red,Red
ui.color.save,Save colour
ui.color.saved,Saved
ui.color.saveHint,Add or remove this colour from your saved set
ui.color.use,Use
ui.color.wheel,Pick a colour
ui.common.actEnd,Ending
ui.common.action,Action
ui.common.add,+ Add
ui.common.aIAnalyze,AI analysis
ui.common.aIAssistantWrite,AI writing assistant
ui.common.aiReadAiKey,ai: cannot read ai-key.json
ui.common.alignLeft,Align left
ui.common.all,All
ui.common.arrangePage,Layout
ui.common.arrangePageSeePage,Layout — see the real page (Layout)
ui.common.author,Author
ui.common.avgScene,Avg./scene
ui.common.back,Loops back
ui.common.board,Board
ui.common.board2,Board 
ui.common.boardMain,Main board
ui.common.boardMood,Mood board
ui.common.body,Content
ui.common.book,Book
ui.common.bookNotHasChapter,This book has no chapters yet
ui.common.bookOne,Book One
ui.common.busyEdit,Editing
ui.common.busySearch,Searching…
ui.common.busyWrite,Writing
ui.common.cancel,Cancel
ui.common.cantOpenProject,No project open yet
ui.common.cantPutBaseURL,No Base URL entered yet
ui.common.cantSettingsAIClient,The AI client is not set up
ui.common.center,Center
ui.common.changeNameBook,Rename book…
ui.common.chapter,Chapter
ui.common.chapter2,Chapter: 
ui.common.chapterFilm,Screenplay
ui.common.chapterN,Chapter {{n}}
ui.common.chapterOne,01 - Chapter One
ui.common.chapterOne2,Chapter One
ui.common.character,Character
ui.common.choice,Choice
ui.common.clear,Clear
ui.common.clear2,Clear
ui.common.close,Close
ui.common.collapse,Collapse
ui.common.color,Colour
ui.common.comment,Comment
ui.common.conflict,Conflict
ui.common.conflict2,Conflict: 
ui.common.copy,Copy
ui.common.copyAll,Copy all
ui.common.copyNotOk,Copy failed
ui.common.copyText,Copy as text
ui.common.cornerScene,Right-angled
ui.common.curve,Curved
ui.common.dashboard,Dashboard
ui.common.date,Date
ui.common.del,Delete
ui.common.del2,Delete
ui.common.delBookBook,Delete the whole book
ui.common.delMap,Delete map “{0}”?
ui.common.delMoveTrash,Delete (move to the trash)
ui.common.desc,Description
ui.common.detailed,Detailed
ui.common.dialogue,Dialogue
ui.common.dot,Dotted
ui.common.dotStart,Start
ui.common.draftTextDraft,Draft — plain text (Draft)
ui.common.dup,⧉ Duplicate
ui.common.edit,Edit
ui.common.empty,(empty)
ui.common.error,Error: 
ui.common.export,Export
ui.common.export2,Export…
ui.common.exportDone,Exported: 
ui.common.exportMd,Export .md
ui.common.exportOnlyImageUse,Export only images that are actually used…
ui.common.exportPDF,Export PDF: 
ui.common.exportPNG,Export PNG
ui.common.exportPNGNotOk,PNG export failed: 
ui.common.fail,Failed
ui.common.findImageDupLibrary,Find duplicate images in the library
ui.common.fitScreen,Fit to screen
ui.common.fixBtn,Fix
ui.common.flashback,Flashback
ui.common.font,Font
ui.common.formatAnswerJSONArray,Answer format (JSON array only):
ui.common.frame,Frame
ui.common.goal,Goal
ui.common.graphArea,Floor plan
ui.common.graphBreakBranch,Branching chart
ui.common.graphBreakBranch2,Branching chart
ui.common.hasBoardNameProject,"A board named ""{0}"" already exists in the project"
ui.common.history,History
ui.common.historyRun,Activity history
ui.common.howSpeak,Manner of speech/idiom
ui.common.image,Image
ui.common.importBtn,Import
ui.common.insertPage,Insert page
ui.common.insertSceneOpen,Insert into the open scene
ui.common.journal,Journal
ui.common.jSONNotValid,Invalid JSON: 
ui.common.killian,About Killian 2
ui.common.left,Left
ui.common.legend,Lore
ui.common.legend2,Lore/knowledge
ui.common.libraryImage,Image library
ui.common.line,Lines
ui.common.lineTime,Timeline
ui.common.list2,List
ui.common.manageBook,Manage books
ui.common.map,Map
ui.common.map2,Map 
ui.common.map3,Maps
ui.common.mapNew,New map
ui.common.min,min
ui.common.model,Model
ui.common.mood,Mood
ui.common.movePos,Move
ui.common.msg, (copy)
ui.common.msg2, copy
ui.common.msg3,OK
ui.common.msg4,General
ui.common.msg5,Dashed
ui.common.msg6,Note
ui.common.msg7,Entities
ui.common.msg8,Thai
ui.common.name,Name
ui.common.nameBoardNew,New board name
ui.common.nameFile,File name
ui.common.nameGroup,Group name
ui.common.nameMap,Map name
ui.common.nameNewPlan,New plan name
ui.common.namePlan,Plan name
ui.common.new,Create
ui.common.new2,New
ui.common.newAlbumNew,New album…
ui.common.newBoardF,"Created board ""{0}"""
ui.common.newBoardF2,"Created board ""{0}"""
ui.common.newBoardNew,Create a new board
ui.common.newPlan,New plan
ui.common.normalPagePaper,Normal (paper page)
ui.common.note,Note
ui.common.notebookNoteQuick,Quick notes
ui.common.notFound,Not found
ui.common.notFoundFileScene,Scene file not found
ui.common.notHas,— None —
ui.common.notHasSceneHas,No scenes with choices yet
ui.common.notNamed,(untitled)
ui.common.notNamed2,Untitled
ui.common.notSet,— Not set —
ui.common.notSpecify,(not specified)
ui.common.notSpecify2,— Not specified —
ui.common.notSpecifyCat,(no category)
ui.common.notSpecifyName,Untitled
ui.common.notSpecifyTime,(no time set)
ui.common.notSpecifyTo,(no target yet)
ui.common.notSpecifyTo2,No target yet
ui.common.notUse,Not used yet
ui.common.novel,Novel
ui.common.ok,Succeeded
ui.common.ollamaItem,Ollama (local)
ui.common.open,Open
ui.common.openProject,Open project
ui.common.openProjectBefore,Open a project first
ui.common.openProjectBeforeSettings,Open a project first to set up AI
ui.common.openSceneBeforeInsertImage,Open a scene first to insert an image
ui.common.openView,Open/view
ui.common.other,Other
ui.common.outlineStory,Outline
ui.common.overviewPxChar,Overview 1px/character
ui.common.overviewPxChar2,Overview 4px/character
ui.common.overwrite,Overwrite
ui.common.overwritePrev,Overwrite the existing
ui.common.page,Page
ui.common.page2,Page 
ui.common.pageFirst,Home
ui.common.pageFlashforward,Flashforward
ui.common.pagePairSideBy,Side-by-side pages
ui.common.pickImageBefore,Choose an image first
ui.common.pin,Pin
ui.common.pinPin,Pin
ui.common.place,Location
ui.common.printDone,Published
ui.common.project,Project
ui.common.props,Properties
ui.common.provider,Provider
ui.common.pxDims,{0} × {1} px
ui.common.refresh,Refresh
ui.common.refresh2,Refresh
ui.common.removeRowTip,Remove this row
ui.common.renameNew,Rename
ui.common.renameVersionSkipEmpty,Version name (optional)
ui.common.repeat,⧉ Duplicate
ui.common.replaceBtn,Replace
ui.common.restart,Start over
ui.common.revertBtn,Revert
ui.common.right,Right
ui.common.right2,Align right
ui.common.route,Route
ui.common.rule,Rules:
ui.common.save,Save
ui.common.saveAll,Save all
ui.common.saveDone, Saved
ui.common.saveGlobalSettingsNot,Failed to save global settings
ui.common.saveSettingsAIDone,AI settings saved
ui.common.saveVersion,Save version
ui.common.scene, scenes
ui.common.scene2,Scene
ui.common.scene3,Scene: 
ui.common.scene3F,Scene: {0}    Characters: {1}
ui.common.sceneFind,Missing scene
ui.common.sceneGraph,Scenes on the chart
ui.common.sceneNotHasFile,This scene has no file yet
ui.common.screenplay,Screenplay
ui.common.scroll,Scroll up
ui.common.searchSceneFindOn, Find in scene
ui.common.settingsAI,AI settings
ui.common.shape,Shape
ui.common.showFolder,Show in folder
ui.common.showFolderImages,Show the Images folder
ui.common.sideProviderItemHTTP,The provider's side had a problem (HTTP 
ui.common.solid,Solid
ui.common.status,Status
ui.common.story,Story
ui.common.summary,Summary
ui.common.synopsis,Synopsis
ui.common.tag,Tags
ui.common.tag2,Tags (comma-separated)
ui.common.tag3,Tags: 
ui.common.taskCancelled,Cancelled — {0}
ui.common.text,Text
ui.common.thing,Items
ui.common.thingSee,What is seen
ui.common.timeStoryLineTime,Story time (timeline)
ui.common.title,Title
ui.common.toggle,⇄ Flip direction
ui.common.tokensN,{0} {0|token|tokens}
ui.common.trialPlay,Play-test
ui.common.type,Type
ui.common.undoBtn,Undo
ui.common.unlock,Unlock
ui.common.use,Used in: 
ui.common.version,Version
ui.common.view,View
ui.common.view2,View: 
ui.common.viewImageFull,View full image
ui.common.viewPage,View: {0} · {1} {1|page|pages}
ui.common.viewPOV,Point of view (POV)
ui.common.word, words
ui.common.word2,Words
ui.common.writeEnd,Finished
ui.compile.authorEmptyUseProject,Author (empty = use the project's)
ui.compile.chapter,- Chapter: {0}
ui.compile.codeHasItemText,"Code (has the variables text, model)"
ui.compile.coverTitleAuthorCount,Cover page (title / author / word count)
ui.compile.cutComment,Remove comments %%…%% and <!-- … -->
ui.compile.cutMarkdownText,Remove Markdown symbols (plain text)
ui.compile.cutNoteMemoOut,Remove notes (memos)
ui.compile.draftEditor,Draft for the editor
ui.compile.draftPersonRead,Draft for readers
ui.compile.drawFrameRoundNote,Draw a box around remaining notes (for the app's own PDF builder)
ui.compile.editItemNameWiki,Expand {{{{name}}}} variables from the Wiki
ui.compile.expandShortcode,Expand shortcodes [title] [chapter] [date]
ui.compile.formatUseNTitle,Format — {{n}} {{title}} can be used
ui.compile.headChapter,Chapter heading
ui.compile.hTML,Convert to HTML
ui.compile.insertTextContNot,Failed to insert continuation text: 
ui.compile.itemBetweenScene,Separator between scenes
ui.compile.javaScript,Custom JavaScript
ui.compile.linkNameText,Turn wiki links [[name]] into plain text
ui.compile.msg,<!-- page break -->
ui.compile.nameScene,Scene name
ui.compile.nextSummaryStats,Append a statistics summary
ui.compile.notSpecifyStatus,No status
ui.compile.onlySceneStatus,Only scenes with status…
ui.compile.pageBreakAllChapter,New page for every chapter
ui.compile.pageListCharacterCast,Cast of Characters page
ui.compile.putNumOrderPage,Number the scene titles
ui.compile.readyPrintHTMLPageBreak,"Print-ready (HTML, new page for every chapter)"
ui.compile.scene,- Scene: {0}
ui.compile.screenplayCONTINUEDMORE,Screenplay (CONTINUED · MORE)
ui.compile.screenplayInsertCONTINUEDMORE,Screenplay: insert (CONTINUED)/(MORE) at page breaks
ui.compile.screenplayNotMergeElement,Screenplay: leave out elements by type
ui.compile.screenplayPDFTocCover,Screenplay → PDF (table of contents · cover page)
ui.compile.skipStepJavaScriptClose,Skip the JavaScript step (turned off)
ui.compile.sourceMarkdown,Manuscript (Markdown)
ui.compile.status,Status (comma-separated)
ui.compile.statusCountWordScene,Attach each scene's status/word count (for the editor)
ui.compile.stepJavaScriptCantRestore,The JavaScript step didn't return text — skipped
ui.compile.stepJavaScriptError,JavaScript step error: 
ui.compile.summaryStats,## Statistics summary
ui.compile.text,Separator text
ui.compile.textTextDoneRestore,"// text = the assembled text · return the new text
return text;"
ui.compile.textTxt,Plain text (.txt)
ui.compile.timeReadMin,- Estimated reading time: {0} min
ui.compile.typeCutOut,Types to remove (comma-separated: 
ui.compile.useSynopsisReplaceBody,Use the synopsis instead of the scene text
ui.compile.webHTML,Web (HTML)
ui.compile.word,_[{0} · {1} {1|word|words}]_
ui.compile.wordAll,- Total words: {0}
ui.compile.wordChapterScene,{0} {0|word|words} · {1} {1|chapter|chapters} · {2} {2|scene|scenes}
ui.compile.workFlowNew,New workflow
ui.compile.writeDoneCheckDone,"Finished, Checked"
ui.core.notFoundLangUse2,"Language ""{{0}}"" not found — using English instead"
ui.core.notHasText2,(no text)
ui.core.resourceLoadNotOk2,resource: failed to load <
ui.dash.activity,Writing activity
ui.dash.actSummary,{0} {0|word|words} added · wrote on {1} of {2} {2|day|days} · best day {3}
ui.dash.avgWordChapterTime,Average {0} {0|word|words}/chapter · total reading time ~{1} min
ui.dash.entitiesFail,Could not read Wiki data — showing the rest of the dashboard
ui.dash.goalWord,Goal: {0} / {1} {1|word|words} ({2}%)
ui.dash.imageAlbumTagArea,{0} {0|image|images} · {1} {1|album|albums} · {2} {2|tag|tags} · total size {3}
ui.dash.kanbanStatus,Scene status (Kanban)
ui.dash.libraryImage,Image library
ui.dash.loadPartHubNot,Failed to load the hub section
ui.dash.longEachChapterWord,Length of each chapter (words)
ui.dash.milestoneHit,Reached {0} {0|word|words}
ui.dash.milestones,Milestones
ui.dash.msGoal,Goal
ui.dash.msLeft,{0} {0|word|words} to go
ui.dash.msStart,Project started
ui.dash.msWords,{0} {0|word|words}
ui.dash.nextStuck,Pick up where you left off
ui.dash.notSetStatus,No status yet
ui.dash.notStartWriteNext,Writing streak not started yet
ui.dash.openKanban,Open Kanban
ui.dash.openLibraryImage,Open the image library
ui.dash.pageStatusScene,Progress by scene status
ui.dash.projectStart,Project started {0}
ui.dash.rangeAll,All
ui.dash.readHint,Based on an average reading speed of {0} {0|word|words}/min
ui.dash.readHM,{0} h {1} min
ui.dash.readM,{0} min
ui.dash.readTime,Total reading time
ui.dash.saveTaskDoneGraph,Save your work for a couple of days and the daily word chart will appear here
ui.dash.scenePinPin,Pinned scenes ({0})
ui.dash.statBooks,Books
ui.dash.statChapters,Chapters
ui.dash.statScenes,Scenes
ui.dash.topWordHint,"""{0}"" — {1}× ({2} per 10k words)"
ui.dash.topWords,Most used words
ui.dash.topWordsNote,Out of {0} {0|word|words} · {1} unique · connectors and character names excluded
ui.dash.useSourceDone,Used in the manuscript
ui.dash.viewAllExport,View all / Export…
ui.dash.wikiCat,Wiki by category
ui.dash.wikiEntities,Wiki entities
ui.dash.word,{0}: +{1} {1|word|words}
ui.dash.wordAddNextLast,Words added per day · last {0} {0|day|days}
ui.dash.wordAll,Total words
ui.dash.writeNext,{0}-day writing streak
ui.data.cBlue,Blue
ui.data.cGreen,Green
ui.data.cOrange,Orange
ui.data.cPurple,Purple
ui.data.cRed,Red
ui.data.cYellow,Yellow
ui.data.plDoing,In progress
ui.data.plDraft,Draft
ui.data.plLive,In use
ui.data.plShelved,Shelved
ui.data.plSpare,Backup
ui.data.stArchived,Archived
ui.data.stChecked,Checked
ui.data.stDone,Done
ui.data.stFinished,Finished
ui.data.stOutline,Outline
ui.data.stPaused,On hold
ui.data.stWriting,Writing
ui.dialogs.cancel,Cancel
ui.dialogs.close,Close
ui.dialogs.copy,Copy
ui.dialogs.delete,Delete
ui.dialogs.edit,Edit
ui.dialogs.no,No
ui.dialogs.ok,OK
ui.dialogs.refresh,Refresh
ui.dialogs.reset,Reset
ui.dialogs.restore,Restore
ui.dialogs.save,Save
ui.dialogs.view,View
ui.dialogs.yes,Yes
ui.dialogue.allBooks,All books
ui.dialogue.allChapters,All chapters
ui.dialogue.allScenes,All scenes
ui.dialogue.allSources,All formats
ui.dialogue.chipHint,{0} {0|line|lines} · about {1} {1|word|words}
ui.dialogue.colBook,Book
ui.dialogue.colChapter,Chapter
ui.dialogue.colLine,Line
ui.dialogue.colScene,Scene
ui.dialogue.colSpeaker,Speaker
ui.dialogue.colText,Dialogue
ui.dialogue.count,Showing {0} of {1} {1|line|lines}
ui.dialogue.errDirty,This file has unsaved changes — save it first
ui.dialogue.errOpen,Could not open the scene
ui.dialogue.errRead,Could not read the file
ui.dialogue.errScan,Dialogue scan failed
ui.dialogue.errStale,The file changed — refresh and try again (nothing was overwritten)
ui.dialogue.errWrite,Could not write the file
ui.dialogue.everyone,Everyone · {0}
ui.dialogue.exportCsv,Export CSV
ui.dialogue.exported,Exported:
ui.dialogue.guessedN,{0} guessed
ui.dialogue.lineNo,line {0}
ui.dialogue.noMatch,No dialogue matches the filter
ui.dialogue.noneFound,"No dialogue found — dialogue is text in quotes, or lines under @character"
ui.dialogue.noneToExport,Nothing to export
ui.dialogue.refreshHint,Re-read all files
ui.dialogue.rowHint,Click to jump · double-click to edit
ui.dialogue.saved,Dialogue updated
ui.dialogue.scanning,Scanning dialogue…
ui.dialogue.searchPh,"Search dialogue, speaker, scene"
ui.dialogue.srcProse,Prose (quotes)
ui.dialogue.srcScript,Screenplay
ui.dialogue.sureOnly,Certain only
ui.dialogue.sureOnlyHint,Hide rows where the speaker was guessed from turn-taking
ui.dialogue.unclosedHint,Quote is not closed on this line
ui.dialogue.unknown,Unattributed
ui.dialogue.warnNames,Could not read character list
ui.dialogue.whereBack,Speaker taken from text after the quote
ui.dialogue.whereFront,Speaker taken from text before the quote
ui.dialogue.whereNone,No speaker name found
ui.dialogue.whereTag,Speaker from the @character tag
ui.dialogue.whereTurn,Guessed from turn-taking (no name on either side)
ui.dirty.dirtyRegistryProviderMust,dirty-registry: a provider must have list()
ui.dirty.notHasItemSave,No saver
ui.dirty.saveNotOk,Save failed
ui.dlg.aiNotConfigured,Not set up yet
ui.dlg.aiReadProviderFail,Couldn't read the AI provider details
ui.dlg.areaPrint,Print area {0} × 
ui.dlg.bodyStory,As body text
ui.dlg.cantDefineRowUse,"No rows defined yet — fonts follow the values on the ""Writing"" tab"
ui.dlg.change,Change
ui.dlg.changeLangDoneStart,Language changed — restart the app so every part switches over?
ui.dlg.charLine,≈ {0} {0|character|characters}/line (approx.)
ui.dlg.compareRight,Compare on the right
ui.dlg.defineRange,Custom range…
ui.dlg.descUnderGraph,The caption under the chart will be: 
ui.dlg.egTHSarabunNew,e.g. TH Sarabun New
ui.dlg.elementPrevEnter,Go to the next element
ui.dlg.exportFileCSV,Export translation file (CSV)
ui.dlg.exportTableLangLang,"Export the translation table for which language (language code, e.g. en, ja)"
ui.dlg.exportTableRow,"Exported the translation table, {0} {0|row|rows} → {1}"
ui.dlg.fontDefaultProse,Default — Garamond
ui.dlg.fontDefaultSp,Default — Courier Prime (script)
ui.dlg.fontFromMachine,From this computer
ui.dlg.fontFromMachineHint,Pick from the fonts installed on this computer
ui.dlg.fontFromSystemTag, (system)
ui.dlg.fontMachineWarn,"Note: a font taken from this computer lives only here — open the project elsewhere and it may be missing. Prefer ""Import font"" so the file travels with the project."
ui.dlg.fontSameAsBody,Same as body text
ui.dlg.fontSampleHint,Preview of the selected font — type your own text (not saved)
ui.dlg.fontSamplePh,Type to preview the font
ui.dlg.fontSampleText,The quick brown fox · ตัวอย่างข้อความภาษาไทย ๑๒๓ 123
ui.dlg.fontSizeAdjustHint,Scale glyphs to fit the line box (100 = original; Thai in screenplays uses 85)
ui.dlg.fontTargetAll,Both modes
ui.dlg.fontTargetHint,Which mode this row applies to
ui.dlg.fontTargetProse,Novel
ui.dlg.fontTargetSp,Screenplay
ui.dlg.importFontF,Imported font {0} — choose the character range to use it for
ui.dlg.importFontFail,Font import failed
ui.dlg.importFontNotOk,Could not import the font
ui.dlg.inch,{0} in · 
ui.dlg.iNTNightSceneOne,INT. ห้องนอน — กลางคืน / ที่นี่คือฉากที่หนึ่ง ABC 123
ui.dlg.langProgress,Translated {0} of {1} {1|string|strings} ({2}%)
ui.dlg.langReadNameFile,Languages are read from the file name in the languages folder — drop in another k2_xx.csv (e.g. k2_ja.csv) and restart; no installation needed
ui.dlg.linePage,{0} {0|line|lines}/page
ui.dlg.linePage2,≈ {0} {0|line|lines}/page · 
ui.dlg.loadFileLangNew,Language files reloaded
ui.dlg.loadFileLangNew2,Reload language files
ui.dlg.notFoundFont,No matching font
ui.dlg.notHasFolderLang,"No language folder yet — press ""Export translation file"" to create a starting file first"
ui.dlg.notHasRowPress,"(no rows yet — press ""Add row"")"
ui.dlg.openFolderLang,Open the language folder
ui.dlg.openFolderLangCant,Cannot open the language folder
ui.dlg.openVersionPairFile,Open this version side by side with the current file
ui.dlg.pressBtnNeed,Press the key you want…
ui.dlg.project, (project)
ui.dlg.restoreDefault,Restore defaults
ui.dlg.saveSettingsFail,Failed to save the settings
ui.dlg.searchFileLang,Where language files are looked for: 
ui.dlg.searchFontName,Type a font name to search
ui.dlg.setCustom,— Custom —
ui.dlg.settingsFactory,Factory reset
ui.dlg.settingsFactoryAsk,Reset every setting to the program defaults? (The current values are kept so you can revert.)
ui.dlg.settingsFactoryDone,Reset to factory defaults
ui.dlg.settingsFactoryHint,Restore all defaults — the old values stay revertable
ui.dlg.settingsNoProject,No project open — showing user-level settings only (they apply to every project).
ui.dlg.settingsPrevFail,Could not snapshot previous settings
ui.dlg.settingsRevert,Revert to previous
ui.dlg.settingsRevertAsk,Revert settings to the set saved before the last save?
ui.dlg.settingsReverted,Settings reverted
ui.dlg.settingsRevertHint,Go back to the values saved before the latest save
ui.dlg.theme,Theme
ui.dlg.togglePagePrevTab,Cycle element type forward
ui.dlg.toggleUndoPrevShift,Cycle element type backward
ui.dlg.useFontPrintName,— Installed font (type its name) —
ui.dlg.useRow,Use this row
ui.dlg.useRowSampleEnglish,Using {0} {0|row|rows} — preview:
ui.dlg.warnToolbarPage,Could not build the toolbar settings page
ui.dlgb.actDelete,Delete this line
ui.dlgb.actEdit,Edit text
ui.dlgb.actInsert,Insert at cursor
ui.dlgb.actReroll,Regenerate this line
ui.dlgb.addPreset,+ New cast
ui.dlgb.addToCast,Add to cast
ui.dlgb.backToList,Back to session list
ui.dlgb.badge,{0} {0|line|lines} · {1} {1|token|tokens}
ui.dlgb.badgeTip,{0} {0|call|calls} · in {1} · out {2} · {3}s total
ui.dlgb.blurbPh,One-line blurb — this is all the other characters get to see
ui.dlgb.blurbTip,"The other characters in the room see only this line, never this character's full sheet"
ui.dlgb.castCount,Characters in this cast ({0}/{1})
ui.dlgb.castFull,At most {0} {0|character|characters}
ui.dlgb.castTitle,Cast: {0}
ui.dlgb.confirmClear,Clear every line in this session?
ui.dlgb.confirmDelete,"Delete the session ""{0}""?"
ui.dlgb.confirmDeletePreset,"Delete the cast ""{0}""?"
ui.dlgb.copySuffix,​ (copy)
ui.dlgb.create,Create
ui.dlgb.delete,Delete
ui.dlgb.director,Director
ui.dlgb.directorPh,e.g. the lights go out
ui.dlgb.directorTip,Drop an event into the scene (lights out · a knock at the door)
ui.dlgb.directorTitle,What happens
ui.dlgb.duplicated,Session duplicated
ui.dlgb.edit,Edit
ui.dlgb.elapsed, · {0}s
ui.dlgb.emptyReply,The model returned nothing
ui.dlgb.errDelete,Could not delete the session file
ui.dlgb.errReadPresets,Could not read cast presets
ui.dlgb.errReadSession,Could not read session: 
ui.dlgb.errSaveSession,Could not save the session
ui.dlgb.errSend,The AI call failed
ui.dlgb.genFromWiki,⟳ Build sheet from Wiki
ui.dlgb.hideArchived,Hide archived
ui.dlgb.inputPh,Leave blank to let the AI speak · type to make this line yours (costs no tokens)
ui.dlgb.inserted,Line inserted into the scene
ui.dlgb.insertedInto,Inserted into: {0}
ui.dlgb.keepTalking,Keep talking
ui.dlgb.keepTalkingTip,Let the same character speak one more line
ui.dlgb.lenLabel,Length
ui.dlgb.makePreset,Create / edit casts
ui.dlgb.managePresets,Cast presets
ui.dlgb.mArchive,Archive
ui.dlgb.mClearTurns,Clear all dialogue
ui.dlgb.mDelete,Delete session
ui.dlgb.mDuplicate,Duplicate
ui.dlgb.mEditCast,Edit this session's cast
ui.dlgb.mEditSituation,Edit the situation
ui.dlgb.mInsertAll,Insert the whole session
ui.dlgb.modeLabel,Calls
ui.dlgb.modelLabel,Model
ui.dlgb.modelThinking,Model thinking
ui.dlgb.monoTag,monologue
ui.dlgb.monoTip,Let the selected character speak a monologue — an inner voice the others never hear
ui.dlgb.mRename,Rename
ui.dlgb.mSaveAsPreset,Save this cast as a preset
ui.dlgb.mUnarchive,Unarchive
ui.dlgb.needPreset,Pick a cast first
ui.dlgb.needSpeaker,No speaker selected
ui.dlgb.newSession,+ New session
ui.dlgb.nInserted,{0} inserted
ui.dlgb.noCast,No characters in this cast yet
ui.dlgb.noEditor,Open the scene first and put the cursor where you want the line
ui.dlgb.noMatch,No session matches that search
ui.dlgb.noPresetYet,No cast presets yet
ui.dlgb.noProvider,No AI provider configured
ui.dlgb.noSession,"No sessions yet — press ""New session"" to start"
ui.dlgb.nothingToInsert,There is nothing to insert yet
ui.dlgb.noWikiChars,"No Wiki characters yet — create them in the Wiki, then come back"
ui.dlgb.nTurns,{0} {0|line|lines}
ui.dlgb.openProjectFirst,Open a project first
ui.dlgb.overrideTitle,Model and parameters for this character
ui.dlgb.parenLabel,Parentheticals
ui.dlgb.personaPh,"Character sheet — plain language is fine, e.g. You are Tora. You speak in short clipped lines and hate explaining yourself."
ui.dlgb.pickFromWiki,— pick from Wiki —
ui.dlgb.pickPreset,Pick a cast
ui.dlgb.policyLabel,Turn order
ui.dlgb.presetNameAsk,Name this cast
ui.dlgb.presetSaved,Cast preset saved
ui.dlgb.pressSendToStart,Just press Send — no need to type. The AI will play the characters you picked.
ui.dlgb.providerLabel,Provider
ui.dlgb.relCallPh,calls them
ui.dlgb.relHint,"Leave blank to use the Wiki · fill it in when this scene differs (Wiki says boss, this scene says lovers)"
ui.dlgb.relHowPh,relationship in this scene
ui.dlgb.relPair,{0} sees {1} as
ui.dlgb.relSection,Relationships in this scene
ui.dlgb.removeFromCast,Remove from cast
ui.dlgb.searchPh,Search sessions…
ui.dlgb.selfPronPh,self pronoun
ui.dlgb.selfPronTip,The pronoun this character uses for themselves — locked so the model cannot switch mid-conversation
ui.dlgb.send,Send
ui.dlgb.sending,Talking…
ui.dlgb.showArchived,Show archived
ui.dlgb.situationLabel,What is happening right now
ui.dlgb.situationPh,"e.g. the whole group is drinking at the beer garden after work, the rain just stopped"
ui.dlgb.speaksTo,speaks to
ui.dlgb.stopHint,Cancel the in-flight request
ui.dlgb.thinking,Thinking…
ui.dlgb.titleAutoPh,Leave blank to name it from the situation
ui.dlgb.titleLabel,Session name
ui.dlgb.toWhom,→ {0}
ui.dlgb.unknown,Unknown
ui.dlgb.untitledRow,Untitled session
ui.dlgb.useProjectProvider,Project default
ui.dlgb.useProviderModel,Provider default
ui.dlgb.useProviderValue,Provider default
ui.dlgb.viewNormal,Now showing dialogue only — click to expand every model thought
ui.dlgb.viewThinking,Model thoughts expanded — click to collapse
ui.dlgb.wikiNotFound,That character was not found in the Wiki
ui.dlgBuilder.aiPick,Let AI choose
ui.dlgBuilder.batchFormat,"Format: a line with @CharacterName, then the dialogue on the next line, with a blank line between speakers. No scene headings, no action lines."
ui.dlgBuilder.batchSystem,You are a screenwriter. Write natural dialogue that matches each character's personality.
ui.dlgBuilder.batchWrite,Continue this conversation for another {0} {0|line|lines}
ui.dlgBuilder.cueMonologue,You are alone now and no one can hear you — speak your thoughts aloud to yourself.
ui.dlgBuilder.cueYourTurn,Your turn — speak to {0}
ui.dlgBuilder.everyone,everyone
ui.dlgBuilder.headCast,— Cast —
ui.dlgBuilder.headOthers,— Others present (as far as you know them) —
ui.dlgBuilder.headPronoun,— Pronouns you must use (never switch mid-conversation) —
ui.dlgBuilder.headRecent,— Recent dialogue —
ui.dlgBuilder.headRels,— Relationships in this scene —
ui.dlgBuilder.headRules,— Reply rules —
ui.dlgBuilder.headSituation,— Situation —
ui.dlgBuilder.heardDirector,[event] {0}
ui.dlgBuilder.heardMono,{0} (inner voice): {1}
ui.dlgBuilder.lenLong,Long
ui.dlgBuilder.lenLongRule,"Up to 4 sentences, but still spoken dialogue — never a narrated paragraph"
ui.dlgBuilder.lenMedium,Medium
ui.dlgBuilder.lenMediumRule,Answer in 1-2 sentences
ui.dlgBuilder.lenShort,Short
ui.dlgBuilder.lenShortRule,Answer with a single short sentence
ui.dlgBuilder.modeBatch,All at once
ui.dlgBuilder.modeBatchHint,"One call returns many lines, much cheaper, but every character shares one model"
ui.dlgBuilder.modeEach,One at a time
ui.dlgBuilder.modeEachHint,"One call per line — per-character models work, stays in character best"
ui.dlgBuilder.monoParen,to himself
ui.dlgBuilder.personaYouAre,You are {0}
ui.dlgBuilder.pickAnswerOnlyName,"Answer with the character name only, nothing else"
ui.dlgBuilder.pickAsk,"From the dialogue below, which character has the strongest reason to speak next? Choose from:"
ui.dlgBuilder.pickSystem,You are the director. Choose which character should speak next.
ui.dlgBuilder.policyAi,Let AI choose
ui.dlgBuilder.policyAiHint,Let the model decide who has a reason to speak next
ui.dlgBuilder.policyManual,Manual
ui.dlgBuilder.policyManualHint,Never advance the pickers — choose every turn yourself
ui.dlgBuilder.policyPingPong,Back and forth
ui.dlgBuilder.policyPingPongHint,"A speaks to B, then B answers A — best for two characters"
ui.dlgBuilder.policyRandom,Random speaker
ui.dlgBuilder.policyRandomHint,"Pick a random next speaker, never the one who just spoke"
ui.dlgBuilder.policyRound,Round robin
ui.dlgBuilder.policyRoundHint,"Follow the cast order, speaking to everyone — best for 3-5 characters"
ui.dlgBuilder.pronOther,"calls {0} ""{1}"""
ui.dlgBuilder.pronSelf,"refers to self as ""{0}"""
ui.dlgBuilder.randomPick,Random
ui.dlgBuilder.ruleMonoAlone,Nobody else is present and nobody can hear you — do not address anyone or expect an answer.
ui.dlgBuilder.ruleMonoInner,"Speak as your own running thoughts — what you feel, doubt, or are deciding inside your head."
ui.dlgBuilder.ruleNoName,"Never prefix your own name, and never speak for anyone else"
ui.dlgBuilder.ruleNoNarrate,Never narrate the scene or explain what is happening — speak only
ui.dlgBuilder.ruleOnlyMe,Reply only as {0}
ui.dlgBuilder.ruleParenOff,Never add parentheses describing emotion or action
ui.dlgBuilder.ruleParenOn,You may prefix a short emotion or action in parentheses when needed
ui.dlgBuilder.sceneOpen,The scene begins: {0}
ui.dlgBuilder.sceneOpenBare,The scene begins
ui.dlgBuilder.selfMono,monologue
ui.dlgBuilder.unknownName,Unknown
ui.dlgBuilder.untitled,Untitled
ui.doctor.allGood,No problems found — the index matches every file
ui.doctor.badgeTip,"{0} project {0|problem|problems} found (missing files · duplicate rows · broken headers, etc.) — click to review and fix"
ui.doctor.confirmFix,Repair the {0} selected {0|issue|issues}?
ui.doctor.fixAttachRow,Attach it as a scene in this chapter
ui.doctor.fixCreateFile,Create an empty file
ui.doctor.fixedN,Repaired {0} · failed {1}
ui.doctor.fixFail,Repair failed: 
ui.doctor.fixMkdir,Create the folder
ui.doctor.fixRegisterChapter,"Add it back as a chapter, with its scenes"
ui.doctor.fixRepairFrontmatter,Repair the header
ui.doctor.fixSelected,Repair selected
ui.doctor.fixSplitCopy,Give it its own copy of the file
ui.doctor.hint,Checks that the chapter and scene index (draft.json · scenes.json) matches the real files and that .md headers aren't broken · unsaved work is saved first · repaired files can be reverted from the History panel
ui.doctor.reportOnly,Can't be repaired automatically — fix it by hand
ui.doctor.rescan,Check again
ui.doctor.scanning,Checking the project…
ui.doctor.summary,{0} {0|issue|issues} found
ui.doctor.taskName,project check
ui.doctor.tBadJson,Can't read {0} (invalid JSON)
ui.doctor.tDuplicateRef,"Scenes ""{0}"" and ""{1}"" share the same file ({2})"
ui.doctor.tFrontmatter,The header of {0} is broken — recoverable: {1}
ui.doctor.tGhostFolder,"Folder ""{0}"" ({1} {1|file|files}) isn't in the chapter list"
ui.doctor.title,Project health check
ui.doctor.tMissingFile,"Scene ""{0}"" points to {1}, which doesn't exist"
ui.doctor.tMissingFolder,"Chapter ""{0}"" has no folder {1}"
ui.doctor.tOrphanFile,"File {0} (""{1}"") isn't used by any scene"
ui.doctor.tRowsWithoutChapter,{0} {0|scene|scenes} in the index belong to no chapter
ui.drafts.delCantDraftMain,Cannot delete — this is the main draft
ui.drafts.delDraft,Delete draft
ui.drafts.delDraftDraft,Delete the whole draft “{0}”?
ui.drafts.hasDraftNameDone,A draft with this name already exists
ui.drafts.notFoundDraftFrom,Source draft not found
ui.drafts.renameDraftTo,"Renamed draft ""{0}"" to ""{1}"""
ui.drop.chapterEmpty,This chapter has no scenes yet
ui.drop.hintCard,Drop on the board = card
ui.drop.hintFocus,Drop = go to this node
ui.drop.hintInsertName,Drop = insert the name into the document
ui.drop.hintMap,Drop on the map = place a pin
ui.drop.hintOpen,Drop = open
ui.drop.hintText,Drop = insert the name here
ui.drop.hintTimeline,On a card = reference · on empty space = new event
ui.drop.netNotFound,"""{0}"" is not on the graph (a filter may be hiding it)"
ui.drop.opened,Opened {0}
ui.editor.ctrlClickOpenWiki,Ctrl+click to open in the Wiki
ui.editor.hasCommentBindText,This text has a comment attached
ui.editor.pageBreak,Page break
ui.elem.actBreak,Act break
ui.elem.action,Action
ui.elem.blank,Blank line
ui.elem.character,Character
ui.elem.code,Code block
ui.elem.contLeft,Continued (left)
ui.elem.contRight,Continued (right)
ui.elem.dialogue,Dialogue
ui.elem.h1,Heading 1
ui.elem.h2,Heading 2
ui.elem.h3,Heading 3
ui.elem.h4,Heading 4
ui.elem.h5,Heading 5
ui.elem.h6,Heading 6
ui.elem.hr,Divider
ui.elem.image,Image
ui.elem.img,Image
ui.elem.intercut,Intercut
ui.elem.note,Note
ui.elem.ol,Numbered list
ui.elem.outline1,Outline 1
ui.elem.outline2,Outline 2
ui.elem.outline3,Outline 3
ui.elem.p,Paragraph
ui.elem.pageBreak,Page break
ui.elem.pagebreakProse,Page break
ui.elem.parenthetical,Parenthetical
ui.elem.pBold,Bold paragraph
ui.elem.pItalic,Italic paragraph
ui.elem.pRight,Right-aligned paragraph
ui.elem.quote,Block quote
ui.elem.raw,Other
ui.elem.scene,Scene heading
ui.elem.shot,Shot
ui.elem.subheader,Sub-header
ui.elem.summary,Summary
ui.elem.transition,Transition out (right)
ui.elem.transitionIn,Transition in (left)
ui.elem.ul,Bulleted list
ui.err.badJson,That isn't valid JSON
ui.err.busy,The file is in use right now — try again in a moment
ui.err.denied,No permission to use this file — close any other app holding it and try again
ui.err.isDir,"The target is a folder, not a file"
ui.err.network,Couldn't reach the network — check your connection and try again
ui.err.noSpace,The disk is full
ui.err.notFound,The file or folder wasn't found — it may have been moved or deleted
ui.err.readOnly,This location is read-only
ui.err.tooManyFiles,Too many files open at once — close unused tabs and try again
ui.err.unknown,Something went wrong — see the log panel for details
ui.errors.needScene,Open a scene first
ui.errors.noFile,File not found
ui.errors.openProjectFirst,Open a project first
ui.errors.pressShortcut,Press shortcut...
ui.errors.requiresCtrl,Ctrl/Cmd required
ui.exportBlog.busyNewHTML,Building HTML…
ui.exportBlog.busyWriteFileHTML,Writing the HTML file…
ui.exportBlog.darkReadNight,Dark (night reading)
ui.exportBlog.exportBlogImageCant,export-blog: cannot embed image 
ui.exportBlog.exportBlogSkipScene,export-blog: skipped scene 
ui.exportBlog.exportHTMLBlock,Export as HTML for a blog
ui.exportBlog.exportHTMLBlockDone,Exported HTML for a blog ({0} {0|scene|scenes}{1}): 
ui.exportBlog.exportHTMLFail,HTML export failed
ui.exportBlog.exportKillian2,Exported from Killian 2
ui.exportBlog.fileBigMorePaste,"The file gets much larger, but images show wherever you paste it — no separate upload needed"
ui.exportBlog.imageFile, · {0} {0|image|images} embedded
ui.exportBlog.imageFileBase64,Embed images in the file (base64)
ui.exportBlog.mediumCard,Medium (cream card)
ui.exportBlog.notHasFrame,Plain (no frame)
ui.exportBlog.preview,Preview
ui.exportBlog.previewMeta,{0} {0|scene|scenes} will be exported
ui.exportBlog.previewTitle,Blog export preview
ui.exportBlog.putNameChapterH2,Include chapter titles (H2)
ui.exportBlog.putNameSceneH3,Include scene titles (H3)
ui.exportBlog.scope,Scope
ui.exportBlog.scopeAll,Whole project
ui.exportBlog.skippedN,{0} skipped
ui.exportBlog.theme,Theme
ui.exportFdx.write,"Written by
"
ui.exportRtf.write,Written by
ui.exportZip.breakFileDoneFile,Extracted ({0} {0|file|files}) but found no project.khn.json — this is not a Killian project
ui.exportZip.busyBreakFileZIP,Extracting the ZIP…
ui.exportZip.busyBreakFileZIP2,Extracting the ZIP… ({0}/{1})
ui.exportZip.busyCollectJSON,Collecting JSON…
ui.exportZip.busyWriteFileJSON,Writing the JSON file…
ui.exportZip.busyWriteFileZIP,Compressing and writing the ZIP…
ui.exportZip.busyZIP,Packing the ZIP…
ui.exportZip.busyZIPFile,Packing the ZIP… ({0} {0|file|files})
ui.exportZip.exportJSONDone,Exported JSON: 
ui.exportZip.exportJSONFail,JSON export failed
ui.exportZip.exportZIPDoneFile,Exported ZIP ({0} {0|file|files}): 
ui.exportZip.exportZIPFail,ZIP export failed: 
ui.exportZip.exportZipSkipFile,export-zip: skipped file 
ui.exportZip.fileZIPEmpty,This ZIP file is empty
ui.exportZip.importProjectDoneFile,Project imported ({0} {0|file|files}): 
ui.exportZip.importZIPFail,ZIP import failed: 
ui.exportZip.importZipNotHas,import-zip: no project.khn.json at 
ui.exportZip.taskName,ZIP export
ui.fab.actChapter,New chapter
ui.fab.actCharacter,New character
ui.fab.actDashboard,Dashboard
ui.fab.actExport,Export hub
ui.fab.actFocus,Focus mode
ui.fab.actGallery,Image gallery
ui.fab.actImage,Insert image
ui.fab.actItem,New item
ui.fab.actKanban,Kanban board
ui.fab.actLocation,New location
ui.fab.actLore,New lore entry
ui.fab.actMaps,Maps
ui.fab.actMemo,New memo
ui.fab.actNote,Scratchpad
ui.fab.actQuickNote,Quick note
ui.fab.actQuickOpen,Quick open
ui.fab.actSaveAll,Save all
ui.fab.actScene,New scene
ui.fab.actSearch,Search project
ui.fab.actSettings,Settings
ui.fab.actSnapshot,Back up now
ui.fab.actTemplate,New from template
ui.fab.actTimeline,Timeline
ui.fab.count,{0} of {1} {1|command|commands} selected
ui.fab.ctxConfig,Configure commands…
ui.fab.ctxHide,Hide floating button
ui.fab.ctxMoveHint,Hold right button and drag to move
ui.fab.ctxReset,Reset position
ui.fab.dispIcon,Icon
ui.fab.dispIconText,Icon + text
ui.fab.display,Show as
ui.fab.dispText,Text
ui.fab.empty,No commands selected yet — the floating button will open an empty menu.
ui.fab.grpCreate,Create
ui.fab.grpFile,File
ui.fab.grpView,Views & panels
ui.fab.grpWrite,While writing
ui.fab.hint,"Pick up to {0} {0|command|commands} to show on the floating button — changes apply instantly. To move the button itself, hold the right mouse button and drag."
ui.fab.needProject,Open a project first.
ui.fab.posReset,Floating button moved back to the corner
ui.fab.posSaved,Floating button position saved
ui.filterCommands,Filter commands...
ui.floorplan.addList, — add an item
ui.floorplan.cancelPin,Cancel pinning
ui.floorplan.cantOpenScene,No scene open yet
ui.floorplan.cantPinPosPress,"Not pinned yet — press ""Pin this scene's location"""
ui.floorplan.clearPos,Clear location
ui.floorplan.clearPosSceneDone,Scene location cleared
ui.floorplan.clickBtnDoneClickF,"Click this button, then click on the map to say where scene ""{0}"" takes place"
ui.floorplan.clickOpenScene,"
Click to open the scene"
ui.floorplan.clickTopMapTop,Click on the map (or on a pin) to set this scene's location
ui.floorplan.delList,Delete this item
ui.floorplan.eg,e.g. a rusty key
ui.floorplan.egSoundLayerTop,e.g. footsteps upstairs
ui.floorplan.egTopBg,e.g. bloodstains on the floor
ui.floorplan.floorplanLoadMapsJson,floorplan: cannot load maps.json
ui.floorplan.floorplanReadSceneCant,floorplan: cannot read the scenes
ui.floorplan.lineTimePlace,Timeline of this location
ui.floorplan.mapNotHasImage,This map has no image yet — add one on the Maps page
ui.floorplan.notHasSceneBind,"No scenes are linked to this map yet — open a scene and press ""Pin this scene's location"""
ui.floorplan.notPlanned,No maps yet
ui.floorplan.notPlannedNewView,No maps yet — create one at View → Maps
ui.floorplan.pin,Pin: 
ui.floorplan.pinPosScene2,Pin this scene's location
ui.floorplan.pinPosSceneF,"Pinned scene ""{0}"" on map {1}"
ui.floorplan.pinScene,{0} · {1} {1|pin|pins} · {2} {2|scene|scenes}
ui.floorplan.scene, · {0} {0|scene|scenes}
ui.floorplan.sceneCurrent,Current scene
ui.floorplan.sceneExitMap,Remove this scene from the map
ui.floorplan.sceneOpen,Open scene
ui.floorplan.thingFound,What's found
ui.floorplan.thingHear,What's heard
ui.floorplan.you,You are here: 
ui.fmtbar.fadeSet,Format bar opacity: {0}%
ui.fmtbar.locked,Format bar locked — it will not move until you unlock it
ui.fmtbar.lockedBlocked,"The bar is locked, so it was not moved"
ui.fmtbar.lockedTip,The bar is locked — unlock it before dragging
ui.fmtbar.lockTip,Lock the bar in place
ui.fmtbar.menuAlign,Position
ui.fmtbar.menuOpacity,Opacity
ui.fmtbar.menuResetAll,Reset everything (position · opacity · lock)
ui.fmtbar.movedBottom,Format bar moved to the bottom edge
ui.fmtbar.movedTop,Format bar moved to the top edge
ui.fmtbar.posBottom,Bottom edge
ui.fmtbar.posTop,Top edge
ui.fmtbar.rightClickHint, · right-click the grip for more options
ui.fmtbar.unlocked,Format bar unlocked
ui.fmtcfg.customize,Customize format bar ({0})…
ui.fmtcfg.grpAlign,Alignment
ui.fmtcfg.grpBlock,Block type & headings
ui.fmtcfg.grpColor,Colour & notes
ui.fmtcfg.grpDoc,Document & view
ui.fmtcfg.grpFind,Find
ui.fmtcfg.grpFont,Character style
ui.fmtcfg.grpHistory,Undo / Redo
ui.fmtcfg.grpInsert,Insert & switches
ui.fmtcfg.grpList,Lists
ui.fmtcfg.grpView,Reading & writing modes
ui.fmtcfg.hereBtn,Bring the bar to the cursor ({sc:fmtbar-here})
ui.fmtcfg.hereCenter,Pointer was outside the editor — moved the bar to the middle of the screen
ui.fmtcfg.hereCursor,Format bar moved to the cursor
ui.fmtcfg.hidden,Hid “{0}” in {1} mode
ui.fmtcfg.hideThis,Hide “{0}” ({1} only)
ui.fmtcfg.hint,Choose which buttons appear on the floating format bar — kept separately for novels and screenplays. Changes apply instantly.
ui.fmtcfg.modeAll,Everywhere (Wiki · dashboard)
ui.fmtcfg.modePlanner,Planner board
ui.fmtcfg.modeProse,Novel
ui.fmtcfg.modeScreen,Screenplay
ui.fmtcfg.naTag,not available here
ui.fmtcfg.openFail,Could not open the format bar settings
ui.fmtcfg.showAll,Show every button in {0} mode
ui.fonts.allChar,All characters
ui.fonts.ayuthayaMacFloat,Ayuthaya (macOS · floating tone marks)
ui.fonts.chineseJapanese,Chinese/Japanese (kanji)
ui.fonts.courierPrimeDefaultChapter,Courier Prime (Latin · script standard)
ui.fonts.cyrillic,Cyrillic
ui.fonts.english,Latin (English)
ui.fonts.khmer,Khmer
ui.fonts.korean,Korean
ui.fonts.leelawadeeWin,Leelawadee UI (Windows system font)
ui.fonts.msg,Burmese
ui.fonts.msg2,Lao
ui.fonts.msg3,Arabic
ui.fonts.msg4,Devanagari
ui.fonts.thonburiMacNoFloat,Thonburi (macOS · non-floating tone marks)
ui.fonts.tHSarabunNew,TH Sarabun New (Thai government)
ui.gallery.addImage,+ Add images…
ui.gallery.addImageDone,Images added: 
ui.gallery.addImageItemIn,Add {0} {0|image|images} to album {1}
ui.gallery.addImageNew,+ Add new images…
ui.gallery.addImageNotOk,Could not add the images: 
ui.gallery.aISetCaptionImage,AI: caption the selected images
ui.gallery.aISuggestTagImage,AI: suggest tags for the selected images
ui.gallery.album,Albums
ui.gallery.albumCollapseNew,+ New sub-album…
ui.gallery.albumEmpty,(this album is empty)
ui.gallery.albumTagUseDone,Album {0} · tags {1} · used {2}
ui.gallery.allAlbum,All albums
ui.gallery.allAND,All (AND)
ui.gallery.busyAddImage,Adding images…
ui.gallery.busyCompareImage,Comparing images…
ui.gallery.busyDelImage,Deleting images…
ui.gallery.busyFindImageDup,Looking for duplicate images…
ui.gallery.busyMoveImage,Moving images…
ui.gallery.caption,Caption of 
ui.gallery.caption2,Caption…
ui.gallery.captionEditDoneSave,Caption — saved automatically as you edit
ui.gallery.changeName,Rename…
ui.gallery.changeNameAlbumDone,Album renamed: 
ui.gallery.changeNameNotOk,Rename failed: 
ui.gallery.changeNameTag,Rename tag 
ui.gallery.changeNameTagDone,Tag renamed
ui.gallery.changeNameTagLibrary,Rename this tag across the whole library
ui.gallery.clearItemFilterTag,Clear the tag filter
ui.gallery.cmdAddFill,More commands
ui.gallery.countTimesUse,Times used
ui.gallery.dataImage,Image info
ui.gallery.dataImage2,Image info
ui.gallery.dateAdd,Date added
ui.gallery.delAlbumMoveTrash,Delete album (move to the trash)
ui.gallery.delAlbumReadyImage,Delete album “{0}” along with its {1} {1|image|images}? (moved to the trash)
ui.gallery.delImageDoneTrash,Deleted {0} {0|image|images} (in the trash)
ui.gallery.delImageMoveTrash,Delete {0} {0|image|images}? (moved to the trash)
ui.gallery.delNotOk,Delete failed: 
ui.gallery.detachOut,Remove
ui.gallery.detachTagDone,Tag removed
ui.gallery.detachTagExitAll,Remove tag {0} from every image?
ui.gallery.detachTagExitAll2,Remove this tag from every image
ui.gallery.detailed,Resolution
ui.gallery.editCaption,Edit caption…
ui.gallery.editLatest,Last modified
ui.gallery.editLink,Fix the links
ui.gallery.editTag,Edit tags…
ui.gallery.egCharacter,e.g. Characters
ui.gallery.exportAlbum,Export this album…
ui.gallery.exportAlbumPick,Export the selected album…
ui.gallery.exportPick,Export selected
ui.gallery.filterUsageSource,Filter by actual use in the manuscript
ui.gallery.findImageTiredLift,Find similar images
ui.gallery.fullImage,Whole image
ui.gallery.hasImageUseSource,"
{0} {0|image is|images are} used in the manuscript"
ui.gallery.hasItemUseSource,"
{0} {0|item is|items are} still used in the manuscript"
ui.gallery.imageAll,All images
ui.gallery.imageCollapseSizeWrap,Same-size thumbnails (cropped to fill the frame)
ui.gallery.imageDupDupFound,Duplicate/near-duplicate images — found {0} {0|pair|pairs}
ui.gallery.imageMoveItemUse,"{0} of the moved images are used in {1} {1|file|files}
Update the links in those files to the new location?"
ui.gallery.imageNotUse,{0} {0|image|images} · {1} unused · {2}
ui.gallery.imagePick, selected images
ui.gallery.imagePick2,Selected images
ui.gallery.imageTiredLift,Images similar to 
ui.gallery.imageUse2,Images in use
ui.gallery.imageUse3,This image is used in
ui.gallery.layerTop,(top level)
ui.gallery.lessOneOR,At least one (OR)
ui.gallery.library,Location in the library
ui.gallery.line,{0} (line {1})
ui.gallery.line3,(line {1})
ui.gallery.moveAlbum2,Move to album
ui.gallery.moveAlbum3,Move to album…
ui.gallery.moveAlbumDone,Album moved: 
ui.gallery.moveAlbumF,"Move album ""{0}"" under"
ui.gallery.moveAlbumTrashDone,Album moved to the trash
ui.gallery.moveImageAlbum,Move {0} {0|image|images} to which album
ui.gallery.moveImageDone,Moved {0} {0|image|images}
ui.gallery.moveImageDoneNot,Moved {0} {0|image|images} (links in the manuscript not updated)
ui.gallery.moveImageUpdateLink,Moved {0} {0|image|images} · updated links in {1} {1|file|files}
ui.gallery.moveNotOk,Move failed: 
ui.gallery.moveUnder,Move under…
ui.gallery.msg,Sort by
ui.gallery.nameAlbumNew,New album name
ui.gallery.nameNewAlbum,New name for the album
ui.gallery.newAlbum,Created album: 
ui.gallery.newAlbumNew,Create a new album
ui.gallery.newAlbumNotOk,Could not create the album: 
ui.gallery.newImagesJsonNew,Rebuild images.json (v1 index)
ui.gallery.newIndexImagesJson,Rebuilt the images.json index
ui.gallery.notFoundImageDup,(no duplicate images found)
ui.gallery.notFoundImageTired,(no similar images in the library)
ui.gallery.notHasImageAlbum,"No images in this album yet — press ""Add images…"" or drag files here"
ui.gallery.notHasImageAt,(no images match the search)
ui.gallery.notHasImageAt2,No images match the filter
ui.gallery.notHasImageUse,No images used in the manuscript yet
ui.gallery.notHasTagClick,(no tags yet — right-click an image to tag it)
ui.gallery.openImageCant,Cannot open the image
ui.gallery.openPanelBoardMood,"Open the mood board panel (dock it alongside, then drag images from the grid onto it)"
ui.gallery.pasteTopBoardMood,Place on the mood board
ui.gallery.pickImage,{0} {0|image|images} selected
ui.gallery.pickImageBeforeDone,"Select images first, then place them on the board"
ui.gallery.pickImageBeforeDone2,"Select images first, then ask the AI to caption them"
ui.gallery.pickImageBeforeDone3,"Select images first, then ask the AI to suggest tags"
ui.gallery.pickImageLibrary,Choose an image from the library
ui.gallery.pickNotPick,Select/deselect
ui.gallery.rowImageSeeName,"One image per row — see the name, caption, tags, size and usage together"
ui.gallery.saveCaptionDone,Caption saved
ui.gallery.saveTagDone,Tags saved
ui.gallery.scanLibraryImage,Scan the image library…
ui.gallery.scanLibraryImageNew,Image library rescanned
ui.gallery.scanNewFileUsage,Rescan (files/usage)
ui.gallery.sceneScene,#scene @Alex ~Scene 3
ui.gallery.searchNameFileCaption,Search file names / captions / tags
ui.gallery.seeImageRatioNot,"Show the whole image at its real proportions, uncropped"
ui.gallery.showOnlyImageNot,Show only unused images
ui.gallery.sizeFile,File size
ui.gallery.tag,Tag
ui.gallery.tagImageDone,Tagged {0} {0|image|images}
ui.gallery.tagImageFieldEmpty,Tags for {0} {0|image|images} (space-separated · @ = Wiki entity · ~ = scene)
ui.gallery.toggleFilter,Toggle the filter condition
ui.gallery.under, (under {0})
ui.gallery.updateLinkImageFile,Updated image links in {0} {0|file|files}
ui.gallery.use,Used 
ui.gallery.use2,Used in
ui.gallery.useTimes,"{0}
used {1}×"
ui.galleryAi.aIBusySetCaption,AI is captioning… ({0}/{1}) {2}
ui.galleryAi.aIBusySuggestTag,AI is suggesting tags… ({0}/{1}) {2}
ui.galleryAi.aICantSendCaption,The AI did not send back a caption
ui.galleryAi.aICantSendTag,The AI did not send back any tags
ui.galleryAi.aISetCaptionFail,AI captioning failed: 
ui.galleryAi.aISetCaptionImage,AI captioned {0} {0|image|images}
ui.galleryAi.aISuggestTagFail,AI tag suggestion failed: 
ui.galleryAi.aISuggestTagImage,AI suggested tags for {0} {0|image|images}
ui.galleryAi.album,In album: {0}
ui.galleryAi.captionCurrent,Current caption: {0}
ui.galleryAi.forbidExplainAddReply,Do not explain anything — answer only with the line of tags
ui.galleryAi.galleryAiVisionFail,gallery-ai: vision failed
ui.galleryAi.galleryAiVisionUse,gallery-ai: vision unavailable → falling back to text
ui.galleryAi.imagePickHasCaption,The selected images already have captions (delete the existing caption first if you want to overwrite it)
ui.galleryAi.nameFile,File name: {0}
ui.galleryAi.nameHasCodexStory,"

Names in the story's encyclopedia (use @ if one matches): {0}"
ui.galleryAi.notTagUsePage,At most 5 tags · prefix general tags with # and prefix character/location names with @ only when you are really sure 
ui.galleryAi.replyThaiShortNot,"Answer briefly in English, at most 12 words on one line, with no quotation marks or other explanation"
ui.galleryAi.setCaptionShortImage,"Write a short caption for this image

{0}"
ui.galleryAi.setCaptionShortImage2,"Write a short caption for an image in the image library, guessing from the information available (do not invent details without evidence)

{0}"
ui.galleryAi.setTagImage,"Tag this image

{0}{1}"
ui.galleryAi.tagCurrent,Current tags: {0}
ui.galleryAi.useScene,Used in scenes: 
ui.galleryAi.youHelpSetCaption,You help write image captions for a novelist's/screenwriter's image library. 
ui.galleryAi.youHelpSetTag,You help tag images in a writer's image library. Answer with a list of tags separated by spaces. 
ui.galleryAlbum.countUsage,Usage count
ui.galleryAlbum.dateAddNewLast,Date added (newest first)
ui.galleryAlbum.delAlbumCant,The root album cannot be deleted
ui.galleryAlbum.hasAlbumName,An album with this name already exists
ui.galleryAlbum.moveAlbumCant,The root album cannot be moved
ui.galleryAlbum.moveInAlbumItem,An album cannot be moved into its own sub-album
ui.galleryAlbum.nameAlbumUseCant,This album name cannot be used
ui.galleryAlbum.nameNotValid,Invalid name
ui.galleryAlbum.notFoundAlbum,Album not found
ui.galleryAlbum.notGroup,Ungrouped
ui.galleryAlbum.orderArrange,Custom order
ui.galleryAlbum.sizeFileBigLast,File size (largest first)
ui.galleryAlbum.toHasAlbumName,The destination already has an album with this name
ui.galleryExport.album,Album: {0}
ui.galleryExport.boardEmptyNotHas,The board is empty — nothing to export
ui.galleryExport.busyCollectImage,Collecting images… ({0}/{1})
ui.galleryExport.busyCollectImageItem,Collecting {0} {0|image|images}…
ui.galleryExport.busyDrawBoardMood,Drawing the mood board…
ui.galleryExport.busyWriteFile,Compressing and writing the file…
ui.galleryExport.busyWriteFileImage,Writing the image file…
ui.galleryExport.caption,Caption: {0}
ui.galleryExport.exportBoardFail,Board export failed: 
ui.galleryExport.exportBoardHtmlDone,Board exported as HTML: {0}
ui.galleryExport.exportBoardMoodDone,Exported the mood board ({0}×{1}): 
ui.galleryExport.exportImageFail,Image export failed: 
ui.galleryExport.exportImageItemDone,Exported {0} {0|image|images}: 
ui.galleryExport.galleryExportSkipFile,gallery-export: skipped file 
ui.galleryExport.imageAllItem,{0} {0|image|images} in total
ui.galleryExport.libraryImage,Image library
ui.galleryExport.listImageMd,image-list.md
ui.galleryExport.notHasImageExport,No images to export
ui.galleryExport.tag,Tags: {0}
ui.galleryMoodboard.addRef,Reference
ui.galleryMoodboard.addRefTip,Add a reference card (web link/text) — or drop a link from your browser
ui.galleryMoodboard.adjustAllItemAt,Fitted every piece to its image's proportions
ui.galleryMoodboard.adjustAllItemAt2,Fit every piece to its image's proportions
ui.galleryMoodboard.adjustAtRatioImage,Fit to the image's proportions
ui.galleryMoodboard.arrangeAuto,Arrange automatically
ui.galleryMoodboard.boardAlbum,Board of which album
ui.galleryMoodboard.boardEmptyOpenPanel,The board is empty — open the Image library panel alongside and drag pictures here 
ui.galleryMoodboard.bottomLast,Send to back
ui.galleryMoodboard.cardChapter,Chapter
ui.galleryMoodboard.cardEdit,Edit card…
ui.galleryMoodboard.cardEntity,Wiki page
ui.galleryMoodboard.cardMemo,Note
ui.galleryMoodboard.cardMissing,This card's file is gone (moved or deleted)
ui.galleryMoodboard.cardOpen,Open
ui.galleryMoodboard.cardRef,Reference
ui.galleryMoodboard.cardRemove,Remove from the board
ui.galleryMoodboard.cardsAdded,Placed {0} {0|card|cards} on the board
ui.galleryMoodboard.cardScene,Scene
ui.galleryMoodboard.cardTip,Double-click = open · drag = move · bottom-right corner = resize
ui.galleryMoodboard.clearBoardMoodAlbum,Clear this album's mood board? (image files are not deleted)
ui.galleryMoodboard.clearBoardNotDel,Clear the board (files not deleted)
ui.galleryMoodboard.cmdAddFillBoard,More board commands
ui.galleryMoodboard.dropFail,Drop onto the board
ui.galleryMoodboard.exitBoardNotDel,Remove from the board (file not deleted)
ui.galleryMoodboard.export,Export
ui.galleryMoodboard.exportBoardImage,Export the board as an image…
ui.galleryMoodboard.exportHtml,HTML page (images embedded · links clickable)
ui.galleryMoodboard.exportPng,PNG image
ui.galleryMoodboard.exportTip,Export the whole board as a PNG image or an HTML page
ui.galleryMoodboard.fitTip,Zoom to show every item on the board
ui.galleryMoodboard.imageOutside,That image is outside the project's gallery — import it first
ui.galleryMoodboard.pasteImageTopBoard,"Placed {0} {0|image|images} on board ""{1}"""
ui.galleryMoodboard.pickImageLibraryDone,"(or select images in the library and press ""Place on the board"")"
ui.galleryMoodboard.refEdit,Edit reference card
ui.galleryMoodboard.refNew,New reference card
ui.galleryMoodboard.refText,Text
ui.galleryMoodboard.refTextPh,"A note, quote or detail to remember"
ui.galleryMoodboard.refTitle,Title
ui.galleryMoodboard.refTitlePh,e.g. Victorian costume
ui.galleryMoodboard.refUrl,Link
ui.galleryMoodboard.refUrlPh,https://… (optional)
ui.galleryMoodboard.top,Bring to front
ui.galleryUsageIndex.msg, +{0} more
ui.galleryUsageIndex.useDone,Used
ui.histOry.addImage,Added images
ui.histOry.adjustCountTimesKeep,· Change how many are kept at Settings → Project info
ui.histOry.beforePageAllKeep,Everything earlier that was kept
ui.histOry.change,Changes
ui.histOry.clearHistory,Clear history
ui.histOry.clearHistoryAllFile,Clear the whole history? (your work files are not touched — you only lose the ability to go back)
ui.histOry.clearHistoryDone,History cleared
ui.histOry.copyIn,Copied in
ui.histOry.doFileFile,"This will undo {0} {0|action|actions} and touch {1} {1|file|files}
"
ui.histOry.dot,Already at this point
ui.histOry.file, files
ui.histOry.fileOverwriteDotBack,Files overwritten after that point will go back to how they were — this cannot be undone again
ui.histOry.historyNoteOnlyChange,"The history records only ""changes written to files"" — for unsaved typing use {sc:editor-undo} as usual "
ui.histOry.historyUndoFail,history: going back failed
ui.histOry.historyUndoNotComplete,history: going back was incomplete
ui.histOry.historyUndoOk,history: went back successfully 
ui.histOry.moveChangeName,Moved/renamed
ui.histOry.msg,Go back to here
ui.histOry.notHasChangeSave,(no saved changes yet)
ui.histOry.now,Now
ui.histOry.openProjectBeforeHas,Open a project first to have a history
ui.histOry.restoreFileAllFile,"Return every file to its state ""after this action"""
ui.histOry.settingsNotebookHistoryNot,Failed to set up the history log
ui.histOry.times,{0}/{1} {1|time|times}
ui.histOry.undo,"Go back to ""{0}""?

"
ui.histOry.undoDoneRestoreFile,Went back — restored {0} {0|file|files} · deleted {1} {1|file|files}
ui.histOry.undoFail,Going back failed: 
ui.histOry.undoNotOkPart,Going back partly failed (see the log panel for details)
ui.home.appWriteNovelScreenplay,Portable novel + screenplay writing app
ui.home.brokenNoMeta,No project file (project.khn.json)
ui.home.brokenRemove,Remove from list
ui.home.brokenTitle,Cannot open
ui.home.brokenUnreadable,Could not read the project folder
ui.home.card,Cards
ui.home.close,Close Home
ui.home.closePageFirst,Close the home page
ui.home.copyPath,Copy the folder path
ui.home.editLatest,Last modified: 
ui.home.export,Export
ui.home.exportProjectOpenFile,Export the open project as a .zip file
ui.home.homeLoadProjectFail,home: failed to load projects
ui.home.homePanelLoadFail,home-panel: failed to load
ui.home.homeReadProjectFail,home: failed to read project: 
ui.home.import,Import
ui.home.importProjectFileZip,Import a project from a .zip file
ui.home.language,Language
ui.home.msg, by 
ui.home.newProject,New Project
ui.home.newProjectFirstYours,Create your first project and start writing a novel or screenplay
ui.home.notHasProject,No projects yet
ui.home.occurErrorLoadProject,An error occurred while loading projects
ui.home.openProject,Open Project
ui.home.openProjectBeforeExport,Open a project first to export it as .zip
ui.home.pageFirst,Home
ui.home.pathCopied,Path copied
ui.home.quickChangelog,What's new
ui.home.quickScrivener,Import from Scrivener
ui.home.quickShortcuts,All keyboard shortcuts
ui.home.quickTemplate,New from template
ui.home.quickTitle,Quick start
ui.home.quitApp,Quit
ui.home.quitAppHint,Close Killian 2 (asks first if anything is unsaved)
ui.home.revealInOS,Show this folder in the file manager
ui.home.search,Search
ui.home.searchProject,Search projects…
ui.home.searchProjectNameAuthor,Search projects by name / author / file path
ui.home.settings,Settings
ui.home.settingsHint,"Language, theme, shortcuts and other settings that apply to every project"
ui.html.elActBreak,Act break
ui.html.elAction,Action
ui.html.elCharacter,Character
ui.html.elContLeft,Continued (left)
ui.html.elContRight,Continued (right)
ui.html.elDialogue,Dialogue
ui.html.elIntercut,Intercut
ui.html.elNote,Note
ui.html.elPageBreak,— Page break (---)
ui.html.elParenthetical,Parenthetical
ui.html.elScene,Scene heading
ui.html.elShot,Shot
ui.html.elSubheader,Subheader
ui.html.elTransition,Transition out (right)
ui.html.elTransitionIn,Transition in (left)
ui.html.findClose,Close the find bar
ui.html.saveProjBtn,Save project
ui.html.searchProjBtn,Search whole project
ui.html.spViewSelect,Page view
ui.html.tbAi,AI tools — expand · summarize · rewrite
ui.html.tbAiAnalyzer,AI analysis — pacing · characters · repeated words
ui.html.tbAiChat,AI writing assistant (press again to close)
ui.html.tbAiGroup,AI tools (menu)
ui.html.tbAiHub,AI Hub — one door into every AI feature
ui.html.tbAlignCenter,Align centre
ui.html.tbAlignJustify,Justify
ui.html.tbAlignLeft,Align left
ui.html.tbAlignRight,Align right
ui.html.tbBold,Bold
ui.html.tbBooks,Book manager
ui.html.tbBranch,Branching map
ui.html.tbCase,Change the case of the selected text
ui.html.tbChapters,Chapter manager
ui.html.tbClose,Close tab
ui.html.tbCloseAll,Close every tab
ui.html.tbCodex,"Codex — every Wiki entry in one book, exportable as a website"
ui.html.tbColor,Text colour
ui.html.tbComments,Comments
ui.html.tbDashboard,Dashboard — statistics and progress
ui.html.tbDialogue,Dialogue across the whole work
ui.html.tbDlgb,Rehearsal room — let AI play your characters and talk
ui.html.tbFind,Find in document
ui.html.tbFloorplan,Floor plan
ui.html.tbFocus,Focus mode
ui.html.tbGallery,Image library
ui.html.tbGalleryBoard,Mood board
ui.html.tbGsearch,Search the whole project
ui.html.tbH2,Heading 2
ui.html.tbH3,Heading 3
ui.html.tbH4,Heading 4
ui.html.tbHighlight,Highlight colour
ui.html.tbHistory,Work history — roll back to any point
ui.html.tbImg,Insert image
ui.html.tbIndent,Automatic first-line indent
ui.html.tbItalic,Italic
ui.html.tbKanban,Kanban by status (press again to close)
ui.html.tbLinenum,Show line numbers
ui.html.tbLog,Save log
ui.html.tbMaps,Maps
ui.html.tbMdCodes,Hide line prefix codes (. @ > $shot # …)
ui.html.tbMode,Switch document mode: prose ↔ screenplay
ui.html.tbModeText,Prose ▾
ui.html.tbNetwork,Story network
ui.html.tbNote,Quick note — catch the thought before it goes
ui.html.tbNotesPanel,Quick notebook
ui.html.tbOl,Numbered list
ui.html.tbOutlinePanel,Outline
ui.html.tbPanels,Manage panels
ui.html.tbPlanner,Planner board
ui.html.tbPlayer,Play through
ui.html.tbPlug,Commands from plugins
ui.html.tbPlugins,Plugins
ui.html.tbPropsPanel,Properties
ui.html.tbQuickopen,Quick open a file
ui.html.tbQuote,Block quote
ui.html.tbRead,Reading mode (full screen)
ui.html.tbRecord,"Daily journal — what you did today, exportable as CSV"
ui.html.tbRedo,Redo
ui.html.tbSearchPanel,Search
ui.html.tbSettings,Settings
ui.html.tbSideBottom,Hide/show bottom panels
ui.html.tbSideLeft,Hide/show left panels
ui.html.tbSideRight,Hide/show right panels
ui.html.tbSideTop,Hide/show top panels
ui.html.tbSource,View the raw Markdown of this scene
ui.html.tbSpCont,Automatic continuation text — (CONTINUED) · CONTINUED: · (MORE) · NAME (cont'd)
ui.html.tbSpExt,Character name extension (V.O. / O.S. / cont'd)
ui.html.tbSplit,Split view
ui.html.tbStarter,Story Starter — set a story up and play it out with AI
ui.html.tbStrike,Strikethrough
ui.html.tbStyle,Text style
ui.html.tbSub,Subscript
ui.html.tbSup,Superscript
ui.html.tbTimeline,Timeline
ui.html.tbTreePanel,Project explorer
ui.html.tbTypewriter,Typewriter mode
ui.html.tbUl,Bullet list
ui.html.tbUnderline,Underline
ui.html.tbUndo,Undo
ui.html.tbVisual,Visual telling — the storyboard for this scene
ui.html.winClose,Close
ui.html.winMax,Maximise
ui.html.winMin,Minimise
ui.html.zoomCtl,Zoom the page (Ctrl + mouse wheel)
ui.html.zoomIn,Zoom in
ui.html.zoomOut,Zoom out
ui.html.zoomReset,Reset zoom
ui.imgmenu.askWidth,Image width as a percentage of the page width (1-100)
ui.imgmenu.badWidth,Width must be a number between 1 and 100
ui.imgmenu.fitPage,Full page (image fills the whole page)
ui.imgmenu.head,Image
ui.imgmenu.normal,Normal size
ui.imgmenu.radius0,Corners: square
ui.imgmenu.radius16,Corners: 16 px
ui.imgmenu.radius24,Corners: 24 px
ui.imgmenu.radius4,Corners: 4 px
ui.imgmenu.radius8,Corners: 8 px (default)
ui.imgmenu.remove,Remove this image
ui.imgmenu.widthCustom,Width… (custom)
ui.imgmenu.widthPct,Width {0}%
ui.imp.chaptersF,Chapters: {0}  ·  Scenes: {1}
ui.imp.failed,Import failed: 
ui.imp.filesToCreate,Files to create: 
ui.imp.overwrite,The destination folder already has a project — overwrite?
ui.imp.projectName,Project name: 
ui.imp.scenes,   ·  Scenes: 
ui.imp.untitled,(untitled)
ui.imp.warnPrefixF,Warnings: {0} {0|item|items} (see Log)
ui.imp.working,Importing…
ui.impOrt.busyReadProjectScrivener,Reading the Scrivener project…
ui.impOrt.importDoneFile,"Import finished, {0} {0|file|files} → {1}"
ui.impOrt.importFile,Importing {0}/{1} {1|file|files}…
ui.impOrt.pickFolderToDone,"

Choose the destination folder and import now?"
ui.impOrt.scrivenerImportHasWord,scrivener import: has warnings
ui.impOrt.scrivenerImportOk,scrivener import succeeded
ui.impOrtScrivener.cantPickFolderTo,No destination folder chosen yet
ui.impOrtScrivener.mustSendIoAdapter,An io adapter must be passed in
ui.impOrtScrivener.notFoundBody,"Content of ""{0}"" not found ({1})"
ui.impOrtScrivener.notFoundFileScrivx,No .scrivx file in this folder (point to the .scriv folder)
ui.impOrtScrivener.notHasChapter,(no chapter)
ui.impOrtScrivener.readOutlineBinderCant,Cannot read the binder structure (the file may be damaged)
ui.importSp.asNewScene,Create as a new scene
ui.importSp.countWord,Word count: 
ui.importSp.dialogueF,Dialogue: {0}    Action: {1}
ui.importSp.file,File: 
ui.importSp.import,Import from: 
ui.importSp.importNotOk,Import failed: 
ui.importSp.notFoundFileHTML,No HTML file in the .celtx — it may be an older Celtx that stores plain XML
ui.importSp.notKnownFormatFile,Unknown file format: 
ui.importSp.previewEmpty,No script content was found in this file
ui.importSp.previewTitle,Import preview
ui.importSp.readFileNotOk,Could not read the file: 
ui.importSp.replaceTab,Replace the open tab
ui.importSp.xMLNotValid,Invalid XML: 
ui.kanban.add,+ Add column
ui.kanban.addStatus,Add status
ui.kanban.addStatusHint,A new column is a new scene status for the whole project (shows in the Explorer right away)
ui.kanban.deleteColumn,Delete column
ui.kanban.deleteMove,"Delete status ""{0}""? The {1} {1|scene|scenes} in this column {1|moves|move} to ""{2}"""
ui.kanban.draftPick,Choose which draft the board shows
ui.kanban.hiddenBuiltin, (hidden from the board)
ui.kanban.manageStatus,Manage statuses
ui.kanban.moveScenesFirst,Move the scenes out of this column first
ui.kanban.newColumn,New column name
ui.kanban.newColumnHint,e.g. Needs review
ui.kanban.newDraftBeforeUse,Create a draft first to use Kanban
ui.kanban.restoreStatus,Show again
ui.kanban.sceneNotFound,Scene file not found: 
ui.kanban.statusExists,A status with this name already exists
ui.kanban.unset,Not set
ui.layoutSplit.fieldEmpty,Empty slot
ui.layoutSplit.leftRight,Left-right
ui.layoutSplit.topBottom,Top-bottom
ui.locations,locations
ui.log.dayEmpty,That day's log file is empty or can't be read
ui.log.dayOption,{0} · {1} KB
ui.log.dayPick,Review past logs — pick a day's log file
ui.log.dayReadonly,Viewing the log file of {0} (read-only)
ui.log.daySession,This session (live)
ui.log.dup,[loop]
ui.log.dupTimes,  (repeated {0} {0|time|times})
ui.log.error,Error
ui.log.folderLabel,Stored in
ui.log.folderTip,The folder that holds the log files (one file per day)
ui.log.msg,Warning
ui.logline.compassHead,Story compass (the author's logline — use it to keep the story on its spine)
ui.logline.compassRule,"Keep suggestions and prose consistent with this compass. If the content drifts from the goal, obstacle or stakes, briefly tell the author."
ui.logline.goal,Goal (Want)
ui.logline.hGoal,What they concretely want
ui.logline.hInciting,What event ends their old normal
ui.logline.hLogline,"When [incident], [hero] must [goal] before [stakes]"
ui.logline.hObstacle,Who or what stands in the way
ui.logline.hProtagonist,Who — the flaw or edge that makes them worth following
ui.logline.hStakes,What is lost if they fail
ui.logline.inciting,Inciting incident (When)
ui.logline.logline,Logline (one sentence)
ui.logline.obstacle,Antagonist / Obstacle
ui.logline.protagonist,Protagonist (Who)
ui.logline.saved,Logline saved
ui.logline.stakes,Stakes
ui.logline.title,Logline
ui.logline.why,AI uses this as a compass so the story stays on track
ui.mapAi.aroundHead,Around it (nearest first):
ui.mapAi.cut,(The rest was cut for length — use the map.where command to ask about one name)
ui.mapAi.head,## Map positions (from the author's Maps panel)
ui.mapAi.inZone,in {0}
ui.mapAi.isOn,"""{0}"" is on map ""{1}"""
ui.mapAi.map,"### Map ""{0}"""
ui.mapAi.mapIn,"### Map ""{0}"" (inside map ""{1}"")"
ui.mapAi.nearHead,Closest neighbours:
ui.mapAi.noScale,(No scale set yet — distances are relative and only tell which is nearer or farther)
ui.mapAi.notOnMap,"""{0}"" is not pinned or zoned on any map yet"
ui.mapAi.relDist,relative distance {0}
ui.mapAi.zoneArea,Zone area: {0}
ui.mapAi.zoneOn,"""{0}"" is a zone on map ""{1}"""
ui.mapAi.zones,Zones: {0}
ui.maps.addMap,+ Add map
ui.maps.allMaps,All maps
ui.maps.allMapsTip,Back to the map gallery
ui.maps.backSizeFitFrame,Back to fit-to-frame size (100%)
ui.maps.busyNextRouteClick,Extending route “{0}” — click the pins in travel order ({1} {1|point|points})
ui.maps.cancelPick,Deselect
ui.maps.cancelPickTip,Deselect all pins
ui.maps.cantPickPin,No pin selected yet
ui.maps.catEgWorldCurrent,Category (e.g. Present world)
ui.maps.catMapSkipEmpty,Map category — optional
ui.maps.changeImage,Change image
ui.maps.changeImageTip,Change this map's image (pick from the gallery)
ui.maps.changeNameRoute,Rename route
ui.maps.clickEmptyPinPinF,Drag = pan · wheel = zoom · double-click = drop a pin · {0} · Ctrl+click a pin = jump (portal/Wiki page) · Shift+drag = box select · drag characters in from the left bar
ui.maps.clickPinOpenDialog,Click a pin = open the pin editor
ui.maps.clickPinOpenLink,Click a pin = follow its link (portal/Wiki page) · edits nothing
ui.maps.collapsePin,Smaller pins
ui.maps.compass,Compass
ui.maps.compassTip,Show/hide the compass (follows the north you set)
ui.maps.copy,⧉ Copy
ui.maps.copyPinDoneOpen,"Copied {0} {0|pin|pins} — open the destination map and press ""Paste"""
ui.maps.copyPinPickDone,Copy the selected pins to paste onto another map
ui.maps.countFieldGridNext,Grid cells per side
ui.maps.ctxAddPin,Place a pin here
ui.maps.ctxCopyCoords,Copy coordinates
ui.maps.delMap,Delete map
ui.maps.delMapTip,Delete this map (the image file is kept)
ui.maps.delPick,Delete selected
ui.maps.delPickTip,Delete all selected pins
ui.maps.delPinDone,Deleted {0} {0|pin|pins}
ui.maps.delPinPickItem,Delete the {0} selected {0|pin|pins}?
ui.maps.delRoutePin,Delete route (pins stay)
ui.maps.delRoutePinNot,Delete route “{0}”? (pins are not deleted)
ui.maps.done,Done
ui.maps.dotGap,{0} {0|point|points} · distance ~{1}
ui.maps.dotLatest,Undo last point
ui.maps.dotLatestTip,Remove the last point
ui.maps.dragPinMoveMode,"Drag pins to move them (other modes can't drag, to avoid accidental moves)"
ui.maps.dropImageFromGallery,Only images in the project's gallery (the Images folder) can be used — drag one from the gallery or the Explorer's images
ui.maps.dropPortalDone,"Added a portal to ""{0}"" — Ctrl+click it to go in"
ui.maps.dropReplaceImage,This map already has an image — replace it with the dropped one?
ui.maps.dropSceneDone,"Scene ""{0}"" is now placed on ""{1}"""
ui.maps.dropSelfMap,A map can't contain itself
ui.maps.entDragHint,Drag the name onto the map to pin it (or right-click → place at the center)
ui.maps.entGoPins,Go to its pins
ui.maps.entMoved,"Moved the pin of ""{0}"""
ui.maps.entNotPlacedAny,Not on any map yet — open a map and drag the name onto it
ui.maps.entOpenWiki,Open the Wiki page
ui.maps.entPlaceCenter,Place at the map center
ui.maps.entPlaced,On this map
ui.maps.entPlacedStatus,"Pinned ""{0}"""
ui.maps.entRowTip,Drag onto the map = pin · click = go to its pin · double-click/Ctrl+click = open Wiki · right-click = draw a zone
ui.maps.entRowTipGallery,Click = go to the map it's on · double-click = open Wiki
ui.maps.entZoned,Has a zone
ui.maps.expandPin,Larger pins
ui.maps.foundPinTopMap,"""{0}"" — found {1} {1|pin|pins} on this map"
ui.maps.galleryCardTip,Click to open the map · drag onto another map = portal to this one
ui.maps.galleryHint,Pick a map to open it — drag characters/places from the left bar onto a map
ui.maps.galleryNew,New map
ui.maps.galleryNewTip,Create a map from a gallery image (or drop an image on this card)
ui.maps.galleryOpen,Open map
ui.maps.gapBarEg,"Distance of the bar, e.g. 100 km"
ui.maps.geoAskLatLon,"Latitude, longitude of this point"
ui.maps.geoAskLatLonPh,"e.g. 51.5074, -0.1278"
ui.maps.geoAskMeters,"Real distance between the two points (units allowed: m, km, mi)"
ui.maps.geoAskMetersPh,e.g. 100 or 5 km
ui.maps.geoBadLatLon,"Invalid coordinates — type latitude, longitude, e.g. 13.75, 100.50"
ui.maps.geoBadNumber,The distance must be a number above 0
ui.maps.geoBtn,Coordinates/scale
ui.maps.geoBtnTip,"Set the scale and real coordinates — the map can then show distances, travel times, areas and lat/long"
ui.maps.geoBtnTipDone,Georeferenced — click to edit
ui.maps.geoClear,Clear
ui.maps.geoClearQ,Clear this map's scale and coordinates?
ui.maps.geoClearTip,Remove the scale and reference point
ui.maps.geoIntro,"Two steps: (1) tell the real length of one line on the image — if it has a scale bar (0 · 50 · 100 m) click both ends of it, otherwise click two points you know the distance between; (2) click a point and give its latitude/longitude"
ui.maps.geojson,GeoJSON
ui.maps.geojsonDone,GeoJSON exported: {0}
ui.maps.geojsonTip,Export pins/zones/routes as GeoJSON (usable in other map tools once georeferenced)
ui.maps.geoNorthDesc,Degrees north is rotated from the top of the image (clockwise · 0 = north is up)
ui.maps.geoNorthTip,North rotation in degrees
ui.maps.geoOutside,Those coordinates are outside the map image
ui.maps.geoPickA,Click the start of the scale (e.g. the 0 on the scale bar) — Esc = cancel
ui.maps.geoPickB,Click the end of the scale (e.g. the 100 m mark) — Esc = cancel
ui.maps.geoPickRef,Pick the reference point
ui.maps.geoPickRefHint,Click a point whose latitude/longitude you know (a pin works too) — Esc = cancel
ui.maps.geoPickRefTip,"Pick a point on the map, then enter its latitude/longitude"
ui.maps.geoPickScale,Pick the scale
ui.maps.geoPickScaleTip,"Click two points on the map, then give the real distance between them"
ui.maps.geoPinByCoord,Pin by coordinates
ui.maps.geoPinByCoordBtn,Enter lat/long…
ui.maps.geoPinByCoordTip,Type a latitude/longitude and drop a pin there
ui.maps.geoRedo,Redo
ui.maps.geoRefDesc,No reference point yet — set the scale first
ui.maps.geoRefSaved,Reference point saved
ui.maps.geoScaleDesc,Not set — distances on this map are only % of the image
ui.maps.geoScaleNow,Reference line is {0}
ui.maps.geoScaleSaved,Scale saved — map distances are now real units
ui.maps.geoStepNorth,North
ui.maps.geoStepRef,Latitude/longitude reference
ui.maps.geoStepScale,Scale
ui.maps.geoTitle,Map coordinates
ui.maps.gridTip,Show/hide the grid
ui.maps.journey,Story path
ui.maps.journeyTip,Draw a path through scene locations in story-time order — see how far characters travel
ui.maps.journeyTotal,Total {0} · {1}
ui.maps.legFrom,"From ""{0}"": {1} · {2}"
ui.maps.lineLineSolid,Dashed / solid line
ui.maps.mapBindDelDone,(the linked map has been deleted)
ui.maps.mapsExportPNGNot,maps: PNG export failed
ui.maps.mapsPrintMapNot,maps: map printing failed
ui.maps.mapsReadImagePortrait,maps: cannot read the entity's portrait
ui.maps.mapsReadScenePin,maps: cannot read the pinned scenes
ui.maps.measure,Measure
ui.maps.measureFromPin,Measure from this pin
ui.maps.measureNeedScale,Set the scale to get real distances
ui.maps.measureStart,Measure from here
ui.maps.measureTip,Click point by point to measure distance and travel time (Esc = done)
ui.maps.measuring,Measuring: {0} {0|point|points} · {1}
ui.maps.modeMovePosDrag,Move mode — drag pins to move them
ui.maps.nameRoute,Route name
ui.maps.nextDot,Add points
ui.maps.nextDotTip,Click pins on the map to extend this route
ui.maps.notFoundMapScene,The map this scene is linked to was not found (it may have been deleted)
ui.maps.notHasImagePress,"No image yet — press ""Change image"""
ui.maps.notPlaced,Not placed yet
ui.maps.notPlannedPressAdd,"No maps yet — press ""＋ Add map"" and choose an image from the image library as the map (e.g. a world/city map or a room plan)"
ui.maps.part,Scale
ui.maps.pastePin,Paste {0} {0|pin|pins}
ui.maps.pastePinCopyMap,Paste the copied pins onto this map
ui.maps.pastePinDone,"Pasted {0} {0|pin|pins} onto ""{1}"""
ui.maps.pickPin,{0} {0|pin|pins} selected
ui.maps.pin, · manually pinned coordinates
ui.maps.pinEdit,Edit pin…
ui.maps.placeIt,Place it
ui.maps.placeItHint,"Open the Floor Plan panel and click ""Place this scene"""
ui.maps.portalEnter,Enter the sub-map
ui.maps.portalMapOther,Portal to another map
ui.maps.portalSceneBindMap,{0} {0|entity|entities} · {1} {1|portal|portals} · {2} {2|note|notes} · {3} {3|scene|scenes} linked to this map
ui.maps.portalTip,"Portal to ""{0}"" — Ctrl+click to go in"
ui.maps.pos,Entity position
ui.maps.pressBtnEditTop," · press ""Edit"" on the toolbar to edit this pin"
ui.maps.print,Print
ui.maps.printMapNotOk,Map printing failed: 
ui.maps.printTip,"Print the map with pins, zones and routes"
ui.maps.recolorLine,Change line colour
ui.maps.route,Route 
ui.maps.route2,Routes
ui.maps.route3,Routes ({0})
ui.maps.routeDragLineLink,"Route = a line joining pins in order, to tell a character's journey — press ""＋ New route"" then click the pins one by one"
ui.maps.routeNew,New route
ui.maps.routeNew2,+ New route
ui.maps.routeNewTip,"Create a route, then click pins to add points"
ui.maps.saveMapLibraryImage,Saved the map to the image library: 
ui.maps.saveMapReadyPin,Save the map with its pins/routes as an image in the image library
ui.maps.scaleTip,Show/hide the scale bar (once georeferenced it shows real distance)
ui.maps.scenePin, ({0} {0|scene|scenes} pinned manually)
ui.maps.scenePinCantBind,"
(scenes pinned manually, not linked to a pin)"
ui.maps.sceneWhere,Location on map
ui.maps.searchPinName,Search pins (name/note)
ui.maps.setGapField,(set the distance in the box next to the ruler button)
ui.maps.showHideLabelUnder,Show/hide the labels under pins
ui.maps.showHideRouteBetween,Show/hide routes between pins
ui.maps.showItemFilm,Show text
ui.maps.showOnMap,Show on map
ui.maps.showOnMapHint,Open the Maps panel and scroll to this scene's location
ui.maps.sideChildTip,Open this sub-map
ui.maps.sideEntities,Characters · places
ui.maps.sideHide,Hide the side bar
ui.maps.sideNoEntities,No Wiki pages yet — create characters/places in the Explorer
ui.maps.sideParentTip,Up to the parent map
ui.maps.sideScenes,Scenes on this map ({0})
ui.maps.sideSearchPh,Search names…
ui.maps.sideShow,Show the side bar
ui.maps.sideSubMaps,Sub-maps
ui.maps.sideZones,Zones
ui.maps.sizePin,Pin size
ui.maps.tableGrid,Grid
ui.maps.textUnderBarPart,Text under the scale bar
ui.maps.timeDH,{0}d {1}h
ui.maps.timeHM,{0}h {1}m
ui.maps.timeM,{0} min
ui.maps.topImage,North is at the top of the image
ui.maps.travelCar,Car
ui.maps.travelCart,Cart
ui.maps.travelHorse,Horse
ui.maps.travelShip,Ship
ui.maps.travelWalk,On foot
ui.maps.unitKm,{0} km
ui.maps.unitKm2,{0} km²
ui.maps.unitM,{0} m
ui.maps.unitM2,{0} m²
ui.maps.zone,Zone
ui.maps.zoneDelete,Delete zone
ui.maps.zoneDeleteQ,"Delete the zone ""{0}""?"
ui.maps.zoneDone,"Created the zone ""{0}"""
ui.maps.zoneDraw,Draw a zone (area)
ui.maps.zoneDrawHere,Draw a new zone
ui.maps.zoneDrawHint,Click around the area point by point · double-click/Enter = done · Backspace = undo point · Esc = cancel
ui.maps.zoneDrawing,"Drawing zone ""{0}"" · {1} {1|point|points}"
ui.maps.zoneEditPts,Edit zone points
ui.maps.zoneName,Zone name
ui.maps.zoneNeed3,A zone needs at least 3 points
ui.maps.zoneRecolor,Change zone color
ui.maps.zoneRename,Rename zone
ui.maps.zoneTip,Draw a polygon zone (area) — it sits on the bottom layer under pins
ui.maps.zoneVertexTip,Drag to move the point · right-click = delete it
ui.maps.zoomInCtrlWheel,Zoom in (mouse wheel)
ui.maps.zoomOutCtrlWheel,Zoom out (mouse wheel)
ui.maps.zoomSliderTip,Zoom level (the mouse wheel works too)
ui.menu.ai,AI
ui.menu.aIAnalyzePaceStory,AI analysis (pacing · characters · repeated words)
ui.menu.aiHubPanel,AI Hub
ui.menu.alignLeftL,Align left
ui.menu.allFile,All files
ui.menu.arrangeAreaRun,Arrange workspace
ui.menu.assistantWriteExpandSummarize,Writing assistant (Expand/Summarize/Rewrite)…
ui.menu.backlinksPanelB,Mentions
ui.menu.backVersionLatestRevert,Revert to the last saved version
ui.menu.blockCode,Code block
ui.menu.boardMoodMoodBoard,Mood Board — opens as a side panel; drag images onto it
ui.menu.btnFloatCornerRight,"Floating button, bottom right (FAB)"
ui.menu.cancelSplitPageScreen,Unsplit screen
ui.menu.caseBigSmall,Upper/lower case (free)
ui.menu.centerK,Center
ui.menu.chapterFilm,Script
ui.menu.cheatsheet,Keyboard shortcuts…
ui.menu.checkAlwaysCharacter,Check character consistency…
ui.menu.checkBeforePrintExport,Check before printing/exporting
ui.menu.checkChapterListError,Check the whole script (error list)…
ui.menu.checkFindErrorU,Find the next error
ui.menu.checkFindWordDup,Find repeated words · word usage statistics (Word History)…
ui.menu.checkPlotHole,Check for plot holes…
ui.menu.checkUpdate,Check for updates…
ui.menu.clearFormatSpace,Clear formatting
ui.menu.closeAllTabW,Close all tabs
ui.menu.closeTabW,Close tab
ui.menu.codexCodex,Encyclopedia (Codex)
ui.menu.collapse,Shrink
ui.menu.collapseUI,Shrink UI
ui.menu.commentScenePanel,Comments in this scene (panel)
ui.menu.compareChapter,Compare scripts…
ui.menu.consoleDev,Developer console…
ui.menu.copyC,Copy
ui.menu.coverTitlePages,Title Pages…
ui.menu.cut,Cut
ui.menu.cutX,Cut
ui.menu.dashLineUnderU,Underline
ui.menu.dashX,Strikethrough
ui.menu.dataResultTaskAuthor,Project info (author · agent · copyright)…
ui.menu.delDelete,Delete
ui.menu.delElementType,Delete elements by type…
ui.menu.delLineDelete,Delete the whole line
ui.menu.developer,Developer
ui.menu.dialoguePanel,All dialogue
ui.menu.dlgbPanel,Rehearsal Room
ui.menu.doZ,Undo
ui.menu.edit,Edit
ui.menu.editIIAuto,Automatically change a lone i to I
ui.menu.editItemFirstSentence,Automatically capitalise the first letter of a sentence
ui.menu.exitApp,Quit
ui.menu.expand,Enlarge
ui.menu.expandUI,Enlarge UI
ui.menu.exportHub,Export…
ui.menu.exportLangCSVKey,Export language as CSV (key · Thai · English)…
ui.menu.exportLayoutPanelJSON,Export panel layout (JSON)…
ui.menu.exportProjectZip,Whole project as ZIP…
ui.menu.exportTop,Export
ui.menu.exportWorkFlowSteps,Edit export workflow steps…
ui.menu.file,File
ui.menu.file2,File
ui.menu.fitWidePagePaper,Fit to page width
ui.menu.fmtCsv,CSV table
ui.menu.fmtGeojson,GeoJSON (real coordinates)
ui.menu.fmtHtml,HTML page
ui.menu.fmtJson,JSON
ui.menu.fmtMd,Markdown
ui.menu.fmtPng,PNG image
ui.menu.fmtPrint,Print…
ui.menu.fmtSvg,SVG vector image
ui.menu.fmtZip,ZIP (images in use)
ui.menu.fontLangOther,Fonts by language (Thai/Latin/other)…
ui.menu.forceCaseBigOnly,Force upper case for specific types
ui.menu.forcePrintBigFormat,Force upper case per the standard script format (scene headings · character names · transitions)
ui.menu.format,Format
ui.menu.format2,Format
ui.menu.formatNovelParaRange,Novel format (paragraphs · line spacing · headings)…
ui.menu.fullLineJ,Justify
ui.menu.fullScreen,Full screen
ui.menu.graphAreaFloorPlan,Floor Plan
ui.menu.graphDialogueNextPage,Dialogue per page chart (Dialogue Chart)…
ui.menu.graphStoryBreakBranch,Branching story chart (Branch Tree)
ui.menu.heading,Heading {0} ({1}+{2})
ui.menu.headPaperAllPage,Page Headers…
ui.menu.help,Help
ui.menu.help2,Help
ui.menu.hidePageLineShot,Hide line-prefix codes (. @ > $shot # …)
ui.menu.hidePanelSideLeft,Hide left-side panels
ui.menu.hidePanelSideRight,Hide right-side panels
ui.menu.hideShowPanelAll,Hide/show all panels
ui.menu.historyDecide,Decision history…
ui.menu.imageCaseChangeCase,Change Case
ui.menu.imageNotUse,Unused images
ui.menu.imagePNG,PNG image
ui.menu.imageSVG,SVG vector image
ui.menu.importLangCSV,Import language from CSV…
ui.menu.importScreenplayFountainFDX,Import screenplay… (Fountain · FDX · Celtx · Fade In · Adobe Story)
ui.menu.importScrivenerScrivI,Import from Scrivener (.scriv)…
ui.menu.insertImage,Insert image…
ui.menu.insertLine,Insert divider (---)
ui.menu.insertShortcode,Insert shortcode…
ui.menu.itemBoldB,Bold
ui.menu.itemI,Italic
ui.menu.kanbanBoardStatus,Status board (Kanban)
ui.menu.libraryImageG,Image library
ui.menu.libraryImageGalleryG,Image library (Gallery)
ui.menu.lineTimeTimeline,Timeline
ui.menu.listHeadingCollapse,Bulleted list
ui.menu.listItemNum,Numbered list
ui.menu.manageBookDraftBooks,Manage books and drafts (Books)
ui.menu.managePanelShowHide,Manage panels (show/hide)…
ui.menu.manageSmartTypeDelWord,Manage SmartType (remove wrongly remembered words)…
ui.menu.manageStatusScene,Manage scene statuses…
ui.menu.manageTabColorVisual,Manage colour tags (Visual Tags)…
ui.menu.mapChar,Special character map…
ui.menu.mapMaps,Maps
ui.menu.modeDoc,Document mode
ui.menu.modeFocusD,Focus mode
ui.menu.modeReadFullScreen,Reading mode (full screen)
ui.menu.modeTypewriterT,Typewriter mode
ui.menu.newChoiceTextScene,Create choices from [text] in this scene
ui.menu.newDialogue,Generate dialogue…
ui.menu.newProjectNewN,New project…
ui.menu.newProjectTemplate,New project from template…
ui.menu.newWorldWorldbuilding,Worldbuilding…
ui.menu.noteQuick,Quick note…
ui.menu.numSceneHeadScene,"Scene numbers (beside scene headings, both sides)"
ui.menu.onsetToggle,Problem scene: switch original/revised
ui.menu.openDevToolsChromium,Open Chromium DevTools
ui.menu.openLibraryImageG,Open the image library
ui.menu.openProjectO,Open project…
ui.menu.openReleases,Released versions
ui.menu.openRepo,Project page on GitHub
ui.menu.page,Go to page…
ui.menu.pageChapterG,Go to page/chapter…
ui.menu.pageFirst,Go to the first page
ui.menu.pageFirstHasIn,Home has its own entry: menu View → Home
ui.menu.pageFirstHome,Home
ui.menu.pageGuides,Page margin guides
ui.menu.pageListCharacterCast,Cast of Characters page…
ui.menu.pageNumRightTopPaper,Page numbers (top right of the page)
ui.menu.pagePaperGapMargin2,Paper · margins…
ui.menu.pageSceneG,Go to page/scene…
ui.menu.panel,Panels
ui.menu.panelAIAssistantWrite,AI writing assistant panel
ui.menu.panelGroupAI,— AI —
ui.menu.panelGroupPlan,— Planning —
ui.menu.panelGroupReview,— Review —
ui.menu.panelGroupWrite,— Writing —
ui.menu.panelPairPlannerPlanner,Planner's companion panel — the Planner opens/closes it based on what's selected on the board
ui.menu.panelStoryStarter,Story Starter panel
ui.menu.partNameVO,Character name extension (V.O. · O.S. · cont'd)…
ui.menu.paste,Paste
ui.menu.pasteStyleTextV,Paste as plain text
ui.menu.pasteV,Paste
ui.menu.pickAll,Select all
ui.menu.pickAllA,Select all
ui.menu.plannerBoardPlanner,Planning board
ui.menu.pluginsPanel,Plugins
ui.menu.printP,Print…
ui.menu.project,Back up the project now
ui.menu.projectDoctor,Project health check
ui.menu.projectExplorer,Project (Explorer)
ui.menu.projectLatest,Recent projects
ui.menu.projectReplace,Find and replace in project
ui.menu.propsSceneFileMd,Sync scene properties from the .md file (after editing the file outside the app)
ui.menu.repeatY,Redo
ui.menu.reportCharacterReport,Character Report…
ui.menu.reportPlaceLocationReport,Location Report…
ui.menu.resetLayoutPanelAll,Reset the whole panel layout
ui.menu.resetZoom,Reset zoom
ui.menu.revealActive,Reveal Open File in Explorer
ui.menu.rightR,Align right
ui.menu.save,Save as…
ui.menu.saveAllS,Save all
ui.menu.saveChangeChangelog,Changelog
ui.menu.saveLog,Log
ui.menu.saveRunAppLog,App activity log…
ui.menu.saveS,Save
ui.menu.scene,Go to scene…
ui.menu.screenplayAllFountainFDX,"Screenplays in all formats (Fountain, FDX, Celtx, Adobe Story, Fade In Pro)"
ui.menu.script,Script
ui.menu.searchF,Find…
ui.menu.searchFileQuickO,Quick open file…
ui.menu.searchProjectF,Search the whole project
ui.menu.searchProjectF2,Search the whole project…
ui.menu.sessionNew,New chat session
ui.menu.setPrintBigLine,Set upper case per line type (format table)…
ui.menu.settingsAI,AI settings…
ui.menu.settingsAIProviderCredential,AI settings (provider · Credential · model · parameters)…
ui.menu.settingsGroup,Settings
ui.menu.settingsProject,Project settings…
ui.menu.showFormatLineMargin,Show formatting (element outlines + end-of-line marks)
ui.menu.showNumLineLeft,Show line numbers (left rail of the panel)
ui.menu.sizeUIBarTool,UI size (toolbars/panels/dialogs)
ui.menu.sizeUINormal,Normal UI size (100%)
ui.menu.soundTypewriterPrint,Typewriter sound while typing
ui.menu.splitLeftRight,Split left-right
ui.menu.splitPageScreenSplit,Split View
ui.menu.splitTopBottom,Split top-bottom
ui.menu.sprint,Writing sprint
ui.menu.storyNetworkGraphRelation,Relationship map
ui.menu.storyTools,Story tools
ui.menu.storyYoursDialogPrev,Chat with your story (old dialog)…
ui.menu.suggestTitle,Suggest a title…
ui.menu.summaryBodyProject,Summarise the project…
ui.menu.tableCSV,CSV table
ui.menu.textCaseCycleU,Cycle letter case
ui.menu.textContCONTINUEDMORE,Continuation text (CONTINUED · MORE · cont'd)
ui.menu.textNormal,Normal text
ui.menu.theme,Colour theme
ui.menu.thesaurusT,Thesaurus…
ui.menu.toggleModeNovelChapter,Switch mode novel ↔ screenplay
ui.menu.tool,Tools
ui.menu.toolbarCfg,Customize toolbar…
ui.menu.trialPlayStoryBreak,Play-test the branching story (Player Mode)
ui.menu.view,View
ui.menu.viewChapter,Script view
ui.menu.viewNoteAll,View all notes…
ui.menu.viewPagePaper,Page view
ui.menu.wordSpeakLift,Block quote
ui.menu.workY,Workspaces…
ui.menu.zoom,Zoom
ui.nav.clearColor,Clear colour
ui.nav.clearFilter,Clear all filters
ui.nav.colLoc,LINE / PAGE
ui.nav.colText,TEXT
ui.nav.flagBreak,Forced page break
ui.nav.flagChoice,Branch point (this scene has choices)
ui.nav.flagColor,Colour tagged
ui.nav.flagComment,Has an open comment
ui.nav.flagEmpty,Nothing written yet
ui.nav.flagLocked,Scene is locked
ui.nav.flagStar,Starred
ui.nav.flagTodo,Has a TODO / ??? marker
ui.nav.grpBeat,Paragraphs
ui.nav.grpDialog,Characters
ui.nav.grpHead,Headings
ui.nav.grpNote,Notes
ui.nav.grpScene,Scenes
ui.nav.grpTrans,Transitions
ui.nav.legendBold,Bold = a branching choice point
ui.nav.legendRow,Left colour bar = a tag you set (right-click a row)
ui.nav.legendTitle,What the marks mean
ui.nav.noMatch,Nothing matches the filter
ui.nav.onlyStar,Starred only
ui.nav.pageAbbr,p.
ui.nav.pageOf,Page {0}/{1}
ui.nav.rowCount,{0} {0|row|rows}
ui.nav.searchPh,Search the outline…
ui.nav.setFind,navigation outline paging filter marks legend
ui.nav.setHint,Choose whether the navigation panel is one long scrolling list or is split into pages.
ui.nav.setMode,Layout
ui.nav.setModePage,Split into pages
ui.nav.setModeScroll,One long list (scroll bar)
ui.nav.setPerPage,Rows per page
ui.nav.setPerPageHint,"Only used in ""Split into pages"" mode — 5 to 500 rows."
ui.nav.setTitle,Navigation panel
ui.nav.star,Star this point
ui.nav.unstar,Remove star
ui.net.actPart,Act/part
ui.net.addBookNew,+ Add a new book…
ui.net.addScene,+ Add scene…
ui.net.appear,Appear together
ui.net.appearScene,Appear together in scenes
ui.net.bgGraph,Chart background
ui.net.bgGraphItemFilm,Chart background / text
ui.net.bgLabelNode,Node label background
ui.net.btnCenterWheel,Middle button (wheel)
ui.net.busyLoad,Loading…
ui.net.changeName,Rename…
ui.net.changeNameChapter,Rename chapter…
ui.net.clickLeft,Left click
ui.net.clickNodeOpenPage,Click a node = open its page · drag empty space or over a node = pan the chart (nodes don't move)
ui.net.clickNodeOpenPage2,Click a node = open its page for editing
ui.net.clickOpen,Double-click = open
ui.net.clickRight,Right click
ui.net.colorGroupHint,Click a swatch or type a hex code · empty = default
ui.net.colorLineLinkOther,Other link colours
ui.net.colorLineTypeRelation,Line colours (by relationship type)
ui.net.colorNodeCat,Node colours (by category)
ui.net.delChapterChapter,Delete the whole chapter
ui.net.dragAreaEmptyScroll,Drag with {0} on empty space = pan the chart
ui.net.dragBgScrollWheel,Drag background = pan · wheel = zoom · drag node = move · Shift+click = push · double-click = open · right-click = menu
ui.net.dragNodeMovePos,Drag a node to move it
ui.net.dragViewD,Drag with {0} = rotate the 3D view
ui.net.findDisk,Find on disk
ui.net.hide,Hide
ui.net.hollowGrid,Grid opacity: 
ui.net.hollowGrid2,Grid opacity: 12%
ui.net.itemFilmNameNode,Node name text
ui.net.line,⦿ {0}{1} · {2} {2|link|links} · 
ui.net.lineGrid,Grid lines
ui.net.linkBetweenScene,Links between scenes
ui.net.linkScene,Scene links
ui.net.loadError,Load error
ui.net.marginNode,Node border
ui.net.marginNodeActPoint,Node border on hover
ui.net.mention,Mentions
ui.net.msg,Is in
ui.net.newCharacterPlaceLegend,Create characters/locations/items/lore in the Wiki
ui.net.notFoundNewCharacter,No entities found — create characters/locations in the Wiki first
ui.net.notHasWiki,No entities in the Wiki yet
ui.net.open,Open
ui.net.open2,Open
ui.net.openBook,Open book
ui.net.openChapter,Open chapter
ui.net.openModeDDone,"(in 3D mode, drag with {0} = rotate the view)"
ui.net.presetApplied,"Applied colour set ""{0}"""
ui.net.presetCustom,— custom —
ui.net.presetDel,Delete set
ui.net.presetDelAsk,"Delete colour set ""{0}"""
ui.net.presetDelNo,Built-in sets cannot be deleted
ui.net.presetHint,"Pick a set to recolour the whole graph — tweak individual colours, then save as a new set"
ui.net.presetLabel,Colour preset
ui.net.presetSave,Save as new set
ui.net.presetSaveAsk,Name your colour set
ui.net.presetSaved,"Saved colour set ""{0}"""
ui.net.repeat,Redo
ui.net.reset,Reset
ui.net.resetView,Reset view
ui.net.scene,Entity ↔ scene
ui.net.scene2,Entity↔scene
ui.net.sceneChapter, (+{0} {0|scene|scenes}/chapters)
ui.net.search,Search…
ui.net.shiftClickNodeResult,Shift+click a node = push the surrounding nodes away
ui.net.showGrid,Show grid
ui.net.showImageCollapse,Show thumbnails
ui.net.showItemFilmName,Show text (names under nodes)
ui.net.sizeGrid,Grid size: 
ui.net.sizeGridPx,Grid size: 60px
ui.net.sizeNode,Node size
ui.net.sizeNode2,Node size: 
ui.net.sizeNode3,Node size: 100%
ui.net.toggleDD,Switch 2D/3D
ui.net.unsetPinAllNode,Unpin every node and re-arrange the chart
ui.net.unsetPinAllNode2,Unpin every node and re-arrange the chart
ui.net.unsetPinNode,Unpin this node
ui.net.wheelZoom,Wheel = zoom
ui.net.xYZ,Axis indicator (X/Y/Z)
ui.net.zoom, · zoom {0}%
ui.netPreset.cable,Cable
ui.netPreset.default,Default
ui.netPreset.flower,Flower
ui.netPreset.rainbow,Rainbow
ui.netPreset.xrite,X-Rite
ui.netScene.bg,Background
ui.netScene.bgBlueprint,Blueprint
ui.netScene.bgGradient,Gradient
ui.netScene.bgImage,My image
ui.netScene.bgParchment,Old parchment
ui.netScene.bgSolid,Solid color
ui.netScene.bgSpace,Deep space
ui.netScene.bgTheme,Theme
ui.netScene.bgWargame,Wargame map
ui.netScene.catModelHint,Every node in this category uses this model (nodes with their own model keep theirs)
ui.netScene.catModels,3D model per category
ui.netScene.color1,Main color
ui.netScene.color2,Second color
ui.netScene.colors,Colors
ui.netScene.dim,Dim background
ui.netScene.grid,Grid
ui.netScene.gridColor,Grid color
ui.netScene.gridColorAuto,Auto
ui.netScene.gridDots,Dots
ui.netScene.gridHex,Hex
ui.netScene.gridNone,None
ui.netScene.gridSquare,Square
ui.netScene.gridStyle,Grid style
ui.netScene.image,Image
ui.netScene.imageCenterHint,"Right-click anywhere on the graph and choose ""Center image here"" to line the map up with your nodes"
ui.netScene.imageChange,Change image…
ui.netScene.imageMode,Placement
ui.netScene.imageOpacity,Image opacity
ui.netScene.imagePick,Choose image…
ui.netScene.imageScale,Image size
ui.netScene.imageScreen,Fill screen (fixed)
ui.netScene.imageWorld,"Pinned to graph (pans, zooms, tilts)"
ui.netScene.modelFiles,3D models
ui.netScene.reset,Reset background
ui.netScene.stars,Star density
ui.netUi.appearsIn,Appears in
ui.netUi.bgCenterHere,Center image here
ui.netUi.castOfScene,In this scene
ui.netUi.coScenes,{0} {0|scene|scenes}
ui.netUi.countTitle,{0} ({1})
ui.netUi.edgeLabelsAll,All edges
ui.netUi.edgeLabelsBtn,Edge labels
ui.netUi.edgeLabelsNone,Hovered/selected only
ui.netUi.edgeLabelsRel,Relationships only
ui.netUi.focus1,Focus on neighbors (1 step)
ui.netUi.focus1s,Focus 1
ui.netUi.focus2,Focus on neighbors (2 steps)
ui.netUi.focus2s,Focus 2
ui.netUi.hubMeta,{0} {0|link|links} · {1} {1|scene|scenes}
ui.netUi.hubs,Story hubs
ui.netUi.insights,Story insights
ui.netUi.isolated,No relationships yet
ui.netUi.isolatedNone,Everyone is connected
ui.netUi.layoutBtn,Arrange graph
ui.netUi.layoutCategory,Group by category
ui.netUi.layoutForce,Auto layout (force-directed)
ui.netUi.layoutRadial,Rings around the selected node
ui.netUi.layoutStory,Story order (scenes as a time axis)
ui.netUi.link,Link
ui.netUi.linkFrom,Link from this node (drag onto another node)
ui.netUi.model,3D model for this node
ui.netUi.modelChange,Change model…
ui.netUi.modelErr,Couldn't load the model: {0}
ui.netUi.modelFromCat,category model
ui.netUi.modelHint,Supports .glb .gltf .obj .stl — the file is copied into the project's Models folder
ui.netUi.modelLoading,Loading model…
ui.netUi.modelPick,Choose model…
ui.netUi.modelRemove,Remove model
ui.netUi.modelScale,Size
ui.netUi.modelYaw,Facing
ui.netUi.more,and {0} more
ui.netUi.noneYet,Not enough data yet
ui.netUi.openPage,Open page
ui.netUi.path,Find path
ui.netUi.pathFrom,Find path to… (click the target node)
ui.netUi.pathNone,Nothing connects {0} and {1}
ui.netUi.pathPickHint,Click the target node to find a path · Esc to cancel
ui.netUi.pathSteps,Path: {0} {0|step|steps}
ui.netUi.pathViaScenes,No relationships link them directly — this path goes through shared scenes
ui.netUi.perspBtn,Perspective (3D) — far things look smaller
ui.netUi.relations,Relationships
ui.netUi.relFail,Couldn't create the relationship
ui.netUi.sceneBtn,Background & models
ui.netUi.stats,{0} {0|relationship|relationships} · in {1} {1|scene|scenes}
ui.netUi.statsScene,Mentions {0} {0|entry|entries}
ui.netUi.storyAt,Scene {0}/{1} · {2}
ui.netUi.storyBtn,Story timeline — watch the graph grow scene by scene
ui.netUi.storyFirst,Back to the start
ui.netUi.storyNew,{0} new
ui.netUi.storyNext,Next scene
ui.netUi.storyPause,Pause
ui.netUi.storyPlay,Play
ui.netUi.storyPrev,Previous scene
ui.netUi.storyStart,Start of the story — {0} {0|scene|scenes}
ui.netUi.suggest,"Often together, not yet related"
ui.netUi.suggestLink,Create a relationship for this pair
ui.netUi.suggestNone,No missing pairs
ui.netUi.suggestTip,Together in {0} {0|scene|scenes} — click to see them on the graph
ui.netUi.toolInspect,Inspect
ui.netUi.toolInspectHint,"Click a node to see its details, relationships and scenes without opening its page"
ui.netUi.toolLink,Link
ui.netUi.toolLinkHint,Drag from one node onto another to create a relationship
ui.netUi.unmentioned,Not mentioned in any scene
ui.netUi.unmentionedNone,Everything is mentioned somewhere
ui.notes.backStuck,Put back as pending
ui.notes.clearNoteAllDone,All notes cleared
ui.notes.clearNoteAllList,Clear all notes ({0} {0|item|items})?
ui.notes.clearNotebookNoteDone,Notebook cleared
ui.notes.delNote,Delete this note
ui.notes.delNoteDone,Note deleted
ui.notes.do,To do later
ui.notes.do2,To do later ({0})
ui.notes.doDone,Done
ui.notes.doneDoDoneList,All cleared ({0} done)
ui.notes.doNoteDone,Mark this note done
ui.notes.doShowTopPage, To do later (shown on the timeline page)
ui.notes.latest,Latest:
ui.notes.lineWordChar,{0} {0|line|lines} · {1} {1|word|words} · {2} {2|character|characters}
ui.notes.moveInMemo,Move into Memo
ui.notes.moveInMemoDone,Moved into Memo: 
ui.notes.nameNoteMemo,Note name (Memo)
ui.notes.noteAll,All notes (
ui.notes.notebookNoteQuick,Quick notes
ui.notes.noteQuick,Quick note — 
ui.notes.notHasNotePress,No notes yet — press the note button on the toolbar
ui.notes.notHasNoteStuck,"No pending notes — press the note button on the toolbar and tick ""To do later"""
ui.notes.notHasTextMove,No text to move yet
ui.notes.quickNotePh,Notes for this writing session…
ui.notes.saveNoteDoDone,Note saved for later
ui.notes.saveNoteDone,Note saved
ui.notes.scratchPh,Jot anything here - it stays out of the manuscript
ui.onset.already,"""{0}"" is already a problem scene"
ui.onset.chipTitle,Problem scene
ui.onset.clear,Stop treating as a problem scene…
ui.onset.clearAsk,"Stop treating ""{0}"" as a problem scene?
The saved original will be deleted (the scene as it is now — the revised version — is not touched)"
ui.onset.clearBtn,Stop comparing
ui.onset.cleared,"""{0}"" is no longer a problem scene"
ui.onset.color.0090ff,Blue
ui.onset.color.30a46c,Green
ui.onset.color.8e4ec6,Purple
ui.onset.color.e5484d,Red
ui.onset.color.f76b15,Orange
ui.onset.color.ffc53d,Yellow
ui.onset.colorMenu,Band colour
ui.onset.errClear,Couldn't remove the problem scene's original
ui.onset.errMark,Couldn't mark this as a problem scene
ui.onset.errRead,Couldn't read the problem scene's original: 
ui.onset.marked,"""{0}"" is now a problem scene — edit away; changed lines get a colour band and a ! in the margin"
ui.onset.moreTip,Problem scene options
ui.onset.nChanges,{0} {0|change|changes}
ui.onset.noChanges,No changes yet
ui.onset.notProblem,"This scene isn't a problem scene — right-click it in the Explorer and choose ""Problem scene"""
ui.onset.nowOriginal,Showing the original (read-only) — print/export/save still use the revised version
ui.onset.nowRevised,Back to the revised version
ui.onset.tip.original.added,This line was removed in the revised version
ui.onset.tip.original.changed,This line is changed in the revised version
ui.onset.tip.original.gap,The revised version adds new lines here
ui.onset.tip.revised.added,This line is new (not in the original)
ui.onset.tip.revised.changed,This line was changed from the original
ui.onset.tip.revised.gap,Lines from the original were removed here
ui.onset.toggleTip,Switch original ⇄ revised (print/export always use the revised version)
ui.onset.toOriginal,Show original
ui.onset.toRevised,Show revised
ui.onset.treeBadge,Problem scene — being compared with its original
ui.onset.viewOriginal,Original (read-only)
ui.onset.viewRevised,Revised
ui.panel.aiAnalyzerTitle,AI Analyzer
ui.panel.aiChatTitle,AI Writing Assistant
ui.panel.aiHubTitle,AI Hub
ui.panel.archiveToggle,Show/hide archived scenes
ui.panel.barStatus,Status bar
ui.panel.barTool,Toolbar
ui.panel.beforeRestore,Before restore
ui.panel.booksTitle,Book Manager
ui.panel.branchTitle,Branching Map
ui.panel.changelogNotFound,Changelog file not found
ui.panel.changelogTitle,Changelog — Killian 2
ui.panel.checkEditCommentNote,Review — comments + notes
ui.panel.chipClosed,{0} — recently closed · click to reopen
ui.panel.chipStash,{0} — temporarily hidden · click to show again
ui.panel.chipTorn,{0} — in a separate window · click to bring back
ui.panel.chooseVersion,Choose a version to preview
ui.panel.codex,Encyclopedia
ui.panel.codexTitle,Codex
ui.panel.collapse,Collapse/Expand panel
ui.panel.commentsTitle,Comments
ui.panel.confirmDelete,Delete this version permanently?
ui.panel.confirmRestore,Restore this version over the current one?
ui.panel.dashboardTitle,Dashboard
ui.panel.desc_props,"Properties of the selected scene - synopsis, POV, emotion, conflict, status, colour, tags. Saves automatically as you type."
ui.panel.desc_tree,"The table of contents of the whole work - book, chapter, scene, plus Wiki, gallery and trash. Drag to reorder. The search box filters by title, tag and status."
ui.panel.dialogueTitle,Dialogue
ui.panel.dlgbTitle,Rehearsal Room
ui.panel.doc,Document
ui.panel.emptyContent,(empty)
ui.panel.essentialsDefault,Essentials (default)
ui.panel.exportClip,Copied the panel layout to the clipboard
ui.panel.exported,Exported the panel layout: 
ui.panel.exportFail,Failed to export the panel layout
ui.panel.exportLayout,Export the panel layout as a JSON file…
ui.panel.fab,Create New
ui.panel.float,Float panel / Dock back
ui.panel.galleryBoardTitle,Mood Board
ui.panel.galleryTitle,Image Gallery
ui.panel.hiddenChipsHint,Panels not on screen — click to bring back
ui.panel.hidePanelAllArea,Hide all panels (writing area only)
ui.panel.hidePanelSide,Hide panels on this side
ui.panel.historyTitle,History
ui.panel.jumpedInMain,Jumped to that spot in the main window
ui.panel.kanbanTitle,Kanban
ui.panel.layoutReset,Panel layout reset
ui.panel.logTitle,Application Log
ui.panel.manage,Manage panels
ui.panel.mapsTitle,Maps
ui.panel.menuAway, (separate window)
ui.panel.navigation,Navigation
ui.panel.networkTitle,Story network
ui.panel.noVersions,No saved versions
ui.panel.outline,Outline
ui.panel.panelExportLayoutPanel,[panel] exporting the panel layout failed
ui.panel.panelExportLayoutPanel2,[panel] exported the panel layout
ui.panel.panelFoundFieldEmpty,[panel] found a leftover {0}px gap in dock {1} ({2}) — closed it
ui.panel.panelFoundPanelNot,[panel] found an unknown panel in the layout (not registered) — cleaned it up
ui.panel.panelOutWindowNot,[panel] could not tear off into a window: 
ui.panel.plannerOutlineStoryProps,Plan — outline + scene properties
ui.panel.plannerTitle,Planner
ui.panel.playerTitle,Play Test
ui.panel.pluginsTitle,Plugins
ui.panel.project,Project
ui.panel.properties,Properties
ui.panel.propsPlanner,Planner properties
ui.panel.recordTitle,Daily Record
ui.panel.reloadedFromPanelWin,Reloaded scene text edited in a panel window
ui.panel.resetAll,⟲ Reset all panel layout
ui.panel.sceneGuard,Unsaved changes in the main window:
ui.panel.sceneGuard2,read-only until you save there
ui.panel.search,Search
ui.panel.searchPlaceholder,Search / Filter — e.g. status:draft tag:action
ui.panel.selectScene,Select a scene to view properties
ui.panel.sideHidden,Panels on this side hidden — press again to show them
ui.panel.sideShown,Panels on this side are back
ui.panel.sortBy,Sort by
ui.panel.sortDefault,Default order
ui.panel.sortModified,Modified time
ui.panel.sortName,Name
ui.panel.sortStatus,Status
ui.panel.sortWords,Word count
ui.panel.spaceAll,All panels hidden — canvas only (press again to restore)
ui.panel.spaceHideAll,Hide all panels (canvas only)
ui.panel.spaceHideLeft,Hide left panels
ui.panel.spaceHideRight,Hide right panels
ui.panel.spaceNone,No panels left to hide
ui.panel.spaceRestored,Hidden panels restored
ui.panel.spaceShow,Restore hidden panels
ui.panel.spaceSide,Hidden panels on the 
ui.panel.starterTitle,Story Starter
ui.panel.thisScene,this scene
ui.panel.timelineTitle,Timeline
ui.panel.tornOffF,"Moved ""{0}"" to a separate window — close that window to bring it back"
ui.panel.tornOffFocus,This panel is in a separate window — brought that window to the front
ui.panel.unreadable,(unreadable)
ui.panel.versionHistoryTitle,Version History — 
ui.panel.waitingMain,(waiting for the main window…)
ui.panel.work,Workspaces…
ui.panel.writeScreenHasToc,Write — clear screen with only the outline
ui.panel.wsApplied,Workspace: 
ui.panel.wsBuiltin,That name belongs to a built-in set
ui.panel.wsDelAsk,Delete workspace “
ui.panel.wsDelete,Delete workspace…
ui.panel.wsDeleted,Workspace deleted: 
ui.panel.wsMenu,Workspaces…
ui.panel.wsName,Name this workspace
ui.panel.wsNameHint,e.g. Morning writing / Review
ui.panel.wsPick,Workspace — switch panel layout set
ui.panel.wsSave,+ Save current layout as workspace…
ui.panel.wsSaved,Workspace saved: 
ui.panelExport.areaWriteWidePx,The writing area is only {0}px wide (minimum set to {1}px)
ui.panelExport.colBook,Book
ui.panelExport.colChapter,Chapter
ui.panelExport.colScene,Scene
ui.panelExport.colStatus,Status
ui.panelExport.colStoryDate,Story time
ui.panelExport.colWords,Words
ui.panelExport.dock,{0} {1} in dock {2} 
ui.panelExport.dockAreaWritePanel,dock {0} splits 50/50 with the writing area — the newly docked panel takes half the window
ui.panelExport.dockModeRatioHas,dock {0} ({1}) is in proportional mode even though it contains the writing area — 
ui.panelExport.done,Exported: {0}
ui.panelExport.fail,Panel export
ui.panelExport.field,splitter
ui.panelExport.groupTab,tab group
ui.panelExport.needBranch,Couldn't open the branch graph — the story has no choices yet
ui.panelExport.needPlanner,Open a planner board first (none is active)
ui.panelExport.noMap,There is no map to export yet
ui.panelExport.notHasSizeUse,Has no size to use (neither its own nor its panels') — this block is redistributed proportionally every time the structure changes
ui.panelExport.panelWidePxLow,Panel {0} is only {1}px wide (minimum {2}px) — its content is squeezed with almost no room
ui.panelExport.valueSizeKeepNot,The sizes stored in its children aren't used yet · side panels are redistributed every time another panel is opened/docked
ui.panelLayout.closePanel,Close panel
ui.panelLayout.collapseExpand,Collapse/expand
ui.panelLayout.float,Float/dock
ui.panelLayout.panel,Panel menu
ui.panelRenderer.backInWindow,⊡ Dock back into the window
ui.panelRenderer.closeGroupN,Close the whole group ({0} {0|panel|panels})
ui.panelRenderer.closePanelOpen,Close the open panel
ui.panelRenderer.closePanelOpenBack,Close panel (reopen at View → Panels)
ui.panelRenderer.closeThisPanel,Close {0}
ui.panelRenderer.collapseBarIcon,Collapse to an icon bar
ui.panelRenderer.dragAdjustRatioClick,Drag to adjust the proportions (double-click = 50%)
ui.panelRenderer.floatPanelOut,⧉ Float the panel
ui.panelRenderer.groupBackInWindow,Dock the whole group back into the window
ui.panelRenderer.groupTab,Expand the tab group
ui.panelRenderer.moveTabWindowSplit,Move this tab to a separate window (can be dragged to another screen)
ui.panelRenderer.moveWindowSplitDrag,Move to a separate window (can be dragged to another screen)
ui.panelRenderer.moveWindowSplitDrag2,Move to a separate window (can be dragged to another screen)
ui.panelRenderer.panel,▸ Expand panel
ui.panelRenderer.panel2,▾ Collapse panel
ui.panelRenderer.tabsLabel,Panel group tabs
ui.panelRenderer.whatIsThis2,What is this —
ui.panelTip.close,Close this panel — reopen it from the chip at the bottom-right of the writing area or View → Panels
ui.panelTip.collapse,Collapse the panel to its header (press again to expand)
ui.panelTip.float,"Float the panel above the writing area, or dock a floating panel back"
ui.panelTip.groupClose,Close every panel in this floating group at once
ui.panelTip.groupDock,Dock the whole group back into the main window
ui.panelTip.hiddenChip,"A panel that was closed, hidden or moved to another window — click to bring it back"
ui.panelTip.logCopy,Copy the currently filtered lines to the clipboard
ui.panelTip.logRefresh,Reload the activity log
ui.panelTip.logReveal,Open the folder that holds the log files
ui.panelTip.menu,"All commands for this panel — float, move to a separate window, close, space and workspace options"
ui.panelTip.navBeats,Show or hide individual paragraphs in the navigation list
ui.panelTip.navBook,Switch between navigating the open scene and the whole book
ui.panelTip.strip,"Shrink this tab group to a narrow icon strip, or expand it back"
ui.panelTip.tabClose,Close only this panel — the rest of the group stays
ui.panelTip.tearoff,Move the panel into its own window (can go to another screen) — closing that window brings it back
ui.panelTip.treeRefresh,Re-read the project folder — use it when files were changed outside the app
ui.panelTip.treeSearch,Show or hide the name filter box in the project tree
ui.paper.colorCream,Cream
ui.paper.colorDark,Dark
ui.paper.colorGray,Light grey
ui.paper.colorMint,Mint
ui.paper.colorSepia,Sepia
ui.paper.colorWhite,White
ui.pdf.addPage,Add page
ui.pdf.addText,Add text
ui.pdf.areaPrint,0 = the rest of the print area
ui.pdf.busyNew,Creating…
ui.pdf.cantSetCoverChapter,No title page set yet — Script menu → Title Pages
ui.pdf.caseBig,Upper case
ui.pdf.chapterPage,Script “{0}” · {1} {1|page|pages} — 
ui.pdf.chapterPageFirstNot,Script convention: none on the first page
ui.pdf.clickTextPaperEdit,Click text on the page to edit it · dashed box = print area
ui.pdf.closeChapterHeadPaper,Still off — Script menu → Page Headers
ui.pdf.closeHeadPaperDone,Page headers turned off
ui.pdf.colorMode,Colour mode
ui.pdf.colorModeColor,Colour
ui.pdf.colorModeHint,Black and white follows shooting-script convention; colour is for reading copies
ui.pdf.colorModeMono,Black and white
ui.pdf.cover,Include title page
ui.pdf.coverPasteBeforePage,Title pages are placed before the script's first page and are not counted in the page numbers · 
ui.pdf.coverTitlePages,Title Pages
ui.pdf.dashLineUnder,Underline
ui.pdf.default,Default
ui.pdf.defaultPage,Default = the page the cursor is on
ui.pdf.delCoverPage,Delete title page no. 
ui.pdf.delItem,Delete this piece
ui.pdf.delPage,Delete page
ui.pdf.delText,Delete this text
ui.pdf.doneDonePageToc,Done — {0} {0|page|pages} · {1} table-of-contents {1|entry|entries}
ui.pdf.draftTwo,Second draft
ui.pdf.drawFrameRoundNote,Draw a box around notes that still print
ui.pdf.dupPage,Duplicate this page after it
ui.pdf.emptyFontChapter,Empty = the script's font
ui.pdf.emptyNotPutWatermark,Empty = no watermark
ui.pdf.exportPDFItemNew,Export PDF (built-in builder)
ui.pdf.exportPDFPdfLib,Export PDF (pdf-lib)
ui.pdf.exportPDFPrevUse,"(the old ""Export as PDF…"" menu still uses Chromium as usual)"
ui.pdf.gapXYInch,"The x/y distances are ""inches from the paper edge"", like on the paper tab"
ui.pdf.headPaperAllPage,Header on every page
ui.pdf.headPaperAllPage2,Page Headers
ui.pdf.headPaperPrintDup,"Page headers repeat at the top of every page and ""take up lines"" of the actual page body "
ui.pdf.iNTNight,INT. BEDROOM - NIGHT
ui.pdf.item, pieces
ui.pdf.item2,Italic
ui.pdf.item3,Variables: 
ui.pdf.itemBold,Bold
ui.pdf.killianKillian,Killian 2
ui.pdf.linePage,   · takes {0} {0|line|lines}/page
ui.pdf.marginPaperLeftTop,Measured from the left/top paper edge
ui.pdf.msg2,U
ui.pdf.msg3,B
ui.pdf.msg4,I
ui.pdf.msg5,AA
ui.pdf.msgF,Takes {0} {0|line|lines}/page
ui.pdf.needWatermarkPersonFile,"For several files each watermarked per person, use ""Export per-person watermarked PDFs"""
ui.pdf.newDataResultTask,Build from project info (title/author/contact/copyright)
ui.pdf.newPDF,Create PDF…
ui.pdf.newPDFNotOk,Could not create the PDF
ui.pdf.notHasCover,No title page
ui.pdf.notPrintElement,Don't print these elements
ui.pdf.numbersWinHint,This box wins over the script format setting
ui.pdf.openDoneCountPage,(turning it on may increase the page count) · works with the built-in PDF builder
ui.pdf.openFileDonePage,Open the file at page
ui.pdf.openHeadPaperDone,Page headers turned on
ui.pdf.openUseHeadPaper,Use page headers
ui.pdf.page, pages
ui.pdf.page2, page 
ui.pdf.pageNotHasHead,This page has no header
ui.pdf.pageNumbersOnly,Print page numbers
ui.pdf.pDFAppUseFont,The built-in PDF always uses the embedded fonts — this setting affects preview/printing
ui.pdf.pickTextEditProps,Select text to edit its properties
ui.pdf.posNormalInchRight,Offset from the normal position (inches · positive = to the right)
ui.pdf.posXYInch,Position x × y (inches)
ui.pdf.printNameEgPage," (Thai variable names also work, e.g. ${{หน้า}})"
ui.pdf.putCoverDefault,Add a standard title page
ui.pdf.putHeadTopPage,Also put the header on the first page
ui.pdf.readFileFontPDF,Could not read the font files for the PDF
ui.pdf.routeWritePDFPdf,"This route writes the PDF itself with pdf-lib, so it can add a table of contents, reopen at the same page and embed Thai fonts "
ui.pdf.samplePage,Page 2 preview → 
ui.pdf.saveCover,Save title page
ui.pdf.saveCoverDoneF,Title page saved — {0} {0|page|pages}
ui.pdf.sceneAppReadPDF,Jump by scene in PDF readers
ui.pdf.sceneNumbersOnly,Print scene numbers
ui.pdf.scrollPage,Previous page
ui.pdf.scrollPage2,Next page
ui.pdf.sizePt,Size (pt)
ui.pdf.skipLineUnderHead,Blank lines under the header
ui.pdf.taskName,PDF export
ui.pdf.textAllItemLine,Text (all pieces sit on the same line — they differ by alignment)
ui.pdf.textNew,New text
ui.pdf.textPage,Text on this page
ui.pdf.thaiFontMissing,No Thai font could be embedded — Thai text in the PDF will show as ? · Set a Thai font (.ttf/.otf) in Settings → Fonts by language
ui.pdf.thaiFontSkipped,Skipped Thai fonts that cannot be embedded in PDF
ui.pdf.tITLEPAGE,${{TITLE}} or ${{PAGE}}
ui.pdf.tocBookmarkNextHead,Table of contents (a bookmark per scene heading)
ui.pdf.watermark,Watermark
ui.pdf.wideDialogInch,Box width (inches)
ui.percentGoal,% of goal
ui.planner.addBoardDone,"Added ""{0}"" to the board"
ui.planner.alignPickFirst,Select a card first
ui.planner.alignTextDone,Text aligned inside the card
ui.planner.allStatus,All statuses
ui.planner.allType,All types
ui.planner.appear,Appears in
ui.planner.arrange,Arrange
ui.planner.arrangeAutoDone,Arranged automatically
ui.planner.arrow,Arrow
ui.planner.badgeLineLink,Connector label
ui.planner.bgBoard,Canvas
ui.planner.bgBoard2,Board background
ui.planner.bgBoardColorImage,Board background — colour · image · fade
ui.planner.bgNone,No image selected
ui.planner.bindFileProject,Link a file from the project…
ui.planner.blur,Blur
ui.planner.board,Board: 
ui.planner.boardCantSave,"Board ""{0}"" is not saved yet — {1} now?"
ui.planner.boardNew,New board
ui.planner.boardOpen,Open board
ui.planner.cantSave,Not saved yet
ui.planner.canvasSetup,Canvas — colour · image · opacity…
ui.planner.cardCantBindFile,This card isn't linked to a file yet
ui.planner.cardCantBindFile2,"This card isn't linked to a file yet — press ""Choose from project"" in the properties panel"
ui.planner.cardChapter,Chapter card
ui.planner.cardNote,Note card
ui.planner.cardScene,Scene card
ui.planner.cardWiki,Wiki card
ui.planner.changeNameGroup,Rename group…
ui.planner.chapterNew,New chapter
ui.planner.characterMain,Main character
ui.planner.characterNew,New character
ui.planner.charBig,Larger text
ui.planner.charSmall,Smaller text
ui.planner.closeBoard,Close board
ui.planner.closeSnap,Snap off
ui.planner.colorBg,Background colour
ui.planner.colorBg2,Fill colour
ui.planner.colorChar,Text colour
ui.planner.colorLine,Line colour
ui.planner.colorOther,Other colour…
ui.planner.comment,Comment here
ui.planner.connectCantHasLine,Cannot connect — this line already exists or it's the same card
ui.planner.connectDoneClickLine,Connected — click the line to change its style/arrowheads
ui.planner.cont,Continuous
ui.planner.corner,Rounded corners
ui.planner.cornerScene,Right-angled
ui.planner.cross,Cross
ui.planner.curve,Curved
ui.planner.cut,Diamond
ui.planner.cylinder,Cylinder
ui.planner.decide,Decision
ui.planner.delDel,Delete (Del)
ui.planner.delDone,Deleted
ui.planner.delItemDone,Deleted {0} {0|piece|pieces}
ui.planner.delLine,Delete line
ui.planner.delLineDel,Delete line (Del)
ui.planner.delLineLinkDone,Connector deleted
ui.planner.doc,In the document
ui.planner.doneDone,Done
ui.planner.dot,Turning point
ui.planner.edit,Discard changes
ui.planner.editBadge,Edit label…
ui.planner.editText,Edit text
ui.planner.ellipse,Ellipse
ui.planner.exportFileJSON,Export as a JSON file
ui.planner.exportImage,Export as an image
ui.planner.exportJson,Export as JSON…
ui.planner.exportJsonDone,Exported JSON: {0}
ui.planner.exportJsonFail,Could not export JSON — 
ui.planner.exportPNGCant,Cannot export PNG: 
ui.planner.fileNewRefreshExplorer, (new file → refresh the Explorer)
ui.planner.filterNameSummaryTag,Filter — name / summary / tags
ui.planner.fitFill,Fill (crop overflow)
ui.planner.fitFit,Fit (whole image)
ui.planner.fitFull,Stretch to fill
ui.planner.fitScreen,⊡ Fit to screen
ui.planner.fitTile,Tile
ui.planner.frameNew,New frame
ui.planner.fullEnter,View board full screen (F11)
ui.planner.fullExit,Exit full screen (Esc)
ui.planner.fullOff,Left full screen
ui.planner.fullOn,Board full screen — press Esc to exit
ui.planner.fullScreen,Full screen
ui.planner.grid,Grid
ui.planner.group,Group
ui.planner.group2,Ungroup
ui.planner.groupCard,"Grouped ""{0}"" ({1} {1|card|cards})"
ui.planner.groupNew,New group
ui.planner.groupPick,Group the selection
ui.planner.groupScGoto,Group ({sc:goto})
ui.planner.hide, · hidden
ui.planner.hideGrid,Hide grid
ui.planner.howPaste,Placement
ui.planner.imageBg,Background image
ui.planner.imgBigger,Enlarge image 125%
ui.planner.imgInCardDone,Image added to {0} {0|card|cards}
ui.planner.imgPick,Choose image…
ui.planner.imgPickHint,Right-click the card → Choose image
ui.planner.imgScaleReset,Reset image size to fit (100%)
ui.planner.imgScaleSet,Image size {0}%
ui.planner.imgSmaller,Shrink image 80%
ui.planner.insertImageHere,Insert image here…
ui.planner.itemFoundStoryNormal,The hero wakes up to something strange
ui.planner.jSON,JSON
ui.planner.knotStory,Don't forget the key plot thread
ui.planner.liftOneLayer,↑ Bring forward
ui.planner.liftOneLayerCtrl,Bring forward
ui.planner.liftTop,Bring to front
ui.planner.liftTopCtrlShift,Bring to front (Ctrl+Shift+])
ui.planner.liftTopCtrlShift2,Bring to front
ui.planner.line,Line
ui.planner.line2,Thinner line
ui.planner.lineAt,Straight line
ui.planner.lineAt2,╱ Straight line
ui.planner.lineBold,Thicker line
ui.planner.lineLink,Connector
ui.planner.lock,Lock
ui.planner.lockNotMove,Lock in place
ui.planner.moveLineDone,Line end moved
ui.planner.mustHasLessCard,At least 2 cards are needed
ui.planner.noteNew,New note
ui.planner.notHasBoardProject,"No boards in the project yet — press ""New"" to create one"
ui.planner.objectLineGroup,{0} {0|object|objects} · {1} {1|line|lines} · {2} {2|group|groups}
ui.planner.openBoard,"Opened board """
ui.planner.openBoardOther,Open another board
ui.planner.openBoardPlanner,Open a planning board
ui.planner.openFile,Open file
ui.planner.openLift,The truth is revealed mid-conversation
ui.planner.openSnap,Snap on
ui.planner.openStory,Opening
ui.planner.outlineDraft,Outline
ui.planner.panStuckCleared,Cleared a stuck board-pan state (window lost focus mid-drag?)
ui.planner.pick,Select
ui.planner.pickCardBefore,Select cards first
ui.planner.pickCardBeforeDrag,"Select cards first (drag a box / Shift+click), then press ""Group"""
ui.planner.pickFileProjectNot,Choosing a file from the project isn't available yet
ui.planner.pickImageNot,Cannot pick an image — the gallery is not connected to this board
ui.planner.pickLessItemBefore,Select at least 2 pieces first
ui.planner.pickMove,Select / move
ui.planner.pickObjectBefore,Select an object first
ui.planner.pickObjectDelBefore,Select the objects to delete first
ui.planner.pickObjectRepeatBefore,Select the objects to duplicate first
ui.planner.plannerFitSkipBoard,planner: _fit skipped — the board stage has no size yet (is the panel hidden?)
ui.planner.plannerLoadBoard,"planner: loaded board ""{0}"""
ui.planner.plannerOpenCant2,Planner cannot open:
ui.planner.plannerSave,"planner: save ""{0}"" {1}"
ui.planner.pNG,PNG
ui.planner.pointPosExplorer,Reveal in the Explorer
ui.planner.pointPosFileExplorer,Reveal the file in the Explorer
ui.planner.propsAll,All properties
ui.planner.putSample,Add a sample
ui.planner.putSampleDonePress,"Sample added — press ""Save"" if you want to keep it"
ui.planner.px,px
ui.planner.rect,Rectangle
ui.planner.reduceOneLayer,↓ Send backward
ui.planner.reduceOneLayerCtrl,Send backward
ui.planner.reorderDone,Reordered
ui.planner.repeat,Redo
ui.planner.repeatCantDone,Nothing left to redo
ui.planner.repeatCtrlD,Duplicate (Ctrl+D)
ui.planner.repeatItemDone,Duplicated {0} {0|piece|pieces}
ui.planner.repeatScEditorRedo,Redo ({sc:editor-redo})
ui.planner.sample,Sample
ui.planner.saveBefore,Save first
ui.planner.saveBoard,Save board
ui.planner.saveBoard2F,"Saved board ""{0}"""
ui.planner.saveBoardName,Save as board named
ui.planner.saveBoardNotOk,Failed to save the board
ui.planner.saveF,"Saved as ""{0}"""
ui.planner.saveFileNew,Save as a new file
ui.planner.saveImageBoardDone,Saved the board image: 
ui.planner.saveNotOk,Save as failed
ui.planner.saveScSave,Save ({sc:save})
ui.planner.scene,Confrontation scene
ui.planner.sceneNew,New scene
ui.planner.sceneOpenStory,Opening scene
ui.planner.scrollBoard,Hand (pan the board)
ui.planner.scrollLeft,Scroll left
ui.planner.scrollRight,Scroll right
ui.planner.sendBottomLast,Send to back
ui.planner.sendBottomLastCtrl,Send to back (Ctrl+Shift+[)
ui.planner.sendBottomLastCtrl2,Send to back
ui.planner.settingsGrid,Grid settings
ui.planner.shape,Shape here
ui.planner.shapeS,Shape (S) — 
ui.planner.showCard,Showing {0}/{1} {1|card|cards}
ui.planner.showGrid,Show grid
ui.planner.size,Size
ui.planner.star,Star
ui.planner.sticky,Sticky note
ui.planner.sticky2,Sticky note here
ui.planner.text,Text here
ui.planner.text2,Intensity
ui.planner.todoEdit,Edit list…
ui.planner.todoEditHint,One item per line — start with [x] for done (Ctrl+Enter = OK)
ui.planner.todoEmpty,No items yet — right-click → Edit list
ui.planner.todoHere,Checklist here…
ui.planner.todoNew,New checklist
ui.planner.toggle,Flip direction
ui.planner.toggleHeadArrowTo,Toggle the arrowhead at the end
ui.planner.toolImage,Image
ui.planner.toolLineLinkClick,Connector tool: click the target card (or drag from an orange dot)
ui.planner.toolTodo,Checklist
ui.planner.topBoardDone,"""{0}"" is already on the board"
ui.planner.triangle,Triangle
ui.planner.undo,Undo
ui.planner.undoCantDone,Nothing left to undo
ui.planner.undoScEditorUndo,Undo ({sc:editor-undo})
ui.planner.unlock,Unlock
ui.planner.viewBoardFullScreen,View the board full screen (F11)
ui.planner.viewInLineGrid,Snap to grid
ui.planner.xY,x — · y —
ui.planner.zoomCtrlD,Zoom 100% (Ctrl+D)
ui.planner.zoomInScZoom,Zoom in ({sc:zoom:1})
ui.planner.zoomOutScZoom,Zoom out ({sc:zoom:-1})
ui.plannerBar.alignCenter,Text centred in the card
ui.plannerBar.alignLeft,Text left in the card
ui.plannerBar.alignRight,Text right in the card
ui.plannerBar.back,Send to back
ui.plannerBar.border,Card border colour
ui.plannerBar.dragHint,Drag to move the bar
ui.plannerBar.fill,Card fill colour
ui.plannerBar.front,Bring to front
ui.plannerBar.grid,Show/hide grid
ui.plannerBar.grpAlign,Text inside the card
ui.plannerBar.grpColor,Card colours
ui.plannerBar.grpOrder,Order & handling
ui.plannerBar.image,Insert image in the card
ui.plannerBar.redo,Redo
ui.plannerBar.snap,Toggle snap to grid
ui.plannerBar.undo,Undo
ui.plannerBar.valignBottom,Text at the bottom of the card
ui.plannerBar.valignMiddle,Text vertically centred
ui.plannerBar.valignTop,Text at the top of the card
ui.plannerInteract.cancelLinkMustTop,Connection cancelled — you must release on the target card
ui.plannerInteract.clickCardFromDone,"Click the source card, then click the target card (Esc = cancel)"
ui.plannerInteract.clickSizeDefault,plain click (default size)
ui.plannerInteract.createGuideOccurFrame,"create/guide guide box {0}x{1} at {2},{3}"
ui.plannerInteract.dragCardOtherMove,Drag onto another card to move the line end · release on empty space = detach the line
ui.plannerInteract.dragDefineSize,drag-sized
ui.plannerInteract.dragTopCardTo,Drag and release on the target card (Esc = cancel)
ui.plannerInteract.pickCardTo,Choose the target card…
ui.plannerProps.arrangePos2,Align
ui.plannerProps.arrow,Arrow
ui.plannerProps.arrow2,Arrow
ui.plannerProps.at,╱ Straight
ui.plannerProps.auto,Automatic
ui.plannerProps.badge,Label
ui.plannerProps.body,Body text
ui.plannerProps.bold,Thickness ({0})
ui.plannerProps.border,Border (colour · width · 0 = none)
ui.plannerProps.bottom,Bottom
ui.plannerProps.bottom2,Bottom
ui.plannerProps.cantBindFile,No file linked yet
ui.plannerProps.centerHoriz,Center horizontally
ui.plannerProps.centerVert,Center vertically
ui.plannerProps.chapter,Chapter
ui.plannerProps.circle,● Circle
ui.plannerProps.clickCardLineLink2,Click a card or connector to see its properties
ui.plannerProps.comment,Comment
ui.plannerProps.corner,Rounded corners
ui.plannerProps.cut,Diamond
ui.plannerProps.cut2,Diamond
ui.plannerProps.cylinder,Cylinder
ui.plannerProps.dash,│ Bar
ui.plannerProps.delAll,Delete all
ui.plannerProps.delLine,Delete this line
ui.plannerProps.delLine2,Delete this line
ui.plannerProps.delObject,Delete this object
ui.plannerProps.distributeHoriz,Distribute horizontally
ui.plannerProps.distributeVert,Distribute vertically
ui.plannerProps.dotNextFromTo,Anchor points (source / target)
ui.plannerProps.dragDotColorRound2,Tip: drag from the orange dots around a card to connect a line · double-click to edit the text
ui.plannerProps.dragDotColorRound3,You can also drag from the orange dots around a card
ui.plannerProps.egCont,e.g. continuous / flashback
ui.plannerProps.ellipse,Ellipse
ui.plannerProps.entityWiki,Wiki
ui.plannerProps.fileBind,Linked file
ui.plannerProps.fillOpacity,Fill · opacity {0}%
ui.plannerProps.frame,Frame
ui.plannerProps.group,Group
ui.plannerProps.headArrowFromTo,Arrowheads (source / target)
ui.plannerProps.image,Image
ui.plannerProps.imgBlur,Blur {0}px
ui.plannerProps.imgFile,Image file
ui.plannerProps.imgFit,Placement
ui.plannerProps.imgScale,Image size {0}% (over 100% = scrollable)
ui.plannerProps.left,Left
ui.plannerProps.line2,Line style
ui.plannerProps.lineLink,Connector
ui.plannerProps.lineNext,Connected lines (
ui.plannerProps.linkLine,Connect a line
ui.plannerProps.linkOut,Remove the link
ui.plannerProps.linkTo,Connect from → to
ui.plannerProps.lockNotMoveEdit2,Lock against moving/editing
ui.plannerProps.needBoard,No planner board is open
ui.plannerProps.note,Note
ui.plannerProps.notHas,— None
ui.plannerProps.object,Object
ui.plannerProps.occurScene,What happens in this scene
ui.plannerProps.openBoard,Open the planner
ui.plannerProps.pick,Choose…
ui.plannerProps.pickItem,{0} {0|piece|pieces} selected
ui.plannerProps.pickProject2,Choose from project
ui.plannerProps.posXY,Position X / Y
ui.plannerProps.printText,Type text…
ui.plannerProps.recolorAll2,Recolour all
ui.plannerProps.rect,Rectangle
ui.plannerProps.right,Right
ui.plannerProps.scene,Scene
ui.plannerProps.scrollFind,Scroll to it
ui.plannerProps.shape,Shape
ui.plannerProps.sizeChar,Font size ({0})
ui.plannerProps.star,Star
ui.plannerProps.sticky,Sticky note
ui.plannerProps.summaryCollapse,Short summary
ui.plannerProps.text,Text
ui.plannerProps.text2,Comma-separated
ui.plannerProps.todo,Checklist
ui.plannerProps.todoAdd,Add item
ui.plannerProps.todoDel,Delete item
ui.plannerProps.todoDone,Done
ui.plannerProps.todoDown,Move down
ui.plannerProps.todoItems,Checklist items (one per line)
ui.plannerProps.todoOneItem,To-do item…
ui.plannerProps.todoProgress,{0} of {1} done
ui.plannerProps.todoUp,Move up
ui.plannerProps.top,Top
ui.plannerProps.top2,Top
ui.plannerProps.triangle,Triangle
ui.plannerProps.triangleSolid,Solid triangle
ui.plannerProps.wideHigh,Width / height
ui.plannerRender.clickWrite,Double-click to write
ui.player.aChoice,choice
ui.player.all,Everything visited
ui.player.atEnd,Ending
ui.player.atStart,Start
ui.player.back,Back
ui.player.backHint,Step back one scene (the last choice is removed from the path)
ui.player.busyReadStory,Reading the story…
ui.player.choiceNotHasTo,This choice has no target yet — set it in the branching chart
ui.player.cleared,Play-throughs cleared
ui.player.clearHistoryDecideDone,Decision history cleared
ui.player.clearRoundPlayDone,Playthroughs cleared
ui.player.clearRuns,Clear
ui.player.clickUndo,Click to go back to here
ui.player.close,Close
ui.player.deadHint,This choice has no target — set one in the Branching Map
ui.player.editScene,Edit this scene
ui.player.editScene2,Edit this scene
ui.player.editSceneHint,Open this scene in the writing area
ui.player.empty,Nothing branching to play yet — add a choice to a scene in the Branching Map first
ui.player.emptyScene,(this scene has no text yet)
ui.player.endBranchDone,This branch has ended
ui.player.export,Export
ui.player.exported,Play-throughs exported: 
ui.player.exportRoundPlayDone,Exported the playthroughs: 
ui.player.exportRuns,Export
ui.player.goneScene,missing scene
ui.player.history,History
ui.player.historyDecide,Decision history
ui.player.historyDecide2F,Decision history ({0} {0|time|times})
ui.player.historyHint,Every play-through so far
ui.player.jumpBack,click to jump back here
ui.player.list,+ {0} more
ui.player.loadFail,Could not read the scenes
ui.player.loading,Reading the story…
ui.player.noFile,This scene has no file yet
ui.player.noRuns,No play-throughs yet — click choices in play-test mode and they are recorded here
ui.player.noTarget,no target yet
ui.player.notHasDecision,No decisions yet
ui.player.notHasDecisionChoice,No decisions yet — follow choices in the branching chart and they'll be recorded here
ui.player.notHasRoundPlay,No playthroughs yet — pick choices in play-test mode and they'll be recorded here
ui.player.notHasStoryBreak,No branching story to play yet — add a choice to a scene in the branching chart first
ui.player.oneStepChoiceLatest,Step back one (the last choice is removed from the path)
ui.player.openSceneAreaWrite,Open this scene in the writing area
ui.player.pickStart,Which scene to start from
ui.player.playerModeReadScene,player-mode: failed to read the scene
ui.player.playerModeSavePlaythroughs,player-mode: failed to save playthroughs
ui.player.playerModeUseProseMirror,"player-mode: ProseMirror unavailable, using plain text instead"
ui.player.readBodyStoryNew,Reread the story from the files
ui.player.readSceneNotOk,Failed to read the scene
ui.player.reload,Re-read the story from disk
ui.player.restart,Restart
ui.player.restartHint,Start a fresh run from the same opening scene
ui.player.roundPlay,Past playthroughs
ui.player.roundPlayAll,All past playthroughs
ui.player.runsTitle,Past play-throughs
ui.player.saveDecision,Recorded the decision: 
ui.player.sceneNotHasBody,(this scene has no story text yet)
ui.player.scenesUnit,scenes
ui.player.showOnMap,Show on map
ui.player.startPlayRoundNew,Start a new playthrough from the same starting scene
ui.player.startPlayScene,Start playing from which scene
ui.player.step,Step
ui.player.step2,Step
ui.player.theEnd,This path ends here
ui.player.timesScenePickLast,{0} {0|time|times} · {1} {1|scene|scenes} · most chosen: “{2}” ({3}×)
ui.player.undo,Go back
ui.player.viewTopGraph,See on the chart
ui.player.walked,Walked through
ui.player.you,You will…
ui.player.youWill,You will…
ui.plug.apiCommand,Add a command to the plugin menu
ui.plug.apiDoc,What plugins can do
ui.plug.apiDocHint,Everything available on the k2 object
ui.plug.apiEvents,Send and receive events between plugins
ui.plug.apiFetch,HTTP requests through the app
ui.plug.apiFiles,Read and write files inside the project only
ui.plug.apiHead,Plugin API
ui.plug.apiInfo,Current project path and app version
ui.plug.apiIntro,A plugin's main.js receives one variable named k2
ui.plug.apiLog,Write to the app log
ui.plug.apiMenu,Open a popup menu
ui.plug.apiPanel,Register a real dockable panel
ui.plug.apiSettings,Store your own settings
ui.plug.apiShortcut,Register a keyboard shortcut
ui.plug.apiShowPanel,Show or hide your own panel
ui.plug.apiText,Read the open scene / insert text at the cursor
ui.plug.apiUi,"Status bar, prompt, confirm, alert"
ui.plug.apiView,Direct access to the ProseMirror view
ui.plug.author,Author
ui.plug.commands,Commands added:
ui.plug.disable,Disable
ui.plug.disabled,Disabled {0}
ui.plug.emptyHint,"Drop a plugin folder into the user or project Plugins folder, then reload — or create a sample"
ui.plug.emptyTitle,No plugins yet
ui.plug.enable,Enable
ui.plug.enabled,Enabled {0}
ui.plug.errAutoOff,"Disabled automatically so the app still starts — fix it, then enable"
ui.plug.errBadEntry,entry points outside the plugin folder
ui.plug.errBadUrl,Cannot read that link — use https://github.com/user/repo
ui.plug.errExists,A folder named {0} already exists
ui.plug.errExtract,Could not extract the plugin
ui.plug.errFetch,Download failed
ui.plug.errFetchStatus,Download failed (status {0}) — check the link and branch
ui.plug.errLoad,Failed to load:
ui.plug.errMakeSample,Could not create the sample plugin
ui.plug.errNoDir,Could not open the folder
ui.plug.errNoFiles,Nothing to install
ui.plug.errNoManifest,No plugin.json inside — probably not a Killian plugin
ui.plug.errNoName,No name in plugin.json and no folder name
ui.plug.errNotZip,Only GitHub links or .zip files are supported
ui.plug.errNoUrl,No link given
ui.plug.errRun,Plugin command failed
ui.plug.errSubNotFound,The subfolder in the link was not found
ui.plug.errTooBig,File too large (over 25MB)
ui.plug.errUninstall,Could not uninstall
ui.plug.install,Install from link
ui.plug.installAsk,"GitHub link (or user/repo, or a .zip URL)"
ui.plug.installConfirm,"Install into folder ""{0}"" — {1} {1|file|files}"
ui.plug.installed,Installed {0} ({1} {1|file|files})
ui.plug.installFetching,Downloading plugin…
ui.plug.installHint,Paste a GitHub link and the app installs it for you
ui.plug.installOverwrite,"Folder ""{0}"" already exists — overwrite?"
ui.plug.installWarn,Plugins run with full access to your project files — only install from sources you trust
ui.plug.makeSample,Create sample
ui.plug.makeSampleHint,Create a working sample plugin to start from
ui.plug.minVer,Requires at least
ui.plug.needNewer,Requires version {0} or newer (currently {1})
ui.plug.openFolder,Open folder
ui.plug.openProjectDir,Project folder
ui.plug.openProjectDirHint,Plugins that travel with this project
ui.plug.openUserDir,User folder
ui.plug.openUserDirHint,Plugins available in every project
ui.plug.originUser,User
ui.plug.reloadAll,Reload
ui.plug.reloadAllHint,Re-read all plugin folders
ui.plug.sampleAsk,Name the sample plugin
ui.plug.sampleDefault,Sample plugin
ui.plug.sampleMade,Created {0} — try its command
ui.plug.shadowed,name clash
ui.plug.shadowedHint,Two plugins share this name — the project one wins
ui.plug.stErr,error
ui.plug.stOff,off
ui.plug.stOk,active
ui.plug.stOld,too old
ui.plug.stUntrusted,Needs permission
ui.plug.summary,{0} total · {1} active
ui.plug.summaryErr, · {0} failed
ui.plug.trustAsk,"Allow every plugin in this project's Plugins folder to run? Plugins run code with full access (read, write and delete files, connect to the internet). If you are not sure who wrote them, do not allow. If the plugins change later you will be asked again."
ui.plug.trustedDone,This project's plugins are now allowed
ui.plug.trustProject,Allow this project's plugins
ui.plug.uninstall,Uninstall
ui.plug.uninstallAsk,"Uninstall ""{0}"" — deletes its folder"
ui.plug.uninstalled,Uninstalled {0}
ui.plug.uninstallHint,Delete this plugin's folder
ui.plug.untrustedHint,"This plugin came with the project and is not allowed to run yet. Plugins can read, write and delete any file on this computer — only allow projects you trust."
ui.plug.untrustedStatus,This project has {0} {0|plugin that is|plugins that are} not allowed to run yet — review them in the Plugins panel
ui.plugin.failed,Plugin crashed - disabled for now
ui.project.act,Act 1
ui.project.act2,Act 2
ui.project.act3,Act 3
ui.project.blankDesc,"One book, one chapter, no starter wiki categories. Build it your own way."
ui.project.blankName,Blank project
ui.project.chapter,Prologue
ui.project.chapterSummary,Conclusion
ui.project.chapterTwo,Chapter Two
ui.project.fantasy,Fantasy
ui.project.group,Groups/factions
ui.project.hasProject,This project already exists
ui.project.investigateBack,Mystery/detective
ui.project.investigation,The investigation
ui.project.newProjectTemplate,New project from template
ui.project.newProjectTemplateDone,Created a project from the template: 
ui.project.novelFantasyWorldbuilding,"Fantasy novel — worldbuilding, races, magic"
ui.project.novelInvestigateCharacterSuspect,"Mystery novel — suspects, clues, timeline"
ui.project.readCant,Cannot read entity: 
ui.project.sceneFirst,First scene of 
ui.project.screenplay,Screenplay
ui.project.start,The case begins
ui.project.structureChapterFilmAct,"Screenplay structure — 3 acts, scenes written as screenplay"
ui.project.structureNovelChapterScene,General novel structure — chapters + scenes + characters + locations
ui.props.act,Act
ui.props.actHint,e.g. Act 1
ui.props.actSaved,Chapter act set: {0}
ui.props.actTip,The act belongs to the chapter — every scene in it shares the same act
ui.props.chapter,Chapter
ui.props.chapterTip,Choosing another chapter moves this scene to the end of it
ui.props.mentions,Mentioned in this scene
ui.props.mentionsNone,No Wiki names found in this scene yet
ui.props.movedTo,"Scene moved to ""{0}"""
ui.props.renameHint,Edit the scene name here — press Enter to save
ui.props.sceneName,Scene name
ui.props.writeMetaFail,Could not write scene properties to the file
ui.prose.image,Image
ui.quickOpen.busyScan,Scanning…
ui.quickOpen.file,{0}/{1} {1|file|files}
ui.quickOpen.pickEnterOpenEsc,↑↓ select · Enter open · Esc close · Ctrl+R rescan
ui.quickOpen.printNameFile,Type a file name…
ui.quickOpen.scanFileNew,Rescan files
ui.readbook.allBooks,Whole project (all books)
ui.readbook.busy,Paginating the whole book…
ui.readbook.button,Read whole book
ui.readbook.buttonAll,Read whole project
ui.readbook.close,Close reading mode (Esc)
ui.readbook.coverReadFail,Cannot read the cover image
ui.readbook.empty,Nothing to read yet
ui.readbook.first,First page (Home)
ui.readbook.fit,Fit to screen (reset zoom)
ui.readbook.jump,Go to page — type a page number and press Enter
ui.readbook.label,Reading mode
ui.readbook.last,Last page (End)
ui.readbook.measureFail,Failed to paginate the whole book
ui.readbook.next,"Next page (Right arrow, PageDown or Space)"
ui.readbook.opened,Whole-book reading mode — press Esc to exit
ui.readbook.pageOf,Page {0} / {1}
ui.readbook.pageTip,Current page / total pages in the book
ui.readbook.pickTip,Pick the book to read — or the whole project to read every book in order
ui.readbook.prev,Previous page (Left arrow or PageUp)
ui.readbook.spread,Toggle one / two pages
ui.readbook.spreadTo1,Switch to one page (currently showing two)
ui.readbook.spreadTo2,Switch to two pages (currently showing one)
ui.readbook.stageTip,Left/Right arrows change page · Ctrl+wheel zooms · Esc exits
ui.readbook.title,Read whole book
ui.readbook.titleOf,Read whole book — {0}
ui.readbook.titleTip,Whole-book reading mode — Home/End = first/last page · Esc = exit
ui.readbook.zoomIn,Zoom in (Ctrl + wheel up)
ui.readbook.zoomOut,Zoom out (Ctrl + wheel down)
ui.recOrd.allMood,All moods
ui.recOrd.cantWrite,Nothing written yet
ui.recOrd.countWord,Word count
ui.recOrd.delSave,Delete this entry?
ui.recOrd.delSaveDone,Entry deleted
ui.recOrd.do,What did you do today…
ui.recOrd.editSaveDone,Entry edited
ui.recOrd.exportCSV,Export CSV
ui.recOrd.exportCSVDoneF,Exported CSV ({0} {0|entry|entries}): {1}
ui.recOrd.flowing,😄 Flowing
ui.recOrd.min, min
ui.recOrd.minMerge,Total minutes
ui.recOrd.msg,Day
ui.recOrd.normal,Normal
ui.recOrd.noteSaveDone,Entry recorded
ui.recOrd.notFoundSaveAt,(no entries match the search)
ui.recOrd.notHasSaveExport,No entries to export
ui.recOrd.notHasSaveWrite,(no entries yet — write in the box above and press Save)
ui.recOrd.openProjectBeforeNote,Open a project first to keep a journal
ui.recOrd.recordExportCSVF,"record: exported CSV, {0} {0|entry|entries}"
ui.recOrd.save,Save
ui.recOrd.save2,Save
ui.recOrd.searchSaveTextTag,Search the journal… (text · tags · date)
ui.recOrd.stuck,😖 Stuck
ui.recOrd.tagSkip,Tags (space-separated)
ui.recOrd.timeNote,Time recorded
ui.recOrd.tired,😴 Tired
ui.recOrd.wordMerge,Total words
ui.relType.acquaintance,Acquaintance
ui.relType.ally,Ally
ui.relType.custom,Other
ui.relType.enemy,Enemy
ui.relType.family,Family
ui.relType.mentor,Mentor
ui.relType.neutral,Neutral
ui.relType.rival,Rival
ui.relType.romantic,Romantic
ui.replace.badQuery,The search text is empty or the regular expression is invalid
ui.replace.caseSensitive,Match case
ui.replace.confirm,Replace {0} {0|match|matches} in {1} {1|file|files}? You can revert from the History panel.
ui.replace.done,Replaced {0} {0|match|matches} in {1} {1|file|files}
ui.replace.doneLog,"Replaced {0} {0|match|matches} in {1} {1|file|files}: ""{2}"" with ""{3}"""
ui.replace.fileFail,Couldn't replace in file: 
ui.replace.find,Find
ui.replace.findPh,Text to find
ui.replace.hint,"Only scene and note text (.md) is changed — not file headers, Wiki data or comments · scenes with unsaved edits change in their tab and aren't written until you save"
ui.replace.lockedBadge,Locked
ui.replace.lockedSkip,{0} {0|match|matches} in locked scenes skipped
ui.replace.none,No matches in scene text
ui.replace.openBtn,Replace…
ui.replace.preview,Preview
ui.replace.regex,Regular expression
ui.replace.run,Replace all
ui.replace.scanning,Searching the project…
ui.replace.summary,{0} {0|match|matches} in {1} {1|file|files}
ui.replace.title,Find and replace in project
ui.replace.wholeWord,Whole word (Latin script only)
ui.replace.with,Replace with
ui.replace.withPh,New text (leave empty to delete)
ui.roster.addCharacter,+ Add character
ui.roster.addCharacterWikiF,Added {0} {0|character|characters} from the Wiki
ui.roster.characterWikiCompleteDone,All characters from the Wiki are already here
ui.roster.closeSkipPageAct,Off = skip this page when printing and exporting
ui.roster.copyPageListCharacter,Copied the cast page
ui.roster.delCharacterExitPage,Remove this character from the cast page
ui.roster.fetchWiki,↓ Pull from the Wiki
ui.roster.listCharacter,Cast of characters
ui.roster.notFoundCharacterWiki,No characters found in the Wiki
ui.roster.notHasBookProject,This project has no books yet
ui.roster.notHasListPress,"(no cast yet — press ""Add character"")"
ui.roster.pickBookOpenPage,Choose the book whose cast page to open
ui.roster.putActPrintExport,Include when printing/exporting
ui.roster.readPageListCharacter,Failed to read the cast page
ui.roster.savePageListCharacter,Cast page saved
ui.roster.showHeadingScene,Show the Scene heading
ui.roster.showHeadingTime,Show the Time heading
ui.sb.autoFit,Auto fit to width
ui.sb.autosave,Auto-save
ui.sb.home,Home
ui.sb.lineNumbers,Line numbers
ui.sb.mdCodes,Show Markdown codes
ui.sb.modeTip,Type of the open document (novel/screenplay)
ui.sb.msgTip,Status message — the result of what just happened (errors stay until the next message)
ui.sb.pageTip,Page at the cursor / total pages
ui.sb.progTip,Progress toward today's writing goal
ui.sb.savedAt,Last saved {0}
ui.sb.saveTip,Save state of the open document
ui.sb.scenesTip,Number of scenes in the whole project
ui.sb.spell,Spell check
ui.sb.stateOff,{0}: off
ui.sb.stateOn,{0}: on
ui.sb.tipSettings,Click to open Settings
ui.sb.tipToggle,Click to switch on or off
ui.sb.togglesLabel,Switches (on/off)
ui.sb.typewriter,Typewriter mode
ui.sb.unsaved,Not saved yet — press {sc:save} to save
ui.sb.wcTip,Words · characters · pages of the open document
ui.scene.actAct,Act
ui.scene.addChapter,Add chapter: 
ui.scene.addScene,Added scene 
ui.scene.chapterImportantFavorite,Key chapter (Favorite)
ui.scene.dateDefineSend,Date / due
ui.scene.delChapter2,Deleted chapter {0}
ui.scene.delChapterChapterAll,"Delete the whole chapter ""{0}""? (every scene moves to the trash)"
ui.scene.delScene2,Deleted scene {0}
ui.scene.egDate,e.g. Day 3 · Year 1024 · morning
ui.scene.egPage,"e.g. 2026-09-01 or ""next week"""
ui.scene.filterSearchNameTag,Filter — search name/tags/status/synopsis
ui.scene.futureNoteWriter,Future Note (writer's note)
ui.scene.iIIIIIName,I · II · III · or your own act name
ui.scene.movedToChapter,Moved scene {0} to chapter {1}
ui.scene.moveF,Moved “{0}” to chapter “{1}”
ui.scene.nameChapter,Chapter name
ui.scene.nameChapterNew,New chapter name
ui.scene.nameSceneNew,New scene name
ui.scene.noteChapter,Chapter notes
ui.scene.noteWriterShowOnly,"Notes for the writer — shown only here and in the Planner, not in the normal scene"
ui.scene.notFoundChapterDraft,This chapter isn't in draft.json
ui.scene.notHasSceneProject,No scenes in the project yet
ui.scene.orderChapterSceneNewF,Renumbered chapters + scenes ({0} {0|chapter|chapters})
ui.scene.pageFlowContinue,Continue page numbers
ui.scene.pageFlowHint,Page numbers continue from the previous scenes and chapters in the same book (chapter covers that are on count as pages)
ui.scene.pageNumStartScreenplay,First page no. (screenplay)
ui.scene.pinOut,Unpinned: 
ui.scene.pinPin,Pinned: 
ui.scene.propsChapter,Chapter properties — 
ui.scene.propsScene,Scene properties — 
ui.scene.readDraftJsonCant,Cannot read draft.json
ui.scene.renameFileFail,Couldn't update the scene file for {0} — the name was left unchanged
ui.scene.reorderChapterNewDone,Chapters reordered
ui.scene.reorderSceneNewDone,Scenes reordered
ui.scene.savePropsChapterDone,Chapter properties saved: 
ui.scene.savePropsSceneDone,Scene properties saved
ui.scene.scene,{0} / {1} {1|scene|scenes}
ui.scene.sceneTableLoadScene,scene-table: failed to load scenes
ui.scene.tableScanning,Scanning all scenes in the project…
ui.scene.tableScene,Scene table
ui.scene.tableScene2,Scene table
ui.scene.tableSceneAll,Table of all scenes
ui.scene.useOpenPageNumSettings,"1 — used when ""Page numbers"" is on in the project settings"
ui.scenes,scenes
ui.search.busyIndex,Building search index
ui.search.busySearch,Searching…
ui.search.foundFile,Found {0} {0|file|files}
ui.search.foundShowN,Found {0} {0|file|files} · showing {1}
ui.search.globalSearchSearchFail,global-search: search failed
ui.search.indexCancelled,Indexing cancelled — search again when ready
ui.search.indexedN,{0} {0|file|files} indexed
ui.search.indexName,search indexing
ui.search.lineNo,Line 
ui.search.mdSceneNoteMemo,.md (scenes/notes/Memos)
ui.search.notFoundResult,No results found
ui.search.occurError,An error occurred
ui.search.searchAllFileMd,Search every .md and .json file — press Enter
ui.search.searchFail,Search failed
ui.search.searchOnlyNameFile,Search file names only
ui.search.searchProject,Search the whole project
ui.search.syntaxHint,Supports AND · OR · NOT and field: (e.g. title:forest NOT rain)
ui.section.addBook,Add book: 
ui.section.changeNameBook,Rename the book to: 
ui.section.cover,Cover
ui.section.coverOut,Remove cover
ui.section.delBook,Delete book
ui.section.delBookBookAll,Delete the whole book “{0}”? (every chapter/scene in it moves to the trash)
ui.section.delBookDone,Book deleted: 
ui.section.delCantMustLess,Cannot delete — at least 1 book must remain
ui.section.egBookTwo,e.g. Book Two
ui.section.nameBook,Book name
ui.section.nameBookNew,New book name
ui.section.notHasCover,(no cover yet)
ui.section.orderBook,Book order
ui.section.pickImage,Choose image…
ui.section.propsBook,Book properties — 
ui.section.readSectionJsonCant,Cannot read section.json
ui.section.reorderBookNewDone,Books reordered
ui.section.savePropsBookDone,Book properties saved: 
ui.section.textShortUseSuggest,A short text introducing this book
ui.section.useCover,Use book cover
ui.section.useCoverFull,Use full-page image
ui.section.wordBlurb,Blurb
ui.sensory.ambienceSensory,Sensory atmosphere
ui.sensory.eg,e.g. the taste of dust on the tip of the tongue
ui.sensory.egBg,"e.g. a cold, rough wooden floor"
ui.sensory.egSmellPaper,e.g. the smell of old paper and dust
ui.sensory.egSound,e.g. water dripping from the ceiling
ui.sensory.egWindow,e.g. dim light through the louvred window
ui.sensory.smell,Smell
ui.sensory.taste,Taste
ui.sensory.thingHear,Sound
ui.sensory.touch,Touch
ui.session.restored,Session restored ({0} {0|tab|tabs})
ui.session.restoredTabs,Reopened {0} {0|file|files}
ui.session.tooOld,Saved session is too old — starting fresh
ui.session.warnSave,Could not save session state
ui.session.warnTabs,Could not record open tabs
ui.settings.author,Author
ui.settings.autoBackup,Auto-backup versions on save
ui.settings.automation,Automation
ui.settings.autoMention,Auto-detect Wiki names
ui.settings.autoMentionHint,Highlight names from Wiki
ui.settings.autoSaveHint,0 = disable auto-save
ui.settings.autoSaveMinutes,Auto-save every (minutes)
ui.settings.autoSync,Auto-sync
ui.settings.autoSyncHint,Update entity names in all files
ui.settings.dailyGoal,Daily word goal
ui.settings.focusDim,Dim level of other lines (Focus Mode)
ui.settings.focusDimHint,0.05 = very dim · 0.8 = barely dim
ui.settings.fontFamily,Font
ui.settings.fontFamilyHint,Choose the editor font (add fonts to the project's Fonts folder)
ui.settings.fontSize,Editor font size
ui.settings.general,General
ui.settings.language,Language
ui.settings.languageSelect,Interface Language
ui.settings.lineNumbers,Show line numbers
ui.settings.lineNumbersHint,Count by paragraph/block
ui.settings.maxBackups,Max auto backups
ui.settings.maxBackupsHint,Named versions are not deleted
ui.settings.projectGoal,Project word goal
ui.settings.projectName,Project Name
ui.settings.recycleDays,Auto-empty trash older than (days)
ui.settings.recycleDaysHint,0 = never
ui.settings.shortcuts,Shortcuts
ui.settings.shortcutsHint,Click Edit then press new key combo
ui.settings.spellCheck,Spell check
ui.settings.spellCheckDict,Use the app's dictionary (Thai+English)
ui.settings.spellCheckDictHint,Offline Thai + English word list · knows your added words · off = only Chromium's checker remains (English only · downloads its dictionary first; offline = no underlines at all)
ui.settings.spellCheckHint,Underline misspelled words (always a single underline
ui.settings.spFontFamily,Screenplay Font
ui.settings.spFontFamilyHint,Font used only in screenplay mode (default: Courier New)
ui.settings.themeK2,K2 (house palette)
ui.settings.themeK2Light,K2 Light
ui.settings.title,Settings
ui.settings.uiScale,Scale the whole app shell
ui.settings.uiScaleHint,"Buttons, panels, tabs and dialogs all scale together (75–200%) — documents are not affected"
ui.settings.writing,Editor
ui.setTpl.actionLiftPageNew,Action: carry to the new page at least
ui.setTpl.actionPageLess,Action: leave at the bottom of the page at least
ui.setTpl.actPrint,When printing
ui.setTpl.addDelNotRemember,"Add/remove as many as you like · the top row takes priority · fonts can come from those bundled with the app, files imported into the project, or fonts installed on this machine"
ui.setTpl.addRow,Add row
ui.setTpl.adjustDefaultPxHas,"Plus/minus from the 14px base — text only, buttons and panels keep their size · documents are not affected"
ui.setTpl.adjustPageNewAuto,Repaginate screenplays automatically
ui.setTpl.agentSAddress,Agent's Address
ui.setTpl.agentSEmail,Agent's Email
ui.setTpl.agentSName,Agent's Name
ui.setTpl.agentSPhone,Agent's Phone
ui.setTpl.aiCurrent,Currently using
ui.setTpl.aiIntro,"Set the AI provider, key and model — keys are stored on this computer, never in the project file"
ui.setTpl.aiOpen,Open AI assistant settings
ui.setTpl.alignLeft,Align left
ui.setTpl.alignNormalSkipLine,1.0 = tight · 1.75 = normal · 2.0 = double spacing
ui.setTpl.arrangePage,Alignment
ui.setTpl.arrangePageStart,Default alignment
ui.setTpl.author,Author
ui.setTpl.author2,Author email
ui.setTpl.autoCountPageUpdateFind,automation sync pagination update version release github
ui.setTpl.autoFitWidth,Auto-fit page width
ui.setTpl.autoFitWidthHint,"When the document panel is narrower than the page, shrink the page to fit · widen it again and the zoom comes back, never above the zoom you set yourself"
ui.setTpl.barFormatFloat,Format bar
ui.setTpl.barFormatFloatBtnFind,format bar floating buttons B I U remove button novel screenplay
ui.setTpl.barTool,Toolbar
ui.setTpl.barToolBtnBtnFind,toolbar buttons remove button
ui.setTpl.basedOn,Based On
ui.setTpl.big,Caps
ui.setTpl.bodyStory,Body text
ui.setTpl.bold,Bold
ui.setTpl.bottomBottom,Bottom
ui.setTpl.btnChapterFilm,Screenplay keys
ui.setTpl.btnChapterFilmTabFind,screenplay keys tab enter element
ui.setTpl.btnEachItemNew,Controls which element each key creates or switches to
ui.setTpl.btnFloatCornerRight,"Floating button, bottom right (FAB)"
ui.setTpl.btnFloatFAB,Floating button (FAB)
ui.setTpl.btnFloatFabCmdFind,floating button fab quick commands screen corner circle
ui.setTpl.btnKeyShortcutFind,keys keyboard shortcuts hotkeys
ui.setTpl.btnScrollGraph,Button to pan the chart
ui.setTpl.btnUsePressChange,"Keys used (press ""Change"", then press the new key)"
ui.setTpl.btnViewD,Button to rotate the 3D view
ui.setTpl.chapter,Script credit
ui.setTpl.checkTopScreen,On-screen checking
ui.setTpl.closeDefaultFinalDraft,"Off (default · Final Draft style) = the next line is ""Action"", write it plainly with no prefix code · On = for writing long dialogue over several lines in a row; action must then start with !"
ui.setTpl.closeDonePanelHistory,"When off, the history panel gets nothing new (existing entries stay)"
ui.setTpl.closeEnterLineNew,Off = Enter starts a new line of the same type · other keys do nothing
ui.setTpl.closeNoteHistory,Turn off history recording
ui.setTpl.closePageNumNot,Off = the page whose real number is 1 shows no number (some writers' convention) · title/cast pages are never counted
ui.setTpl.closePutCONTINUEDOnly,When off = (CONTINUED) only on pages that start after a scene heading (shooting-script convention)
ui.setTpl.colorAppBarPanel,Colours of the app shell (bars · panels · dialogs) — never touches the page or exported files
ui.setTpl.colorChar,Text colour
ui.setTpl.colorHeading,Heading colour
ui.setTpl.colorMarginLineColor,"The sheet edge, dashed lines and ink colours are worked out automatically"
ui.setTpl.colorPaper,Paper colour
ui.setTpl.colorPaperTopScreen,Colour of the paper on screen — affects layout view · side-by-side pages · overview · reading mode · printing and PDF export stay white
ui.setTpl.colorStoryNetworkField,Colours and controls of the relationship map — every colour the map actually uses
ui.setTpl.contCONTINUED,Continued (CONTINUED)
ui.setTpl.copyrightBy,Copyright by
ui.setTpl.dash,Underline
ui.setTpl.dashLineDotChapter,Underline errors in the script
ui.setTpl.dashLineNot,"Hyphens at line ends in a row, at most"
ui.setTpl.dataNextContactInformation,Contact information
ui.setTpl.dataResultTask,Project info
ui.setTpl.dataResultTaskAuthorFind,project info author email agent copyright
ui.setTpl.dataTopCoverChapter,Title-page information — used when printing and exporting
ui.setTpl.defaultChapterPtAll,Script standard = 12pt for every language
ui.setTpl.defaultInchNotCollapse,Standard 0.3–0.5 in · 0 = no indent
ui.setTpl.defaultLineInchChange,Standard = 1 (6 lines/inch) · changing it changes the lines per page
ui.setTpl.defaultSourcePtFormat,Manuscript standard = 12pt
ui.setTpl.delActLine,Key clacks · space · delete · bell at line end
ui.setTpl.dialogueLiftPageNew,Dialogue: carry to the new page at least
ui.setTpl.dialogueNotEndMORE,Dialogue not finished (MORE)
ui.setTpl.dialoguePageLess,Dialogue: leave at the bottom of the page at least
ui.setTpl.drawCSSNotWrite,Drawn with CSS — no numbers are written into the file
ui.setTpl.egEmpty,"e.g. empty or ""."""
ui.setTpl.element,Element
ui.setTpl.emptyBodyStory,Empty = same as the body text
ui.setTpl.emptyUseColorTheme,Empty = use the theme colour
ui.setTpl.enter,Enter →
ui.setTpl.field,% column
ui.setTpl.fieldEmptyBetweenPage,Gap between pages in layout view (px)
ui.setTpl.fillNumChapterAuto,Number chapters automatically
ui.setTpl.fontHeading,Heading font
ui.setTpl.fontLang,Fonts by language
ui.setTpl.fontLangRangeCharFind,fonts by language character range
ui.setTpl.fontRangeCharUse,Fonts by character range (for both novels and scripts)
ui.setTpl.formatBodyStoryNovel,"Format of the ""novel body text"" — first-line indent · line spacing · headings · block quotes · the values set here apply both on screen and in exports"
ui.setTpl.formatChapter,Script format
ui.setTpl.formatChapterElementWideFind,script format element indent width
ui.setTpl.formatNovel,Novel format
ui.setTpl.formatNovelParaRangeFind,novel format paragraph line spacing headings block quote
ui.setTpl.formatNumChapter,Chapter number format
ui.setTpl.fullLine,Justify
ui.setTpl.gapBetweenParaEm,Space between paragraphs (em)
ui.setTpl.gapInch,Indent (inches)
ui.setTpl.gapLine,Line spacing
ui.setTpl.gapMarginInch,Margins (inches)
ui.setTpl.gapMarginPaperWide,Indent (from the paper edge) · width · spacing (10 = 1 line) · on-screen / print lettering
ui.setTpl.gapMarginRightInch,Distance from the right edge (inches)
ui.setTpl.gapMarginTopInch,Distance from the top edge (inches)
ui.setTpl.grpAuto,AI and automation
ui.setTpl.grpAutoSub,Assistant · background tasks · updates
ui.setTpl.grpBars,Bars and buttons
ui.setTpl.grpBarsSub,Choose the buttons you want
ui.setTpl.grpDoc,Document format
ui.setTpl.grpDocSub,Page · novel · screenplay
ui.setTpl.grpGeneral,General
ui.setTpl.grpGeneralSub,Look · editor · saving · language
ui.setTpl.grpProject,This project
ui.setTpl.grpProjectSub,Info · panels · colours
ui.setTpl.hasLineMarginLeft,Left border line
ui.setTpl.hasOnlyFileScene,"Only for scene files · set the starting number per file in ""Scene properties"""
ui.setTpl.headingH1H6,Headings (h1–h6)
ui.setTpl.headingSceneTimePage,Scene / Time headings (cast page)
ui.setTpl.headScenePageMust,A scene heading at the page bottom must be followed by content
ui.setTpl.historyRunPanelHistory,Activity history (activity history panel)
ui.setTpl.importFileFontIn,Import a font file into the project…
ui.setTpl.item,Italic
ui.setTpl.itemCollapseFitDialog,"shrinks glyphs to fit the line box — ""Thai in screenplays"" uses 85 because the script font stack starts with Courier, which has no Thai letters, so Thai falls back to a larger font and overflows the script's fixed line spacing (6 lines/inch) · other languages can do the same by adding a row"
ui.setTpl.itemReplaceAgent,Agent
ui.setTpl.keepHistoryTimes,History to keep (steps)
ui.setTpl.keepProjectKhnJson,Stored in project.khn.json
ui.setTpl.langLanguageCsvFind,language translation csv
ui.setTpl.leftGapMarginPaper,Left: distance from the left paper edge (inches)
ui.setTpl.leftLeft,Left
ui.setTpl.level,Level
ui.setTpl.levelSound,Volume
ui.setTpl.levelUser,User level
ui.setTpl.libraryThesaurusWordOpposite,Thesaurus (synonyms/antonyms)
ui.setTpl.liftWordSpeakBlockquote,Block quote
ui.setTpl.line,Line break
ui.setTpl.lineDialogueDialogueNext,Line after dialogue = more dialogue
ui.setTpl.lineGapMarginPaper,Page margin guides
ui.setTpl.lineRoundAreaPrint,Dashed line around the print area in layout view — on all four sides of every sheet
ui.setTpl.lineUnderLineItem,Wavy lines under lines the format checker flagged · can also be toggled from the warning badge on the status bar (does not affect files or exports)
ui.setTpl.minBeforeWordPage,1–60 seconds before repaginating · shorter uses more CPU
ui.setTpl.moreK2historyDefault,More lets you go back further but uses space in .k2history/ · 4–500 · default 32
ui.setTpl.nameAuthorSaveAutoFind,general name author autosave backup goal home history
ui.setTpl.nameContD,Repeat the character name (cont'd)
ui.setTpl.novelDefaultUsePara,Standard for novels = 0 (indent paragraphs instead of blank lines)
ui.setTpl.num,After the number
ui.setTpl.numLeftRightLine,The number sits on both the left and right of the scene heading line
ui.setTpl.numSceneSceneNumber,Scene numbers
ui.setTpl.onlyModeTypewriterSc,Only in typewriter mode ({sc:typewriter})
ui.setTpl.onlyResultTask,This project only
ui.setTpl.openDoneSendWord,"When on, the selected word is sent to an online service to look up synonyms · off = only the built-in Thai thesaurus"
ui.setTpl.openSoundPrint,Play sounds while typing
ui.setTpl.openSystemBtnToggle,Turn on the element-switching keys
ui.setTpl.pageNumPageNumber,Page numbers
ui.setTpl.pageNumViewPagePaper,Page numbers (novel page view)
ui.setTpl.pagePaper,Paper
ui.setTpl.pagePaperSizeGapFind,paper size margins page numbers scene numbers page breaks
ui.setTpl.pageSceneCont,Page bottom when a scene continues
ui.setTpl.pageSceneCont2,Page top when a scene continues
ui.setTpl.paraFirstChapterNot,Common convention: the first paragraph of a chapter is not indented
ui.setTpl.paraFirstHeading,Also the first paragraph after a heading
ui.setTpl.paraLineFirstInch,First-line indent (inches)
ui.setTpl.phone,Phone
ui.setTpl.pickBtnResultTop,Choose which buttons appear on the toolbar — ticking takes effect immediately · separators of fully hidden groups disappear on their own
ui.setTpl.pickColor,Custom colour
ui.setTpl.pickDoneFillValue,Choosing one fills in all four sides · you can still edit the numbers
ui.setTpl.play,When it plays
ui.setTpl.printMin,Wait after typing stops (seconds)
ui.setTpl.prosePgNumBtn,Go to page numbers
ui.setTpl.prosePgNumMoved,"Set on the ""Page numbers & breaks"" page — the same switch as screenplays"
ui.setTpl.putBlockPageClose,"Added automatically when a block is split across pages · when off, use the ""continued (left/right)"" block to type it yourself"
ui.setTpl.putCONTINUEDAuto,Add CONTINUED automatically
ui.setTpl.putNumHeadingLevel,Number headings of level
ui.setTpl.putNumTopPage,Also number the first page
ui.setTpl.putPageNotHas,Added even when the page has no scene heading
ui.setTpl.r2ItemCloseDone,"When off, the + button and its menu disappear"
ui.setTpl.r2ItemDefaultPrev,Default = plays whenever you type
ui.setTpl.rangeCharFontUse,Which character range → which font → in which mode → scaled by what %
ui.setTpl.rangeLine,Line spacing
ui.setTpl.rangeLineScreenplay,Screenplay line spacing
ui.setTpl.reset,Presets
ui.setTpl.restoreDefault,Restore defaults
ui.setTpl.revisionsBy,Revisions by
ui.setTpl.rightGapMarginPaper,Right: distance from the right paper edge (inches)
ui.setTpl.rightRight,Right
ui.setTpl.ruleCutPageWidow,Page-break rules (widow / orphan)
ui.setTpl.runRangeTimeSet,Runs after a pause of the set length · screenplays only
ui.setTpl.saveHistNote,"Work history (undo to any point) is set per project on the ""Project info"" page"
ui.setTpl.scopeGlobal,These settings follow you to every project
ui.setTpl.scopeProject,These settings are stored in this project only
ui.setTpl.screenplayBy,Screenplay By
ui.setTpl.searchHeadingSettingsPh,Search settings…
ui.setTpl.setOkImage,Presets
ui.setTpl.setStyleNovelDefault,Set to standard novel style
ui.setTpl.shiftTab,Shift+Tab →
ui.setTpl.showNumSceneHead,Show scene numbers beside scene headings
ui.setTpl.showPageNum,Show page numbers
ui.setTpl.size,Size (×)
ui.setTpl.sizeCardPageFirst,Home page card size (px)
ui.setTpl.sizeCharUI,App shell text size (px)
ui.setTpl.sizeFontNovelPt,Novel font size (pt)
ui.setTpl.sizeFontScreenplayPt,Screenplay font size (pt)
ui.setTpl.sizePaper,Paper size
ui.setTpl.sizePaperGapMargin,Paper size and margins — shared by novel and screenplay modes
ui.setTpl.sizePt,Size (pt)
ui.setTpl.skipBefore,Space before
ui.setTpl.skipBeforeEm,Space before (em)
ui.setTpl.skipEm,Space after (em)
ui.setTpl.soundTypewriter,Typewriter sound
ui.setTpl.sourceSendPrintSkip,Manuscript for publishers (double-spaced)
ui.setTpl.startup,When the app starts
ui.setTpl.startupHint,No recent project = Home is always shown
ui.setTpl.startupHome,Show Home
ui.setTpl.startupLast,Open the last project right away
ui.setTpl.startupLastHome,"Open the last project, with Home on top"
ui.setTpl.storyNetwork,Story Network
ui.setTpl.storyNetworkColorBtnFind,story network colours mouse buttons chart
ui.setTpl.subGoals,Word count goals
ui.setTpl.subShellSize,App shell size
ui.setTpl.tab,Tab →
ui.setTpl.tabAi,AI assistant
ui.setTpl.tabAiFind,ai assistant provider key model
ui.setTpl.tableFontApp,One table controls fonts for the whole app:
ui.setTpl.tabPageNum,Scene & page numbers (script)
ui.setTpl.tabPageNumFind,page number scene number continued page break default text
ui.setTpl.tabSave,Saving & backups
ui.setTpl.tabSaveFind,save auto backup version recycle trash
ui.setTpl.tabUnitCm,cm
ui.setTpl.tabUnitIn,in
ui.setTpl.tabUnitSpace,spaces
ui.setTpl.tabWidth,Tab width
ui.setTpl.tabWidthHint,How much space one Tab takes (on screen and in exported files)
ui.setTpl.text1,Keystroke
ui.setTpl.text2,Copyright
ui.setTpl.text3,Italic
ui.setTpl.text4,"Indent"""
ui.setTpl.text5,Mouse controls
ui.setTpl.textDefault,Standard wording
ui.setTpl.themeColor,Colour theme
ui.setTpl.timePrint,Sound the whole time you type
ui.setTpl.topScreen,On screen
ui.setTpl.topTop,Top
ui.setTpl.try,Preview
ui.setTpl.updateApp,Program updates
ui.setTpl.useAllResultTask,Shared by all projects
ui.setTpl.useN,Use {{n}}
ui.setTpl.wide,"Width"""
ui.setTpl.wideCardTopPage,Width of the 4-column cards on the home page
ui.setTpl.wideHighInch,Width × height (inches)
ui.setTpl.wordCountPageNew,Recount pages after typing stops
ui.setTpl.writeFontSizeCheckFind,writing font size spell check line numbers focus typewriter sound trash
ui.shortcode.dappversion,App version number
ui.shortcode.dauthor,Author name
ui.shortcode.dbook,Book name
ui.shortcode.dchapter,Title of the chapter this sits in
ui.shortcode.dchapteract,Chapter act
ui.shortcode.dchapterdate,Chapter date
ui.shortcode.dchapterflag,Whether the chapter is marked important
ui.shortcode.dchapterno,Chapter number within the book
ui.shortcode.dchapterstatus,Chapter status
ui.shortcode.dchars,Character count of the scene
ui.shortcode.dcolor,Scene colour
ui.shortcode.dcommentcount,Number of comments on this file
ui.shortcode.dconflict,Scene conflict
ui.shortcode.ddailygoal,Daily word-count goal
ui.shortcode.ddate,Date (accepts fmt=iso · year · time)
ui.shortcode.demotion,Scene emotion
ui.shortcode.dentity,Name of the Wiki entity being edited
ui.shortcode.dentitycat,Category of the entity being edited
ui.shortcode.dentitysummary,Entity summary
ui.shortcode.dentitytags,Entity tags
ui.shortcode.dfield,"Field value of the entity being edited, e.g. [field:Age]"
ui.shortcode.dflag,Whether the scene is pinned
ui.shortcode.dfuturenote,Note to future self
ui.shortcode.dlanguage,Current project language code (th/en)
ui.shortcode.dlocked,Whether the scene is locked
ui.shortcode.dnote,Scene note
ui.shortcode.dpages,Page count of the document
ui.shortcode.dpov,Scene point of view
ui.shortcode.dprogress,Progress toward the goal (%)
ui.shortcode.dproject,Project name
ui.shortcode.dprojectgoal,Project-wide word-count goal
ui.shortcode.drelation,"Names related by this role, e.g. [relation:Father]"
ui.shortcode.dscene,Title of the scene this sits in
ui.shortcode.dsceneno,Scene number within the chapter
ui.shortcode.dstatus,Scene status
ui.shortcode.dstorydate,In-story date of the scene (not the real-world date)
ui.shortcode.dsynopsis,Scene synopsis
ui.shortcode.dtags,Scene tags (use sep= to change the separator)
ui.shortcode.dtime,Current time (HH:MM)
ui.shortcode.dtitle,Title of the work
ui.shortcode.dtotalbooks,Total book count across the project
ui.shortcode.dtotalchapters,Total chapter count across the project
ui.shortcode.dtotalcharacters,Number of characters in the Wiki
ui.shortcode.dtotallocations,Number of locations in the Wiki
ui.shortcode.dtotalscenes,Total scene count across the project
ui.shortcode.dtotalwords,Total word count across the project
ui.shortcode.dvar,"Same variables as {{…}}, e.g. [var:age]"
ui.shortcode.dweekday,Current day of the week
ui.shortcode.dwiki,"A value from the Wiki, e.g. [wiki:Tora.age]"
ui.shortcode.dwords,Word count of the scene
ui.shortcode.dyear,Current year
ui.shortcode.grpNum,Numbers
ui.shortcode.grpPlace,Where this sits
ui.shortcode.grpTime,Date and time
ui.shortcode.grpWiki,From the Wiki
ui.shortcode.grpWork,The work
ui.shortcode.liveCtxFail,Could not read data for the shortcode context
ui.shortcode.needEditor,Open a scene or script first to insert a shortcode
ui.shortcode.needField,"Click into a text field first, then insert a shortcode"
ui.shortcode.no,No
ui.shortcode.statsScanFail,Could not compute project statistics
ui.shortcode.yes,Yes
ui.shortcutCategories.edit,Edit
ui.shortcutCategories.file,File
ui.shortcutCategories.format,Format
ui.shortcutCategories.view,View
ui.shortcuts.about,About
ui.shortcuts.aiAssistant,AI assistant
ui.shortcuts.alignCenter,Align Center
ui.shortcuts.alignLeft,Align Left
ui.shortcuts.alignRight,Align Right
ui.shortcuts.bodyText,Body Text
ui.shortcuts.bold,Bold
ui.shortcuts.bulletList,Bullet List
ui.shortcuts.catCreate,Create
ui.shortcuts.catEdit,Edit & search
ui.shortcuts.catFile,File & project
ui.shortcuts.catFormat,Text formatting
ui.shortcuts.catOther,Other
ui.shortcuts.catPanels,Panels
ui.shortcuts.catScript,Screenplay
ui.shortcuts.catView,View & workspace
ui.shortcuts.cheatsheet,Keyboard shortcut cheat sheet
ui.shortcuts.clearFormatting,Clear Formatting
ui.shortcuts.closeAllTabs,Close all tabs
ui.shortcuts.closeTab,Close Tab
ui.shortcuts.compile,Compile
ui.shortcuts.deleteLine,Delete line
ui.shortcuts.devConsole,Developer console
ui.shortcuts.exportBlog,Export as Blog HTML
ui.shortcuts.exportHub,Export hub
ui.shortcuts.exportPdf,Export as PDF
ui.shortcuts.find,Find
ui.shortcuts.findError,Find Next Error
ui.shortcuts.fmtbarAlign,Format bar: snap to top / bottom edge
ui.shortcuts.fmtbarHere,Bring format bar to cursor
ui.shortcuts.fmtbarLock,Lock or unlock the format bar
ui.shortcuts.fmtbarOpacity,Cycle format bar opacity (100/50/5%)
ui.shortcuts.focusMode,Focus Mode
ui.shortcuts.format:align:left,Align Left
ui.shortcuts.gallery,Image Gallery
ui.shortcuts.globalSearch,Search Project
ui.shortcuts.goto,Go to Page/Scene
ui.shortcuts.gotoPage,Go to page
ui.shortcuts.gotoScene,Go to scene
ui.shortcuts.heading1,Heading 1
ui.shortcuts.heading2,Heading 2
ui.shortcuts.heading3,Heading 3
ui.shortcuts.importScrivener,Import from Scrivener
ui.shortcuts.insertImage,Insert image
ui.shortcuts.italic,Italic
ui.shortcuts.justify,Justify
ui.shortcuts.kanban,Kanban Board
ui.shortcuts.lineNumbers,Show line numbers
ui.shortcuts.nbsp,Non-Breaking Space
ui.shortcuts.newChapter,New chapter
ui.shortcuts.newCharacter,New character
ui.shortcuts.newFromTemplate,New from template
ui.shortcuts.newLocation,New location
ui.shortcuts.newMemo,New memo
ui.shortcuts.newProject,New Project
ui.shortcuts.newScene,New scene
ui.shortcuts.nextTab,Next tab
ui.shortcuts.numberedList,Numbered List
ui.shortcuts.onsetToggle,Problem scene: switch original / revised
ui.shortcuts.openProject,Open Project
ui.shortcuts.panelAiAnalyzer,Panel: AI analyzer
ui.shortcuts.panelAiChat,Writing assistant panel (AI chat)
ui.shortcuts.panelAiHub,AI Hub panel
ui.shortcuts.panelBacklinks,Mentions panel
ui.shortcuts.panelBooks,Panel: book manager
ui.shortcuts.panelBranch,Panel: branching
ui.shortcuts.panelCodex,Panel: codex
ui.shortcuts.panelComments,Panel: comments
ui.shortcuts.panelDashboard,Panel: dashboard
ui.shortcuts.panelDialogue,Panel: dialogue
ui.shortcuts.panelDlgb,Rehearsal room panel
ui.shortcuts.panelFloorplan,Panel: floor plan
ui.shortcuts.panelGalleryBoard,Panel: mood board
ui.shortcuts.panelHistory,Panel: history
ui.shortcuts.panelLog,Save log panel
ui.shortcuts.panelMaps,Panel: maps
ui.shortcuts.panelNetwork,Panel: Story Network
ui.shortcuts.panelNotes,Notebook panel
ui.shortcuts.panelOutline,Navigation panel
ui.shortcuts.panelPlanner,Panel: planner
ui.shortcuts.panelPlayer,Panel: play test
ui.shortcuts.panelPlugins,Panel: plugins
ui.shortcuts.panelProps,Panel: properties
ui.shortcuts.panelRecord,Panel: journal
ui.shortcuts.panelSearch,Project search panel
ui.shortcuts.panelsHideAll,Hide all panels (canvas only)
ui.shortcuts.panelsHideLeft,Hide left panels
ui.shortcuts.panelsHideRight,Hide right panels
ui.shortcuts.panelStarter,Story Starter panel
ui.shortcuts.panelTimeline,Panel: timeline
ui.shortcuts.panelTree,Project explorer panel
ui.shortcuts.paperMode,Paper Mode
ui.shortcuts.prevTab,Previous tab
ui.shortcuts.print,Print
ui.shortcuts.projectDoctor,Project doctor
ui.shortcuts.projectReplace,Find & replace in project
ui.shortcuts.quickNote,Quick note
ui.shortcuts.quickOpen,Quick Open
ui.shortcuts.readingMode,Reading mode
ui.shortcuts.redo,Redo
ui.shortcuts.reopenClosedTab,Reopen closed tab
ui.shortcuts.replace,Replace
ui.shortcuts.revealActive,Reveal open file in Explorer
ui.shortcuts.save,Save
ui.shortcuts.saveAll,Save All
ui.shortcuts.saveAs,Save As...
ui.shortcuts.selectScene,Select Scene
ui.shortcuts.settings,Settings
ui.shortcuts.spActBreak,Script: act break
ui.shortcuts.spCycleNote,Only while typing in a screenplay — elsewhere the same key switches tabs
ui.shortcuts.spDialogue,Script: dialogue
ui.shortcuts.splitView,Split View
ui.shortcuts.spNextElem,Script: next element
ui.shortcuts.spNote,Script: note
ui.shortcuts.spParenthetical,Script: parenthetical
ui.shortcuts.spPrevElem,Script: previous element
ui.shortcuts.sprint,Writing sprint
ui.shortcuts.spShot,Script: shot
ui.shortcuts.spSwitchElem,Script: switch element type
ui.shortcuts.spTransition,Script: transition
ui.shortcuts.strikethrough,Strikethrough
ui.shortcuts.subscript,Subscript
ui.shortcuts.superscript,Superscript
ui.shortcuts.tabKeyNote,While typing a screenplay the first key cycles element types instead — use the second key to switch tabs
ui.shortcuts.textCaseCycle,Cycle letter case
ui.shortcuts.thesaurus,Thesaurus
ui.shortcuts.toggleFormat,Toggle Mode
ui.shortcuts.typewriter,Typewriter Mode
ui.shortcuts.underline,Underline
ui.shortcuts.undo,Undo
ui.shortcuts.wheel,mouse wheel
ui.shortcuts.workspaceMenu,Workspaces (panel layout sets)
ui.shortcuts.zoomIn,Page zoom: in
ui.shortcuts.zoomOut,Page zoom: out
ui.shortcuts.zoomReset,Page zoom: reset
ui.shortcuts.zoomWheel,Zoom page
ui.smart.acceptHint,Tab = use this word · ↑↓ = choose · Esc = close · right-click = forget this word
ui.spCompare.compare,Compare
ui.spCompare.edition,Old version
ui.spCompare.editionNew,New version
ui.spCompare.text,({0} identical ·
ui.spContinued.contNotHas,Continuation: none
ui.spContinued.contSceneDialogue,Continuation: scenes {0} · dialogue {1}
ui.spFormat.a4Inch,A4 (8.27 × 11.69 in)
ui.spFormat.define,Custom
ui.spFormat.legalInch,Legal (8.5 × 14 in)
ui.spFormat.letterInch,Letter (8.5 × 11 in)
ui.spFormat.next,cont.
ui.spFormat.paperA5,A5 (14.8 × 21 cm)
ui.spFormat.paperBunko,Bunkobon / A6 (4.1 × 5.8 in)
ui.spFormat.paperDigest,Digest (5.5 × 8.5 in)
ui.spFormat.paperMass,Mass Market (4.25 × 6.87 in)
ui.spFormat.paperNovella,Compact / Novella (5 × 8 in)
ui.spFormat.paperPocket,Pocket Book (14.5 × 21 cm)
ui.spFormat.paperTankobon,Tankōbon (5 × 7.5 in)
ui.spFormat.paperTrade,US Trade (6 × 9 in)
ui.spFormatGuide.cutLineSoftWrap,Manual line break (soft wrap)
ui.spFormatGuide.endLineBlockNew,Line ends with a new block (hard)
ui.spHeaders.countPage,Page count
ui.spHeaders.countPageAll,Total pages
ui.spHeaders.dateSendInAct,Date (passed in when generating)
ui.spHeaders.edition,Revision
ui.spHeaders.headSceneFirstPage,First scene heading on that page
ui.spHeaders.msg,Copyright
ui.spHeaders.nameAuthor,Author name
ui.spHeaders.nameDraftRoundEdit,Draft name / revision
ui.spHeaders.pageNumCurrent,Current page number
ui.spHeaders.text,Copyright text
ui.splash.home,Preparing Home…
ui.splash.language,Loading language and fonts…
ui.splash.project,Opening last project: {0}
ui.splash.ready,Ready
ui.splash.recent,Reading recent projects…
ui.splash.settings,Loading settings…
ui.splash.start,Starting…
ui.splash.update,Checking for updates…
ui.splash.window,Creating the main window…
ui.split.closed,Split view closed
ui.split.closePane,Close pane
ui.split.closePaneHint,Close this pane (the tab stays open)
ui.split.dragResize,Drag to resize (double-click = 50%)
ui.split.emptyPane,Empty pane — drag a tab header here
ui.split.emptyPaneHint,or click this pane then pick a tab above
ui.split.openedEmpty,"Empty pane opened — drag a tab header into it, or click the pane then pick a tab"
ui.split.removeFromPane,Remove from this pane (the tab stays open)
ui.split.statusPrefix,Split view: 
ui.spReports.beforeHeadSceneFirst,(before the first scene heading)
ui.spReports.graphDialoguePage,Dialogue chart — {0} {0|page|pages}
ui.spReports.mergeStoryActionDialogue,Whole story: action {0}% · dialogue {1}% · 
ui.spReports.name,Character names
ui.spReports.nameOther,Character names {0}% · other {1}%
ui.spReports.notSpecifyPlace,(no location)
ui.spReports.pageDialogueAction,Page {0} {1} dialogue {2}% · action {3}%
ui.spReports.ratio,{0}{1}{2}{3}{4}Ratio
ui.spReports.reportPersonLineDialogue,Character report — {0} {0|character|characters} · {1} {1|line|lines} of dialogue
ui.spReports.reportPlacePlaceScene,Location report — {0} {0|location|locations} · {1} {1|scene|scenes} · {2} {2|page|pages}
ui.spReports.scenePage,   Scene {0} page {1} {2}
ui.spReports.scenePage2,{0}  [{1}]  {2} {2|scene|scenes} · ~{3} {3|page|pages}
ui.sprint.alreadyRunning,A sprint is already running
ui.sprint.dirtyLabel,Writing sprint
ui.sprint.doneStatus,Sprint finished: {0} {0|word|words} in {1} min ({2} {2|word|words}/min)
ui.sprint.goal,Goal (words · 0 = none)
ui.sprint.hint,"Only words added during the sprint are counted, across all tabs — opening another scene mid-sprint doesn't count its existing text"
ui.sprint.history,So far: {0} {0|sprint|sprints} · {1} {1|word|words} · {2} {2|word|words}/min on average
ui.sprint.minutes,Duration (minutes)
ui.sprint.noHistory,No sprints recorded in this project yet
ui.sprint.pause,Pause
ui.sprint.resume,Resume
ui.sprint.running,Running {0}-minute sprint
ui.sprint.saveFail,Couldn't save the sprint stats
ui.sprint.start,Start
ui.sprint.stop,Finish
ui.sprint.timeUp,Time's up!
ui.sprint.title,Writing sprint
ui.sprint.wpm,{0} {0|word|words}/min
ui.sprint.written,{0} {0|word|words}
ui.sprint.writtenGoal,{0} / {1} {1|word|words}
ui.spTitlePages.chapter,Written by
ui.spTitlePages.new,Based on 
ui.spTitlePages.notNamedStory,Untitled
ui.spValidator.act,Act
ui.spValidator.cantCharacterDialogue,Orphan parenthetical — not after a character/dialogue
ui.spValidator.characterNotHasDialogue,Character “{0}” is not followed by dialogue
ui.spValidator.dialogueNotNamedCharacter,Orphan dialogue — no character name before it
ui.spValidator.error,{0} {0|error|errors}
ui.spValidator.hasBodyChapterBefore,There is script content before the first scene heading — start with a scene heading (INT./EXT.) first
ui.spValidator.headScene,Scene heading
ui.spValidator.headSceneTwoNot,Two scene headings in a row — “{0}” has no scene content
ui.spValidator.itemView,{0} {0|thing|things} to check
ui.spValidator.lineEmpty,{0}: empty line
ui.spValidator.longChar,{0} too long ({1}/{2} {2|character|characters})
ui.spValidator.msg,Transition
ui.spValidator.msg2,Parenthetical
ui.spValidator.notCompletePair,Unbalanced parentheses: {0}
ui.spValidator.notFoundError,No errors found
ui.spValidator.outline,Outline 1
ui.spValidator.outline2,Outline 2
ui.spValidator.outline3,Outline 3
ui.spValidator.shot,Shot
ui.starter.aiBetterWithIntro,Write the synopsis first for results that fit the story better
ui.starter.aiBetterWithTags,Choose the genre first for results closer to what you want
ui.starter.aiFail,The AI call failed
ui.starter.aiHelp,Let AI help
ui.starter.aiNoResult,The AI didn't reply with anything — try again
ui.starter.aiStop,Stop
ui.starter.aiStopHint,Press again to cancel the request being sent
ui.starter.aiStopping,Stopping…
ui.starter.aiSuggestName,Let AI name it
ui.starter.aiThinking,Thinking…
ui.starter.aiWriteBlurb,Let AI write the blurb
ui.starter.aiWriteChar,Let AI write the description
ui.starter.aiWriteDialogue,Let the AI draft dialogue
ui.starter.aiWriteIntro,Let AI write the synopsis
ui.starter.aiWriteIntroShort,One paragraph only
ui.starter.aiWriteOpener,Let the AI draft the opener
ui.starter.aiWriteSynopsis,Let AI write the synopsis
ui.starter.autoLinkAsk,"Also create a wiki page for ""{0}""?"
ui.starter.autoLinkGo,Create it
ui.starter.backToList,Back to the overview
ui.starter.backToScenarios,Back to the episode list
ui.starter.bannerSizeHint,"The banner spans the full width of the story page — landscape, about 3:1"
ui.starter.brBtn,Send to timeline/maps
ui.starter.brBtnHint,"Turn the story's ""when"" and ""where"" into events and pins"
ui.starter.brDone,{0} timeline {0|item|items} · {1} map {1|pin|pins}
ui.starter.brGo,Send
ui.starter.brHint,Pressing again updates what's there instead of duplicating it
ui.starter.brNothing,No data yet
ui.starter.brScenarios,Create events from every episode ({0} {0|episode|episodes})
ui.starter.brTitle,Send to the timeline and maps
ui.starter.brWhen,"Create timeline events from ""when"" (track {0})"
ui.starter.brWhere,"Pin on the map from ""where"" (map {0})"
ui.starter.byAuthor,by 
ui.starter.castAdd,Add character
ui.starter.castBackToList,Back to the character list
ui.starter.castDelAsk,Remove “{0}” from this story?
ui.starter.castDelNote,Removing from this story doesn't delete the character from the Wiki — it may be used elsewhere
ui.starter.castEmpty,"No characters yet — press ""Add character"" or pull from the Wiki"
ui.starter.castFromWiki,Pull from the Wiki
ui.starter.castNeedName,This character still needs a name
ui.starter.castNoDesc,No description yet
ui.starter.castNoName,Not named yet
ui.starter.castPushAll,Save the whole cast to the Wiki
ui.starter.castPushAllHint,Create/update every character in this project's Wiki
ui.starter.castPushed,Saved {0} {0|character|characters} to the Wiki
ui.starter.castPushFail, · {0} failed
ui.starter.charLinkedFromWiki,"Linked ""{0}"" to the wiki"
ui.starter.charSavedWiki,Saved to the Wiki
ui.starter.charToWiki,Save to the Wiki
ui.starter.charUpdateWiki,Update in the Wiki
ui.starter.chatClear,Clear the conversation
ui.starter.chatClearAsk,Clear this episode's whole conversation? The episode info (name/synopsis) stays
ui.starter.chatEmpty,Not started yet — press the button below for the narrator to open the scene
ui.starter.chatFail,Send failed — see details in the activity log
ui.starter.chatHasOpener,This scene already has an opener
ui.starter.chatPlaceholder,"Type what you do or say, then press Enter"
ui.starter.chatSend,Send
ui.starter.chatStart,Open the scene
ui.starter.choiceRuleHead,"Each time you finish narrating, end with 2–4 choices for the player in exactly this format:"
ui.starter.choiceRuleSample1,1. First choice
ui.starter.choiceRuleSample2,2. Second choice
ui.starter.choiceRuleSample3,3. Third choice
ui.starter.choiceRuleTail,"Keep each one short, no more than one line, and make it something the player ""does"", not an outcome · the player may ignore them and type their own, so accept anything"
ui.starter.chooseOrType,"Pick one, or type your own"
ui.starter.continueSetup,Continue
ui.starter.coverClear,Remove cover
ui.starter.coverFromFile,Choose an image from this computer
ui.starter.coverFromGallery,Choose from the image library
ui.starter.coverPortable,The image is copied into this story's folder — the cover survives moving the project
ui.starter.coverSizeHint,"Best size: 375 wide, 3:4 portrait — the image is not cropped"
ui.starter.created,New story created — starting with choosing a genre
ui.starter.createFail,Could not create the story
ui.starter.createNew,Create a new story
ui.starter.cvAgainHint,"You can convert again — new scenes are appended, nothing is overwritten"
ui.starter.cvBtn,Convert to manuscript
ui.starter.cvBtnHint,Turn the played episodes into real scenes in the Story Starter book
ui.starter.cvDone,Converted {0} {0|scene|scenes} into book {1}
ui.starter.cvFail,Conversion failed
ui.starter.cvForkHead,## Branch point
ui.starter.cvFormat,Write it as
ui.starter.cvGo,Convert
ui.starter.cvNoBook,Could not create the destination book
ui.starter.cvNoChapter,Could not create the destination chapter
ui.starter.cvNoDraft,The destination book has no draft yet
ui.starter.cvNoPlayed,No episodes have been played yet — chat with the narrator first
ui.starter.cvNoScene,Could not create the scene
ui.starter.cvNothing,This episode has no conversation to convert yet
ui.starter.cvOne,Convert this episode to manuscript
ui.starter.cvOpenAsk,"Created {0} {0|scene|scenes} in ""{1}"". Open it now?"
ui.starter.cvOpenNow,Open now
ui.starter.cvPartial,Converted {0} of {1} {1|part|parts} — what succeeded has been kept
ui.starter.cvPickOne,Pick at least one episode
ui.starter.cvProse,Novel
ui.starter.cvSp,Screenplay
ui.starter.cvStayHere,Stay here
ui.starter.cvTitle,Convert to manuscript
ui.starter.cvWhereHint,New scenes go into book “{0}” → chapter “{1}”
ui.starter.cvWhich,Episodes to convert
ui.starter.cvWorking,Converting “{0}” ({1}/{2})…
ui.starter.cvWorkingChunk,Converting “{0}” ({1}/{2}) — part {3}/{4}
ui.starter.delAsk,Delete the whole story “{0}” (including all characters and episodes)? It will go to the trash
ui.starter.delDone,Story moved to the trash
ui.starter.descHead,Story description
ui.starter.draftProgress,Draft — {0}/{1} {1|step|steps} filled in
ui.starter.drawFail,Could not draw the page — see details in the activity log
ui.starter.editStarter,Edit story info
ui.starter.fAliases,Other names
ui.starter.fAliasesPlaceholder,Comma-separated
ui.starter.fAuthor,Author
ui.starter.fAuthorPlaceholder,Writer's name or pen name
ui.starter.fBanner,Banner (landscape)
ui.starter.fBlurb,Short card
ui.starter.fBlurbPlaceholder,One line that other characters know about this person
ui.starter.fCharName,Character name
ui.starter.fCharNamePlaceholder,e.g. Mani
ui.starter.fCharTags,Character tags
ui.starter.fCharTagsPlaceholder,"Comma-separated, e.g. lead, detective"
ui.starter.fCover,Story cover (portrait)
ui.starter.fDesc,Detailed description
ui.starter.fDescPlaceholder,"Looks, personality, background, relationships, goals — write it all in one box"
ui.starter.fDescription,Story description
ui.starter.fDialogue,Sample dialogue
ui.starter.fDialogueHint,"The more distinctive the voice, the better the AI matches it"
ui.starter.fDialoguePlaceholder,Write how they really talk - use {0} for whoever they speak to
ui.starter.fGender,Gender
ui.starter.fImage,Image
ui.starter.finish,Finish
ui.starter.finishBlocked,Not complete yet: 
ui.starter.finishGoFix,Go and fix it
ui.starter.fIntro,Synopsis
ui.starter.fIntroPlaceholder,Roughly what this story is about — one paragraph is enough
ui.starter.fName,Title
ui.starter.fNamePlaceholder,e.g. Sword of the Dawn
ui.starter.folderFixed,Stored in the folder Starters/{0} — renaming the story doesn't rename the folder
ui.starter.foreignAsk,“{0}” looks like it came from another project — match its characters to this project's Wiki now?
ui.starter.fPrompts,Character prompts
ui.starter.fPromptsHint,Rules the AI should follow whenever it writes this character
ui.starter.fPronoun,Self-reference pronoun
ui.starter.fPronounPlaceholder,e.g. I · we (how the character refers to themselves)
ui.starter.fShortcode,Shortcode
ui.starter.fShortcodePlaceholder,Leave empty to use the character name
ui.starter.fShortcodePreview,Type {0} in dialogue to refer to this character
ui.starter.fShortcodeReserved,{0} is already taken - pick another
ui.starter.fStoryBlurb,Blurb (one line)
ui.starter.fStoryBlurbPlaceholder,One sentence that makes people want to read on
ui.starter.genderFemale,Female
ui.starter.genderMale,Male
ui.starter.genderOther,Other
ui.starter.genderUnset,Not specified
ui.starter.gm,Narrator
ui.starter.gmThinking,The narrator is thinking…
ui.starter.goAISettings,Go to AI settings
ui.starter.goScenarios,Go to the episode list →
ui.starter.imgClear,Remove image
ui.starter.imgCopyFail,Could not copy the image
ui.starter.imgFromFile,Choose from this computer
ui.starter.imgFromGallery,Choose from the image library
ui.starter.inWiki,Already in the Wiki
ui.starter.lastUpdate,Last modified 
ui.starter.linkedWiki,Linked to the Wiki
ui.starter.listEmpty,No stories yet — press “Create a new story” to begin
ui.starter.logImgFail,starter: failed to copy the image
ui.starter.logReadFail,starter: cannot read 
ui.starter.logSaveFail,starter: failed to save 
ui.starter.logScReadFail,starter: cannot read episode 
ui.starter.logWikiReadFail,starter: cannot read entity 
ui.starter.logWikiWriteFail,starter: failed to write to the Wiki 
ui.starter.makeRecap,Summarise this episode
ui.starter.makeRecapHint,Have the AI condense the whole episode's conversation — the next episode continuing from it receives this summary
ui.starter.mentionAny,Anyone
ui.starter.mentionAnyHint,Stands for any character in the scene
ui.starter.mentionChipHint,Insert a reference to {0}
ui.starter.mentionHint,Use {0} for any character and {1} for the player
ui.starter.mentionInsert,Insert
ui.starter.mentionNoCast,No characters to reference yet
ui.starter.mentionUnknown,References unknown names: {0}
ui.starter.mentionUser,The player
ui.starter.mentionUserHint,Stands for the player or reader
ui.starter.mgAlias,Matches an other name
ui.starter.mgCreate,Create new in the Wiki
ui.starter.mgExact,Name matches
ui.starter.mgLink,Link to the existing one
ui.starter.mgMany,Several matches
ui.starter.mgNone,Not in this project yet
ui.starter.mgSkip,Do nothing
ui.starter.modeAdv,Advanced
ui.starter.modeAdvHint,"Full scene controls: description, mood, goal and conditions"
ui.starter.modeBasic,Basic
ui.starter.modeBasicHint,A few fields and you are writing
ui.starter.modeHint,Switch modes any time - nothing you typed is lost
ui.starter.moreFields,More (other names · pronoun · short card)
ui.starter.nameFromCaps,A capitalised English word
ui.starter.nameFromMarker,Follows a name marker in the synopsis
ui.starter.nameFromQuote,Appears in quotation marks in the synopsis
ui.starter.nameHintHits, · mentioned {0} {0|time|times}
ui.starter.nameHintLabel,Names found in your synopsis —
ui.starter.needAI,Set up AI first to create a story
ui.starter.needCharName,Name the character first
ui.starter.neverUpdated,Never edited
ui.starter.nextStep,Next step
ui.starter.noAuthor,No author name yet
ui.starter.noBlurb,No blurb yet
ui.starter.noCover,No cover yet
ui.starter.noImage,No image yet
ui.starter.noMatch,Nothing matches the search
ui.starter.noRenderer,No renderer for step “{0}” yet
ui.starter.noTagYet,No tags chosen yet
ui.starter.open,Open
ui.starter.openFail,Cannot open this story — the file may be damaged
ui.starter.openProjectFirst,Open a project first to use Story Starter
ui.starter.optional,Optional
ui.starter.packBadJson,The starter.json in the file is damaged
ui.starter.packBusy,Collecting this story's files…
ui.starter.packDone,Exported: 
ui.starter.packExport,Export as a .zip file (to move to another project/share)
ui.starter.packFail,Could not create the .zip file
ui.starter.packImport,Import .zip
ui.starter.packImported,Imported “{0}” ({1} {1|file|files})
ui.starter.packImportHint,Open a .zip file exported from Story Starter
ui.starter.packNoDir,This story's folder was not found
ui.starter.packNotStarter,This file isn't a Story Starter (no starter.json inside)
ui.starter.packReading,Reading the .zip file…
ui.starter.packSkip,starter: skipped an unreadable file 
ui.starter.packWriting,Writing the .zip file…
ui.starter.pBlurbRule,"Requirements: one sentence, at most 90 characters, that makes people want to read on; no spoilers of the ending; answer with that sentence only"
ui.starter.pBlurbTask,Write a one-line blurb for the following story
ui.starter.pCastHead,Characters in the story:
ui.starter.pCharDialogue,How they speak:
ui.starter.pCharGender,Gender: 
ui.starter.pCharName,Character to write: 
ui.starter.pCharNoName,(not named yet)
ui.starter.pCharRule,"Requirements: write continuous prose of 2–4 paragraphs covering appearance, personality, manner of speech, background, goals and relationships with other characters; no sub-headings or lists; answer with the description only"
ui.starter.pCharSoFar,Already written: 
ui.starter.pCharTags,Tags: 
ui.starter.pCharTask,"Write a detailed character description for the following character, fitting the story and the other existing characters"
ui.starter.pCondRule,One short item per line. Refer to characters like {0}; use {1} for anyone and {2} for the player.
ui.starter.pCondTask,Task: list the conditions for this scene.
ui.starter.pCvNoClose,This is not the ending — do not wrap up the story
ui.starter.pCvNoReopen,Do not restart the story or reintroduce characters — continue right where it left off
ui.starter.pCvPart,This is part {0} of {1} of the same episode
ui.starter.pCvRuleProse,"Requirements: write it as English novel prose, with narration and dialogue mixed naturally, and pronouns and voice that fit each character · turn ""Narrator:"" into narration and ""Character name:"" into dialogue in quotation marks · no headings, lists or out-of-story explanations, and do not mention the game or the choices · answer with the story text only"
ui.starter.pCvRuleSp,"Requirements: write it as an English screenplay using only this format — scene headings start with ""### "" followed by INT. or EXT. (e.g. ""### INT. BEDROOM - NIGHT"") · the speaker's name starts with ""@"" on its own line (e.g. ""@Mani""), and the next line is the dialogue · the manner of speaking goes in double parentheses ""((whispering))"" under the speaker's name · action is written as plain paragraphs; no scene numbers and no explanations outside the script · answer with the script only"
ui.starter.pCvSource,Source conversation:
ui.starter.pCvTail,End of the part already written (continue smoothly from here without repeating):
ui.starter.pCvTask,Rewrite the following role-play conversation as novel prose
ui.starter.pCvTaskSp,Rewrite the following role-play conversation as a screenplay
ui.starter.pDescRule,Requirements: 2–4 paragraphs written like a back-cover blurb — gripping but without spoiling the ending; answer in simple HTML using only <p> <b> <i> <br>; no headings or out-of-story explanations
ui.starter.pDescTask,Write the story description for the cover page of the following story
ui.starter.pDlgRule,Dialogue only - no narration and no speaker labels.
ui.starter.pDlgTask,Task: write two or three lines of sample dialogue for this character.
ui.starter.pGmAsChar,(the player plays {0}) {1}
ui.starter.pGmLenLong,"Length per turn: long, 4–5 paragraphs"
ui.starter.pGmLenMedium,"Length per turn: medium, 2–3 paragraphs"
ui.starter.pGmLenShort,"Length per turn: short, 1–2 paragraphs"
ui.starter.pGmOpenGiven,The opener the author already wrote:
ui.starter.pGmOpenGivenRule,Keep this opener as-is; continue from it rather than rewriting.
ui.starter.pGmOpenRule,"Drop the player straight into the situation without announcing that it's starting, and end at a moment where the player must decide"
ui.starter.pGmOpenTask,Open the first scene of this episode
ui.starter.pGmRole,"You are the narrator (Game Master) of this role-play story. Your job is to describe the world, control the characters the player isn't playing, and leave room for the player to decide"
ui.starter.pGmRules,"Rules: always answer in English · narrate in prose like a novel, not a report · never decide for the player · don't skip far ahead in time without asking · stay consistent with what has already happened · never explain that you are an AI"
ui.starter.pGmUserChars,Characters played by the player: {0} — never speak or decide for these characters
ui.starter.pGoalRule,One sentence saying where this scene must take the story.
ui.starter.pGoalTask,Task: write the goal of this scene.
ui.starter.pickFromWiki,Choose a character from the Wiki
ui.starter.pickOne,Pick the one you like
ui.starter.pIntroHead,Synopsis:
ui.starter.pIntroRule,"Requirements: a single paragraph of 4–6 sentences, vivid and compelling, making clear who faces what problem and what's at stake; answer with that paragraph only, no heading"
ui.starter.pIntroTask,Write a one-paragraph synopsis for the following story
ui.starter.pMoodRule,"A few words or short phrases, two lines at most."
ui.starter.pMoodTask,Task: describe the mood and tone of this scene.
ui.starter.pNameRule,"Answer with a list, one name per line, with no explanations and no quotation marks"
ui.starter.pNameTask,Suggest 6 English titles for the following story
ui.starter.pOpenerRule,"One paragraph at most, ending on a beat that pulls the reader on."
ui.starter.pOpenerTask,Task: write the opening of this scene.
ui.starter.pRecapRule,"Requirements: 1–2 paragraphs telling what happened, who did what, and where the episode ended, so someone who hasn't read the conversation can follow; answer with the summary only"
ui.starter.pRecapTask,Condense the following conversation into an episode summary
ui.starter.prevStep,Previous step
ui.starter.progress,{0}/{1} filled in
ui.starter.promptAdd,Add a prompt
ui.starter.promptDel,Delete this prompt
ui.starter.promptEmpty,No prompts yet
ui.starter.promptKeyPlaceholder,"Topic, e.g. tone of voice"
ui.starter.promptValPlaceholder,What the AI should do or avoid
ui.starter.pScCond,Conditions to follow:
ui.starter.pScCondRule,"Follow every condition; if two clash, the earlier one wins."
ui.starter.pScDesc,Scene description:
ui.starter.pScGoal,Goal of this scene:
ui.starter.pScMood,Scene mood and tone:
ui.starter.pScMoodRule,Let this tone live in the atmosphere and pacing - never state it outright.
ui.starter.pScNameTask,Suggest 6 English episode titles for an episode with the following synopsis
ui.starter.pScPrev,Previous episode: 
ui.starter.pScRule,"Requirements: a single paragraph of 3–5 sentences saying where this episode starts, what's at stake and where it's left hanging; answer with that paragraph only"
ui.starter.pScSynopsis,Episode synopsis:
ui.starter.pScTask,Write the synopsis of one episode in the following story
ui.starter.pScTitle,Episode title: 
ui.starter.pSelfPronoun,Refers to themselves as 
ui.starter.pTags,Genre: 
ui.starter.pTitle,Title: 
ui.starter.pWHead,Story outline:
ui.starter.pWHint,What this field needs: 
ui.starter.pWRule,Requirements: answer briefly in 1–3 sentences that fit what already exists without contradicting it; answer with that field's content only
ui.starter.pWTask,Help come up with content for the “{0}” field of the following story
ui.starter.recapDone,Episode summarised
ui.starter.reconcileDone,Linked {0} to existing · created {1} new
ui.starter.reconcileGo,Match them
ui.starter.reconcileHint,This story came from another project — choose whether each character should link to an existing one or be created new
ui.starter.reconcileTitle,Match characters to this project's Wiki
ui.starter.rtBold,Bold
ui.starter.rtCenter,Center
ui.starter.rtClear,Clear formatting
ui.starter.rtH2,Heading 2
ui.starter.rtH3,Heading 3
ui.starter.rtImage,Insert image (copied into this story's folder automatically)
ui.starter.rtItalic,Italic
ui.starter.rtLeft,Align left
ui.starter.rtLink,Insert a link
ui.starter.rtLinkAsk,Link to where?
ui.starter.rtLinkNeedSel,Select the text to link first
ui.starter.rtList,Bulleted list
ui.starter.rtListNum,Numbered list
ui.starter.rtPara,Normal paragraph
ui.starter.rtQuote,Block quote
ui.starter.rtRedo,Redo
ui.starter.rtRight,Align right
ui.starter.rtRule,Horizontal rule
ui.starter.rtStrike,Strikethrough
ui.starter.rtUnderline,Underline
ui.starter.rtUndo,Undo
ui.starter.saveFail,Save failed
ui.starter.scAdd,New episode
ui.starter.scAdvBadge,{0} advanced {0|field|fields} set
ui.starter.scAdvHead,Advanced settings
ui.starter.scAdvHint,These fields go straight to the AI - use {0} for anyone and {1} for the player
ui.starter.scAfter,Continues from 
ui.starter.scCond,Scene conditions
ui.starter.scCondHint,The AI follows every item; the earlier one wins when they clash
ui.starter.scCondPlaceholder,"One per line, e.g. {0} must not use real names · {1} decides whether to believe it"
ui.starter.scContinue,Continue playing
ui.starter.scDefaultTitle,Episode {0}
ui.starter.scDelAsk,Delete episode “{0}”?
ui.starter.scDelPlayedAsk,Delete episode “{0}”? {1} {1|turn has|turns have} been played and will all be lost
ui.starter.scDesc,Scene description
ui.starter.scDescPlaceholder,"Where, when, and who is there (you can reference with {0})"
ui.starter.scDlgTitle,Episode settings
ui.starter.scEmpty,No episodes yet — press “New episode” to start playing
ui.starter.scExported, · converted {0} {0|time|times}
ui.starter.scGoal,Scene goal
ui.starter.scGoalPlaceholder,Where this scene must take the story (you can reference with {0})
ui.starter.scMood,Mood and tone
ui.starter.scMoodHint,The AI weaves this into the atmosphere instead of stating it
ui.starter.scMoodPlaceholder,"e.g. tense, hushed, something is off"
ui.starter.scMyChars,Characters you play
ui.starter.scMyCharsHint,The Game Master won't speak for the ones you select — you can select none and play as yourself
ui.starter.scName,Episode title
ui.starter.scNoCast,No named characters yet
ui.starter.scNoMatch,No episodes match the search
ui.starter.scNotPlayed,Not played yet
ui.starter.scOpener,Scene opener
ui.starter.scOpenerHint,Leave it empty and the AI will draft one
ui.starter.scOpenerImage,Opener image
ui.starter.scOpenerImageHint,Shown alongside the opener during play
ui.starter.scOpenerPlaceholder,The first thing the reader sees (you can reference with {0})
ui.starter.scPrev,Continues from episode
ui.starter.scPrevHint,"The next episode receives the previous episode's ""recap"", not the whole conversation"
ui.starter.scPrevMissing,(the previous episode has been deleted)
ui.starter.scPrevNone,"— Start fresh, not continuing from any episode —"
ui.starter.scSearch,Search episodes
ui.starter.scStart,Start playing
ui.starter.scStats,{0} {0|turn|turns} · {1} {1|word|words}
ui.starter.scSynopsis,Episode synopsis
ui.starter.scSynopsisPlaceholder,What will happen in this episode
ui.starter.scThumb,Scene thumbnail
ui.starter.scThumbHint,Used as the scene cover in lists
ui.starter.scUntitled,Untitled episode
ui.starter.searchName,Search by name or other name
ui.starter.searchStarter,"Search by title, tags, synopsis or character name"
ui.starter.speakAs,Speak as
ui.starter.stepCast,Characters
ui.starter.stepCastDesc,"Add as many as you like, created here or pulled from the Wiki — characters created here are saved to the Wiki for you"
ui.starter.stepCover,Story cover
ui.starter.stepCoverDesc,The image shown on the card in the overview
ui.starter.stepDrawFail,Could not draw this step
ui.starter.stepIntro,Title + synopsis
ui.starter.stepIntroDesc,Name the story and write a one-paragraph synopsis — the AI can help if you're stuck
ui.starter.stepTags,Genre
ui.starter.stepTagsDesc,"Choose more than one, or type your own tags — the AI uses this set to set the tone of the whole story"
ui.starter.stepW,4W
ui.starter.stepWDesc,"What, when, where, why — fill in whatever comes to mind; all of it can be skipped"
ui.starter.sumCast,Characters 
ui.starter.sysWriter,"You are a professional novelist who writes natural English. Always answer in English, and answer only with the content requested — no introduction or closing summary"
ui.starter.tagAdd,Add
ui.starter.tagGroupGenre,Genre
ui.starter.tagGroupRating,Rating
ui.starter.tagGroupSetting,Setting
ui.starter.tagGroupTone,Tone
ui.starter.tagOwnPlaceholder,"Type your own tag, then press Enter"
ui.starter.tagPicked,Chosen tags
ui.starter.today,Today
ui.starter.tokDetail,Sent {0} · received {1}
ui.starter.tokLine,{0} {0|token|tokens}
ui.starter.tokNone,No tokens used yet
ui.starter.trGm,Narrator
ui.starter.trPlayer,Player
ui.starter.untitled,Untitled
ui.starter.wAllOptional,Every field in this step can be skipped — fill in whatever comes to mind
ui.starter.welcomeHint,All the stories you've started — each is kept in its own folder under Starters/ and can move between projects
ui.starter.wikiNoChar,This project's Wiki has no characters yet
ui.starter.wikiReadFail,Could not read characters from the Wiki
ui.starter.wikiWriteFail,Could not write to the Wiki
ui.starter.wWhat,What
ui.starter.wWhatHint,What is the story's main event
ui.starter.wWhen,When
ui.starter.wWhenHint,"The era, season or period of the story"
ui.starter.wWhere,Where
ui.starter.wWhereHint,The main place where the story happens
ui.starter.wWhy,Why
ui.starter.wWhyHint,The driving force or reason behind it
ui.starter.yesterday,Yesterday
ui.starter.you,You
ui.status.addStatus,+ Add status
ui.status.addStatusDone,Status added: 
ui.status.copied,Copied
ui.status.customStatusImportFail,custom-status: import failed
ui.status.default,  (standard)
ui.status.delStatus,"Delete status ""{0}""?"
ui.status.delStatus2,Delete this status
ui.status.delStatusDone,Status deleted: 
ui.status.delStatusInUse,"Delete status ""{0}""? — {1} {1|scene still uses|scenes still use} it (they keep the value until you change it)"
ui.status.egEditSendDone,"e.g. Needs revision, Submitted"
ui.status.export,Export…
ui.status.exportSetStatusDone,Exported the status set: 
ui.status.import,Import…
ui.status.importFileStatusNot,Could not import the status file (not valid JSON)
ui.status.importStatusNewList,Imported {0} new {0|status|statuses}
ui.status.loading,Loading...
ui.status.manageStatusScene,Manage scene statuses
ui.status.nameStatusNew,New status name
ui.status.notHasStatusDefine,No custom statuses yet
ui.status.notHasStatusNew,No new statuses to add (all duplicate existing ones)
ui.status.opened,Opened: 
ui.status.orphanOpt,{0} (removed from the list)
ui.status.readSetStatusFile,"Read a status set from a .json file (merged with the existing ones, nothing deleted)"
ui.status.ready,Ready
ui.status.recolorStatus,Change this status's colour
ui.status.saved,Saved
ui.status.saveSetStatusColor,Save the status set + colours as a .json file to use in other projects
ui.status.settingsSaved,Settings saved
ui.status.uiScale,UI size
ui.status.versionRestored,Version restored
ui.status.zoom,Zoom
ui.status.zoomReset,Zoom reset to 100%
ui.tabs.closeOthers,Close other tabs
ui.tabs.closeRight,Close tabs to the right
ui.tabs.copyPath,Copy file path
ui.tabs.inBook,Book {0}
ui.tabs.inBookChapter,Book {0} › Chapter {1}
ui.tabs.overflowList,All tabs
ui.tabs.pathCopied,Path copied: {0}
ui.tabs.pin,Pin tab
ui.tabs.reopenNone,No recently closed tabs to reopen
ui.tabs.revealInTree,Reveal in project tree
ui.tabs.revealNone,This tab has no file in the project tree
ui.tabs.revealNotFound,Could not find this file in the project tree
ui.tabs.unpin,Unpin tab
ui.tags.clickFilterExplorerShow,Click to filter the Explorer → show only scenes tagged: 
ui.tags.delTag,Delete this tag
ui.tags.filterTagF,Filtered by tag: {0} — the Explorer shows only scenes with this tag
ui.tags.list,List
ui.tags.manageVisualTags,Manage Visual Tags
ui.tags.nameTag,Tag name
ui.tags.notHasTagPut,No tags yet — add tags in scene properties or the Wiki
ui.tags.tag, tags
ui.tags.tag2,Tag: {0} ({1})
ui.tags.tag3,Tag cloud
ui.tags.tag4,Tags
ui.tags.tagAll,All tags
ui.tags.tagPaneReadTag,tag-pane: failed to read tags
ui.task.jobFailedF,auto-task: job {0} failed
ui.tbcfg.allOff,All off
ui.tbcfg.allOn,All on
ui.tbcfg.count,{0} of {1} {1|button|buttons} shown
ui.tbcfg.customize,Customize toolbar…
ui.tbcfg.grpAi,AI
ui.tbcfg.grpAlign,Alignment
ui.tbcfg.grpEdit,Edit
ui.tbcfg.grpExt,Extensions
ui.tbcfg.grpFind,Search
ui.tbcfg.grpInsert,Insert
ui.tbcfg.grpLayout,Panel sides
ui.tbcfg.grpPanels,Panels
ui.tbcfg.grpStory,Story tools
ui.tbcfg.grpStyle,Text style
ui.tbcfg.grpTabs,Tabs & layout
ui.tbcfg.grpView,View & modes
ui.tbcfg.hidden,Hid “{0}”
ui.tbcfg.hideThis,Hide “{0}”
ui.tbcfg.hint,Pick which buttons appear — changes apply instantly
ui.tbcfg.missing,(not on the bar)
ui.tbcfg.reset,Reset
ui.tbcfg.resetDone,Toolbar reset to defaults
ui.tbcfg.showAll,Show all buttons
ui.tbcfg.title,Customize toolbar
ui.textCase.aLtErNaTeCAsEToggleItem,aLtErNaTe cAsE — alternate lower/upper
ui.textCase.capitalizeCaseAllWord,Capitalize Case — capitalise every word
ui.textCase.iNVERSECASEBackItem,iNVERSE cASE — swap lower↔upper
ui.textCase.lowerCaseItemSmall,lower case — all lower case
ui.textCase.sentenceCaseSentenceItem,Sentence case — capitalise the start of sentences
ui.textCase.titleCaseStyleTitle,Title Case — like a title
ui.textCase.uPPERCASEItemBig,UPPER CASE — all upper case
ui.themes.claude,Terracotta (Claude Code)
ui.themes.dva,Gamer Pink (D.Va)
ui.themes.excel,Grid Green (Excel)
ui.themes.flower,Flower Garden
ui.themes.fruit,Fruit Salad
ui.themes.gundam,Tricolor Mobile Suit (Gundam)
ui.themes.kimi,Moonlight (Kimi)
ui.themes.lagoon,Sunny Lagoon
ui.themes.macintosh,Platinum (Classic Macintosh)
ui.themes.neonPop,Neon Pop
ui.themes.opencode,Terminal Peach (opencode)
ui.themes.plumWine,Plum Wine
ui.themes.powerpoint,Slide Brick (PowerPoint)
ui.themes.rainbow,Rainbow
ui.themes.sakuraMist,Sakura Mist
ui.themes.tropical,Tropical
ui.themes.vscode,Code Dark (VS Code)
ui.themes.word,Document Blue (Word)
ui.thes.close,Close
ui.thes.copied,Copied: 
ui.thes.notFound,"No synonyms/antonyms for """
ui.thes.selectWordFirst,Select a word first
ui.thes.thesaurusSearchNotOk,thesaurus: search failed
ui.timeline.addEvent,+ Add event
ui.timeline.addEventTip,Add a new event (or double-click empty space on the board)
ui.timeline.backLinks,{0} {0|link goes|links go} backwards in time (red dashes) — the cause happens after the effect; check it's intended
ui.timeline.boardHint,"Drag a card = move in time · drag an edge = stretch · drag the dot on its right = ""leads to"" link · Ctrl+click = open · Ctrl+wheel = zoom · drop characters/scenes from the Explorer"
ui.timeline.boardLabel,Timeline board
ui.timeline.cardMenu,Card actions
ui.timeline.clickEditEvent,Click to edit the event
ui.timeline.clickOpenScene,Click to open this scene
ui.timeline.colDesc,Description
ui.timeline.colKind,Kind
ui.timeline.colRefs,References
ui.timeline.colTitle,Title
ui.timeline.colTrack,Track
ui.timeline.colWhen,Start
ui.timeline.colWhenEnd,End
ui.timeline.delEventQ,"Delete the event ""{0}""?"
ui.timeline.dropSceneNoRef,"Scene cards can't take references — drop on an event card, or on empty space to create an event"
ui.timeline.editEvent,Edit event
ui.timeline.export,Export
ui.timeline.exportCsv,CSV table (Excel)
ui.timeline.exportDone,Timeline exported: {0}
ui.timeline.exportEmpty,The timeline is empty — nothing to export
ui.timeline.exportHtml,HTML page (opens in a browser)
ui.timeline.exportMd,Markdown (text)
ui.timeline.exportPng,PNG image
ui.timeline.exportTip,Export the timeline as an image / HTML / Markdown / CSV
ui.timeline.handleEnd,Drag to change the end time
ui.timeline.handleStart,Drag to change the start time
ui.timeline.hasDotEventTime,{0} {0|place|places} where events share the same time (highlighted orange) — check whether that's intended
ui.timeline.lineTime,Timeline
ui.timeline.linkAdded,Events linked
ui.timeline.linkCancel,Linking cancelled
ui.timeline.linkDotTip,Drag onto another card = this event leads to that one
ui.timeline.linkExists,These two cards are already linked
ui.timeline.linkFromHere,Link to another card…
ui.timeline.linkPickHint,"Click the card that ""{0}"" leads to (Esc = cancel)"
ui.timeline.linksHead,Links
ui.timeline.note, notes
ui.timeline.notHasEventPress,"No events yet — press ""＋ Add event"" or set a scene's ""Story time"" in its scene properties"
ui.timeline.nowLine,Open scene: {0}
ui.timeline.open,Open: 
ui.timeline.openScene,Open scene
ui.timeline.refAdded,"Added {0} as a reference of ""{1}"""
ui.timeline.refsMenu,Open a reference
ui.timeline.sceneTimeFail,Couldn't set the scene's time
ui.timeline.trackHide,"Hide the ""{0}"" track"
ui.timeline.trackShow,"Show the ""{0}"" track"
ui.timeline.undated,No time set
ui.timeline.undatedChipTip,Drag onto the board to set its time · double-click = edit
ui.timeline.undatedTray,No time yet ({0})
ui.timeline.unlink,Remove a link
ui.timeline.unlinkThis,Remove this link
ui.timeline.viewBoard,Board
ui.timeline.viewBoardTip,"Horizontal board — cards span their time range; drag to move, stretch and link"
ui.timeline.viewGanttMustHas,"The Gantt view needs events with a numeric time (e.g. ""Year 1024"") — there are none yet"
ui.timeline.viewList,List
ui.timeline.viewListTip,Vertical list in time order
ui.timeline.zoomFit,Fit to frame
ui.timeline.zoomIn,Zoom in (Ctrl+wheel)
ui.timeline.zoomOut,Zoom out (Ctrl+wheel)
ui.tip.about,"Shows the app version, credits, and the licences of the components it uses."
ui.tip.ai-analyzer,"Opens the AI analysis panel — pacing, character arcs, repeated words and more."
ui.tip.ai-assistant,"Lets AI expand, summarise or rewrite the selected text; you decide whether to use the result."
ui.tip.ai-chat,Opens the AI chat panel to talk about your writing. Each conversation is kept as a session in the project.
ui.tip.ai-chat-dialog,Opens the older AI chat dialog (from before the chat panel); it can answer questions about the project too.
ui.tip.ai-chat-new,Starts a new AI chat session. Earlier conversations stay in the session list.
ui.tip.ai-chat-toggle,Opens or closes the AI writing assistant panel; press again to close.
ui.tip.ai-consistency,Has AI check whether characters speak and act consistently with the Wiki and earlier scenes.
ui.tip.ai-dialogue,"Has AI draft a conversation between characters for a situation you describe, for you to rework."
ui.tip.ai-menu,"Opens one menu with every AI tool: AI Hub, writing assistant, chat, analyzer and Story Starter."
ui.tip.ai-plot,"Has AI look for contradictions and gaps in logic (plot holes), pointing to the scenes involved."
ui.tip.ai-settings,"Sets the AI provider, key, model and parameters shared by every AI feature."
ui.tip.ai-summary,Has AI summarise the whole project — for a refresher or a starting point for a synopsis.
ui.tip.ai-title,Has AI suggest titles from your content; pick one to set it as the project title.
ui.tip.ai-world,"Has AI build out your story world — geography, culture, history — and save the result as Wiki pages."
ui.tip.all-notes,Lists the quick notes from every scene in one place; click one to go to its scene.
ui.tip.auto-fit-width,"Turns automatic fitting on or off: the page shrinks to fit when the document panel is narrower than the page, and grows back when it widens (never above the zoom you set yourself)."
ui.tip.auto-sync,Turns the automatic tasks that keep project data up to date while you work on or off.
ui.tip.auto-sync:false,Turns off the automatic tasks that keep project data up to date.
ui.tip.auto-sync:true,Turns on the automatic tasks that keep project data up to date while you work.
ui.tip.backup-now,Backs up the whole project right now instead of waiting for the automatic backup. Good before a big rewrite.
ui.tip.blockStyle,Turns the whole paragraph into a heading level or a quote. Headings are what the navigation panel and table of contents read.
ui.tip.books,"Manage books and drafts — covers, blurbs, status, and drag to reorder."
ui.tip.branch-sync,Reads the choices written in this scene as [text] in square brackets and turns them into paths on the branch map.
ui.tip.branching,"Opens the branching story map, showing where each scene’s choices lead — for visual novels and story games."
ui.tip.changelog,See what each version of the app added or fixed.
ui.tip.chapter,Creates a new chapter in the book you choose and opens it. A chapter groups several scenes together.
ui.tip.chapters,"Opens the chapter manager — chapter covers, order, and statistics for every chapter in the book."
ui.tip.char-map,"Insert special characters that aren’t on your keyboard, such as typographic punctuation or symbols."
ui.tip.character,Creates a new character page in the Wiki from the character template — a place for the details you look up while writing.
ui.tip.cheatsheet,"Shows every keyboard shortcut on one page, reflecting your own settings."
ui.tip.check-update,"Checks for a newer version and always tells you the result, even when you are already up to date."
ui.tip.close-all-tabs,Closes every document tab. If any tab has unsaved changes you are asked first.
ui.tip.close-tab,"Closes the current tab, always asking first if it has unsaved changes."
ui.tip.comments,"Opens comments for the current scene — attach notes to text, reply, and resolve them."
ui.tip.compile,"Exports the manuscript through a workflow of steps you control — strip comments, merge chapters, add headings — before converting to the final file."
ui.tip.confirm-quit,"Quits the app. If anything is unsaved, you get a list to decide on first."
ui.tip.custom-status,"Add, rename or remove the scene statuses (draft, revising, done…) used across the project."
ui.tip.dashboard,"Opens the project dashboard — word count against your goal, scene status, and chapter lengths."
ui.tip.delete-line,Deletes the whole line the cursor is on in one go — no need to select it first.
ui.tip.dev-console,"Opens the Chromium developer tools, for tracking down why something misbehaves."
ui.tip.editor-redo,Reapply what you just undid — handy for flipping between two versions of a sentence.
ui.tip.editor-undo,"Step back through your edits, one change at a time, all the way to when you opened this scene."
ui.tip.export-blog,Exports a single formatted HTML page ready to paste into a blog or website.
ui.tip.export-draft,Exports the whole draft as a single Markdown file.
ui.tip.export-fdx,Exports the screenplay as a Final Draft (.fdx) file to continue in other screenwriting software.
ui.tip.export-hub,"Every way to export in one dialog: pick a destination, adjust the settings, and preview before saving."
ui.tip.export-json,Exports all project data as one JSON file — for backup or for other tools.
ui.tip.export-language-csv,Exports the app’s text as a CSV table (key · Thai · English) so translators can work in a spreadsheet.
ui.tip.export-panel,"Export a panel's content (timeline · map · boards · graphs, etc.) in the chosen format"
ui.tip.export-panel-layout,"Saves the current panel layout as a JSON file, to keep as a reference or attach to a panel bug report."
ui.tip.export-pdf,"Opens the export hub to make a PDF, with a preview before you save."
ui.tip.export-pdf-builtin,"Exports a PDF directly with the built-in PDF generator, bypassing the export hub."
ui.tip.export-rtf,Exports the screenplay as an RTF file that opens in Word and most word processors.
ui.tip.export-watermark,"Sets a watermark printed across every page of exported files — a recipient’s name, or the word DRAFT."
ui.tip.export-zip,"Packs the whole project folder into one ZIP file, for backup or sharing."
ui.tip.find,Finds and replaces inside the document you have open right now.
ui.tip.floorplan,Opens the floor plan for the current scene — pin where on the map this scene takes place.
ui.tip.fmt,"Text formatting — bold, headings, lists and so on; each button says which style it applies."
ui.tip.fmt:align:center,"Centres the text. Good for titles, dedications and short verse — poor for long body text."
ui.tip.fmt:align:justify,Stretches each line to touch both margins for a clean book-like edge — but can open wide gaps on lines with long words.
ui.tip.fmt:align:left,"Aligns text to the left margin. This is the default for body text: every line starts in the same place, so the eye finds the next line quickly."
ui.tip.fmt:align:right,"Aligns text to the right margin — typically for dates, bylines, or screenplay transitions."
ui.tip.fmt:bold,Makes the selected text bold. Use it to stress a key word — overuse it and nothing stands out.
ui.tip.fmt:clear,"Removes bold, italic, underline and colour from the selected text, leaving plain text."
ui.tip.fmt:code,"Turns the paragraph into a code block, shown in a monospaced font with no formatting inside."
ui.tip.fmt:heading:1,"Makes this paragraph a level-1 heading — the largest, usually a title or part name. In a screenplay the same key makes a scene heading."
ui.tip.fmt:heading:2,Makes this paragraph a level-2 heading — usually a chapter title.
ui.tip.fmt:heading:3,Makes this paragraph a level-3 heading — usually a section inside a chapter.
ui.tip.fmt:heading:4,Makes this paragraph a level-4 heading — the deepest level that still appears in the outline.
ui.tip.fmt:hr,Inserts a horizontal rule — for a time skip or a change of viewpoint within a scene.
ui.tip.fmt:italic,"Italicises the selected text — commonly used for inner thoughts, titles of works, and foreign words."
ui.tip.fmt:ol,Turns the selected paragraphs into a numbered list — for steps or anything with a required order.
ui.tip.fmt:paragraph,"Turns the paragraph back into body text, removing a heading or quote style."
ui.tip.fmt:quote,"Turns this paragraph into a block quote, indented with a bar on the left — good for letters or quoted passages."
ui.tip.fmt:strike,Strikes through the selected text — shows that something was cut while keeping it visible.
ui.tip.fmt:sub,Lowers the selected text — for chemical formulas and subscripts.
ui.tip.fmt:sup,Raises the selected text — for exponents and footnote reference numbers.
ui.tip.fmt:ul,Turns the selected paragraphs into a bulleted list — for items whose order does not matter.
ui.tip.fmt:underline,Underlines the selected text. Use sparingly in print — it reads harder than bold or italic.
ui.tip.fmtbar-align,Snaps the floating format bar to the top or bottom edge of the writing area; press again to switch.
ui.tip.fmtbar-here,"Brings the floating format bar to where your mouse is, so you don’t have to look for it."
ui.tip.fmtbar-lock,Locks the floating format bar in place so it can’t be dragged by accident; press again to unlock.
ui.tip.fmtbar-opacity,"Cycles the floating format bar through 100%, 50% and 5% opacity. A faded bar becomes solid again when you point at it."
ui.tip.focus-mode,"Hides everything around the writing area, leaving only the page, so you can write without distraction."
ui.tip.gallery,"Opens the project image library: organise albums, see where each image is used, and use images in scenes or the Wiki."
ui.tip.gallery-board,Opens an album’s mood board; drag images from the library to build the look and feel of the story.
ui.tip.gallery-dups,"Finds duplicate images in the library, to clean up files imported twice."
ui.tip.gallery-export-used,Exports only the images actually used in scenes or the Wiki to a folder you choose.
ui.tip.gallery-new-album,"Creates a new album in the image library, to group images — by character or location, say."
ui.tip.gallery-unused,Shows images in the library that aren’t used anywhere yet.
ui.tip.global-search,"Searches every scene, chapter and wiki page in the project at once. Supports AND, OR, NOT and field-specific queries."
ui.tip.goto,"Opens a box where you type a page or scene number, then jumps straight there. Handy in long documents."
ui.tip.goto-page,"Jumps to a given page in the open document, using the page numbers of the page view."
ui.tip.goto-page:1,Jumps back to the first page of the document.
ui.tip.goto-scene,Jumps to a given scene by its number — useful in screenplays with many scene headings in one file.
ui.tip.goto:page,"Opens a box to type a page number, then jumps to that page."
ui.tip.goto:scene,"Opens a box to type a scene number, then jumps to that scene."
ui.tip.home,"Opens the home screen — recent projects, and creating or opening another project."
ui.tip.import-language-csv,"Imports translations from an edited CSV file, merging them into the project’s language files with immediate effect."
ui.tip.import-script,"Imports a screenplay from Fountain, Final Draft (FDX), Celtx, Fade In or Adobe Story, with a preview first."
ui.tip.import-scrivener,"Imports a Scrivener (.scriv) project as a Killian project, keeping its chapters and scenes."
ui.tip.insert-image,Inserts a picture at the cursor. The file is copied into the project's Images folder for you.
ui.tip.insert-shortcode,"Inserts a shortcode that is replaced by a real value on export — the title, chapter name or date."
ui.tip.kanban,Opens a Kanban board of scenes by status. Drag a card to another column to change its status.
ui.tip.lang-fonts,"Choose fonts by character range — one font for Thai, another for Latin — for both prose and scripts."
ui.tip.line-numbers,Shows line numbers in the left gutter — useful when discussing or applying notes to specific lines.
ui.tip.location,Creates a new location page in the Wiki from the location template — for the look and feel of your settings.
ui.tip.maps,"Opens your story-world maps: pin characters and places, and nest maps from world down to city and room."
ui.tip.markdown-codes,Shows or hides the leading markdown codes (# > . @). Hidden reads cleaner; shown reveals the real structure stored in the file.
ui.tip.memo,"Creates a memo in the project for ideas, research, or anything that has no home yet — kept apart from the manuscript."
ui.tip.nbsp,Inserts a space that never breaks across lines — keeps things like a number and its unit together.
ui.tip.network,"Opens the Story Network — a relationship map of characters, places and items, in 2D or 3D."
ui.tip.new-entity,"Creates a new Wiki page in the chosen category, from that category’s template."
ui.tip.new-entity:characters,Creates a new character page in the Wiki from the character template.
ui.tip.new-entity:items,"Creates a new item page in the Wiki — weapons, artefacts, or anything important a character carries."
ui.tip.new-entity:locations,Creates a new location page in the Wiki from the location template.
ui.tip.new-entity:lore,"Creates a new lore page in the Wiki — history, religion, rules of magic, anything about how your world works."
ui.tip.new-from-template,Creates a new project from a template that already has a story structure and Wiki categories set up.
ui.tip.new-project,Creates an empty project in the folder you choose. Everything is stored as .md and .json you can edit outside the app.
ui.tip.next-tab,"Switch to the next tab in tab-bar order (wraps around at the end) · While typing a screenplay, the first key of this command cycles element types instead (Settings → Screenplay keys)"
ui.tip.onset-toggle,"For a ""problem scene"": switch between the original (read-only) and the revised version — colour bands and a ! in the margin mark what differs · print/export always use the revised version"
ui.tip.open-project,Opens an existing project folder — the one containing project.khn.json.
ui.tip.open-project-path,Opens a project from the recent projects list.
ui.tip.page-guides,"Shows dashed margin guides on all four sides, so you can see where text will sit on the printed page."
ui.tip.page-headers,"Sets the header printed on every page — title, author, or draft number."
ui.tip.page-numbers,Shows or hides page numbers in the top-right corner of screenplay pages.
ui.tip.page-setup,"Sets paper size, margins and script format — affecting both the screen and exported files."
ui.tip.pageView,"Choose how pages are shown: Normal for writing, Layout to see real page breaks, Draft for plain fast reading."
ui.tip.panel-system,"Choose which panels to show or hide, and see what each one is for."
ui.tip.panels-hide-all,"Temporarily hides every panel, leaving just the writing area. Press again to bring them back where they were."
ui.tip.panels-hide-left,Temporarily hides the panels on the left; press again to restore them.
ui.tip.panels-hide-right,Temporarily hides the panels on the right; press again to restore them.
ui.tip.panels-side-bottom,Hide panels docked below the writing area; press again to bring them back
ui.tip.panels-side-left,Hide every panel docked left of the writing area; press again to bring them back
ui.tip.panels-side-right,Hide every panel docked right of the writing area; press again to bring them back
ui.tip.panels-side-top,Hide panels docked above the writing area; press again to bring them back
ui.tip.pb-align-center,Centres the text inside the card horizontally.
ui.tip.pb-align-left,Pushes the text inside the card to the left. The card itself does not move.
ui.tip.pb-align-right,Pushes the text inside the card to the right.
ui.tip.pb-back,Sends the selected cards to the back of the stack.
ui.tip.pb-border,The card's border colour — marks an important card without changing its fill.
ui.tip.pb-connector,"Switches to the connector tool: click the source card, then the target."
ui.tip.pb-delete,Deletes the selected cards from the board — undo brings them back.
ui.tip.pb-duplicate,"Copies the selected cards, offset slightly."
ui.tip.pb-fill,The card's fill colour — faster to group things by eye than by reading names.
ui.tip.pb-fit,Zooms so everything on the board fits the screen at once.
ui.tip.pb-font-bigger,Grows the selected cards' text by one step.
ui.tip.pb-font-smaller,Shrinks the selected cards' text by one step.
ui.tip.pb-frame,Drops a frame to group an area — e.g. one act or one storyline.
ui.tip.pb-front,Brings the selected cards to the front of the stack.
ui.tip.pb-fullscreen,Expands the board to fill the window. Press Esc to leave.
ui.tip.pb-grid,Shows or hides the grid. It does not move anything.
ui.tip.pb-image,Puts a picture inside the selected card; with nothing selected it creates a new picture card.
ui.tip.pb-lock,Locks the card against accidental dragging or editing. Press again to unlock.
ui.tip.pb-redo,Reapplies what you just undid.
ui.tip.pb-snap,"When on, cards lock onto the grid when moved, drawn, or resized."
ui.tip.pb-sticky,"Drops a new sticky note in the middle of the view, ready to type."
ui.tip.pb-textcolor,The colour of the text inside the card.
ui.tip.pb-todo,Drops a checklist card — tick items directly on the card.
ui.tip.pb-undo,"Steps back through board edits, one at a time."
ui.tip.pb-valign-bottom,Pushes the text to the bottom of the card.
ui.tip.pb-valign-middle,Centres the text vertically in the card.
ui.tip.pb-valign-top,Pushes the text to the top of the card — good for tall cards with a picture below.
ui.tip.planner,"Opens the free-form planning board — lay out scene cards, notes and images, and connect them."
ui.tip.planner-align,"Aligns text inside planner cards left, centre or right."
ui.tip.planner-valign,"Aligns text inside planner cards to the top, middle or bottom."
ui.tip.planner-valign:bottom,Pushes the selection to the bottom edge. Planner board only.
ui.tip.planner-valign:middle,Centres the selection vertically. Planner board only.
ui.tip.planner-valign:top,"Pushes the selection to the top edge. Planner board only: several items align to their shared bounds, a single item aligns inside its frame."
ui.tip.plAuto,Re-arranges every card into a tidy grid — for when the board has become too messy to read.
ui.tip.player-history,Shows the sequence of choices made while play-testing a branching story.
ui.tip.player-mode,"Play-test a branching story as a reader, choosing at each scene to check every path actually works."
ui.tip.plBg,"Sets the canvas background: a plain colour, or an image with your choice of placement, blur and opacity."
ui.tip.plFit,Zooms and pans so that everything on the board fits the screen at once.
ui.tip.plFull,Expands the board to fill the window and hides every other panel. Press Esc or the same button to leave.
ui.tip.plGrid,"Grid settings: show/hide, spacing, dots or lines, and snap — which locks cards onto the grid both when moving and when drawing."
ui.tip.plJson,"Exports the whole board as a JSON file anywhere you like — cards, connectors, groups and settings included."
ui.tip.plNew,Starts a new blank board. Every board is a JSON file in the project's Planners folder.
ui.tip.plOpen,Switches to another board in this project. You are asked first if the current board has unsaved changes.
ui.tip.plPng,"Exports the board as a 2× PNG image, cropped to the area that actually has content."
ui.tip.plugin:k2test:hello,"A sample command from the test plugin, used to confirm plugins can register commands."
ui.tip.prev-tab,"Switch to the previous tab in tab-bar order (wraps around at the start) · While typing a screenplay, the first key of this command cycles element types instead (Settings → Screenplay keys)"
ui.tip.print,"Prints the open document with your page settings. If checking before printing is on, the script is checked first."
ui.tip.project-doctor,"Checks that the scene index matches the real files — finds orphan files, scenes sharing a file, ghost folders and broken file headers — and repairs them"
ui.tip.project-replace,"Replaces text in every scene and note of the project at once, with a preview first, skipping locked scenes"
ui.tip.project-setup,"Sets the work’s details — author, agent, copyright — used on title pages and in exported files."
ui.tip.prose-indent,Turns automatic first-line paragraph indents in prose on or off.
ui.tip.prose-setup,"Sets prose formatting — indents, line spacing, heading styles — on screen and in exported files."
ui.tip.quick-note,Jot down a thought without leaving the scene you are writing. All notes collect in the notes panel.
ui.tip.quick-open,Find any file in the project by typing part of its name and open it — no digging through the tree.
ui.tip.read-book,"Reads the whole book as one continuous, read-only document — good for a full read-through."
ui.tip.reading-mode,"Enters full-screen reading mode — hides every toolbar and panel, leaving only the page."
ui.tip.remove-elements,Removes every line of the chosen element types from the script at once — such as all notes before sending it out. Can be undone.
ui.tip.reopen-closed-tab,"Reopens the document you just closed. Press again to go further back, one tab at a time."
ui.tip.replace,Opens the find bar with the cursor already in the replace box. Applies to the document you have open right now.
ui.tip.reset-panels,Resets the panel layout to the app default — for when panels go missing or the layout gets muddled.
ui.tip.reveal-active,"Scroll the project tree to the open file, expand collapsed chapters/books and flash the row"
ui.tip.revert,Discards unsaved changes and reloads the content from the last saved file.
ui.tip.roster,Builds a cast-of-characters page for the book from the characters in the Wiki.
ui.tip.save,Saves the document in the current tab to its file.
ui.tip.save-all,"Saves everything with pending changes at once — document tabs, planner boards and branch plans."
ui.tip.save-as,Saves this tab’s content as a new .md file wherever you choose. The original file is left untouched.
ui.tip.scene,Creates a new scene in the chapter you choose. Scenes are the smallest unit of the story; each is its own .md file.
ui.tip.scene-numbers,"Shows or hides scene numbers on both sides of screenplay scene headings, on screen and in exports."
ui.tip.scratchpad,"Opens the quick notebook for jotting down passing thoughts, separate from the manuscript."
ui.tip.select-scene,"Selects the whole scene the cursor is in, from its heading up to the next one — for copying or moving scenes in a screenplay."
ui.tip.set-format,Switches the document between prose and screenplay mode.
ui.tip.set-format:prose,"Switches this document to prose mode — paragraphs, headings and lists."
ui.tip.set-format:screenplay,"Switches this document to screenplay mode — scene headings, action, characters and dialogue."
ui.tip.settings,"Opens project and app settings — saving, fonts, page setup, language and shortcuts."
ui.tip.show-log,"Opens the app’s activity log, to look into errors or attach to a bug report."
ui.tip.show-panel,"Opens the specified panel, or brings it into view if it is already open."
ui.tip.smart-manage,Review and remove words SmartType has learned — like a misspelled character name it picked up.
ui.tip.sp-auto-capitalize,Automatically capitalises the first letter of each sentence as you type in a screenplay.
ui.tip.sp-auto-correct-i,Automatically corrects a lone i to I in English screenplays.
ui.tip.sp-check-all,Checks the whole script’s formatting and lists every problem; click one to jump to that line.
ui.tip.sp-check-toggle,"Checks script formatting before every print or export, asking before continuing if problems are found."
ui.tip.sp-compare,"Compares two open documents line by line, showing what was added, removed or changed between versions."
ui.tip.sp-continued,Adds continuation marks (CONTINUED · MORE · CONT'D) automatically when a scene or speech breaks across pages.
ui.tip.sp-element,"Changes the element type of a screenplay line — scene heading, action, character, dialogue and so on."
ui.tip.sp-element-caps,"Choose which element types are forced to upper case, such as scene headings or character names."
ui.tip.sp-element:act-break,"Turns this line into an act break, marking a major division of the story."
ui.tip.sp-element:dialogue,"Turns this line into dialogue, placed under the character name with standard script margins."
ui.tip.sp-element:note,"Turns this line into a writer’s note — a reminder to yourself, not part of the script the actors read."
ui.tip.sp-element:parenthetical,"Turns this line into a parenthetical such as (whispering), placed between the character name and the dialogue."
ui.tip.sp-element:shot,"Turns this line into a shot, such as CLOSE ON — for when the camera angle genuinely matters."
ui.tip.sp-element:transition,"Turns this line into a transition such as CUT TO:, right-aligned in standard script format."
ui.tip.sp-extension,"Adds an extension after a character name, such as (V.O.) for voice-over or (O.S.) for off-screen."
ui.tip.sp-find-error,Jumps to the next place the script checker flags as incorrectly formatted.
ui.tip.sp-force-case,"Forces standard upper case on scene headings, character names and transitions. Turn off to type as you like."
ui.tip.sp-report,"Opens a screenplay report — characters, locations, or the dialogue chart."
ui.tip.sp-report:character,Reports which scenes each character appears in and how much they speak.
ui.tip.sp-report:chart,A chart of how much each character speaks on every page.
ui.tip.sp-report:location,Reports which scenes use each location — handy for planning a shoot.
ui.tip.sp-show-format,"Shows element outlines and end-of-line marks, so you can see what type each line is."
ui.tip.sp-thai-font,Switches screenplays to a Thai font instead of the standard monospaced script font.
ui.tip.sp-view,"Changes how the document is displayed — normal, draft, layout, side by side, or overview."
ui.tip.sp-view:draft,Draft view: plain text with no pages or scene numbers — for writing fast.
ui.tip.sp-view:layout,"Layout view: shows the real page breaks, exactly as in the exported file."
ui.tip.sp-view:normal,Normal view: write on one continuous page without page breaks.
ui.tip.sp-view:overview1,"Tightest overview, 1px per character — see the shape of the story and how dense each page is."
ui.tip.sp-view:overview4,Overview at 4px per character — still shows page structure and scene headings.
ui.tip.sp-view:side,"Shows pages in pairs, like an open book."
ui.tip.spElem,"The screenplay element for this line (scene heading, action, character, dialogue) — it sets the margins and capitalisation."
ui.tip.split-add,"Adds another split pane; you can nest several, both side by side and stacked."
ui.tip.split-close,Merges the split panes back into a single writing area.
ui.tip.split-view,"Splits the writing area in two, to compare two documents or view two places in the same scene."
ui.tip.split-view:down,Splits the writing area into top and bottom panes.
ui.tip.split-view:right,Splits the writing area into left and right panes.
ui.tip.sprint,"Times a writing sprint, counts the words you write during it, supports a word goal and keeps the stats in the project"
ui.tip.story-starter,"Opens Story Starter: set up a story, characters and opening scene step by step, then play it out in episodes with AI."
ui.tip.story-starter-toggle,Opens or closes Story Starter — set a story up step by step and play it out with AI. Press again to close.
ui.tip.sync-scene-meta,Reads scene properties back from the .md file headers — use after editing files in another program.
ui.tip.test-run,Runs the app’s self-test suite (for developers).
ui.tip.text-case,Changes the selected text to a given letter case. Affects Latin letters.
ui.tip.text-case-cycle,Cycles the selected text through letter-case styles; press again until you get the one you want. Affects Latin letters.
ui.tip.text-case:aC,Alternates lower and upper case letter by letter — for a mocking or odd-sounding effect.
ui.tip.text-case:CC,Capitalises the first letter of every word.
ui.tip.text-case:iC,Swaps lower and upper case — fixes text typed with Caps Lock on by mistake.
ui.tip.text-case:lc,Changes the selected text to all lower case.
ui.tip.text-case:SC,Capitalises the start of each sentence and lower-cases the rest.
ui.tip.text-case:TC,Title case: capitalises the important words and leaves small words like of and the in lower case.
ui.tip.text-case:UC,Changes the selected text to all upper case.
ui.tip.thesaurus,"Looks up synonyms and antonyms for the selected word, to help you avoid repeating yourself."
ui.tip.timeline,"Opens the story timeline, ordering events and scenes by in-story time, as cards or a Gantt chart."
ui.tip.title-pages,"Create or edit title pages for scripts and books, placed at the front of exported files."
ui.tip.toggle-fab,Shows or hides the floating button in the bottom-right corner that gathers the create-new commands.
ui.tip.toggle-format,Switch this file between prose and screenplay. The text is converted to the other format's grammar.
ui.tip.toggle-home-always,"Shows the home screen every time the app starts, even if a project was open last time."
ui.tip.toggle-open-last,"Opens your most recent project straight away when the app starts, skipping the home screen."
ui.tip.toggle-panel,Opens or closes the specified panel.
ui.tip.toggle-panel:ai-analyzer,"AI manuscript analysis — pacing, character arcs, repeats, conflict, scene length, plot holes, continuity, shipping, scoring, screentime."
ui.tip.toggle-panel:ai-chat,Chat with AI about your writing — separate sessions like opencode · choose a mode (plan/co-write) · choose a model · decide how much it can see (project/book/chapter/scene)
ui.tip.toggle-panel:ai-hub,One door into every AI feature · shows at a glance whether it is set up
ui.tip.toggle-panel:backlinks,Every scene that mentions each entity
ui.tip.toggle-panel:books,Manage books and drafts — covers · blurbs · status · per-book stats · drag to reorder books
ui.tip.toggle-panel:branch,"Branching story chart — scene boxes joined by choice lines · drag cards around · pick card/line colours · warns about dead ends, loops and choices without a target · export as HTML/Markdown/JSON/image"
ui.tip.toggle-panel:chapters,"Chapter covers, order and stats for every chapter in a book"
ui.tip.toggle-panel:codex,"All the book's Wiki entities as an encyclopedia — browse by category, search by name/nickname · export as a Fandom/Wikia-style website that works fully offline"
ui.tip.toggle-panel:comments,Opens the comments panel — every note left inside the text in one list. Click an entry to jump to it.
ui.tip.toggle-panel:dashboard,Progress overview — word count against goals · share of scenes by status · length of each chapter
ui.tip.toggle-panel:dialogue,"All dialogue in the project — filter, jump, edit inline"
ui.tip.toggle-panel:dlgb,"Let AI play your Wiki characters turn by turn, then drop the lines you like into the script at the cursor — open it when you are stuck on dialogue"
ui.tip.toggle-panel:docs,"The main writing area — every open tab: scenes, screenplays and Wiki pages (cannot be closed)"
ui.tip.toggle-panel:floorplan,"Where this scene happens — map + ""You are here"" pin + that location's timeline + what's seen/heard/found in the open scene"
ui.tip.toggle-panel:gallery,"Every image in the project's Images folder — drag into a document to insert, or choose as a cover/portrait in the Wiki"
ui.tip.toggle-panel:gallery-board,A canvas for each album's reference images — open it beside the image library and drag images on · move/resize/zoom freely · removing from the board doesn't delete files
ui.tip.toggle-panel:history,"A timeline of what was done to the project's files, with a way back to any point · how many are kept is set at Settings → Project info (default 32)"
ui.tip.toggle-panel:kanban,Scene board by status — drag a card to another column to change that scene's status at once
ui.tip.toggle-panel:log,The app's activity log — for tracking down causes when something doesn't behave as expected
ui.tip.toggle-panel:maps,"Maps of the story world — drop pins on an image, link pins to scenes/locations · portal pins lead into sub-maps"
ui.tip.toggle-panel:network,Relationship chart of characters/locations/items — drag nodes to arrange them · line colours show the relationship type · double-click to open that Wiki page
ui.tip.toggle-panel:notes,A place to jot down passing ideas without touching the manuscript — notes are linked to the scene open when you write them
ui.tip.toggle-panel:outline,"Heading outline of ""the open file"" — click a heading to jump to that place in the document"
ui.tip.toggle-panel:planner,"A free-form card board — place notes, images and links to scenes anywhere on the canvas · for piecing the plot together before writing"
ui.tip.toggle-panel:planner-props,Properties of the card or connector selected on the Planner board — name · summary · colour · status · tags · size · line style
ui.tip.toggle-panel:player,Read the story as a player — scene text is read-only; press choice buttons to keep going · you can go back · each run's path is kept to review later
ui.tip.toggle-panel:plugins,"Manage installed plugins — enable, reload, run commands"
ui.tip.toggle-panel:props,Properties of the selected scene — synopsis · point of view · mood · conflict · status · colour · tags · saved automatically as you type
ui.tip.toggle-panel:record,"Log what you did today — mood, word count, time spent, tags · export as CSV for further summaries"
ui.tip.toggle-panel:search,"Search text across the whole project — every scene, every book and the Wiki pages · click a result to open the file at that line"
ui.tip.toggle-panel:starter,"Create a story, characters and opening scenes, then play it episode by episode with AI"
ui.tip.toggle-panel:statusbar,Summary of the open work — word/page counts · script errors · page zoom slider
ui.tip.toggle-panel:timeline,"Events in ""story time"" order — switch between card and Gantt views · scenes with a storyDate appear on their own"
ui.tip.toggle-panel:toolbar,All formatting buttons and mode switches — bold/italic · alignment · reading/focus modes · show/hide other panels
ui.tip.toggle-panel:tree,"Table of contents for the whole work — book → chapter → scene, plus the Wiki, image library and trash · drag to reorder · the search box at the top filters by name, tag and status"
ui.tip.toggle-theme,"Changes the app colour theme for bars, panels and dialogs — not the page or exported files."
ui.tip.toolbar-config,Choose which buttons appear on the toolbar; changes take effect as you tick.
ui.tip.type-sound,"Plays a typewriter sound with every keystroke, for the feel of a real machine."
ui.tip.typewriter,"Keeps the line you are typing pinned to the middle of the screen — the page scrolls up to meet it, so your eyes stay in one place."
ui.tip.ui-scale,"Changes the size of toolbars, panels and dialogs, without affecting the page."
ui.tip.ui-scale:-1,"Makes toolbars, panels and dialogs one step smaller, leaving more room to write."
ui.tip.ui-scale:0,"Resets toolbars, panels and dialogs to their normal 100% size."
ui.tip.ui-scale:1,"Makes toolbars, panels and dialogs one step larger — helpful on high-resolution screens."
ui.tip.ui:filter-archive-toggle,"Hides or shows archived scenes in the project tree. They are still there, just out of the way."
ui.tip.ui:find-close,Closes the find bar.
ui.tip.ui:find-next,Goes to the next match.
ui.tip.ui:find-prev,Goes to the previous match.
ui.tip.ui:find-rep1,"Replaces the current match, then moves to the next one."
ui.tip.ui:find-repall,Replaces every match in this document at once. Can be undone.
ui.tip.ui:open-btn,Opens an existing project.
ui.tip.ui:search-all-btn,"Searches text across the whole project — every scene, book and Wiki page."
ui.tip.ui:tb-case,"Changes the case of the selected text (all caps, all lowercase, sentence case) without retyping it."
ui.tip.ui:tb-color,"Changes the colour of the selected text. Offers presets, a colour wheel, and the colours you used recently."
ui.tip.ui:tb-highlight,Paints a highlight behind the selected text — good for marking spots to come back to. It is saved with the file.
ui.tip.ui:tb-indent,"Toggles the automatic first-line indent. This is the book-style way of separating paragraphs, instead of blank lines."
ui.tip.ui:tb-plug,Commands added by plugins; click to pick one.
ui.tip.ui:tb-quote,"Wraps the selected paragraphs as a block quote — indented with a rule, marking text taken from elsewhere."
ui.tip.ui:tb-source,"Shows this scene's raw markdown — exactly what is written to the file, which you can also edit outside the app."
ui.tip.ui:tb-sp-cont,Toggles the screenplay's automatic continuation marks — (CONTINUED) at page ends and (MORE) when dialogue crosses a page.
ui.tip.ui:tb-sp-ext,"Adds an extension after a character name — (V.O.) voice-over, (O.S.) off-screen, (cont'd) continuing."
ui.tip.ui:tb-visual,"Opens this scene’s storyboard, to tell it through a sequence of images."
ui.tip.visual-tags,"Manage the colour tags you attach to scenes — by storyline or main character, for example."
ui.tip.word-history,"Finds frequently repeated words and shows word-usage statistics, to catch your verbal tics."
ui.tip.workspace,Switches to the specified panel layout.
ui.tip.workspace-menu,"Switch between saved panel layouts, or save the current one as a new set — say, one for writing and one for planning."
ui.tip.zoom,"Page zoom — in, out, reset, or fit to width."
ui.tip.zoom:-1,Zooms the page out one step. The actual font size in your file does not change.
ui.tip.zoom:0,Resets page zoom to 100%.
ui.tip.zoom:1,Zooms the page in one step. The actual font size in your file does not change.
ui.tip.zoom:fit,Zooms so the page width exactly fits the writing area.
ui.toolbar.ariaLabel,Main toolbar
ui.toolbar.blockquote,Blockquote
ui.toolbar.bold,Bold
ui.toolbar.close,Close
ui.toolbar.findBar,Search...
ui.toolbar.findNext,Next
ui.toolbar.findPrev,Previous
ui.toolbar.heading1,Heading 1
ui.toolbar.heading2,Heading 2
ui.toolbar.heading3,Heading 3
ui.toolbar.heading4,Heading 4
ui.toolbar.heading5,Heading 5
ui.toolbar.heading6,Heading 6
ui.toolbar.italic,Italic
ui.toolbar.kanban,Kanban Board
ui.toolbar.normalText,Body Text
ui.toolbar.overflowHidden,— Hidden —
ui.toolbar.overflowMore,— Overflow —
ui.toolbar.overflowTip,Buttons that overflow a narrow window and buttons hidden in settings — use them straight from this menu
ui.toolbar.overflowTitle,More buttons
ui.toolbar.paperMode,Paper Mode
ui.toolbar.plugins,Plugin Commands
ui.toolbar.quote,Blockquote
ui.toolbar.replace,Replace
ui.toolbar.replaceAll,Replace All
ui.toolbar.replaceWith,Replace with...
ui.toolbar.starter,Story Starter (start a story · play episodes with AI)
ui.toolbar.strike,Strikethrough
ui.toolbar.underline,Underline
ui.toolsThesaurus.thesaurusSynonyms,Synonyms
ui.toolsThesaurus.wordOppositeAntonyms,Antonyms
ui.trash.clearTrashAutoList,Auto-emptied {0} {0|item|items} from the trash (older than {1} {1|day|days})
ui.trash.delMoveTrashProject,"Delete “{0}”? (moved to the project's trash, can be restored)"
ui.trash.moveTrash,Moved to the trash: 
ui.trash.purgeAsk,Permanently delete {0} {0|item|items} that have been in the bin over {1} {1|day|days}?
ui.trash.purgeGo,Delete permanently
ui.trash.purgeKept,Kept {0} {0|item|items} in the bin
ui.trash.recoverRestoreAlbumDone,Album restored
ui.trash.recoverRestoreBookDone,Book restored
ui.trash.recoverRestoreDone,Restored
ui.trash.recoverRestoreImageDone,Image restored
ui.trash.restoredChapterRebuilt,"Scene restored — its chapter had been deleted, so chapter “{0}” was recreated"
ui.trash.restoredRenamed,"Restored — the original name was taken, saved as “{0}”"
ui.trash.revealInFolder,Show in folder
ui.tree.addSceneHere,+ Scene
ui.tree.clipEmpty,Nothing has been copied yet
ui.tree.confirmDeleteN,Move the {0} selected {0|item|items} to the trash?
ui.tree.confirmEmptyTrash,Permanently delete all {0} {0|item|items} in the trash? This cannot be undone.
ui.tree.copiedN,Copied {0} {0|item|items}
ui.tree.copy,Copy
ui.tree.cut,Cut
ui.tree.cutN,Cut {0} {0|item|items}
ui.tree.deletedN,Deleted {0} {0|item|items}
ui.tree.deleteSelected,Delete selected
ui.tree.delFail,Delete failed
ui.tree.delSkipUnsaved,Did not delete {0} — unsaved changes could not be saved
ui.tree.draftLabel,Draft
ui.tree.draftPickHint,Choose which draft the project tree shows
ui.tree.draftSwitched,"Switched to draft ""{0}"""
ui.tree.duplicate,Duplicate
ui.tree.duplicatedN,Duplicated {0} {0|item|items}
ui.tree.duplicateFail,Could not duplicate
ui.tree.dupSkipUnsaved,Did not duplicate {0} — unsaved changes in the original could not be saved
ui.tree.emptiedTrash,Emptied {0} {0|item|items} from the trash
ui.tree.emptyTrashN,Empty trash ({0})
ui.tree.failedN,{0} failed
ui.tree.movedN,Moved {0} {0|item|items} to {1}
ui.tree.moveFail,Could not move
ui.tree.moveToChapter,Move to chapter…
ui.tree.nothingSelected,Nothing selected
ui.tree.pastedN,Pasted {0} {0|item|items} into {1}
ui.tree.pasteFail,Paste failed
ui.tree.pasteWhere,Paste into which chapter
ui.tree.pickChapterFirst,Pick a destination chapter first
ui.tree.purgeNowByDays,Purge old items by the configured age
ui.tree.renameInlineSceneOnly,F2 inline rename works on scenes only — use right-click → Rename for other rows
ui.tree.secMemo,Memos
ui.tree.secResearch,Research
ui.tree.secWiki,Wiki
ui.tree.selectedCount,{0} selected
ui.tree.skipCrossDraft,Skipped {0} {0|item|items} (cannot move across drafts)
ui.tree.snapCountFail,Could not count versions
ui.tree.trashEmptyAlready,The trash is already empty
ui.tree.trashSettings,Auto-empty schedule (project settings)
ui.tree.versionCount,{0} {0|version|versions} kept
ui.treeAct.backNormalScene,Back to a normal scene
ui.treeAct.backupCancelledUnsaved,Backup of {0} cancelled — there are unsaved changes that could not be saved
ui.treeAct.backupDone,Backed up “{0}”
ui.treeAct.backupFail,Backup failed
ui.treeAct.boardLocked,This board is locked — unlock it in the Explorer before editing
ui.treeAct.bookFromChapterAsk,New book name
ui.treeAct.bookFromChapterDone,Created book “{0}” from this chapter
ui.treeAct.chapterFromScenesAsk,New chapter name
ui.treeAct.chapterFromScenesDone,Created chapter “{0}” from {1} {1|scene|scenes}
ui.treeAct.clearColor,No colour
ui.treeAct.clearStatus,No status
ui.treeAct.clipEmpty,Nothing copied that can be pasted here
ui.treeAct.copied,Copied “{0}” — right-click where you want it and choose Paste
ui.treeAct.copyCancelledUnsaved,Copy cancelled — {0} has unsaved changes that could not be saved
ui.treeAct.copySuffix,(copy)
ui.treeAct.crossDraftSkipped,skipped {0} {0|scene|scenes} from another draft
ui.treeAct.duplicated,Duplicated “{0}”
ui.treeAct.duplicatedBook,Book duplicated as “{0}”
ui.treeAct.duplicatedChapter,Chapter duplicated as “{0}”
ui.treeAct.fAct,Act
ui.treeAct.fBlurb,Blurb
ui.treeAct.fCaption,Caption
ui.treeAct.fColor,Colour
ui.treeAct.fDate,Date
ui.treeAct.fFlag,Starred
ui.treeAct.fLocked,Locked (read-only)
ui.treeAct.fNote,Note
ui.treeAct.fStatus,Status
ui.treeAct.fTags,Tags (comma-separated)
ui.treeAct.fTitle,Name
ui.treeAct.lockedBook,This book is locked — unlock the book first
ui.treeAct.lockedChapter,This chapter is locked — unlock the chapter first
ui.treeAct.lockedItem,This item is locked — unlock it first
ui.treeAct.lockOff,Unlocked “{0}”
ui.treeAct.lockOn,Locked “{0}” — it can’t be edited until unlocked
ui.treeAct.memoMovedEdge,Can’t move any further
ui.treeAct.movedChapter,Moved chapter “{0}” to “{1}”
ui.treeAct.nameTaken,A file with that name already exists
ui.treeAct.noBackups,No backups of “{0}” yet
ui.treeAct.noOtherBook,There is no other book to move to
ui.treeAct.openCopy,Open copy
ui.treeAct.pasted,Pasted “{0}”
ui.treeAct.pinMissing,(not found)
ui.treeAct.pinOff,Unpinned “{0}”
ui.treeAct.pinOn,Pinned “{0}”
ui.treeAct.pinsHead,Pinned ({0})
ui.treeAct.planLocked,This plan is locked — unlock it in the Explorer before editing
ui.treeAct.positionAsk,Position (1–{0})
ui.treeAct.propsTitle,Properties — {0}
ui.treeAct.renamedImage,Renamed image to “{0}” · updated links in {1} {1|file|files}
ui.treeAct.renamedProject,Project renamed to “{0}”
ui.treeAct.renameImageAsk,New image file name
ui.treeAct.renameProjectAsk,Project name
ui.treeAct.reordered,Order updated
ui.treeAct.restoreBtn,Restore
ui.treeAct.restoreConfirm,Restore “{0}” from the backup of {1}? The current version is moved to the trash first.
ui.treeAct.restoreDone,Restored “{0}”
ui.treeAct.restoreFail,Restore failed
ui.treeAct.restorePick,Choose a backup to restore
ui.treeAct.saved,Properties saved
ui.treeAct.sceneFromMemoDone,Created scene “{0}” from the memo
ui.treeAct.sceneFromMemoTitle,Where should the new scene go?
ui.treeAct.showInTree,Show in tree
ui.treeAct.starOff,Removed star from “{0}”
ui.treeAct.starOn,Starred “{0}”
ui.treeAct.visualNone,This chapter has no scenes yet
ui.treeMenu.addAlbum,New album
ui.treeMenu.addBoard,New board
ui.treeMenu.addBook,Add book
ui.treeMenu.addChapter,New chapter
ui.treeMenu.addMemo,New memo
ui.treeMenu.addPlan,New plan
ui.treeMenu.addScene,New scene
ui.treeMenu.aiSettings,AI settings
ui.treeMenu.backup,Back up
ui.treeMenu.bookFromChapter,New book from this chapter
ui.treeMenu.branchPanel,Branch map
ui.treeMenu.castOfCharacters,Cast of Characters
ui.treeMenu.chapterFromScenes,New chapter from selected scenes
ui.treeMenu.collapseAll,Collapse all
ui.treeMenu.color,Colour
ui.treeMenu.comment,Comments
ui.treeMenu.compare,Compare with another plan…
ui.treeMenu.compareVersion,Compare versions…
ui.treeMenu.copy,Copy
ui.treeMenu.copyPath,Copy path
ui.treeMenu.dashboard,Dashboard
ui.treeMenu.delete,Delete (move to the trash)
ui.treeMenu.duplicate,Duplicate
ui.treeMenu.expandAll,Expand all
ui.treeMenu.importImage,Import image…
ui.treeMenu.insert,Insert into open scene
ui.treeMenu.journal,Journal
ui.treeMenu.kanban,Kanban
ui.treeMenu.lock,Lock
ui.treeMenu.lockOff,Unlock
ui.treeMenu.manageBooks,Manage books
ui.treeMenu.manageChapters,Manage chapters
ui.treeMenu.manageScenes,Manage scenes
ui.treeMenu.moodBoard,Mood board
ui.treeMenu.move,Move to
ui.treeMenu.moveDown,▼ Move down
ui.treeMenu.moveUp,▲ Move up
ui.treeMenu.open,Open
ui.treeMenu.openBranchPanel,Open branch map panel
ui.treeMenu.openGallery,Open image library
ui.treeMenu.openPlannerPanel,Open planner panel
ui.treeMenu.paste,Paste
ui.treeMenu.pin,Pin
ui.treeMenu.pinOff,Unpin
ui.treeMenu.play,Play
ui.treeMenu.playerHistory,Decision history
ui.treeMenu.problem,Problem scene (keep the original to compare)
ui.treeMenu.problemMenu,Problem scene
ui.treeMenu.problemToggle,Switch original / revised
ui.treeMenu.projectSettings,Project settings
ui.treeMenu.propsPanel,Properties (panel)
ui.treeMenu.propsPopup,Properties (window)…
ui.treeMenu.quickNote,Quick note
ui.treeMenu.quickOpen,Quick open a file
ui.treeMenu.readBook,Read whole book
ui.treeMenu.readChapter,Read whole chapter
ui.treeMenu.readScene,Read scene
ui.treeMenu.refresh,Refresh
ui.treeMenu.refreshed,Reloaded the list from disk
ui.treeMenu.rename,Rename
ui.treeMenu.renameProject,Rename
ui.treeMenu.reorder,Change position…
ui.treeMenu.restore,Restore from backup…
ui.treeMenu.reveal,Find on disk
ui.treeMenu.saveVersion,Save this version
ui.treeMenu.sceneFromMemo,New scene from this memo…
ui.treeMenu.searchIn,Search in here
ui.treeMenu.searchProject,Search the whole project
ui.treeMenu.splitView,Open in split view
ui.treeMenu.star,Star
ui.treeMenu.starOff,Remove star
ui.treeMenu.status,Status
ui.treeMenu.switchFormat,Switch prose/screenplay
ui.treeMenu.titlePage,Title Page…
ui.treeMenu.toMemo,Turn into memo
ui.treeMenu.versionHistory,Version history…
ui.treeMenu.view,View
ui.treeMenu.viewQuickNotes,View quick notes
ui.treeMenu.visual,Visual telling
ui.ui.hasFileCantSave,{0} {0|file|files} are unsaved
ui.ui.notSave,Don't save
ui.ui.savePick,Save selected ({0})
ui.upd.autoHint,"Off = no internet access at startup · You can still check with the button below, or from the Help menu"
ui.upd.autoLabel,Check for updates on startup
ui.upd.badDigest,The downloaded file doesn't match this release's checksum (it may be corrupted) — nothing was replaced
ui.upd.badUrl,The download link is not from the configured repository — cancelled
ui.upd.checking,Checking for updates…
ui.upd.checkNow,Check now
ui.upd.current,Current version
ui.upd.download,Download the new version
ui.upd.downloading,Downloading…
ui.upd.failCheck,Update check failed
ui.upd.failDl,Download failed: {0}
ui.upd.failInstall,Replacing the file failed: {0}
ui.upd.failNet,Cannot reach GitHub: {0}
ui.upd.failSource,Cannot read the update source
ui.upd.file,File
ui.upd.foundTitle,A new version is available
ui.upd.installing,Replacing the program file…
ui.upd.installOk,Replaced — restart to use the new version
ui.upd.lastCheck,Last checked
ui.upd.later,Later
ui.upd.latest,Latest version
ui.upd.manual,"This build is not the portable file, so it cannot replace itself — the download is ready, swap it yourself"
ui.upd.never,Never checked
ui.upd.noAsset,The new version has no file for this system — open the release page and download it yourself
ui.upd.noRelease,The repository has no published release yet
ui.upd.notes,What changed in this version
ui.upd.openPage,Open the release page
ui.upd.replace,Replace with the new version
ui.upd.repoNewer,"The repository is already at {0}, but no downloadable file was published"
ui.upd.restartNow,Restart now
ui.upd.reveal,Show the downloaded file
ui.upd.skip,Skip this version
ui.upd.skipClear,Stop skipping {0}
ui.upd.skipCleared,No version is skipped any more
ui.upd.skipped,Skipped {0} — you can check again from the Help menu
ui.upd.skippedHint,You skipped {0} earlier · you can still update with the button below
ui.upd.skippedTitle,This version was skipped
ui.upd.sourceHint,Updates come from this repository only
ui.upd.sourceLabel,Update source
ui.upd.title,Program update
ui.upd.upToDate,You already have the latest version
ui.vis.addFree,Blank row
ui.vis.addRow,Add from scene lines
ui.vis.addSelected,Add selected
ui.vis.allLost,Every bound line was deleted from the scene
ui.vis.allUsed,Every line is already in the table
ui.vis.boundN,{0} {0|line|lines} bound
ui.vis.changedCount,{0} {0|row|rows} whose source line changed
ui.vis.clearImage,Remove image
ui.vis.close,Close
ui.vis.colAction,action
ui.vis.colComment,Comment
ui.vis.colDragW,Drag to resize this column
ui.vis.colEntities,Characters / places
ui.vis.colFrame,frame
ui.vis.colNo,Order
ui.vis.colRemark,Remark
ui.vis.colResetW,Reset column widths
ui.vis.cols,Columns
ui.vis.colScene,Scene
ui.vis.delRow,Delete this row
ui.vis.delRowAsk,Remove this row from the visual telling table?
ui.vis.down,Move down
ui.vis.editBind,Edit bound lines
ui.vis.editBindHint,Tick to bind more lines to this row · untick to unbind (the row stays)
ui.vis.empty,No rows yet — use Add from scene lines to start
ui.vis.freeRow,(blank row — not bound to any line)
ui.vis.lineUsed,used by another row
ui.vis.needScene,No scene selected
ui.vis.next,Next
ui.vis.noImage,No image
ui.vis.noLines,This scene has no text to pick yet
ui.vis.ofTotal,{0}/{1}
ui.vis.open,Open visual telling table
ui.vis.openWiki,Open this entry in the Wiki
ui.vis.pickImage,Pick from gallery or add a new image
ui.vis.pickLine,Pick lines from the scene
ui.vis.pickLineHint,Tick the lines you want to illustrate — multiple allowed
ui.vis.prev,Previous
ui.vis.remarkPh,Remark…
ui.vis.reveal,Show file in folder
ui.vis.rowNum,{0} {0|row|rows}
ui.vis.saved,Visual telling table saved
ui.vis.selectAll,Select all
ui.vis.statusChanged,The source line changed — click to update the text
ui.vis.statusChangedTag,source changed
ui.vis.syncAll,⟳ Update all
ui.vis.title,Visual telling
ui.vis.toggleText,Hide / show text (H)
ui.vis.up,Move up
ui.vis.viewFull,Full screen
ui.vis.viewList,List
ui.vis.viewTable,Table
ui.watermark.name,{{name}}
ui.wiki.addFieldDataItem,Add your own data field
ui.wiki.addHeading,Add heading
ui.wiki.addImageFile,Add image from file…
ui.wiki.addImageFileCopy,Add image from file (copied into the project image library)
ui.wiki.addPrompt,Add a prompt
ui.wiki.addRelation,Add relationship
ui.wiki.aiCtxDesc,Description
ui.wiki.aiEmpty,AI came back empty — nothing changed
ui.wiki.aiFailed,The AI call failed
ui.wiki.aiFilled,Filled {0}
ui.wiki.aiFillLabel,Let AI fill {0}
ui.wiki.aiFillTip,Let AI fill this field (one click)
ui.wiki.aiKept,Kept the original text
ui.wiki.aiNoProvider,No AI provider selected yet
ui.wiki.aiReplaceAsk,{0} already has text. Replace it with this?
ui.wiki.aiWorking,Asking AI to write {0}…
ui.wiki.backlinksDone,Backlink index updated
ui.wiki.backlinksRefresh,Rebuild the link index for the whole project
ui.wiki.backlinksScanning,Scanning every scene in the project...
ui.wiki.backlinksTitle,Scenes mentioning this
ui.wiki.bindRelation,Relationship with whom
ui.wiki.captionUnderImageCaption,Caption under the image
ui.wiki.catMainDelCant,Built-in categories cannot be deleted
ui.wiki.changeName, Rename
ui.wiki.changeTemplate, Change template
ui.wiki.changeTemplate2F,"Changed the template to ""{0}"" (existing data kept)"
ui.wiki.changeTemplate3,Change template
ui.wiki.changeTemplateAddField,Change the template and add new data fields from it (existing data is not deleted)
ui.wiki.clickExpand,"
Click to enlarge"
ui.wiki.clickExpand2,Click to enlarge
ui.wiki.clickOpenPageWiki,Click to open this Wiki page
ui.wiki.clickSetImagePortrait,Click to set a portrait (right-click = remove the image)
ui.wiki.current, (current)
ui.wiki.dataAdd,Your own data
ui.wiki.dataPrevAddOnly,Existing data is kept; only fields missing from the new template are added
ui.wiki.dataTemplate,Data (from the template)
ui.wiki.decision,Decisions involving 
ui.wiki.delCantHasList,Cannot delete — this category still has {0} {0|item|items}
ui.wiki.delCat,Delete category
ui.wiki.delCat2,Delete category “{0}”?
ui.wiki.delCatDone,Category deleted
ui.wiki.delField,Delete this field
ui.wiki.delHeading,Delete heading “{0}”?
ui.wiki.delHeading2,Delete this heading
ui.wiki.delPrompt,Delete this prompt
ui.wiki.delRelationSide,Delete this relationship (this side)
ui.wiki.editCaptionTextReplace,Edit caption / alt text / label
ui.wiki.editCat,Edit category
ui.wiki.editCatDone,Category edited
ui.wiki.eg,e.g. Older brother / Friend / Enemy
ui.wiki.egBeforeEditHistory,e.g. Before editing the backstory
ui.wiki.egHistory,e.g. Backstory / Personality
ui.wiki.egPortrait,e.g. Signature weapon
ui.wiki.findDisk, Find on disk
ui.wiki.hasCatNameDone,A category with this name already exists
ui.wiki.historyVersion, Version history
ui.wiki.imageLibraryTag, library images tagged @
ui.wiki.imageOutFileLibrary,Remove this image (the file stays in the library)
ui.wiki.imagePortrait,Already the portrait
ui.wiki.insertShortcode,Shortcode
ui.wiki.insertShortcodeHint,Insert a shortcode (own fields · relationships · other Wiki data · project stats) into the focused field
ui.wiki.msg,What is {0} to {1}
ui.wiki.nameFieldDataNew,New data field name
ui.wiki.nameHeadingNew,New heading name
ui.wiki.nameNew,New name
ui.wiki.nameOther,Other names (comma-separated)
ui.wiki.newCatF,Created category “{0}”
ui.wiki.newCatNew,Create a new category
ui.wiki.notFoundPageWiki,No Wiki page found yet for 
ui.wiki.notHasEntityOther,No other entities to link a relationship to yet
ui.wiki.notHasTemplateOther,No other templates for this category
ui.wiki.openFolderKeepFile,Open the folder containing this file (
ui.wiki.openPageWiki, Open this Wiki page
ui.wiki.openPageWiki2,Open this Wiki page
ui.wiki.pickLibraryImageProject,Choose from the project image library
ui.wiki.promptKeyPlaceholder,"Topic, e.g. tone of voice"
ui.wiki.prompts,AI prompts
ui.wiki.promptsHint,Rules the AI should follow whenever it writes about this entity
ui.wiki.promptValPlaceholder,What the AI should do or avoid
ui.wiki.relation,Relationships
ui.wiki.saveCtrlS, Save ({sc:save})
ui.wiki.saveVersion, Save version
ui.wiki.saveVersionPageWiki,Saved a version of the Wiki page
ui.wiki.saveVersionRename,Save this version (you can name it)
ui.wiki.secTitlePh,Section title
ui.wiki.setImagePortraitCircle,Set as portrait (the circle at the top)
ui.wiki.shortcode,Shortcode
ui.wiki.shortcodePlaceholder,Blank = entity name
ui.wiki.shortcodePreview,Type {0} anywhere to reference this entity
ui.wiki.tags,Tags
ui.wiki.tagsPlaceholder,Comma-separated
ui.wiki.textReplaceImageAlt,Alt text
ui.wiki.type,Type: 
ui.wiki.viewRecoverRestoreVersion,View/restore older versions of this page
ui.words,words
ui.worldAutoLink.busyLoadIndexLink,(loading the link index…)
ui.worldAutoLink.filterPlaceholder,Filter by name…
ui.worldAutoLink.inNScenes,in {0} {0|scene|scenes}
ui.worldAutoLink.noRows,Nothing matches
ui.worldAutoLink.notHasSceneMention,(no scenes mention this entity yet)
ui.worldAutoLink.onlyOrphan,Only ones never mentioned
ui.worldAutoLink.panelTitle,Mentions
ui.worldAutoLink.rebuild,Rebuild the index
ui.worldAutoLink.sceneGone,That scene no longer exists
ui.worldAutoLink.summaryN,{0} {0|entry|entries} · {1} never mentioned
ui.worldAutoLink.zero,never mentioned
ui.xhub.autoKind,Detected from the source files: {0}
ui.xhub.buildFail,Could not build the output
ui.xhub.building,Building preview…
ui.xhub.content,Content
ui.xhub.docKind,Document type
ui.xhub.docxHint,"Uses the same paper size, margins and font as the screen · headings use Word's Heading styles (so Word can build a table of contents)"
ui.xhub.doneDocx,{0} {0|paragraph|paragraphs} · {1} {1|image|images} embedded
ui.xhub.doneEpub,{0} {0|chapter|chapters} · {1} {1|image|images} embedded
ui.xhub.donePdf,{0} {0|page|pages} · {1} {1|bookmark|bookmarks}
ui.xhub.donePdfPages,{0} {0|page|pages} ({1} unnumbered front pages)
ui.xhub.ebookImgFail,Couldn't read an image for the e-book/Word file: 
ui.xhub.editSteps,Edit steps…
ui.xhub.epubHint,The book is split at level 1–2 headings and page breaks · headings become the table of contents · images whose file can't be found keep only their caption
ui.xhub.exportFail,Export failed
ui.xhub.fBlog,Blog page (themed)
ui.xhub.fBlogDesc,Ready-to-post page with built-in themes
ui.xhub.fDocx,DOCX (Word)
ui.xhub.fDocxDesc,"A Microsoft Word file an editor can keep working on, with bold, italics, alignment, lists and images"
ui.xhub.fEpub,EPUB (e-book)
ui.xhub.fEpubDesc,"An e-book for standard readers, split into chapters with a table of contents and embedded images"
ui.xhub.fFdx,Final Draft (FDX)
ui.xhub.fFdxDesc,For screenplays — opens in Final Draft
ui.xhub.fHtml,Web page (HTML)
ui.xhub.fHtmlDesc,One self-contained file with styles inside
ui.xhub.fJson,Whole project (.json)
ui.xhub.fJsonDesc,"Project structure only, for other tools"
ui.xhub.fMd,Markdown
ui.xhub.fMdDesc,Plain source text any editor can open
ui.xhub.fPdf,PDF
ui.xhub.fPdfDesc,"True pages, embedded Thai fonts, selectable text"
ui.xhub.fRtf,Rich Text (RTF)
ui.xhub.fRtfDesc,Opens in Word with script margins
ui.xhub.fTxt,Plain text
ui.xhub.fTxtDesc,No formatting marks at all
ui.xhub.fWm,Watermarked PDFs
ui.xhub.fWmDesc,"One file per recipient, name watermarked in"
ui.xhub.fZip,Whole project (.zip)
ui.xhub.fZipDesc,Full backup with images and metadata
ui.xhub.htmlOpts,HTML options
ui.xhub.htmlWysiwyg,Use the same page format as on screen
ui.xhub.kindAuto,Match the source files
ui.xhub.kindProse,Novel (prose)
ui.xhub.kindScript,Screenplay
ui.xhub.needProject,Open a project before exporting
ui.xhub.needScriptOnly,This format only works with screenplays
ui.xhub.noDraft,(no draft in this project)
ui.xhub.noPreview,(nothing to preview)
ui.xhub.nothingToExport,Nothing to export
ui.xhub.openOwnDialog,Open this format’s own dialog…
ui.xhub.pdfCover,Title pages
ui.xhub.pdfFrontNoNum,Cover and cast pages are not numbered — numbering starts at the first body page
ui.xhub.pdfHeaders,Running headers
ui.xhub.pdfNoPrinter,"PDF is built in-app, never through the OS printer — real text you can copy and search"
ui.xhub.pdfNums,Page numbers
ui.xhub.pdfOpts,PDF options
ui.xhub.pdfRoster,Cast of characters page
ui.xhub.pdfSceneNums,Scene numbers
ui.xhub.pdfToc,Table of contents (bookmarks)
ui.xhub.pdfWm,Watermark
ui.xhub.pdfWmHint,Empty = no watermark
ui.xhub.previewIsPlain,The preview is plain text; the real file keeps its formatting
ui.xhub.revealFile,Show in folder
ui.xhub.rtfFontPt,Font size (pt)
ui.xhub.rtfOpts,RTF options
ui.xhub.saveCfgFail,Could not remember export settings
ui.xhub.scope,Scope
ui.xhub.scopeDraft,Whole draft
ui.xhub.scopeTab,Current tab
ui.xhub.title,Export
ui.xhub.untitledBook,Untitled
ui.xhub.wfAuto,Auto — match the format
ui.xname.askPresetName,What should this preset be called?
ui.xname.ctxFail,Could not read the shortcode context for the file name
ui.xname.delPreset,Delete preset
ui.xname.delPresetAsk,Delete this file-name preset: 
ui.xname.hint,Shortcodes work here: [title] [author] [book] [chapter] [date:iso] [words] · a typo shows up in the preview instead of vanishing
ui.xname.label,Export file name
ui.xname.openAfter,Open the file when the export finishes
ui.xname.openFail,Could not open the exported file
ui.xname.pAuthorTitle,Author + title
ui.xname.pDraftDate,Draft + date + word count
ui.xname.presetPick,— Pick a preset —
ui.xname.preview,Will be saved as: 
ui.xname.pTitle,Title
ui.xname.pTitleBook,Title + book
ui.xname.pTitleChapter,Title + chapter
ui.xname.pTitleDate,Title + date
ui.xname.savePreset,Save as preset
ui.xname.savePresetHint,Keep this template for reuse (same name overwrites)
