meta.code,th
meta.name,Thai
meta.nativeName,ไทย
meta.version,3
meta.author,Killian 2
ui.about.changelog,มีอะไรใหม่
ui.about.checkUpdate,ตรวจรุ่นใหม่
ui.about.credits,เครดิต
ui.about.dataFolder,โฟลเดอร์โปรเจกต์
ui.ai.aiChatRAGUse,ai chat: RAG ใช้ไม่ได้ → ถามตรง ๆ
ui.ai.aiChatStreamFail,ai chat: stream ล้มเหลว
ui.ai.aPIKeyNotValid,API key ไม่ถูกต้องหรือหมดสิทธิ์ (HTTP 
ui.ai.assistantTitle,AI ผู้ช่วยเขียน
ui.ai.callAINotOk,เรียก AI ไม่สำเร็จ (HTTP 
ui.ai.callFail,เรียก AI ไม่สำเร็จ
ui.ai.callTryNewTimes,เรียกถี่เกินไป — ลองใหม่อีกครั้ง (HTTP 429)
ui.ai.cantSettingsAPIKey,ยังไม่ได้ตั้งค่า API key (เมนู AI → ตั้งค่า AI)
ui.ai.charA,ตัวละคร A: 
ui.ai.charADesc,"คำอธิบายตัวละคร A (บุคลิก, พูดจา, เป้าหมาย…)"
ui.ai.charB,ตัวละคร B: 
ui.ai.charBDesc,คำอธิบายตัวละคร B
ui.ai.chatPlaceholder,ถามเกี่ยวกับเรื่องของคุณ…
ui.ai.collecting,กำลังรวบรวมข้อมูล…
ui.ai.collectingScenes,กำลังรวบรวมข้อมูลฉาก…
ui.ai.connectAICant,เชื่อมต่อ AI ไม่ได้: 
ui.ai.consistTitle,ตรวจสอบความสม่ำเสมอ — 
ui.ai.consistWorking,กำลังตรวจสอบความสม่ำเสมอ…
ui.ai.ctxLabel,บริบท: 
ui.ai.dataRefProject,ข้อมูลอ้างอิงจากโปรเจกต์
ui.ai.description,คำอธิบาย
ui.ai.detailLabel,รายละเอียด:
ui.ai.dialogueCtx,"บริบทของบทสนทนา (สถานการณ์, สถานที่, เป้าหมาย…)"
ui.ai.dialogueLabel,บทสนทนา:
ui.ai.dialogueTitle,สร้างบทสนทนา
ui.ai.dialogueWorking,กำลังสร้างบทสนทนา…
ui.ai.edit,ร้อยแก้ว
ui.ai.entityReadFail,อ่านไฟล์เอนทิตี้ไม่สำเร็จ
ui.ai.entityUnnamed,เอนทิตี้ไม่มีชื่อ
ui.ai.error,เกิดข้อผิดพลาด
ui.ai.errorMark,เกิดข้อผิดพลาด
ui.ai.errorRetry,เกิดข้อผิดพลาด กรุณาลองใหม่
ui.ai.evidenceLabel,หลักฐาน: 
ui.ai.extraHint,คำแนะนำเพิ่มเติม (ถ้ามี)
ui.ai.fileKeepKeyPart,ไฟล์นี้เก็บคีย์ส่วนตัว — อย่าแชร์/อย่าใส่ในซิปที่ส่งต่อ
ui.ai.formatLabel,รูปแบบ: 
ui.ai.foundDotCheckRound,พบ {0} จุด · ตรวจ {1} รอบ
ui.ai.foundDotSceneAppear,พบ {0} จุด จาก {1} ฉากที่ปรากฏ
ui.ai.freeform,สร้างตามจินตนาการ
ui.ai.general,ทั่วไป
ui.ai.generating,กำลังให้ AI เขียน…
ui.ai.genSynopsis,ให้ AI เขียนให้
ui.ai.greeting,สวัสดี! ถามอะไรเกี่ยวกับเรื่องของคุณได้เลย เช่น
ui.ai.hasRoundCallAI,มี {0} รอบที่เรียก AI ไม่สำเร็จ
ui.ai.important,สำคัญ
ui.ai.inputLabel,ข้อความที่จะประมวลผล
ui.ai.insert,แทรก
ui.ai.insertedDialogue,แทรกบทสนทนาลงฉากแล้ว
ui.ai.insertedResult,แทรกผลลัพธ์ AI ลงฉากแล้ว
ui.ai.insertScene,แทรกลงฉาก
ui.ai.kindLabel,ประเภท: 
ui.ai.msg,ร้ายแรง
ui.ai.nameA,ชื่อตัวละคร A
ui.ai.nameB,ชื่อตัวละคร B
ui.ai.needBothChars,กรุณาใส่ชื่อตัวละครทั้งสอง
ui.ai.needSetup,ตั้งค่า AI ก่อนที่ เมนู AI → ตั้งค่า AI
ui.ai.new,สร้าง
ui.ai.noAnswer,(ไม่มีคำตอบ)
ui.ai.noInconsist,ไม่พบความไม่สม่ำเสมอ
ui.ai.noPlotHoles,ไม่พบจุดบกพร่องของพล็อต
ui.ai.noProject,ยังไม่ได้เปิดโปรเจกต์
ui.ai.noScenes,(ไม่พบฉากในโปรเจกต์นี้)
ui.ai.notChangeTone,ไม่เปลี่ยนโทน
ui.ai.notKnownProvider,ไม่รู้จักผู้ให้บริการ: 
ui.ai.notSet,(ยังไม่ตั้ง)
ui.ai.opContinue,เขียนต่อ
ui.ai.openProjectFirst,เปิดโปรเจกต์ก่อน
ui.ai.opExpand,ขยายความ
ui.ai.opLabel,คำสั่ง: 
ui.ai.opRewrite,เขียนใหม่
ui.ai.opSummarize,สรุปความ
ui.ai.opTone,เปลี่ยนโทน
ui.ai.orWord,หรือ
ui.ai.partialKept,เก็บข้อความที่ได้มาก่อนการเชื่อมต่อขาดไว้แล้ว
ui.ai.pickEntity,เลือกเอนทิตี้ (ตัวละคร) ก่อน
ui.ai.plotTitle,ตรวจสอบ Plot Hole
ui.ai.plotWorking,กำลังตรวจสอบ Plot Holes…
ui.ai.readAnswerAICant,อ่านคำตอบจาก AI ไม่ได้ (ไม่ใช่ JSON)
ui.ai.readFail,อ่านไฟล์ไม่สำเร็จ: 
ui.ai.result,ประมวลผล
ui.ai.resultLabel,ผลลัพธ์:
ui.ai.sample1,เรื่องนี้มีตัวละครอะไรบ้าง
ui.ai.sample2,ช่วยสรุปฉากที่มีไฟต์ให้หน่อย
ui.ai.savedToWiki,บันทึกลง Wiki แล้ว: 
ui.ai.saveWiki,บันทึกลง Wiki
ui.ai.sceneLabel,ฉาก: 
ui.ai.searchingProject,กำลังค้นข้อมูลในโปรเจกต์…
ui.ai.sendingToAi,กำลังส่งให้ AI วิเคราะห์…
ui.ai.smallLess,เล็กน้อย
ui.ai.sources,อ้างอิง: 
ui.ai.speakerLabel,ผู้พูด: 
ui.ai.textLabel,ข้อความ:
ui.ai.textNotOk,สตรีมข้อความไม่สำเร็จ: 
ui.ai.toneCasual,กันเอง
ui.ai.toneConcise,กระชับ
ui.ai.toneDark,มืดหม่น
ui.ai.toneDetailed,บรรยายละเอียด
ui.ai.toneFormal,ทางการ
ui.ai.toneFunny,ตลก
ui.ai.toneLabel, โทน: 
ui.ai.toneRomantic,โรแมนติก
ui.ai.toneTense,ระทึก
ui.ai.useDataContextMain,ใช้ข้อมูลจากบริบทที่ให้มาเป็นหลัก ถ้าไม่มีข้อมูลให้บอกว่าไม่พบ ตอบเป็นภาษาไทย
ui.ai.wCity,เมือง
ui.ai.wCulture,วัฒนธรรม
ui.ai.wEconomy,เศรษฐกิจ
ui.ai.wFaction,กลุ่ม/ฝ่าย
ui.ai.wMagic,ระบบเวทมนตร์
ui.ai.wordAsk,คำถาม: 
ui.ai.working,กำลังประมวลผล…
ui.ai.worldPrompt,"อธิบายสิ่งที่ต้องการสร้าง (เช่น ""ระบบเวทมนตร์ที่ใช้เลือดเป็นต้นทุน"")"
ui.ai.worldTitle,สร้างโลก
ui.ai.wReligion,ศาสนา
ui.ai.youAssistantWriterReply,คุณเป็นผู้ช่วยนักเขียน ตอบคำถามเกี่ยวกับเนื้อหานิยายของผู้ใช้ 
ui.aiAssistant.changeToneTextStyleF,"เปลี่ยนโทนของข้อความต่อไปนี้ให้เป็นแบบ ""{0}"" โดยคงเนื้อหาและลำดับเหตุการณ์เดิม"
ui.aiChatPanel.busyActF,กำลังลงมือทำ {0} คำสั่ง…
ui.aiChatPanel.startModeF,"เริ่มคุยได้เลย — โหมด ""{0}"" · เห็นข้อมูล: {1}"
ui.aiSet.noModelFor,"ผู้ให้บริการ ""{0}"" ยังไม่ได้เลือกโมเดล (เมนู AI → ตั้งค่า AI)"
ui.aiSyn.aICantSendF,AI ไม่ได้ส่ง{0}กลับมา
ui.aiSyn.fillF,เติม{0}จาก AI แล้ว
ui.aiTools.modeCurrentNotAllowF,"โหมดปัจจุบันไม่อนุญาตให้ใช้ ""{0}"" — สลับโหมดที่กล่องพิมพ์ก่อน"
ui.aia.adjKeep,คงไว้
ui.aia.adjLessComedy,ลดความตลก
ui.aia.adjLessDrama,ลดดราม่า
ui.aia.adjMoreComedy,เพิ่มความตลก
ui.aia.adjMoreDrama,เพิ่มดราม่า
ui.aia.aiHead,ความเห็นจาก AI
ui.aia.aiNoFinding,AI ไม่พบประเด็นที่ควรแจ้ง
ui.aia.aiOffHint,แสดงเฉพาะผลที่คำนวณเอง (ยังไม่ได้ตั้งค่า AI หรือปิดการใช้ AI ไว้)
ui.aia.aiSettings,ตั้งค่า AI
ui.aia.aiSettingsTip,เปิดกล่องตั้งค่าผู้ให้บริการ AI โดยไม่ต้องเข้าเมนูตั้งค่า
ui.aia.analyzePaceStory,วิเคราะห์จังหวะเรื่อง
ui.aia.arcGap,หายไปช่วง
ui.aia.arcHead,{0} — {1} ครั้ง ใน {2} ฉาก
ui.aia.busy,กำลังวิเคราะห์…
ui.aia.cmpBalanced,สมดุล
ui.aia.cmpDialogue,บทพูด
ui.aia.cmpInteriority,ภายในใจ
ui.aia.cmpLeanN,เน้น {0} ฉาก
ui.aia.cmpNarration,บรรยาย
ui.aia.cmpOverall,ภาพรวม
ui.aia.confirmDelSession,"ลบเซสชัน ""{0}"" ทิ้ง?"
ui.aia.crCast,การกระจายน้ำหนักตัวละคร
ui.aia.crCastNote,ตัวละคร {0} ตัว · ตัวหลักกิน {1}%
ui.aia.crConflict,ความขัดแย้ง
ui.aia.crConflictNote,ฉากที่ไม่พบร่องรอยความขัดแย้ง {0} ฉาก
ui.aia.crDialogue,สัดส่วนบทสนทนา
ui.aia.crDialogueNote,บทสนทนาเฉลี่ย {0}% ของเนื้อฉาก
ui.aia.crLanguage,ความสะอาดของภาษา
ui.aia.crLanguageNote,พบคำซ้ำระยะใกล้ {0} จุด
ui.aia.crPacing,จังหวะเรื่อง
ui.aia.crPacingNote,จังหวะเฉลี่ย {0} · ช่วงอืด {1} ช่วง
ui.aia.crSceneLen,ความสม่ำเสมอของความยาวฉาก
ui.aia.crSceneLenNote,เฉลี่ย {0} คำ · เบี่ยงเบน {1} คำ
ui.aia.csAdjust,ควรปรับ
ui.aia.csAnalysis,การวิเคราะห์
ui.aia.csAvgSent,ประโยคเฉลี่ย (คำ)
ui.aia.csChapter,บท
ui.aia.csCharacter,ตัวละคร
ui.aia.csClosest,ห่างกันสั้นสุด (คำ)
ui.aia.csComedy,ตลก/1k คำ
ui.aia.csCostUsd,ค่าใช้จ่าย (USD)
ui.aia.csCount,จำนวนครั้ง
ui.aia.csCreated,สร้างเมื่อ
ui.aia.csCriterion,หัวข้อ
ui.aia.csDensity,ความหนาแน่นต่อพันคำ
ui.aia.csDetail,รายละเอียด
ui.aia.csDialogue,บทสนทนา %
ui.aia.csDrag,ค่าอืด
ui.aia.csDrama,ดราม่า/1k คำ
ui.aia.csExpected,ที่ใช้ประจำ
ui.aia.csFound,ที่พบ
ui.aia.csLines,บทพูด
ui.aia.csMarkers,ร่องรอยที่พบ
ui.aia.csMentions,ถูกเอ่ยถึง
ui.aia.csMinutes,นาที
ui.aia.csNarration,บรรยายยาวสุด (คำ)
ui.aia.csNote,หมายเหตุ
ui.aia.csOdd,จุดเปลี่ยน
ui.aia.csPages,หน้า
ui.aia.csParticle,คำลงท้ายประจำ
ui.aia.csPer10k,ต่อหมื่นคำ
ui.aia.csPronoun,สรรพนามประจำ
ui.aia.csQuote,ข้อความ
ui.aia.csReason,เหตุผล
ui.aia.csScene,ฉาก
ui.aia.csScope,ขอบเขต
ui.aia.csScore,คะแนน
ui.aia.csSession,เซสชัน
ui.aia.csSeverity,ระดับ
ui.aia.csShare,สัดส่วน %
ui.aia.csSharedScenes,ฉากที่อยู่ร่วมกัน
ui.aia.csSideA,ตัวละคร A
ui.aia.csSideB,ตัวละคร B
ui.aia.csSpeaker,ผู้พูด
ui.aia.csStat,สถิติ
ui.aia.csSuggestion,ข้อเสนอแนะ
ui.aia.csSummary,บทสรุป
ui.aia.csTempo,จังหวะ
ui.aia.csTitle,หัวข้อ
ui.aia.csTokenUsed,โทเคนที่ใช้
ui.aia.csTone,โทน
ui.aia.csValue,ค่า
ui.aia.csvSaved,บันทึก CSV ที่ {0}
ui.aia.csWord,คำ
ui.aia.csWords,จำนวนคำ
ui.aia.dArc,ตัวละครแต่ละตัวโผล่ถี่แค่ไหนในแต่ละบท และหายไปช่วงไหนบ้าง
ui.aia.dComposition,แต่ละฉากเป็นบทพูด ความคิดในใจ และการบรรยายกี่เปอร์เซ็นต์ และเน้นหนักไปทางไหน
ui.aia.dConflict,ฉากไหนมีร่องรอยความขัดแย้ง ฉากไหนเรียบจนไม่มีแรงผลัก
ui.aia.dContinuity,ตรวจว่ารายละเอียดของตัวละครและโลกคงเส้นคงวาตลอดขอบเขตที่เลือก
ui.aia.dDialog,หาบทพูดที่ยาวเกินจริง ภาษาเขียนหลุดเข้าปากตัวละคร บอกสิ่งที่ทั้งคู่รู้อยู่แล้ว และเรียกชื่อกันถี่เกิน
ui.aia.dDrag,ให้คะแนนความอืดรายฉากจากจังหวะ ความขัดแย้ง ความยาว และช่วงบรรยายที่ไม่มีบทพูดคั่น
ui.aia.dgArc,{0}: ถูกเอ่ยถึง {1} ครั้ง ใน {2} ฉาก
ui.aia.dgArcGap, · หายไปช่วง: {0}
ui.aia.dgComposition,{0} [{1}] บทพูด={2}% ภายในใจ={3}% บรรยาย={4}% → {5}
ui.aia.dgConflict,{0} [{1}] ไม่พบร่องรอยความขัดแย้ง
ui.aia.dgDialog,{0} [{1}] ผู้พูด={2} · {3}: “{4}”
ui.aia.dgDrag,{0} [{1}] อืด={2} จังหวะ={3} บรรยายยาวสุด={4} คำ · {5}
ui.aia.dgLength,{0} [{1}] {2} คำ ({3} นาที)
ui.aia.dgLogic,{0} [{1}] คำที่พบ: {2} · “{3}”
ui.aia.dgNote,{0} [{1}] {2}
ui.aia.dgOocChar,{0}: บทพูด {1} ประโยค · สรรพนามประจำ={2} · คำลงท้ายประจำ={3}
ui.aia.dgOocOdd,{0} ในฉาก {1} [{2}] ใช้ “{3}” แทน “{4}”: “{5}”
ui.aia.dgPacing,{0} [{1}] จังหวะ={2} บทพูด={3}% {4} คำ
ui.aia.dgRepeat,“{0}” ×{1} ใน {2} [{3}] ห่างกันสั้นสุด {4} คำ
ui.aia.dgScore,{0}: {1}/10 — {2}
ui.aia.dgScreentime,{0}: {1} ฉาก · {2} ครั้ง · {3}%
ui.aia.dgShipping,{0} × {1}: อยู่ร่วมกัน {2} ฉาก · คะแนน {3}
ui.aia.dgTone,{0} [{1}] โทน={2} ตลก={3}/1k ดราม่า={4}/1k
ui.aia.dgWords,{0} ×{1} ({2} ต่อหมื่นคำ)
ui.aia.dLength,เทียบความยาวฉากกับค่ากลาง พร้อมเวลาอ่านโดยประมาณ
ui.aia.dlgR.exposition,บอกสิ่งที่รู้กันอยู่แล้ว
ui.aia.dlgR.long,ยาวเกิน
ui.aia.dlgR.vocative,เรียกชื่อถี่
ui.aia.dlgR.written,ภาษาเขียน
ui.aia.dlgVocNote,เรียกชื่ออีกฝ่าย {0} จาก {1} ประโยคในฉากนี้
ui.aia.dLogic,หาเหตุการณ์ที่เกิดเพราะบังเอิญ/โชคช่วย การตัดสินใจที่ไม่มีแรงจูงใจ และเหตุ-ผลที่ไม่ต่อกัน
ui.aia.done,เสร็จแล้ว
ui.aia.dOoc,เทียบพฤติกรรมและน้ำเสียงของตัวละครกับโปรไฟล์ใน Wiki และกับตัวเองในฉากอื่น (สรรพนาม/คำลงท้ายที่เปลี่ยน)
ui.aia.dPacing,ดูว่าฉากไหนยืดไป ฉากไหนรวบรัดเกิน — คิดจากสัดส่วนบทพูด ความยาวประโยค และความยาวฉาก
ui.aia.dPlotHole,หาจุดที่เนื้อเรื่องขัดกันเอง ปมที่เปิดแล้วไม่ปิด และแรงจูงใจที่หายไป
ui.aia.dragR.long,ยาวกว่าฉากทั่วไป
ui.aia.dragR.narration,บรรยายยาวไม่มีบทพูดคั่น
ui.aia.dragR.noConflict,ไม่มีร่องรอยความขัดแย้ง
ui.aia.dragR.slow,จังหวะช้ากว่าเฉลี่ย
ui.aia.dRepeat,คำเดียวกันโผล่ซ้ำในระยะใกล้จนอ่านแล้วสะดุด
ui.aia.dScore,คะแนนสองชั้น: ชั้นจากตัวเลขล้วน และชั้นจากการอ่านของ AI
ui.aia.dScreentime,ใครกินพื้นที่เล่าเรื่องไปเท่าไร วัดจากฉากที่ปรากฏและจำนวนครั้งที่ถูกเอ่ยถึง
ui.aia.dShipping,คู่ตัวละครที่อยู่ด้วยกันบ่อยและมีน้ำหนักเชิงรักมากที่สุด
ui.aia.dTone,ดูว่าฉากไหนหลุดโทนที่ตั้งใจ ควรเพิ่มหรือลดความตลก/ดราม่าตรงไหน และจุดที่อารมณ์สวิงแรงเกิน
ui.aia.dWords,คำที่ใช้บ่อยที่สุด พร้อมอัตราต่อหมื่นคำ (ตัดคำหยุดและชื่อตัวละครออกแล้ว)
ui.aia.errAiFail,เรียก AI ไม่สำเร็จ
ui.aia.errCsv,เขียนไฟล์ CSV ไม่สำเร็จ
ui.aia.errNoScene,ไม่พบฉากในขอบเขตที่เลือก
ui.aia.errNothingToExport,ยังไม่มีผลให้ส่งออก — กดวิเคราะห์ก่อน
ui.aia.errNothingToSave,ยังไม่มีผลวิเคราะห์ให้บันทึก — กดวิเคราะห์ก่อน
ui.aia.errOpenScene,เปิดฉากจากแผงวิเคราะห์ไม่สำเร็จ
ui.aia.errRun,วิเคราะห์ล้มเหลว
ui.aia.errSessionDel,ลบเซสชันไม่สำเร็จ
ui.aia.errSessionRead,อ่านไฟล์เซสชันไม่ได้: 
ui.aia.errSessionSave,บันทึกเซสชันไม่สำเร็จ
ui.aia.errUnknownKind,ไม่รู้จักชนิดการวิเคราะห์นี้
ui.aia.estAll,ทั้ง 11 ชนิด ≈ {0} โทเคน · {1}
ui.aia.estOff,ปิดการใช้ AI อยู่ — ไม่มีค่าใช้จ่าย
ui.aia.estTip,ประมาณการก่อนยิง AI — เนื้อฉาก + คำสั่ง + เพดานคำตอบ
ui.aia.estTokens,≈ {0} โทเคน · {1}
ui.aia.exportCsv,ส่งออก CSV
ui.aia.exportCsvOne,ส่งออกผลของชนิดนี้เป็น CSV
ui.aia.exportCsvTip,ส่งออกทุกผลในขอบเขตนี้เป็นไฟล์ CSV (เปิดใน Excel/Sheets ได้)
ui.aia.fastRun,ช่วงรัว
ui.aia.groupDoctor,ตรวจบท (Script Doctor)
ui.aia.groupDoctorDesc,"ตัวเลขชุดนี้คือ ""สัญญาณ"" ให้เปิดดู ไม่ใช่คำตัดสิน — เปิด AI เพื่อให้โมเดลอ่านบริบทจริงแล้วตัดสินต่อ"
ui.aia.groupStats,วิเคราะห์ภาพรวม
ui.aia.lead,วิเคราะห์ต้นฉบับ 11 แบบ เลือกขอบเขตได้ทั้งโปรเจกต์ · เฉพาะเล่ม · เฉพาะบท · เฉพาะฉาก ทุกแบบคำนวณเองได้โดยไม่ต้องใช้ AI แล้วให้ AI อ่านต่อถ้าตั้งค่าไว้
ui.aia.longScene,ความยาวฉาก
ui.aia.noMarker,ไม่พบร่องรอย
ui.aia.noProject,ยังไม่ได้เปิดโปรเจกต์
ui.aia.noSignal,ไม่พบสัญญาณในขอบเขตนี้
ui.aia.noteCharOnce,โผล่ครั้งเดียวทั้งขอบเขต — ตรวจว่าตั้งใจหรือหลุด
ui.aia.noteNoPov,ยังไม่ได้ระบุมุมมอง
ui.aia.nScene, · {0} ฉาก
ui.aia.oocHabit,ประจำ: {0} · {1}
ui.aia.oocNoProfile,ไม่มีโปรไฟล์
ui.aia.oocShift,ใช้ “{0}” แทน “{1}”
ui.aia.partCurveCharacter,ส่วนโค้งตัวละคร
ui.aia.pFormatDoctor,"รูปแบบคำตอบ: JSON array ของ {""title"":""หัวข้อสั้น"",""detail"":""อธิบายว่าผิดตรงไหน"",""severity"":""critical|major|minor"",""sceneId"":""id ของฉาก"",""quote"":""ประโยคต้นฉบับที่เป็นปัญหา (สั้น ๆ)"",""character"":""ชื่อตัวละครถ้าเกี่ยว"",""suggestion"":""วิธีแก้ หรือตัวอย่างที่เขียนใหม่""}"
ui.aia.pFormatFindings,"รูปแบบคำตอบ: JSON array ของ {""title"":""หัวข้อสั้น"",""detail"":""อธิบาย"",""severity"":""critical|major|minor"",""sceneId"":""id ของฉากถ้ามี"",""suggestion"":""ข้อเสนอแนะ""}"
ui.aia.pFormatScore,"รูปแบบคำตอบ: JSON object {""criteria"":[{""label"":""หัวข้อ"",""score"":0-10,""note"":""เหตุผลสั้น ๆ""}],""total"":0-10,""summary"":""สรุปหนึ่งย่อหน้า""}"
ui.aia.pFormatTone,"รูปแบบคำตอบ: JSON array ของ {""title"":""หัวข้อสั้น"",""detail"":""หลุดโทนอย่างไร"",""severity"":""critical|major|minor"",""sceneId"":""id ของฉาก"",""adjust"":""more-comedy|less-comedy|more-drama|less-drama|keep"",""quote"":""ประโยคที่เป็นปัญหา (ถ้ามี)"",""suggestion"":""วิธีปรับ""}"
ui.aia.pHeadNumbers,ตัวเลขที่โปรแกรมนับมาแล้ว (ถือว่าถูกต้อง ห้ามนับใหม่):
ui.aia.pHeadProfiles,โปรไฟล์ตัวละครจาก Wiki (ถือเป็นนิสัยที่ตั้งไว้):
ui.aia.pHeadScenes,เนื้อฉาก:
ui.aia.pHeadScope,ขอบเขตที่วิเคราะห์: 
ui.aia.pHeadTask,งานที่ต้องทำ: 
ui.aia.pNoProfiles,(ไม่มีโปรไฟล์ตัวละครใน Wiki — เทียบกับพฤติกรรมของตัวละครเองในฉากอื่นแทน)
ui.aia.pRules,กฎ: อ้างอิงเฉพาะสิ่งที่ปรากฏในข้อมูลข้างต้นและเนื้อฉากที่แนบมา · ถ้าอ้างถึงฉากใดให้ใส่ sceneId ให้ตรง · เขียนเป็นภาษาไทย กระชับ ตรงประเด็น · ถ้าไม่มีอะไรควรบอก ให้ตอบเป็นรายการว่าง []
ui.aia.pToneAuto,ไม่ได้ระบุ — ประเมินโทนหลักจากทั้งเรื่องก่อน แล้วยึดเป็นเป้า
ui.aia.pToneTarget,โทนที่ผู้เขียนตั้งใจ: 
ui.aia.pTruncated, (แนบมาบางส่วนเพราะยาวเกินงบ)
ui.aia.reload,โหลดใหม่
ui.aia.rowLength,{0} คำ · {1} นาที
ui.aia.rowPacing,{0} คำ · บทพูด {1}% · ประโยคเฉลี่ย {2} คำ
ui.aia.rowRepeat,{0} · ห่างกันสั้นสุด {1} คำ
ui.aia.rowScreentime,{0} ฉาก · {1} ครั้ง
ui.aia.rowShip,อยู่ร่วมกัน {0} ฉาก · ถูกเอ่ย {1} ครั้ง
ui.aia.run,วิเคราะห์
ui.aia.runAll,วิเคราะห์ทั้งหมด
ui.aia.runRange,{0} → {1} · ติดกัน {2}
ui.aia.scopeBook,เฉพาะเล่ม
ui.aia.scopeChapter,เฉพาะบท
ui.aia.scopeProject,ทั้งโปรเจกต์
ui.aia.scopeScene,เฉพาะฉาก
ui.aia.scoreAiHead,คะแนนจาก AI
ui.aia.scoreLocalHead,คะแนนจากตัวเลข
ui.aia.sessionAuto,วิเคราะห์ {0}
ui.aia.sessionCost,{0} โทเคน · ${1}
ui.aia.sessionCurrent,เซสชันที่เปิดอยู่: {0}
ui.aia.sessionDeleted,"ลบเซสชัน ""{0}"" แล้ว"
ui.aia.sessionEmpty,ยังไม่มีเซสชันที่บันทึกไว้ในโปรเจกต์นี้
ui.aia.sessionKinds,{0} ชนิด
ui.aia.sessionList,เซสชัน
ui.aia.sessionListTip,เปิดเซสชันที่บันทึกไว้ในโปรเจกต์
ui.aia.sessionOpen,เปิด
ui.aia.sessionOpened,"เปิดเซสชัน ""{0}"""
ui.aia.sessionSave,บันทึกเซสชัน
ui.aia.sessionSaved,"บันทึกเซสชัน ""{0}"" แล้ว"
ui.aia.sessionSaveTip,เก็บผลของขอบเขตนี้ไว้ในโปรเจกต์ (โฟลเดอร์ Analysis)
ui.aia.sessionSaveTitle,ตั้งชื่อเซสชัน
ui.aia.sessionTitle,เซสชันการวิเคราะห์
ui.aia.slowRun,ช่วงอืด
ui.aia.stAvgWordScene,คำเฉลี่ยต่อฉาก
ui.aia.stChapter,บท
ui.aia.stCharAppear,ตัวละครที่ปรากฏ
ui.aia.stCharGap,ตัวละครที่หายไปนาน
ui.aia.stCharOnce,ตัวละครที่โผล่ครั้งเดียว
ui.aia.stCmpLean,เน้นหนักไปทาง
ui.aia.stConflictDensity,ความหนาแน่นต่อพันคำ
ui.aia.stDialogueAvg,บทสนทนาเฉลี่ย
ui.aia.stDlgExpo,บอกสิ่งที่รู้กันอยู่แล้ว
ui.aia.stDlgLines,บทพูดทั้งหมด
ui.aia.stDlgLong,บทพูดยาวเกิน
ui.aia.stDlgVoc,ฉากที่เรียกชื่อกันถี่
ui.aia.stDlgWritten,ภาษาเขียนในบทพูด
ui.aia.stDragAvg,ค่าอืดเฉลี่ย
ui.aia.stDragNarr,บรรยายยาวสุด (คำ)
ui.aia.stDragRuns,ช่วงอืดติดกัน
ui.aia.stDragScenes,ฉากเสี่ยงอืด
ui.aia.stFastRun,ช่วงรัว
ui.aia.stHasStoryDate,ฉากที่ระบุเวลาในเรื่อง
ui.aia.stLead,ตัวละครหลัก
ui.aia.stLeadShare,สัดส่วนของตัวหลัก
ui.aia.stLogicHits,จุดบังเอิญ/ทางลัด
ui.aia.stLogicLate,ในช่วงท้ายเรื่อง
ui.aia.stLogicScenes,ฉากที่พบ
ui.aia.stMedian,ค่ากลาง
ui.aia.stNoConflict,ฉากที่ไม่พบร่องรอย
ui.aia.stNoPov,ฉากที่ไม่ได้ระบุมุมมอง
ui.aia.stOocOdd,จุดน้ำเสียงเปลี่ยน
ui.aia.stOocProfile,มีโปรไฟล์ใน Wiki
ui.aia.stOocSpeakers,ตัวละครที่มีบทพูด
ui.aia.stPairFound,คู่ที่พบ
ui.aia.stReadTime,เวลาอ่านทั้งหมด
ui.aia.stRepeatFound,คำซ้ำที่พบ
ui.aia.stRichWord,ความหลากหลายของคำ
ui.aia.stRomanceWord,คำเชิงรักทั้งหมด
ui.aia.stSceneAffected,ฉากที่ได้รับผล
ui.aia.stSceneHasConflict,ฉากที่มีความขัดแย้ง
ui.aia.stScoreLocal,คะแนนจากตัวเลข
ui.aia.stSilentChar,ตัวละครที่ไม่โผล่เลย
ui.aia.stSlowRun,ช่วงอืด
ui.aia.stTempoAvg,จังหวะเฉลี่ย
ui.aia.stToneOff,ฉากที่หลุดโทน
ui.aia.stToneOverall,โทนรวม
ui.aia.stToneTarget,โทนที่ตั้งใจ
ui.aia.stToneWhip,อารมณ์สวิงแรง
ui.aia.stTooLong,ฉากยาวผิดปกติ
ui.aia.stTopPair,คู่ที่แรงที่สุด
ui.aia.stUniqueWord,คำไม่ซ้ำ
ui.aia.stWindow,ระยะที่นับว่าซ้ำ
ui.aia.sysEditor,คุณคือบรรณาธิการต้นฉบับที่อ่านละเอียดและตรงไปตรงมา วิเคราะห์เฉพาะสิ่งที่ปรากฏในข้อมูลที่ให้มา ห้ามแต่งเหตุการณ์หรือรายละเอียดที่ไม่มีในต้นฉบับ ตอบเป็น JSON เท่านั้น ห้ามมีข้อความอื่นนอก JSON
ui.aia.tagNeedAI,ต้องใช้ AI
ui.aia.taskArc,ดูการปรากฏตัวของตัวละครแต่ละตัวแล้วบอกว่าเส้นเรื่องของใครขาดช่วง ใครหายนานเกินไป และใครยังไม่มีพัฒนาการ
ui.aia.taskComposition,อ่านสัดส่วนบทพูด/ภายในใจ/บรรยายรายฉาก แล้วบอกว่าฉากไหนเอียงมากเกินไปจนเสียจังหวะหรืออารมณ์ ฉากไหนควรเพิ่มบทพูดหรือความคิดตัวละคร และสัดส่วนรวมเหมาะกับแนวเรื่องหรือไม่
ui.aia.taskConflict,ประเมินว่าแต่ละฉากมีความขัดแย้งจริงหรือไม่ ใครต้องการอะไร ใครขวาง และฉากไหนควรเพิ่มแรงเสียดทาน
ui.aia.taskContinuity,ตรวจว่ารายละเอียดของตัวละครและโลก (ชื่อ ลักษณะ ความสามารถ กฎของโลก) คงเส้นคงวาหรือขัดกันเอง
ui.aia.taskDialog,อ่านบทพูดในฉากที่แนบมา แล้วชี้จุดที่บทสนทนาไม่เป็นธรรมชาติ: พูดเหมือนอ่านหนังสือ/ใช้ภาษาเขียน · อธิบายสิ่งที่อีกฝ่ายรู้อยู่แล้วเพื่อป้อนข้อมูลให้คนอ่าน · ทุกตัวละครพูดน้ำเสียงเดียวกัน · ตอบตรงเกินไปจนไม่มีนัยแฝง (subtext) · เรียกชื่อกันถี่ · ประโยคยาวเกินกว่าคนจะพูดในจังหวะนั้น ใช้สัญญาณข้างต้นเป็นจุดเริ่ม แต่ตัดสินจากบริบทจริง ยกประโยคต้นฉบับใน quote และเสนอประโยคที่พูดได้เป็นธรรมชาติกว่าใน suggestion
ui.aia.taskDrag,ประเมินว่าจังหวะการเล่าเรื่องอืดตรงไหน: ฉากที่ไม่มีอะไรเปลี่ยน (สถานการณ์/ความสัมพันธ์/ข้อมูลใหม่) · บรรยายยาวโดยไม่มีแรงขับ · ฉากที่ทำหน้าที่ซ้ำกับฉากก่อน · ช่วงที่คนอ่านเสี่ยงวางหนังสือ ใช้คะแนนอืดข้างต้นเป็นจุดเริ่ม บอกให้ชัดว่าควรตัด รวม ย่อ หรือเพิ่มแรงขัดแย้งตรงไหน และยกบรรทัดที่ตัดได้ใน quote
ui.aia.taskLength,ดูความยาวฉากแล้วบอกว่าฉากไหนควรหั่น ฉากไหนสั้นจนไม่ทันรู้สึก และจังหวะพักของเล่มพอดีหรือยัง
ui.aia.taskLogic,ตรวจความสมเหตุสมผลของปมเรื่อง: เหตุการณ์ที่เกิดเพราะบังเอิญ/โชคช่วยแทนการกระทำของตัวละคร · การตัดสินใจที่ไม่มีแรงจูงใจรองรับ · ตัวละครรู้ข้อมูลที่ไม่ควรรู้ · กฎของโลกที่ถูกละเมิด · ผลที่ไม่ได้มาจากเหตุก่อนหน้า · ปมที่คลี่คลายง่ายเกินไป บอกว่าคนอ่านจะติดใจตรงไหน และเสนอการปูเรื่อง (setup) หรือแรงจูงใจที่ทำให้เชื่อได้
ui.aia.taskOoc,"ตรวจว่าตัวละครหลุดคาแรกเตอร์ (Out of character) ไหม: เทียบคำพูด การกระทำ การตัดสินใจ และน้ำเสียง (สรรพนาม/คำลงท้าย/ระดับภาษา) กับโปรไฟล์ใน Wiki และกับตัวละครเองในฉากอื่น แยกให้ชัดระหว่าง ""หลุดคาแรกเตอร์"" กับ ""พัฒนาการที่มีเหตุผลรองรับ"" ใส่ชื่อตัวละครใน character ยกประโยคใน quote และเสนอวิธีแก้ หรือฉากที่ควรปูเพิ่มเพื่อให้การเปลี่ยนแปลงน่าเชื่อ"
ui.aia.taskPacing,อ่านตัวเลขจังหวะรายฉากแล้วบอกว่าช่วงไหนหน่วง ช่วงไหนรัวเกินไป และควรตัดหรือขยายตรงไหน
ui.aia.taskPlotHole,หาจุดที่เนื้อเรื่องขัดแย้งกันเอง ปมที่เปิดแล้วไม่ปิด แรงจูงใจที่หายไป และเวลาที่ไม่ลงรอย
ui.aia.taskRepeat,ดูรายการคำซ้ำระยะใกล้แล้วบอกว่าจุดไหนน่ารำคาญจริง และเสนอคำแทนที่เข้ากับน้ำเสียงของเรื่อง
ui.aia.taskScore,ให้คะแนนต้นฉบับตามหัวข้อ (เปิดเรื่อง จังหวะ ตัวละคร บทสนทนา ภาษา ปมและความน่าติดตาม) หัวข้อละ 0-10 พร้อมเหตุผลสั้น ๆ
ui.aia.taskScreentime,ดูน้ำหนักการปรากฏของตัวละครแล้วบอกว่าการกระจายเหมาะกับเรื่องแบบนี้หรือไม่ ใครควรได้พื้นที่มากขึ้นหรือน้อยลง
ui.aia.taskShipping,ประเมินเคมีของคู่ตัวละครที่พบ ว่าคู่ไหนมีน้ำหนักจริง คู่ไหนยังขาดฉากที่ทำให้ผู้อ่านเชื่อ
ui.aia.taskTone,ประเมินโทนของเรื่องเทียบกับโทนที่ตั้งใจ: ฉากไหนตลกเกินจนลดน้ำหนักดราม่า · ฉากไหนหนักเกินจนหลุดจากเรื่องแนวเบา · ช่วงที่อารมณ์สวิงแรงโดยไม่มีฉากพัก · มุกที่ไม่เข้ากับสถานการณ์ ใส่ทิศที่ควรปรับใน adjust (more-comedy / less-comedy / more-drama / less-drama / keep) และบอกวิธีปรับที่ทำได้จริงใน suggestion
ui.aia.taskWords,ดูคำที่ใช้บ่อยแล้วบอกว่าคำไหนเป็นคำติดปากที่ควรลด และคำไหนสะท้อนแก่นเรื่องจริง ๆ
ui.aia.tComposition,สัดส่วนฉาก (บทพูด/ภายในใจ/บรรยาย)
ui.aia.tContinuity,ตรวจความสอดคล้อง
ui.aia.tDialog,บทสนทนาไม่เป็นธรรมชาติ
ui.aia.tDrag,จังหวะอืดไหม (Pacing)
ui.aia.tLogic,ปมไม่สมเหตุสมผล
ui.aia.toneAuto,อัตโนมัติ (ดูจากทั้งเรื่อง)
ui.aia.toneAutoShort,ยังไม่ชัด
ui.aia.toneComedy,ตลก
ui.aia.toneDrama,ดราม่า
ui.aia.toneDramedy,ดราเมดี้ (ตลกปนซึ้ง)
ui.aia.toneMixed,ตลกปนดราม่า
ui.aia.toneNeutral,กลาง ๆ
ui.aia.toneSerious,จริงจัง/เข้ม
ui.aia.toneTargetLabel,โทนที่ตั้งใจ
ui.aia.toneWhip,สวิงแรงจากฉากก่อน
ui.aia.tOoc,Out of character
ui.aia.tPlotHole,ตรวจ Plot Hole
ui.aia.tRepeat,ตรวจหาคำซ้ำ
ui.aia.truncated,เนื้อหายาวเกินงบ — AI อ่านได้บางส่วน ลองแคบขอบเขตลงเพื่อผลที่ละเอียดกว่า
ui.aia.tScore,ให้คะแนน
ui.aia.tScreentime,Screentime / น้ำหนักตัวละคร
ui.aia.tShipping,คู่จิ้น / เส้นความสัมพันธ์
ui.aia.tTone,โทนเรื่อง (ตลก/ดราม่า)
ui.aia.unitMin, นาที
ui.aia.unitWord, คำ
ui.aia.usage,ใช้ไป {0} โทเคน · ประมาณ ${1}
ui.aia.useAI,ใช้ AI ต่อยอด
ui.aia.usedNone,ยังไม่ได้เรียก AI ในขอบเขตนี้
ui.aia.usedSoFar,ใช้ไปแล้ว {0} ครั้ง · {1} โทเคน · {2}
ui.aia.wiki,เอนทิตี้ Wiki
ui.aia.wordUse,คำที่ใช้บ่อย
ui.aiActions.addChapterDone,"เพิ่มบท ""{0}"" ใน ""{1}"" แล้ว"
ui.aiActions.aIEditProjectDone,AI แก้ไขโปรเจกต์แล้ว — รีเฟรชรายการเรียบร้อย
ui.aiActions.badCat,ชื่อหมวดใช้ไม่ได้: {0}
ui.aiActions.bookHasChapter,"เล่มนี้มีบท ""{0}"" อยู่แล้ว"
ui.aiActions.changeNameChapterDone,"เปลี่ยนชื่อบทเป็น ""{0}"" แล้ว (โฟลเดอร์คงชื่อเดิมไว้ ลิงก์ในต้นฉบับจึงไม่พัง)"
ui.aiActions.changeNameSceneDone,"เปลี่ยนชื่อฉากเป็น ""{0}"" แล้ว"
ui.aiActions.chapterHasScene,"บทนี้มีฉาก ""{0}"" อยู่แล้ว"
ui.aiActions.delChapterSceneTrash,"ลบบท ""{0}"" ({1} ฉาก) ไปถังขยะแล้ว"
ui.aiActions.delSceneTrashDone,"ลบฉาก ""{0}"" ไปถังขยะแล้ว"
ui.aiActions.dirOpenUnsaved,ไม่ได้ลบ {0} — มีแท็บในนั้นที่บันทึกไม่ได้
ui.aiActions.editDone,"แก้ ""{0}"" แล้ว"
ui.aiActions.entityOpenDirty,"หน้า Wiki ""{0}"" เปิดแก้ค้างอยู่และยังไม่บันทึก — บันทึกก่อนแล้วสั่งใหม่"
ui.aiActions.hasUseEntityUpdate,"มี ""{0}"" อยู่แล้ว — ใช้ entity.update แทน"
ui.aiActions.lockBook,ล็อกทั้งเล่ม
ui.aiActions.lockChapter,ล็อกทั้งบท
ui.aiActions.locked,"""{0}"" ถูกล็อกอยู่ ({1}) — AI แก้ เปลี่ยนชื่อ หรือลบไม่ได้ ต้องปลดล็อกก่อน"
ui.aiActions.lockScene,ล็อกที่ฉาก
ui.aiActions.moveBookTrashDone,"ย้ายเล่ม ""{0}"" ไปถังขยะแล้ว"
ui.aiActions.moveTrashDone,"ย้าย ""{0}"" ไปถังขยะแล้ว"
ui.aiActions.newBookReadyChapter,"สร้างเล่ม ""{0}"" พร้อมบทแรกแล้ว"
ui.aiActions.newCatDone,"สร้าง ""{0}"" ในหมวด {1} แล้ว"
ui.aiActions.newSceneDone,"สร้างฉาก ""{0}"" ใน ""{1} › {2}"" แล้ว"
ui.aiActions.notFound,"ไม่พบเอนทิตี้ ""{0}"""
ui.aiActions.notFoundBook,ไม่พบเล่ม
ui.aiActions.notFoundBook2,"ไม่พบเล่ม ""{0}"""
ui.aiActions.notFoundChapter,"ไม่พบบท ""{0}"""
ui.aiActions.notFoundScene,"ไม่พบฉาก ""{0}"""
ui.aiActions.notFoundSceneNew,"ไม่พบฉาก ""{0}"" — สร้างก่อนด้วย scene.create"
ui.aiActions.notHasBookProject,ยังไม่มีเล่มในโปรเจกต์ — สร้างด้วย book.create ก่อน
ui.aiActions.notKnownCmd,ไม่รู้จักคำสั่ง
ui.aiActions.openTabUnsaved,ฉากนี้เปิดอยู่และมีงานที่ยังไม่บันทึก จึงเขียนลงแท็บไว้ก่อน (ยังไม่ลงไฟล์)
ui.aiActions.outsideProject,ชื่อนี้พาไฟล์ออกนอกโปรเจกต์ — ไม่ได้เขียน
ui.aiActions.readDone,"อ่าน ""{0}"" แล้ว"
ui.aiActions.readSceneDone,"อ่านฉาก ""{0}"" แล้ว"
ui.aiActions.readStructureDone,อ่านโครงสร้างแล้ว
ui.aiActions.sceneDoneMergeChar,"{0}ฉาก ""{1}"" แล้ว (รวม {2} ตัวอักษร)"
ui.aiActions.sceneOpenUnsaved,ไม่ได้ลบ {0} — ฉากนี้ยังมีงานค้างที่บันทึกไม่ได้
ui.aiActions.writeNext,เขียนต่อ
ui.aiAgent.add,เพิ่ม Agent
ui.aiAgent.addFileRef,จากไฟล์ .txt
ui.aiAgent.addTextRef,พิมพ์/วางเอง
ui.aiAgent.addTitle,เพิ่ม Agent บุคลิกการเขียน
ui.aiAgent.agents,Agents — บุคลิกการเขียน
ui.aiAgent.agentsHint,"ใช้กับ ""Rewrite this"" (เลือกข้อความในเอกสาร → คลิกขวา) เพื่อกำหนดแนวทางการเขียน"
ui.aiAgent.confirmDelete,"ลบ Agent ""{0}"" ?"
ui.aiAgent.delete,ลบ Agent
ui.aiAgent.editTitle,แก้ไข Agent บุคลิกการเขียน
ui.aiAgent.empty,ยังไม่มี Agent — กดปุ่มเพิ่ม Agent
ui.aiAgent.insertTemplate,แทรกแม่แบบหัวข้อ
ui.aiAgent.kindText,พิมพ์เอง
ui.aiAgent.moveDown,เลื่อนลง
ui.aiAgent.moveUp,เลื่อนขึ้น
ui.aiAgent.name,ชื่อ Agent
ui.aiAgent.namePh,เช่น นักเขียนแฟนตาซีมืดหม่น
ui.aiAgent.needName,ใส่ชื่อ Agent ก่อน
ui.aiAgent.noRefs,ยังไม่มีอ้างอิง
ui.aiAgent.persona,บุคลิก — แนวการเขียน ธีม โทน แหล่งอ้างอิง กฎต่าง ๆ
ui.aiAgent.personaHint,เขียนเหมือนสั่งงานนักเขียนคนหนึ่ง — ยิ่งชัด ผลยิ่งตรง
ui.aiAgent.personaPh,สไตล์การเขียน: บรรยายละเอียด ประโยคสั้นสลับยาว\nธีม: การไถ่บาป\nโทน: มืดหม่น ตึงเครียด\nแหล่งอ้างอิง: นิยายแฟนตาซีคลาสสิก\nกฎ: ห้ามเปลี่ยนเหตุการณ์ · ใช้สรรพนามตามเดิม
ui.aiAgent.refCount,อ้างอิง {0} รายการ
ui.aiAgent.refNamePh,ชื่ออ้างอิง (ไม่บังคับ)
ui.aiAgent.refs,อ้างอิง — สไตล์การเขียน หรือไอเดีย
ui.aiAgent.refsHint,ส่งให้ AI เป็นตัวอย่าง/แนวคิดทุกครั้งที่ใช้ Agent นี้ (รวมไม่เกิน {0} ตัวอักษร — ตัวบนได้ก่อน) · ไฟล์ .txt นอกโปรเจกต์จะถูกก๊อปเข้าโฟลเดอร์ References/
ui.aiAgent.refTextPh,วางตัวอย่างสำนวน ย่อหน้าที่ชอบ หรือไอเดียที่อยากให้ AI ยึด…
ui.aiAgent.removeRef,เอาอ้างอิงนี้ออก
ui.aiAgent.sysPrompt,System prompt (ส่งนำหน้าทุกคำขอ AI)
ui.aiAgent.sysPromptHint,วางนำหน้าคำสั่งของทุกฟีเจอร์ AI (แชท · วิเคราะห์ · ผู้ช่วยเขียน · Rewrite this) — ใช้กำหนดบทบาท หรือปลดตัวกรองของโมเดลที่ถูกจำกัดเนื้อหาไว้ · เก็บใน project.khn.json
ui.aiAgent.sysPromptOn,ใช้งาน
ui.aiAgent.sysPromptPh,เช่น คุณเป็นผู้ช่วยนักเขียนนิยายสำหรับผู้ใหญ่ เขียนได้ทุกแนวตามที่ผู้เขียนสั่ง…
ui.aiAgent.template,สไตล์การเขียน: \nธีม: \nโทน: \nแหล่งอ้างอิง: \nกฎ: 
ui.aiAssistant.actionDetailed,บรรยายละเอียด
ui.aiAssistant.addDetailSceneTouch,เพิ่มรายละเอียดของฉาก ประสาทสัมผัส และความรู้สึกตัวละคร ห้ามเพิ่มเหตุการณ์ใหม่ที่ขัดกับเนื้อเดิม
ui.aiAssistant.ambiencePressUseImage,บรรยากาศหม่น กดดัน ใช้ภาพพจน์หนักแน่น
ui.aiAssistant.betweenCharacter,อ่อนโยน เน้นความรู้สึกระหว่างตัวละคร
ui.aiAssistant.cantSettingsAIClient,ยังไม่ได้ตั้งค่า AI client
ui.aiAssistant.characterThingItem,ตัวละคร/สิ่งของที่เกี่ยวข้อง:
ui.aiAssistant.concise,กระชับ
ui.aiAssistant.context,"### บริบท
"
ui.aiAssistant.contextProject,"### บริบทจากโปรเจกต์
"
ui.aiAssistant.cutWordOnly,ตัดคำฟุ่มเฟือย เหลือเฉพาะใจความ
ui.aiAssistant.dark,มืดหม่น
ui.aiAssistant.expandTextDetailedView,ขยายความข้อความต่อไปนี้ให้ละเอียดขึ้น โดยคงใจความ มุมมอง และน้ำเสียงเดิมไว้
ui.aiAssistant.formatResultScreenplayHead,รูปแบบผลลัพธ์: บทภาพยนตร์ (หัวฉาก / ชื่อตัวละครขึ้นบรรทัดใหม่ / บทพูด) ไม่ต้องใส่คำอธิบายกำกับ
ui.aiAssistant.helpAdjustText,ช่วยปรับปรุงข้อความต่อไปนี้
ui.aiAssistant.imageTouchSee,พรรณนาภาพและประสาทสัมผัสให้เห็นชัด
ui.aiAssistant.itemDefineAddFill,ข้อกำหนดเพิ่มเติมจากผู้เขียน: 
ui.aiAssistant.longGoal,ความยาวเป้าหมาย: 
ui.aiAssistant.longPara,ยาว (3-5 ย่อหน้า)
ui.aiAssistant.mediumPara,ปานกลาง (1 ย่อหน้า)
ui.aiAssistant.msg,กันเอง
ui.aiAssistant.msg2,ตลก
ui.aiAssistant.msg3,ทางการ
ui.aiAssistant.msg4,ระทึก
ui.aiAssistant.msg5,โรแมนติก
ui.aiAssistant.putMoodNotDo,ใส่อารมณ์ขันเบา ๆ แต่ไม่ทำลายเนื้อเรื่อง
ui.aiAssistant.replyLang,ตอบเป็นภาษา: 
ui.aiAssistant.replyThaiAlwaysSend,ตอบเป็นภาษาไทยเสมอ ส่งเฉพาะข้อความผลลัพธ์ ห้ามอธิบายสิ่งที่ทำ ห้ามใส่เครื่องหมายคำพูดครอบผลลัพธ์
ui.aiAssistant.sentenceShortConcisePace,ประโยคสั้น กระชับ เร่งจังหวะให้ตึงเครียด
ui.aiAssistant.shortMoreSentence,สั้นมาก (1-2 ประโยค)
ui.aiAssistant.story,เรื่อง: 
ui.aiAssistant.summaryTextInEvent,สรุปข้อความต่อไปนี้ให้เข้าใจง่าย คงเหตุการณ์สำคัญและชื่อตัวละครที่ปรากฏ
ui.aiAssistant.synopsisScene,เรื่องย่อฉาก: 
ui.aiAssistant.textSource,### ข้อความต้นฉบับ
ui.aiAssistant.tone,แนวทางโทน: 
ui.aiAssistant.toneNeed,โทนที่ต้องการ: 
ui.aiAssistant.useLangImageWord,ใช้ภาษาสุภาพ เป็นทางการ หลีกเลี่ยงคำแสลง
ui.aiAssistant.useLangSpeakStyle,ใช้ภาษาพูดแบบเป็นกันเอง อ่านลื่น
ui.aiAssistant.view,มุมมอง 
ui.aiAssistant.writeNextTextCont,เขียนต่อจากข้อความต่อไปนี้ให้ต่อเนื่องเป็นธรรมชาติ คงสำนวนและมุมมองเดิม
ui.aiAssistant.writeTextNewRead,เขียนข้อความต่อไปนี้ใหม่ให้อ่านลื่นและกระชับขึ้น โดยคงความหมายเดิมทุกประการ
ui.aiAssistant.youEditorWriterNovel,คุณเป็นบรรณาธิการและนักเขียนนิยาย/บทภาพยนตร์ภาษาไทยมืออาชีพ 
ui.aiBridge.aiRagNewIndex,ai rag: สร้างดัชนี
ui.aiBridge.aiRagRetrieveFail,ai rag: retrieve ล้มเหลว
ui.aiBridge.busyNewIndexBody,กำลังสร้างดัชนีเนื้อหา…
ui.aiCharacter.ability,ความสามารถ
ui.aiCharacter.cantSetChangePair,"ถ้าไม่ได้ตั้งใจให้เปลี่ยนตามคู่สนทนา ให้แก้เป็น ""{0}"""
ui.aiCharacter.characterAlwaysReplyForbid,4. ถ้าตัวละครสม่ำเสมอดีอยู่แล้ว ให้ตอบ [] — ห้ามแต่งปัญหา
ui.aiCharacter.checkAlwaysCharacterScene,"ตรวจความสม่ำเสมอของตัวละคร ""{0}"" จากฉากทั้งหมดที่ตัวละครนี้ปรากฏ"
ui.aiCharacter.checkSetChangeSound,"ตรวจว่าตั้งใจเปลี่ยนน้ำเสียงตามสถานการณ์หรือไม่ ถ้าไม่ ให้แก้เป็น ""{0}"""
ui.aiCharacter.compareSceneSceneCompare,1. เทียบฉากกับฉาก และเทียบกับโปรไฟล์ — ระบุ sceneId ของฉากที่มีปัญหาเสมอ
ui.aiCharacter.fileCharacter,### โปรไฟล์ตัวละคร
ui.aiCharacter.image,รูปลักษณ์
ui.aiCharacter.issueProblemFoundThai,"""issue"":""ปัญหาที่พบ (ภาษาไทย)"",""evidence"":""ข้อความจากฉาก"",""suggestion"":""ข้อเสนอวิธีแก้""}}]"
ui.aiCharacter.itemEditActEdit,3. ให้ข้อเสนอแก้ไขที่ลงมือทำได้จริง (แก้ประโยคไหน เป็นอะไร)
ui.aiCharacter.msg,นิสัยและปฏิกิริยา
ui.aiCharacter.mustView,ประเด็นที่ต้องดู:
ui.aiCharacter.notFoundDataCharacter,ไม่พบข้อมูลตัวละครใน Wiki
ui.aiCharacter.notFoundSceneHas,"ไม่พบฉากที่มี ""{0}"" ปรากฏ"
ui.aiCharacter.readFileCharacterScene,อ่านโปรไฟล์ตัวละครกับฉากที่ตัวละครนั้นปรากฏ แล้วชี้จุดที่ตัวละครทำ/พูดไม่ตรงกับตัวเองในฉากอื่นหรือไม่ตรงกับโปรไฟล์ 
ui.aiCharacter.relationCharacterOther,ความสัมพันธ์กับตัวละครอื่น
ui.aiCharacter.reportOnlyThingText,รายงานเฉพาะสิ่งที่ขัดกันจริงในข้อความที่ได้รับ ตอบเป็น JSON เท่านั้น
ui.aiCharacter.sceneCallItemScene,"ฉากนี้ {0} เรียกตัวเองว่า ""{1}"" ขณะที่ฉากอื่นใช้ ""{2}"""
ui.aiCharacter.sceneCharacterAppear,### ฉากที่ตัวละครนี้ปรากฏ
ui.aiCharacter.sceneIdAspectSeverityCritical,"[{{""sceneId"":""<id ฉาก>"",""aspect"":""<ประเด็นจากรายการข้างบน>"",""severity"":""critical|major|minor"","
ui.aiCharacter.sceneUseWordScene,"ฉากนี้ใช้คำลงท้าย ""{0}"" ขณะที่ฉากอื่นของ {1} ใช้ ""{2}"" เป็นหลัก"
ui.aiCharacter.textShortSceneMain,2. อ้างข้อความสั้น ๆ จากฉากเป็นหลักฐานทุกข้อ
ui.aiCharacter.thingCharacterNot,สิ่งที่ตัวละครควรรู้/ไม่ควรรู้
ui.aiCharacter.timeStory, · เวลาในเรื่อง: 
ui.aiCharacter.youEditorSourceStory,คุณเป็นบรรณาธิการต้นฉบับที่เชี่ยวชาญเรื่องความสม่ำเสมอของตัวละคร 
ui.aiChat.cantPrintWordAsk,ยังไม่ได้พิมพ์คำถาม
ui.aiChat.dataNotAtNot,ถ้าข้อมูลไม่พอให้บอกตรง ๆ ว่าไม่พบในเรื่อง อย่าเดาแทนผู้เขียน 
ui.aiChat.dataRefStory,ข้อมูลอ้างอิงจากเรื่องนี้
ui.aiChat.eventTime,"เหตุการณ์: {0}
เวลา: {1}{2}
{3}"
ui.aiChat.page,"หน้าวิกิ: {0}
{1}"
ui.aiChat.replyThaiUseOnly,ตอบเป็นภาษาไทย ใช้เฉพาะข้อมูลอ้างอิงที่ให้มาเป็นหลัก 
ui.aiChat.scene,"ฉาก: {0}
{1}"
ui.aiChat.toScenePageSpecify,เมื่ออ้างถึงฉากหรือหน้าวิกิ ให้ระบุชื่อในวงเล็บเหลี่ยมตามที่ปรากฏในข้อมูลอ้างอิง
ui.aiChat.wordAsk,"{0}

### คำถาม
{1}"
ui.aiChat.wordAskNotFound,"### คำถาม
{0}

(ไม่พบข้อมูลอ้างอิงในโปรเจกต์ — ถ้าตอบไม่ได้ให้บอกตรง ๆ)"
ui.aiChat.youAssistantKnownWorld,คุณเป็นผู้ช่วยที่รู้จักโลกและเนื้อเรื่องของนักเขียนคนนี้เป็นอย่างดี 
ui.aiChatPanel.actCmdOk,ลงมือทำ {0} คำสั่ง — สำเร็จ {1}/{2}
ui.aiChatPanel.addFileInContext,เพิ่มไฟล์เข้าบริบทของเซสชันนี้
ui.aiChatPanel.aIAct,"AI ขอลงมือทำ:

"
ui.aiChatPanel.aIActNotAsk,AI จะลงมือทำเองโดยไม่ถาม (ยกเว้นคำสั่งลบ)
ui.aiChatPanel.aIAskBeforeAll,AI จะถามก่อนทุกคำสั่ง
ui.aiChatPanel.aiChatCollectContext,ai-chat: รวบรวมบริบทไม่สำเร็จ
ui.aiChatPanel.aiChatReadFolder,ai-chat: อ่านโฟลเดอร์เซสชันไม่ได้
ui.aiChatPanel.aiChatReadSession,ai-chat: อ่านเซสชันไม่ได้ 
ui.aiChatPanel.aIDelProject,"AI ขอลบของในโปรเจกต์:

"
ui.aiChatPanel.arrangeKeep,จัดเก็บ
ui.aiChatPanel.arrangeKeepSessionDone,จัดเก็บเซสชันแล้ว
ui.aiChatPanel.askBeforeAlwaysDel, ถามก่อนเสมอเมื่อจะลบของ
ui.aiChatPanel.askBeforeDelAlways,จะถามก่อนลบเสมอ
ui.aiChatPanel.assistant,ผู้ช่วย
ui.aiChatPanel.assistantFileMdFolder,ทักษะของผู้ช่วย (ไฟล์ .md ในโฟลเดอร์ Skills/ ของโปรเจกต์)
ui.aiChatPanel.backListSession,กลับไปรายการเซสชัน
ui.aiChatPanel.btnSendSetFile,ปุ่มส่งตั้งได้ที่ เมนู AI → ตั้งค่า AI
ui.aiChatPanel.busyContinue,กำลังเขียนต่อ…
ui.aiChatPanel.busyRunPressBack,กำลังทำงาน: {0} · {1} วิ — กดเพื่อกลับไปดู
ui.aiChatPanel.busyThink,กำลังคิด…
ui.aiChatPanel.busyThinkNext,กำลังคิดต่อ…
ui.aiChatPanel.cache, · แคช {0}
ui.aiChatPanel.cache2,โทเค็นแคช
ui.aiChatPanel.callAINotOk,เรียก AI ไม่สำเร็จ
ui.aiChatPanel.cancelSet,ยกเลิกทั้งชุด
ui.aiChatPanel.cantSettingsProviderAI,ยังไม่ได้ตั้งค่าผู้ให้บริการ AI — เมนู AI → ตั้งค่า AI
ui.aiChatPanel.changeName,เปลี่ยนชื่อ
ui.aiChatPanel.char,  ({0} ตัวอักษร)
ui.aiChatPanel.clickViewDetail,— คลิกเพื่อดูรายละเอียด —
ui.aiChatPanel.closeAsk,ปิดการถาม
ui.aiChatPanel.closeAskBeforeDel,"ปิดการถามก่อนลบ?

AI จะลบเล่ม/บท/ฉาก/เอนทิตี้ได้เองทันทีโดยไม่ถามคุณอีก
"
ui.aiChatPanel.closeBackSession,ปิด — กลับไปที่เซสชัน
ui.aiChatPanel.cmdAct,คำสั่งที่ลงมือทำ (
ui.aiChatPanel.contextCapLearned,โมเดลนี้รับบริบทได้ราว {0} token — รอบถัดไปจะตัดประวัติให้พอดี ลองส่งใหม่ได้เลย
ui.aiChatPanel.continueBtn,ต่อ
ui.aiChatPanel.continuePrompt,เขียนต่อจากคำตอบก่อนหน้าตรงจุดที่ค้างไว้ทันที ห้ามทวนข้อความเดิม ห้ามขึ้นต้นใหม่ ห้ามอธิบายเพิ่ม
ui.aiChatPanel.continueTip,ให้ AI เขียนต่อจากตรงที่ค้างไว้ในข้อความเดิม
ui.aiChatPanel.copyDialogueAll,⧉ คัดลอกบทสนทนาทั้งหมด
ui.aiChatPanel.copyDialogueDone,คัดลอกบทสนทนาแล้ว
ui.aiChatPanel.copyMarkdown,แชร์ (คัดลอกเป็น Markdown)
ui.aiChatPanel.copyText,คัดลอกข้อความนี้
ui.aiChatPanel.countTextAssistant,จำนวนข้อความผู้ช่วย
ui.aiChatPanel.countTextUser,จำนวนข้อความผู้ใช้
ui.aiChatPanel.cutLong,"
…(ตัดเพราะยาวเกิน)"
ui.aiChatPanel.dashRemember,ขีดจำกัด
ui.aiChatPanel.dataProjectLevelIn,"

ข้อมูลจากโปรเจกต์ (ระดับการเข้าถึง: "
ui.aiChatPanel.dateNewSession,วันที่สร้างเซสชัน
ui.aiChatPanel.del,ลบเลย
ui.aiChatPanel.delSession,"ลบเซสชัน ""{0}"" ?"
ui.aiChatPanel.delSession2,ลบเซสชันนี้
ui.aiChatPanel.delSessionDone,ลบเซสชันแล้ว
ui.aiChatPanel.detailContext,รายละเอียดบริบท
ui.aiChatPanel.detailEdit,รายละเอียด · แนวทางแก้
ui.aiChatPanel.do,ทำเลย
ui.aiChatPanel.doCmdNotMust, ทำคำสั่งเองโดยไม่ต้องถาม
ui.aiChatPanel.exitArrangeKeep,เอาออกจากที่จัดเก็บ
ui.aiChatPanel.export,โทเค็นส่งออก
ui.aiChatPanel.fileMdOneFile,ทักษะอยู่ที่ {0}/ — ไฟล์ .md หนึ่งไฟล์ = หนึ่งทักษะ
ui.aiChatPanel.helpWriteNewEdit,"ช่วยเขียน — สร้าง/แก้ เล่ม บท ฉาก เอนทิตี้ ได้จริง (ลบไม่ได้)
"
ui.aiChatPanel.historyTrimmed,— ตัดประวัติเก่าออก {0} ข้อความ เพื่อให้อยู่ในงบของโมเดล —
ui.aiChatPanel.ideaModel,ความคิดของโมเดล
ui.aiChatPanel.import,โทเค็นนำเข้า
ui.aiChatPanel.insertShortcode,แทรกโค้ดสั้น (ค่าจริงทันที)
ui.aiChatPanel.itemPickSession,ตัวเลือกของเซสชัน
ui.aiChatPanel.jSONModelCmd,JSON ที่โมเดลสั่ง
ui.aiChatPanel.levelInTo,ระดับการเข้าถึง
ui.aiChatPanel.levelInToAI,ระดับการเข้าถึง — AI จะเห็นเนื้อหาแค่ระดับนี้
ui.aiChatPanel.levelUseIdeaModel,ระดับการใช้ความคิดของโมเดล (reasoning effort) — มีผลเฉพาะเซสชันนี้
ui.aiChatPanel.longSkip,ทักษะยาวเกินโควตา ข้ามไป: {0}
ui.aiChatPanel.mode,โหมด
ui.aiChatPanel.modelSessionValueSet,โมเดลของเซสชันนี้ — ทับค่าที่ตั้งไว้ในตั้งค่า AI (อิสระต่อกัน)
ui.aiChatPanel.modeRun,"โหมดการทำงาน
"
ui.aiChatPanel.msg,ต้นทุน: 
ui.aiChatPanel.msg2,{0} ทักษะ: {1}
ui.aiChatPanel.nameSession,ชื่อเซสชัน
ui.aiChatPanel.newFolderFileSample,สร้างโฟลเดอร์ทักษะ + ไฟล์ตัวอย่าง
ui.aiChatPanel.not,ไม่ทราบ
ui.aiChatPanel.notDashRememberModel,ไม่รู้ขีดจำกัดของโมเดล
ui.aiChatPanel.notFoundSessionAt,ไม่พบเซสชันที่ตรงกับคำค้น
ui.aiChatPanel.notHas,— ไม่มี —
ui.aiChatPanel.notHasFilePress,ยังไม่มีไฟล์ทักษะ — กดเพื่อสร้างโฟลเดอร์ {0}/ พร้อมไฟล์ตัวอย่าง
ui.aiChatPanel.notHasSessionPress,"ยังไม่มีเซสชัน — กด ""เซสชันใหม่"" เพื่อเริ่มคุย"
ui.aiChatPanel.notHasText,ยังไม่มีข้อความ
ui.aiChatPanel.open,ทักษะที่เปิดอยู่: 
ui.aiChatPanel.openFolder,เปิดโฟลเดอร์ทักษะ
ui.aiChatPanel.openProjectBeforeDone,เปิดโปรเจกต์ก่อน แล้วเซสชันแชทจะถูกเก็บใน Sessions/ ของโปรเจกต์นั้น
ui.aiChatPanel.partialNote,คำตอบหยุดกลางทาง — เก็บข้อความที่ได้มาแล้วไว้ให้
ui.aiChatPanel.pickFileNotOk,เลือกไฟล์ไม่สำเร็จ
ui.aiChatPanel.plannerReadProjectNot,"วางแผน — อ่านโปรเจกต์ได้ แต่ไม่แตะไฟล์
"
ui.aiChatPanel.printTextEnterSend,พิมพ์ข้อความ… (Enter = ส่ง · Shift+Enter = ขึ้นบรรทัด)
ui.aiChatPanel.printTextShiftEnter,พิมพ์ข้อความ… (Shift+Enter = ส่ง · Enter = ขึ้นบรรทัด)
ui.aiChatPanel.ragBuildFail,สร้างดัชนีค้นหาสำหรับ AI ไม่สำเร็จ
ui.aiChatPanel.ragRetrieveFail,ดึงเนื้อหาที่เกี่ยวข้องมาให้ AI ไม่สำเร็จ
ui.aiChatPanel.readNotOk,อ่านทักษะไม่สำเร็จ
ui.aiChatPanel.restartClearDialogue,เริ่มใหม่ (ล้างบทสนทนา)
ui.aiChatPanel.restartClearDialogueSession,เริ่มใหม่ — ล้างบทสนทนาของเซสชันนี้ (เก็บโหมด/โมเดล/ไฟล์แนบไว้)
ui.aiChatPanel.restartClearDialogueText,"เริ่มใหม่ — ล้างบทสนทนา {0} ข้อความของ ""{1}"" ?"
ui.aiChatPanel.resultCmdSendBack,ผลคำสั่งที่ส่งกลับให้โมเดล
ui.aiChatPanel.resultSendBackModel,ผลที่ส่งกลับให้โมเดล
ui.aiChatPanel.roundNotEndPrint,"หยุดที่ {0} รอบเพื่อกันวนไม่จบ — พิมพ์ ""ทำต่อ"" ถ้ายังไม่เสร็จ"
ui.aiChatPanel.sceneOpen,ฉากที่เปิดอยู่
ui.aiChatPanel.searchSessionNameText,ค้นหาเซสชัน (ชื่อ หรือข้อความในเซสชัน)…
ui.aiChatPanel.send,ส่ง
ui.aiChatPanel.sendFailed,ส่งข้อความหา AI ไม่สำเร็จ
ui.aiChatPanel.session,เซสชัน
ui.aiChatPanel.sessionExitArrangeKeep,เอาเซสชันออกจากที่จัดเก็บแล้ว
ui.aiChatPanel.sessionNew,เซสชันใหม่
ui.aiChatPanel.sessionSaveSendText, · เซสชันจะถูกบันทึกเมื่อส่งข้อความแรก
ui.aiChatPanel.settingsAI,(ตามตั้งค่า AI)
ui.aiChatPanel.showSessionArrangeKeep, แสดงเซสชันที่จัดเก็บแล้ว
ui.aiChatPanel.showTextJSON,{{ }} แสดงข้อความดิบ (JSON)
ui.aiChatPanel.staleSaveRebased,บันทึกทับด้วยข้อมูลเก่า — ยกข้อความล่าสุดมาแทนให้แล้ว
ui.aiChatPanel.startDialogueNewDone,เริ่มบทสนทนาใหม่แล้ว (เก็บโหมด/โมเดล/ไฟล์แนบไว้)
ui.aiChatPanel.statusError,คำตอบล่าสุดเกิดข้อผิดพลาด
ui.aiChatPanel.statusIdle,พร้อม
ui.aiChatPanel.statusRunning,กำลังคิด…
ui.aiChatPanel.stopHint,ยกเลิกคำขอที่กำลังส่งอยู่
ui.aiChatPanel.styleUseResult,โทเค็นแบบใช้เหตุผล
ui.aiChatPanel.systemPromptSendRound,system prompt ที่ส่งไปรอบนี้
ui.aiChatPanel.text, ข้อความ
ui.aiChatPanel.textSession,ข้อความในเซสชัน
ui.aiChatPanel.think, · คิด {0}
ui.aiChatPanel.tokenInOut,token: เข้า {0} · ออก {1}
ui.aiChatPanel.trashRecoverRestoreNot,(ของยังไปถังขยะ กู้คืนได้ แต่จะไม่มีจังหวะให้ทัดทาน)
ui.aiChatPanel.truncatedNote,คำตอบถูกตัดเพราะชนเพดานความยาว (Max Tokens)
ui.aiChatPanel.unlockFullAIDel,ปลดล็อกเต็มที่ — AI ลบของได้เองโดยไม่ถาม
ui.aiChatPanel.unlockFullDoAll,ปลดล็อกเต็มที่ — ทำได้ทุกอย่างรวมทั้งลบ (ของไปถังขยะ กู้คืนได้)
ui.aiChatPanel.usage,การใช้งาน
ui.aiChatPanel.usage2,การใช้งาน: 
ui.aiChatPanel.uSD,ต้นทุน (USD)
ui.aiChatPanel.use,โทเค็นที่ใช้
ui.aiChatPanel.use2,โทเค็นที่ใช้: 
ui.aiChatPanel.useItemChar,ใช้ทักษะ {0} ตัว ({1} ตัวอักษร)
ui.aiChatPanel.userNotAllow,ผู้ใช้ไม่อนุญาต
ui.aiChatPanel.useTaskLatest,ใช้งานล่าสุด
ui.aiChatPanel.useTime, · ใช้เวลา {0} วิ
ui.aiChatPanel.you,คุณ
ui.aiDialogue.call, (เรียกอีกอย่างว่า {0})
ui.aiDialogue.chapter,บทบาท
ui.aiDialogue.character,### ตัวละคร ก
ui.aiDialogue.character2,### ตัวละคร ข
ui.aiDialogue.characterEachItemMust,ตัวละครแต่ละตัวต้องมีน้ำเสียงต่างกันชัดเจนตามบุคลิกที่ให้มา 
ui.aiDialogue.click,บุคลิก
ui.aiDialogue.contextScene,### บริบทของฉาก
ui.aiDialogue.dot,จุดอ่อน
ui.aiDialogue.eachPersonSpeakClick,ให้แต่ละคนพูดตามบุคลิก วิธีพูด และเป้าหมายของตัวเอง — ห้ามให้ทั้งคู่พูดเหมือนกัน
ui.aiDialogue.editHasAction,ร้อยแก้ว (มีบรรยายคั่น)
ui.aiDialogue.fear,ความกลัว
ui.aiDialogue.fearDot,ความกลัว/จุดอ่อน
ui.aiDialogue.forbidPutHeadScene,ห้ามใส่หัวฉาก ห้ามใส่คำบรรยายยาว ห้ามใส่เลขลำดับ
ui.aiDialogue.formatResult,### รูปแบบผลลัพธ์
ui.aiDialogue.moodDoShortRemember,(อารมณ์/การกระทำสั้น ๆ ถ้าจำเป็น)
ui.aiDialogue.moodScene,อารมณ์ของฉาก: 
ui.aiDialogue.msg,ติดปาก
ui.aiDialogue.msg2,นิสัย
ui.aiDialogue.msg3,ภูมิหลัง
ui.aiDialogue.msg4,สถานการณ์: 
ui.aiDialogue.msg5,สำนวน
ui.aiDialogue.msg6,อายุ
ui.aiDialogue.msg7,แรงจูงใจ
ui.aiDialogue.mustHasCharacterItem,ต้องมีตัวละคร 2 ตัว
ui.aiDialogue.name,@ชื่อตัวละคร
ui.aiDialogue.name2,ชื่อ: {0}
ui.aiDialogue.notName,(ไม่ทราบชื่อ)
ui.aiDialogue.only,ลักษณะเฉพาะ
ui.aiDialogue.place,สถานที่: 
ui.aiDialogue.pos,ตำแหน่ง
ui.aiDialogue.relation,ความสัมพันธ์: 
ui.aiDialogue.sendOnlyDialogueForbid,ส่งเฉพาะบทสนทนา ห้ามอธิบาย ห้ามใส่หัวข้อหรือคำนำ
ui.aiDialogue.sound,น้ำเสียง
ui.aiDialogue.speak,"{0}{1} พูดว่า ""{2}"""
ui.aiDialogue.speak2,การพูด
ui.aiDialogue.textBeforePageWrite,### ข้อความก่อนหน้า (เขียนต่อให้กลมกลืน)
ui.aiDialogue.thingEachNeedDialogue,สิ่งที่แต่ละฝ่ายต้องการจากบทสนทนานี้: 
ui.aiDialogue.time,เวลา: 
ui.aiDialogue.toneMerge,โทนโดยรวม: 
ui.aiDialogue.useFormatScreenplayStyle,ใช้รูปแบบบทภาพยนตร์แบบนี้เท่านั้น (ขึ้นบรรทัดใหม่ทุกครั้ง):
ui.aiDialogue.writeDialogueBetweenCharacter,เขียนบทสนทนาระหว่างตัวละคร 2 ตัวต่อไปนี้ ประมาณ {0} รอบการโต้ตอบ
ui.aiDialogue.writeEditDialogueWord,"เขียนเป็นร้อยแก้ว: บทพูดอยู่ในเครื่องหมายคำพูด ""…"" สลับกับคำบรรยายสั้น ๆ ว่าใครพูดและทำอะไร"
ui.aiDialogue.youWriterScreenplayThai,คุณเป็นนักเขียนบทภาพยนตร์ภาษาไทยมืออาชีพ เขียนบทสนทนาที่ฟังเหมือนคนพูดจริง 
ui.aiError.addMaxRetriesParameters,เพิ่ม Max Retries ใน Parameters ให้ระบบถอยแล้วลองเองอัตโนมัติ
ui.aiError.addValueTimeoutSettings,เพิ่มค่า Timeout ใน ตั้งค่า AI → แก้ผู้ให้บริการ → Parameters
ui.aiError.baseURLMustV1,Base URL มักต้องลงท้ายด้วย /v1 — ตรวจให้ตรงกับคู่มือของผู้ให้บริการ
ui.aiError.bodyAnswer,เนื้อคำตอบ: 
ui.aiError.callNotOkHTTP,เรียกไม่สำเร็จ (HTTP {0})
ui.aiError.checkBaseURL,ตรวจ Base URL · อินเทอร์เน็ต · ไฟร์วอลล์
ui.aiError.checkDomainAllowedHTTP,ตรวจว่าโดเมนอยู่ใน Allowed HTTP Request Domains ของผู้ให้บริการ
ui.aiError.checkNameModelPress,"ตรวจชื่อโมเดล: กด ""ดึงรายชื่อโมเดล"" แล้วเลือกจากรายการแทนการพิมพ์เอง"
ui.aiError.checkNext,ตรวจว่าเครื่องต่ออินเทอร์เน็ตอยู่
ui.aiError.checkNumBaseURL,ตรวจเลขพอร์ตใน Base URL ให้ตรงกับที่โปรแกรมนั้นเปิดจริง
ui.aiError.checkPageProvider,ตรวจยอดเครดิต/โควตาในหน้าผู้ให้บริการ
ui.aiError.checkPrintBaseURL,ตรวจว่าพิมพ์ Base URL ถูกต้อง
ui.aiError.checkVPN,ตรวจอินเทอร์เน็ต / VPN / ไฟร์วอลล์
ui.aiError.doneTryNew,รอสักครู่แล้วลองใหม่
ui.aiError.doneTryNewNot,รอสักครู่แล้วลองใหม่ — ไม่ใช่ปัญหาที่เครื่องเรา
ui.aiError.edit,แนวทางแก้:
ui.aiError.findNameDomainNot,หาชื่อโดเมนไม่เจอ (DNS)
ui.aiError.innerUseItemOut,เซิร์ฟเวอร์ในเครือข่ายภายในมักใช้ใบรับรองที่ออกเอง — ลองใช้ http:// แทน https:// ถ้าเป็นเครื่องในบ้าน
ui.aiError.itemMaxTokensHigh,ตัวที่ผิดบ่อย: Max Tokens สูงเกินที่โมเดลรับ · Reasoning Effort / Thinking mode ที่โมเดลนี้ไม่มี · Response Format = json_object
ui.aiError.itemTLSToUse,ใบรับรองความปลอดภัย (TLS) ของปลายทางใช้ไม่ได้
ui.aiError.keyBindOutlineCheck,คีย์บางเจ้าผูกกับองค์กร/โครงการ — ตรวจว่าคีย์นี้ใช้กับ Base URL นี้ได้จริง
ui.aiError.model,โมเดล: 
ui.aiError.modelOllamaLMStudio,ถ้าเป็นโมเดลในเครื่อง (Ollama / LM Studio / llama.cpp) — เปิดโปรแกรมนั้นให้ทำงานอยู่ก่อน
ui.aiError.modelThinkReasoningUse,โมเดลที่คิดเยอะ (reasoning) ใช้เวลานาน — ลดระดับการใช้ความคิด หรือลดความยาวคำตอบ
ui.aiError.msg,ยิงถี่เกินโควตา หรือเครดิตหมด (429)
ui.aiError.nextCantWordNot,ยังติดต่อเซิร์ฟเวอร์ไม่ได้เลย (คำขอไปไม่ถึงปลายทาง)
ui.aiError.nextNotMissingCenter,ต่อกับเซิร์ฟเวอร์ไม่ติด (เครือข่ายขาดกลางทาง)
ui.aiError.notAPIKeySend,เซิร์ฟเวอร์ไม่รับกุญแจ (API key) ที่ส่งไป
ui.aiError.notTo,ไปไม่ถึงเซิร์ฟเวอร์
ui.aiError.provider,ผู้ให้บริการ: 
ui.aiError.providerNotParamSend,ผู้ให้บริการไม่รับพารามิเตอร์ที่ส่งไป ({0})
ui.aiError.putKeyNewSettings,ใส่คีย์ใหม่ที่ ตั้งค่า AI → แก้ผู้ให้บริการ → Credential แล้วกด Save Credential
ui.aiError.reply,เซิร์ฟเวอร์ตอบ: 
ui.aiError.sideProviderHasProblem,ฝั่งผู้ให้บริการมีปัญหา ({0})
ui.aiError.streamHintCredit,ตรวจยอดเครดิตในหน้าผู้ให้บริการ แล้วลองใหม่
ui.aiError.streamHintServer,ดูข้อความของเซิร์ฟเวอร์ด้านล่าง — มักเป็นเครดิต/โควตาหมด หรือเนื้อหาถูกปฏิเสธ
ui.aiError.streamReason,ผู้ให้บริการส่งข้อผิดพลาดมากลางคำตอบ
ui.aiError.textInner,ข้อความภายใน: 
ui.aiError.timeAnswer,หมดเวลารอคำตอบ
ui.aiError.to,ปลายทาง: 
ui.aiError.toConnectNotHas,เครื่องปลายทางปฏิเสธการเชื่อมต่อ (ไม่มีอะไรฟังอยู่ที่พอร์ตนั้น)
ui.aiError.toNotHas,ปลายทางไม่มีอยู่จริง (404)
ui.aiError.tryNewTimesAdd,ลองใหม่อีกครั้ง หรือเพิ่ม Max Retries ใน Parameters
ui.aiError.tryOpenBaseURL,ถ้าเป็นเครื่องในบ้าน ลองเปิด Base URL ในเบราว์เซอร์ดูว่าตอบไหม
ui.aiError.userPress,ผู้ใช้กดหยุดเอง
ui.aiError.viewTextBottomName,ดูข้อความของเซิร์ฟเวอร์ด้านล่าง — มักบอกชื่อฟิลด์ที่ผิดมาตรง ๆ
ui.aiError.wordUseTime,เซิร์ฟเวอร์บอกว่าคำขอใช้เวลานานเกินไป
ui.aiField.askField,ช่วยเขียนค่าของช่อง “{0}” ให้หน่อย
ui.aiField.hasCurrent,ตอนนี้ช่องนี้มีข้อความว่า “{0}” — ให้เกลาหรือต่อยอดจากของเดิม อย่าเปลี่ยนใจความ
ui.aiField.headKnown,ข้อมูลที่รู้แล้ว:
ui.aiField.headRules,กติกา:
ui.aiField.headStory,บริบทของเรื่อง:
ui.aiField.ruleNoLabel,ห้ามใส่ชื่อช่องนำหน้า และห้ามครอบด้วยเครื่องหมายคำพูด
ui.aiField.ruleOnlyValue,ตอบเฉพาะค่าของช่องนี้ ไม่ต้องอธิบาย ไม่ต้องมีคำนำ
ui.aiField.ruleSameLang,ตอบเป็นภาษาเดียวกับข้อมูลที่รู้แล้วข้างบน
ui.aiField.ruleShort,ยาวไม่เกิน 2 ประโยค เว้นแต่ช่องนั้นเป็นภูมิหลังหรือประวัติ
ui.aiField.system,คุณเป็นผู้ช่วยสร้างข้อมูลตัวละครและโลกของนักเขียน ตอบสั้น ตรงประเด็น และไม่ขัดกับข้อมูลที่มีอยู่แล้ว
ui.aiField.taskLine,นี่คือ{0}ชื่อ “{1}” ในงานเขียนเรื่องหนึ่ง
ui.aiField.thing,สิ่งหนึ่ง
ui.aiField.unnamed,(ยังไม่ตั้งชื่อ)
ui.aiHub.grpBuild,สร้างโลก
ui.aiHub.grpBuildHint,เขียนของใหม่ลง Wiki
ui.aiHub.grpCheck,ตรวจงาน
ui.aiHub.grpCheckHint,หาที่ที่ไม่ลงรอยกันในเรื่อง
ui.aiHub.grpSetting,ตั้งค่า
ui.aiHub.grpSettingHint,ผู้ให้บริการ · รุ่นโมเดล · คีย์
ui.aiHub.grpTalk,คุยกับ AI
ui.aiHub.grpTalkHint,เปิดเป็นแผงค้างไว้ ทำงานคู่กับต้นฉบับได้
ui.aiHub.grpWrite,ช่วยเขียน
ui.aiHub.grpWriteHint,ทำงานกับฉากที่เปิดอยู่ตรงหน้า
ui.aiHub.iAnalyzer,AI วิเคราะห์
ui.aiHub.iAnalyzerDesc,วิเคราะห์ 11 ชนิด เลือกขอบเขตได้ทั้งเล่ม บท หรือฉาก
ui.aiHub.iAssistant,ขยาย/เกลาข้อความ
ui.aiHub.iAssistantDesc,ขยายความ ย่อ เกลาสำนวน หรือแต่งต่อจากที่เลือกไว้
ui.aiHub.iChat,ผู้ช่วยเขียน
ui.aiHub.iChatDesc,แชทที่อ่านโปรเจกต์ของคุณได้ และลงมือแก้ให้ได้ด้วย
ui.aiHub.iConsistency,ตรวจความสอดคล้อง
ui.aiHub.iConsistencyDesc,เทียบสิ่งที่เขียนไปกับข้อมูลใน Wiki
ui.aiHub.iDialogue,สร้างบทสนทนา
ui.aiHub.iDialogueDesc,ร่างบทพูดจากสถานการณ์ที่บอก
ui.aiHub.iDlgb,ห้องซ้อมบท
ui.aiHub.iDlgbDesc,ให้ตัวละครจาก Wiki คุยกันสด ๆ แล้วหยิบบรรทัดที่ชอบไปใส่บท
ui.aiHub.iPlot,ตรวจรูโหว่พล็อต
ui.aiHub.iPlotDesc,หาปมที่ทิ้งค้าง เหตุผลที่ขัดกัน
ui.aiHub.iSettings,ตั้งค่า AI
ui.aiHub.iSettingsDesc,เพิ่มผู้ให้บริการ เลือกรุ่นโมเดล ใส่คีย์
ui.aiHub.iStarter,Story Starter
ui.aiHub.iStarterDesc,ตั้งต้นเรื่องทีละขั้น เล่นเป็นตอน แล้วแปลงเป็นต้นฉบับ
ui.aiHub.iSummary,สรุปฉาก
ui.aiHub.iSummaryDesc,ย่อฉากที่เปิดอยู่เป็นเรื่องย่อสั้น ๆ
ui.aiHub.iTitle,แนะนำชื่อเรื่อง
ui.aiHub.iTitleDesc,ขอชื่อเรื่องหลายแบบมาเลือก
ui.aiHub.iWorld,สร้างโลก
ui.aiHub.iWorldDesc,ร่างสถานที่ วัฒนธรรม หรือกติกาของโลกลง Wiki
ui.aiHub.needScene,ต้องเปิดฉากหรือบทไว้ก่อนถึงจะใช้ได้
ui.aiHub.notReady,ยังไม่ได้ตั้งค่า AI
ui.aiHub.openNow,เปิดอยู่
ui.aiHub.openSettings,เปิดกล่องตั้งค่า AI
ui.aiHub.runFail,เปิด {0} ไม่สำเร็จ
ui.aiHub.setupBtn,ตั้งค่าเลย
ui.aiHub.setupFirst,ตั้งผู้ให้บริการกับรุ่นโมเดลก่อน แล้วทุกอย่างข้างล่างนี้จะใช้ได้ทันที
ui.aiPlot.allItemMustSpecify,2. ทุกข้อต้องระบุ sceneId ของฉากที่พบปัญหา และ (ถ้ามี) sceneId ของฉากที่ขัดกัน
ui.aiPlot.character,ตัวละคร: 
ui.aiPlot.checkSetViewScene,ตรวจว่าตั้งมุมมองถูกฉากหรือไม่ หรือเพิ่มการปรากฏตัวของตัวละครในฉาก
ui.aiPlot.contCharacter,ความต่อเนื่องของตัวละคร
ui.aiPlot.descriptionExplainProblemThai,"""description"":""อธิบายปัญหาเป็นภาษาไทย"",""sceneId"":""<id ของฉาก>"",""relatedSceneId"":""<id ฉากที่ขัดกัน หรือ \""\"">"","
ui.aiPlot.evidenceTextShortMain,"""evidence"":""ข้อความสั้น ๆ ที่เป็นหลักฐาน"",""suggestion"":""ข้อเสนอวิธีแก้""}}]"
ui.aiPlot.explainThaiShortAt,3. อธิบายเป็นภาษาไทย สั้น ตรงประเด็น พร้อมยกข้อความสั้น ๆ ที่เป็นหลักฐาน
ui.aiPlot.important,5. ให้ความสำคัญเป็นพิเศษกับ: 
ui.aiPlot.kindMustCheck,ชนิดที่ต้องตรวจ:
ui.aiPlot.knotStuck,ปมที่ทิ้งค้าง
ui.aiPlot.missingFind,แรงจูงใจขาดหาย
ui.aiPlot.notFoundProblemReply,4. ถ้าไม่พบปัญหาจริง ให้ตอบ []  — ห้ามแต่งปัญหาขึ้นมาให้ครบจำนวน
ui.aiPlot.notFoundSceneCheck,ไม่พบฉากที่จะตรวจ
ui.aiPlot.paceStory,จังหวะการเล่าเรื่อง
ui.aiPlot.readSceneAllOrder,"อ่านฉากทั้งหมดต่อไปนี้ตามลำดับ แล้วหา ""ช่องโหว่ของเนื้อเรื่อง"" ที่เกิดจากเนื้อหาขัดกันเอง"
ui.aiPlot.refOnlyItemAppear,1. อ้างอิงเฉพาะข้อเท็จจริงที่ปรากฏในฉากที่ให้มา — ห้ามสมมติเหตุการณ์นอกเหนือจากนี้
ui.aiPlot.replyJSONForbidHas,ตอบเป็น JSON เท่านั้น ห้ามมีข้อความอื่นนอก JSON
ui.aiPlot.ruleImportant,กติกาสำคัญ:
ui.aiPlot.ruleWorld,กฎของโลกขัดกัน
ui.aiPlot.sceneAll,### ฉากทั้งหมด
ui.aiPlot.sceneHasTimeStory,"ฉาก ""{0}"" มีเวลาในเรื่อง ({1}) ย้อนกลับไปก่อนฉากก่อนหน้า ""{2}"" ({3}) ทั้งที่วางไว้หลังกัน"
ui.aiPlot.sceneSetViewNot,"ฉาก ""{0}"" ตั้งมุมมองเป็น ""{1}"" แต่ไม่พบตัวละครนี้ในเนื้อฉาก"
ui.aiPlot.setSceneSpecifyBody,ถ้าตั้งใจให้เป็นฉากย้อนอดีต ให้ระบุไว้ในเนื้อฉาก/เรื่องย่อ ไม่งั้นสลับลำดับฉากหรือแก้ค่าเวลาในเรื่อง
ui.aiPlot.time,เวลาขัดกัน
ui.aiPlot.timeStory,เวลาในเรื่อง: 
ui.aiPlot.typeSeverityCriticalMajor,"[{{""type"":""<ชนิดจากรายการข้างบน>"",""severity"":""critical|major|minor"","
ui.aiPlot.youEditorSourceStory,คุณเป็นบรรณาธิการต้นฉบับ (story editor) มืออาชีพ อ่านนิยาย/บทภาพยนตร์ภาษาไทยแล้วชี้จุดที่ขัดกันเอง 
ui.aiPlot.youReportOnlyThing,คุณเข้มงวดแต่ยุติธรรม: รายงานเฉพาะสิ่งที่ขัดกันจริงในเนื้อหาที่ได้รับ ห้ามเดาสิ่งที่ไม่ได้เขียนไว้ 
ui.aiProvider.add,เพิ่ม
ui.aiProvider.addProvider,เพิ่มผู้ให้บริการ
ui.aiProvider.addProviderNew,เพิ่มผู้ให้บริการใหม่
ui.aiProvider.allowedDomains,โดเมนที่อนุญาตให้ส่งคำขอ HTTP
ui.aiProvider.apiKey,คีย์ API
ui.aiProvider.baseUrl,ที่อยู่ API (Base URL)
ui.aiProvider.baseURLModel,Base URL: {0} · โมเดล: {1} · 
ui.aiProvider.btnSendText,ปุ่มส่งข้อความในแชท
ui.aiProvider.busyFetchListModel,กำลังดึงรายชื่อโมเดล…
ui.aiProvider.busyNext,กำลังติดต่อ {0}…
ui.aiProvider.busyNextTryNew,กำลังติดต่อ {0}… (ลองใหม่ครั้งที่ {1})
ui.aiProvider.busyTest,กำลังทดสอบ…
ui.aiProvider.cantPickModel,ยังไม่ได้เลือกโมเดล
ui.aiProvider.cantSettingsProviderAI,ยังไม่ได้ตั้งค่าผู้ให้บริการ AI (เมนู AI → ตั้งค่า AI)
ui.aiProvider.connectOkFoundModel,เชื่อมต่อสำเร็จ — พบ {0} โมเดล
ui.aiProvider.delProvider,"ลบผู้ให้บริการ ""{0}"" ?"
ui.aiProvider.delProvider2,ลบผู้ให้บริการนี้
ui.aiProvider.domainAllow,โดเมนที่อนุญาต: {0}
ui.aiProvider.domainNotListAllowed,โดเมนนี้ไม่อยู่ในรายการ Allowed HTTP Request Domains: 
ui.aiProvider.edit,แก้ไข
ui.aiProvider.editProvider,แก้ไขผู้ให้บริการ
ui.aiProvider.fetchListModel,⟳ ดึงรายชื่อโมเดล
ui.aiProvider.fileKeepKeyPart,ไฟล์นี้เก็บคีย์ส่วนตัวของแต่ละ Credential — อย่าแชร์ อย่าใส่ใน zip ที่ส่งต่อ
ui.aiProvider.foundModel,พบ {0} โมเดล
ui.aiProvider.historyTokens,งบประวัติแชท (token)
ui.aiProvider.historyTokensHint,"0 = อัตโนมัติ (60% ของขีดจำกัดโมเดล · ไม่รู้ขีดจำกัด = 32,000)"
ui.aiProvider.keepSplitFolderProject,เก็บแยกที่ {0} ในโฟลเดอร์โปรเจกต์ — ไม่อยู่ใน project.khn.json ที่แชร์กัน
ui.aiProvider.lineNewExampleCom,คั่นด้วยคอมมาหรือขึ้นบรรทัดใหม่ · รองรับ *.example.com · เว้นว่าง = ไม่จำกัด
ui.aiProvider.nameCredential,ชื่อ Credential
ui.aiProvider.nameProvider,ชื่อผู้ให้บริการ
ui.aiProvider.nameSeeDropdownEg,"ชื่อที่จะเห็นใน dropdown เช่น ""OpenAI ที่ทำงาน"" หรือ ""Ollama เครื่องตัวเอง"""
ui.aiProvider.nameSet,ชื่อ (ตั้งเอง)
ui.aiProvider.notFoundListModel,ไม่พบรายชื่อโมเดล
ui.aiProvider.notHasListPress,— ยังไม่มีรายชื่อ (กดดึงรายชื่อโมเดล) —
ui.aiProvider.notHasProviderPress,"ยังไม่มีผู้ให้บริการ — กด ""เพิ่ม"" แล้วกรอกชื่อ · Credential · เลือกโมเดล · ตั้งพารามิเตอร์"
ui.aiProvider.notPick,(ยังไม่เลือก)
ui.aiProvider.notRemember,ไม่จำกัด
ui.aiProvider.notSendValue,(ไม่ส่งค่านี้)
ui.aiProvider.pressFetchListModel,"กด ""ดึงรายชื่อโมเดล"" เพื่อขอรายการจาก API ของเจ้านี้"
ui.aiProvider.saveCredentialDoneKey,บันทึก Credential แล้ว (คีย์เก็บแยกที่ 
ui.aiProvider.saveProvider,บันทึกผู้ให้บริการ
ui.aiProvider.secCredential,ข้อมูลรับรอง (Credential)
ui.aiProvider.secModel,โมเดล (Model)
ui.aiProvider.secParams,พารามิเตอร์ (Parameters)
ui.aiProvider.skSkipEmptyNot,sk-… (เว้นว่างได้ถ้าเซิร์ฟเวอร์ไม่ต้องใช้คีย์ เช่น Ollama)
ui.aiProvider.testConnect,ทดสอบการเชื่อมต่อ
ui.aiProvider.toReplyBackDone,ปลายทางตอบกลับแล้ว แต่ไม่มีรายชื่อโมเดลในคำตอบ
ui.aiProvider.useDoneTokensTimes,ใช้ไปแล้ว {0} tokens · {1} ครั้ง · ประมาณ ${2}
ui.aiProvider.xHeaderValueLine,X-Header: ค่า  (บรรทัดละหนึ่งคู่)
ui.aiProviders.baseURLMustHttp,Base URL ต้องขึ้นต้นด้วย http:// หรือ https://
ui.aiProviders.baseURLNotList,Base URL ไม่อยู่ในรายการ Allowed HTTP Request Domains
ui.aiProviders.cantRenameCredential,ยังไม่ได้ตั้งชื่อ Credential
ui.aiProviders.cantRenameProvider,ยังไม่ได้ตั้งชื่อผู้ให้บริการ
ui.aiProviders.formatAnswer,รูปแบบคำตอบ
ui.aiProviders.levelUseResult,ระดับการใช้เหตุผล
ui.aiProviders.longAnswerHighLast,ความยาวคำตอบสูงสุด
ui.aiProviders.modeThinkBeforeReply,โหมดคิดก่อนตอบ
ui.aiProviders.new,ความสร้างสรรค์
ui.aiProviders.notRememberNotSend,-1 = ไม่จำกัด (ไม่ส่ง max_tokens ไปเลย · ให้ผู้ให้บริการตัดสินเอง)
ui.aiProviders.onCmdModelThink,on = สั่งให้โมเดลคิดเป็นขั้นก่อนตอบ (ใช้ได้เฉพาะโมเดลที่รองรับ)
ui.aiProviders.partHeadHTTPAdd,ส่วนหัว HTTP เพิ่มเติม
ui.aiProviders.reduceUseWordDup,ลดการใช้คำซ้ำ
ui.aiProviders.speakStoryNew,ดันให้พูดเรื่องใหม่
ui.aiProviders.timeMin,หมดเวลารอ (วินาที)
ui.aiProviders.tryNewHighLast,ลองใหม่สูงสุด (ครั้ง)
ui.aiRewrite.again,เขียนใหม่อีกครั้ง
ui.aiRewrite.agent,Agent
ui.aiRewrite.changed,ข้อความตรงนั้นถูกแก้ระหว่างรอ — ไม่ได้แทนที่ (คัดลอกผลไปวางเองได้)
ui.aiRewrite.copied,คัดลอกผลลัพธ์แล้ว
ui.aiRewrite.done,เสร็จ
ui.aiRewrite.empty,AI ไม่ได้ส่งข้อความกลับมา
ui.aiRewrite.gathering,กำลังรวบรวมบริบทจากโปรเจกต์…
ui.aiRewrite.locked,ฉากนี้ถูกล็อกอยู่ — แก้ไขไม่ได้
ui.aiRewrite.manageAgents,จัดการ Agents…
ui.aiRewrite.menu,Rewrite this — ให้ AI เขียนใหม่
ui.aiRewrite.needSelection,เลือกข้อความที่จะให้ AI เขียนใหม่ก่อน
ui.aiRewrite.needSetup,ตั้งค่า AI ก่อน (เมนู AI → ตั้งค่า AI)
ui.aiRewrite.noAgent,— ไม่ใช้ Agent —
ui.aiRewrite.pAfter,เนื้อหาถัดไป
ui.aiRewrite.pBefore,เนื้อหาก่อนหน้า
ui.aiRewrite.pDefaultInstruction,เขียนใหม่ให้ดีขึ้น อ่านลื่นขึ้น โดยคงความหมายและเหตุการณ์เดิม
ui.aiRewrite.pInstruction,คำสั่งของผู้เขียน
ui.aiRewrite.pOutput,ส่งกลับเฉพาะข้อความที่เขียนใหม่ (ไม่ต้องมี <<< >>>)
ui.aiRewrite.pPersona,บุคลิกการเขียนที่ต้องใช้
ui.aiRewrite.pProject,บริบทจากโปรเจกต์
ui.aiRewrite.pRefs,อ้างอิงสไตล์/ไอเดียของ Agent
ui.aiRewrite.pRole,คุณคือนักเขียนมืออาชีพที่ช่วยผู้เขียนเขียนข้อความในต้นฉบับใหม่ ให้เข้ากับเรื่องและบริบทของโปรเจกต์
ui.aiRewrite.promptPh,อยากให้เขียนใหม่แบบไหน? เช่น ให้ตึงเครียดขึ้น · กระชับลง · เพิ่มบทพูด (Enter = ส่ง · Shift+Enter = ขึ้นบรรทัด)
ui.aiRewrite.pRule1,ตอบกลับเฉพาะข้อความที่เขียนใหม่แล้วเท่านั้น — ห้ามมีคำอธิบาย คำนำ หรือเครื่องหมายครอบ
ui.aiRewrite.pRule2,ใช้ภาษาเดียวกับต้นฉบับ รักษาชื่อตัวละคร สรรพนาม มุมมอง และข้อเท็จจริงของเรื่องให้ตรงกับบริบท
ui.aiRewrite.pRule3,ข้อความใหม่ต้องต่อกับเนื้อหาก่อนหน้าและถัดไปได้อย่างลื่นไหล
ui.aiRewrite.pRule4,ถ้ามีบุคลิก/อ้างอิงของ Agent ให้ยึดแนวการเขียนนั้นเป็นหลัก แต่ห้ามคัดลอกอ้างอิงมาตรง ๆ
ui.aiRewrite.pScreenplay,ต้นฉบับเป็นบทภาพยนตร์ — รักษารูปแบบ element เดิม (หัวฉาก · บรรยาย · ชื่อตัวละคร · บทพูด) ทีละบรรทัด
ui.aiRewrite.pSource,ข้อความที่ต้องเขียนใหม่
ui.aiRewrite.pWiki,ตัวละคร/สถานที่/สิ่งของที่ถูกเอ่ยถึง (จาก Wiki):
ui.aiRewrite.replaced,แทนที่ข้อความแล้ว (Ctrl+Z ย้อนกลับได้)
ui.aiRewrite.restored,คืนข้อความต้นฉบับแล้ว
ui.aiRewrite.run,เขียนใหม่
ui.aiRewrite.stop,หยุด
ui.aiRewrite.stopped,หยุดแล้ว
ui.aiRewrite.title,Rewrite this
ui.aiRewrite.undo,คืนต้นฉบับ
ui.aiRewrite.working,AI กำลังเขียนใหม่…
ui.aiSession.allSystemPromptContext,"ทุกอย่าง — system prompt, บริบทที่ส่งไป, คำสั่งดิบ, ผลลัพธ์, token, เวลา"
ui.aiSession.assistant,**ผู้ช่วย:** 
ui.aiSession.beforeDelResultShort,แต่ก่อนลบของ ให้บอกเหตุผลสั้น ๆ เสมอ และเขียนต่อเนื้อเรื่องให้กลมกลืนกับสำนวนเดิม
ui.aiSession.cmdBottomRunEnd,ผ่านคำสั่งด้านล่าง ทำงานให้จบเป็นเรื่อง ๆ ไม่ต้องถามกลับทุกขั้น 
ui.aiSession.collapseLineNextText,ย่อเหลือบรรทัดเดียวต่อข้อความ — ไล่ดูบทสนทนายาว ๆ ได้เร็ว
ui.aiSession.delCantWriteNext,แต่ลบของไม่ได้ เขียนต่อเนื้อเรื่องให้กลมกลืนกับสำนวนเดิม และบอกทุกครั้งว่าจะแตะไฟล์ไหน
ui.aiSession.dialogueIdeaModelSend,บทสนทนา + ความคิดของโมเดล (ถ้าเจ้านั้นส่งกลับมา) + คำสั่งที่สั่งทำ
ui.aiSession.enterSendShiftEnter,Enter = ส่ง · Shift+Enter = ขึ้นบรรทัด
ui.aiSession.helpWriteNewEdit,ช่วยเขียน (สร้าง/แก้ได้)
ui.aiSession.idea,ความคิด
ui.aiSession.normal,ปกติ
ui.aiSession.notInTo,ไม่ให้เข้าถึงเลย
ui.aiSession.onlyBook,เฉพาะเล่มนี้
ui.aiSession.onlyChapter,เฉพาะบทนี้
ui.aiSession.onlyDialogueHideBlock,เฉพาะบทสนทนา — ซ่อนบล็อกคำสั่งและเบื้องหลังทั้งหมด
ui.aiSession.onlyRelevant,เฉพาะส่วนที่เกี่ยวข้อง
ui.aiSession.onlyScene,เฉพาะฉากนี้
ui.aiSession.plannerRead,วางแผน (อ่านอย่างเดียว)
ui.aiSession.project,ทั้งโปรเจกต์
ui.aiSession.readProjectCmdRead,อ่านโปรเจกต์ได้ด้วยคำสั่งอ่าน แต่ห้ามแก้ไขหรือสร้างไฟล์ 
ui.aiSession.sessionAI,เซสชัน AI
ui.aiSession.sessionNew,เซสชันใหม่
ui.aiSession.shiftEnterSendEnter,Shift+Enter = ส่ง · Enter = ขึ้นบรรทัด
ui.aiSession.thinkCenter,คิด: กลาง
ui.aiSession.thinkLess,คิด: น้อย
ui.aiSession.thinkLessLast,คิด: น้อยสุด
ui.aiSession.thinkMore,คิด: มาก
ui.aiSession.thinkProvider,คิด: ตามผู้ให้บริการ
ui.aiSession.unlockFullDoAll,ปลดล็อกเต็มที่ (ทำได้ทุกอย่าง)
ui.aiSession.userEditTextEdit,ถ้าผู้ใช้ขอให้แก้ ให้เสนอเป็นข้อความว่าจะแก้อย่างไรแทน
ui.aiSession.you,**คุณ:** 
ui.aiSession.youAssistantWriterAct,คุณเป็นผู้ช่วยนักเขียนที่ลงมือทำเองได้เต็มที่ — สร้าง แก้ ลบ อะไรก็ได้ในโปรเจกต์นี้ 
ui.aiSession.youAssistantWriterMode,"คุณเป็นผู้ช่วยนักเขียน โหมดนี้คือ ""อ่านอย่างเดียว"" — วิเคราะห์ เสนอแนะ วางแผนได้ "
ui.aiSession.youAssistantWriterMode2,คุณเป็นผู้ช่วยนักเขียน โหมดนี้สร้างและแก้ไฟล์ในโปรเจกต์ได้จริงผ่านคำสั่งด้านล่าง 
ui.aiSet.aICantPickProvider,AI: ยังไม่ได้เลือกผู้ให้บริการ (เมนู AI → ตั้งค่า AI)
ui.aiSet.cantPickProviderAI,ยังไม่ได้เลือกผู้ให้บริการ AI (เมนู AI → ตั้งค่า AI)
ui.aiSet.cantSettingsAIFile,ยังไม่ได้ตั้งค่า AI — เมนู AI → ตั้งค่า AI
ui.aiSet.connectAICant,เชื่อมต่อ AI ไม่ได้: 
ui.aiSet.fileKeepKeyPart,ไฟล์นี้เก็บคีย์ส่วนตัว — อย่าแชร์/อย่าใส่ใน zip ที่ส่งต่อ
ui.aiSet.settingsAIFileSettings,ตั้งค่า AI ก่อนที่ เมนู AI → ตั้งค่า AI
ui.aiSkills.authorDefineYouDo,ทักษะที่ผู้เขียนกำหนดให้คุณ (ทำตามอย่างเคร่งครัด · สำคัญกว่าคำแนะนำทั่วไปข้างบน):
ui.aiSkills.forbidSummaryActEnd,ห้ามสรุปตอนจบให้ ถ้าผู้เขียนไม่ได้ขอ
ui.aiSkills.sampleEditFileNew,ตัวอย่าง — แก้ไฟล์นี้ได้เลย หรือสร้างไฟล์ .md ใหม่ในโฟลเดอร์นี้
ui.aiSkills.toneWriteStory,โทนการเขียนของเรื่องนี้
ui.aiSkills.useWordPronounCharacter,ใช้คำสรรพนามตามที่ตัวละครใช้จริงในเรื่อง ห้ามเปลี่ยนเอง
ui.aiSkills.writeSentenceShortConcise,เขียนด้วยประโยคสั้น กระชับ ไม่ใช้คำฟุ่มเฟือย
ui.aiSum.aIBusyThinkName,AI กำลังคิดชื่อ…
ui.aiSum.aISummaryBody,AI สรุปเนื้อหา
ui.aiSum.aISummaryBody2,AI สรุปเนื้อหา — 
ui.aiSum.aiSummaryReadWiki,ai-summary: อ่าน Wiki ไม่ได้
ui.aiSum.bodyNotChangePress," (เนื้อหายังไม่เปลี่ยน — กด ""สรุปใหม่"" ถ้าต้องการให้ AI คิดใหม่)"
ui.aiSum.busyReadBodyProject,กำลังอ่านเนื้อหาโปรเจกต์…
ui.aiSum.busySendAISummary,กำลังส่งให้ AI สรุป ({0} ฉาก · {1} รายการใน Wiki)…
ui.aiSum.busySendAIThink,กำลังส่งให้ AI คิดชื่อ…
ui.aiSum.busyStart,กำลังเริ่ม…
ui.aiSum.callAINewUse,เรียก AI ใหม่ (ใช้ token เพิ่ม)
ui.aiSum.contextBodyCollapse,"

บริบท/เนื้อหาย่อ:
{0}"
ui.aiSum.doneDone,เสร็จแล้ว
ui.aiSum.exportSummaryDone,ส่งออกสรุปแล้ว
ui.aiSum.libraryDataWiki,"
## คลังข้อมูล (Wiki)
"
ui.aiSum.nameCurrent,"โดยอิงจากชื่อปัจจุบัน: ""{0}"""
ui.aiSum.readScene,อ่านฉาก {0}/{1}{2}
ui.aiSum.resultSave,ผลที่บันทึกไว้เมื่อ 
ui.aiSum.sendListLineName,"

ส่งเป็นรายการบรรทัดละชื่อ ไม่ต้องมีเลขนำหน้า"
ui.aiSum.suggestBeforePage,เคยแนะนำไว้ก่อนหน้า
ui.aiSum.suggestName,แนะนำชื่อ{0}
ui.aiSum.suggestName2,"แนะนำชื่อ{0} — ""{1}"""
ui.aiSum.suggestNameThaiNovel,แนะนำชื่อ{0} (ภาษาไทย) สำหรับนิยาย/บทภาพยนตร์ 5-10 ชื่อ 
ui.aiSum.summary," — สรุป

"
ui.aiSum.summaryBodyNovelScreenplay,"กรุณาสรุปเนื้อหานิยาย/บทภาพยนตร์ต่อไปนี้เป็นภาษาไทย สั้นๆ 3-5 ย่อหน้า:

{0}"
ui.aiSum.summaryNew,สรุปใหม่
ui.aiSum.tryNew,ลองใหม่
ui.aiSum.useResultSummarySave,ใช้ผลสรุปที่บันทึกไว้ (เนื้อหายังไม่เปลี่ยน)
ui.aiSum.youWriterChapterHelp,คุณเป็นนักเขียนบทมืออาชีพ ช่วยคิดชื่อภาษาไทย
ui.aiSum.youWriterHelpSummary,คุณเป็นนักเขียนมืออาชีพ ช่วยสรุปเนื้อหานิยาย
ui.aiSyn.busyAIWrite,กำลังให้ AI เขียน
ui.aiSyn.cutFile,"
…(ตัดท้ายไฟล์)"
ui.aiSyn.replyConflictMainScene,"ตอบเป็น ""ความขัดแย้งหลักของฉาก"" 1 ประโยคสั้น ๆ (ใครขัดกับใคร/อะไร) ห้ามอธิบายเพิ่ม"
ui.aiSyn.replyMoodMainScene,"ตอบเป็น ""อารมณ์หลักของฉาก"" 1–3 คำ (เช่น ตึงเครียด · เศร้า · อบอุ่น) ห้ามอธิบายเพิ่ม"
ui.aiSyn.replyNameViewMain,"ตอบเป็น ""ชื่อตัวละครที่เป็นมุมมองหลักของฉากนี้"" เท่านั้น (ชื่อเดียว ไม่เกิน 40 ตัวอักษร) "
ui.aiSyn.sceneNotHasBody,ฉากนี้ยังไม่มีเนื้อหาให้ AI อ่าน
ui.aiSyn.sendBackOnlyItem,"ส่งกลับเฉพาะตัวเรื่องย่อ ห้ามขึ้นต้นด้วยคำว่า ""เรื่องย่อ"" หรือใส่หัวข้อ"
ui.aiSyn.viewStoryRoundReply,"ถ้าเป็นมุมมองผู้เล่าเรื่องรอบรู้ให้ตอบว่า ""ผู้เล่าเรื่อง"" ห้ามอธิบายเพิ่ม"
ui.aiSyn.writeSynopsisSceneSentence,"เขียน ""เรื่องย่อของฉาก"" 1–3 ประโยค บอกว่าใครทำอะไร ที่ไหน ผลเป็นอย่างไร "
ui.aiTools.addChapter,"เพิ่มบท ""{0}""{1}"
ui.aiTools.addChapterNewBook,เพิ่มบทใหม่ในเล่ม (ไม่ระบุ book = เล่มแรก)
ui.aiTools.changeNameChapter,เปลี่ยนชื่อบท
ui.aiTools.changeNameChapter2,"เปลี่ยนชื่อบท ""{0}"" → ""{1}"""
ui.aiTools.changeNameScene,เปลี่ยนชื่อฉาก
ui.aiTools.changeNameScene2,"เปลี่ยนชื่อฉาก ""{0}"" → ""{1}"""
ui.aiTools.cmdEmpty,คำสั่งว่าง
ui.aiTools.cmdNotValid,คำสั่งไม่ถูกต้อง
ui.aiTools.cmdUseNow,คำสั่งที่ใช้ได้ตอนนี้:
ui.aiTools.cmdYouCmdApp,## คำสั่งที่คุณสั่งให้โปรแกรมทำได้
ui.aiTools.cutShort,"
…(ตัดให้สั้น)"
ui.aiTools.del, ลบของ
ui.aiTools.delBookBookMove,ลบเล่มทั้งเล่ม (ย้ายไปถังขยะ)
ui.aiTools.delBookTrash,"ลบเล่ม ""{0}"" ไปถังขยะ"
ui.aiTools.delChapterChapter,"ลบบท ""{0}"" ทั้งบท"
ui.aiTools.delChapterChapterAll,ลบบททั้งบท (ทุกฉากย้ายไปถังขยะ)
ui.aiTools.delMoveTrashRecover,ลบเอนทิตี้ (ย้ายไปถังขยะ กู้คืนได้)
ui.aiTools.delSceneMoveTrash,ลบฉาก (ย้ายไปถังขยะ)
ui.aiTools.delSceneTrash,"ลบฉาก ""{0}""{1} ไปถังขยะ"
ui.aiTools.delTrash,"ลบ ""{0}"" ไปถังขยะ"
ui.aiTools.editData,"แก้ข้อมูล ""{0}"""
ui.aiTools.editHasSendOnly,แก้ไขเอนทิตี้ที่มีอยู่ (ส่งเฉพาะฟิลด์ที่จะแก้)
ui.aiTools.forbidPutCommentText,- ห้ามใส่คอมเมนต์หรือข้อความอื่นในบล็อก `k2` — ต้องเป็น JSON ล้วน
ui.aiTools.missingArg,ขาดอาร์กิวเมนต์: 
ui.aiTools.msg,ไอเทม
ui.aiTools.needAppActPrint,เมื่อต้องการให้โปรแกรมลงมือทำจริง ให้พิมพ์บล็อกโค้ดภาษา `k2` ที่มี JSON ข้างใน แบบนี้:
ui.aiTools.new,"สร้าง{0} ""{1}"""
ui.aiTools.newBook,"สร้างเล่ม ""{0}"""
ui.aiTools.newBookNewHas,สร้างเล่มใหม่ (มีบทแรกให้อัตโนมัติ)
ui.aiTools.newNewCatCharacters,สร้างเอนทิตี้ใหม่ — cat = characters | locations | items | lore (หรือหมวดที่ผู้ใช้สร้างเอง)
ui.aiTools.newScene,"สร้างฉาก ""{0}""{1}"
ui.aiTools.newSceneNewChapter,สร้างฉากใหม่ในบท พร้อมเนื้อหาเริ่มต้นได้เลย
ui.aiTools.notHasReduceTool,ไม่มีฟิลด์ tool
ui.aiTools.notKnownCmd,"ไม่รู้จักคำสั่ง """
ui.aiTools.notNameBookChapter,- ถ้าไม่รู้ชื่อเล่ม/บท/ฉาก ให้เรียก `project.tree` ก่อน อย่าเดา
ui.aiTools.oneBlockOneCmd,- หนึ่งบล็อก = หนึ่งคำสั่ง สั่งหลายอย่างได้โดยใส่หลายบล็อก โปรแกรมจะทำตามลำดับบนลงล่าง
ui.aiTools.readBodyScene,อ่านเนื้อหาฉาก
ui.aiTools.readData,"อ่านข้อมูล ""{0}"""
ui.aiTools.readDataWikiCharacter,อ่านข้อมูลเอนทิตี้ใน Wiki (ตัวละคร/สถานที่/ไอเทม/ตำนาน)
ui.aiTools.readScene,"อ่านฉาก ""{0}""{1}"
ui.aiTools.resultAllCmdSend,- ผลของทุกคำสั่งจะถูกส่งกลับมาให้คุณในข้อความถัดไป ทำงานต่อจากผลนั้นได้เลย
ui.aiTools.resultCmdCmd,ผลของคำสั่งที่สั่งไป:
ui.aiTools.sceneChar,"{0}ฉาก ""{1}""{2} ({3} ตัวอักษร)"
ui.aiTools.toolSceneReadArgs,"{{""tool"":""scene.read"",""args"":{{""title"":""ฉากแรก""}}}}"
ui.aiTools.toolSceneWriteArgs,"{{""tool"":""scene.write"",""args"":{{""title"":""ฉากแรก"",""mode"":""append"",""text"":""เนื้อหาที่จะเขียนต่อ…""}}}}"
ui.aiTools.viewStructureProject,ดูโครงสร้างโปรเจกต์
ui.aiTools.viewStructureProjectBook,ดูโครงสร้างทั้งโปรเจกต์ (เล่ม → บท → ฉาก) และรายชื่อเอนทิตี้ใน Wiki
ui.aiTools.writeBodySceneMode,"เขียนเนื้อหาฉาก — mode = append (เขียนต่อท้าย, ค่าเริ่มต้น) | replace (เขียนทับ) | prepend (แทรกหน้า)"
ui.aiTools.writeNext,เขียนต่อท้าย
ui.aiTools.writeTextExplainUser,- เขียนข้อความอธิบายให้ผู้ใช้อ่านนอกบล็อกได้ตามปกติ
ui.aiWorld.aIReplyNotAt,AI ตอบไม่ตรงโครงที่กำหนด
ui.aiWorld.allHeadingMustHas,3. ทุกหัวข้อต้องมีเนื้อหาอย่างน้อย 2-4 ประโยค
ui.aiWorld.allMustWheelWheel,1. ทุกอย่างต้องสอดคล้องกันเอง และสอดคล้องกับบริบทของเรื่องที่ให้มา (ถ้ามี)
ui.aiWorld.authorCantSpecifyThink,(ผู้เขียนไม่ได้ระบุ — คิดให้เหมาะกับบริบท)
ui.aiWorld.bodySentence,เนื้อหา 2-4 ประโยค
ui.aiWorld.busy,สมาชิก/กำลังพล
ui.aiWorld.busyItem,วิกฤตที่กำลังก่อตัว
ui.aiWorld.center,สกุลเงิน/สื่อกลาง
ui.aiWorld.classIncome,ชนชั้นและรายได้
ui.aiWorld.closeKnotWriteScene,4. ปิดท้ายด้วยปมที่เอาไปเขียนเป็นฉากต่อได้จริง
ui.aiWorld.contextStory,### บริบทของเรื่อง
ui.aiWorld.cover,การปกครอง
ui.aiWorld.customFestival,ประเพณีและเทศกาล
ui.aiWorld.dailyLife,ชีวิตประจำวัน
ui.aiWorld.dark,ตลาดมืด
ui.aiWorld.districtImportant,ย่านสำคัญ
ui.aiWorld.formatAnswerJSON,### รูปแบบคำตอบ (JSON เท่านั้น)
ui.aiWorld.group,กลุ่ม/องค์กร
ui.aiWorld.hasPowerGroup,ผู้มีอำนาจและกลุ่มอิทธิพล
ui.aiWorld.how,วิธีการ
ui.aiWorld.howto,วิธีใช้งานจริง
ui.aiWorld.itemDefine,ข้อกำหนด:
ui.aiWorld.itemForbid,ข้อห้าม
ui.aiWorld.itemRemember,ข้อจำกัด
ui.aiWorld.knotWriteNext,ปมที่เอาไปเขียนต่อได้
ui.aiWorld.lang,ภาษา/สำเนียง
ui.aiWorld.main,สินค้าหลัก
ui.aiWorld.main2,เศรษฐกิจหลัก
ui.aiWorld.mainWord,หลักคำสอน
ui.aiWorld.msg,นักบวช/ผู้นำ
ui.aiWorld.msg10,แหล่งพลัง
ui.aiWorld.msg11,ใครคุมความมั่งคั่ง
ui.aiWorld.msg2,ประชากร
ui.aiWorld.msg3,ผู้นำ
ui.aiWorld.msg4,ภูมิประเทศ
ui.aiWorld.msg5,วัฒนธรรม
ui.aiWorld.msg6,ศัตรู
ui.aiWorld.msg7,สัญลักษณ์
ui.aiWorld.msg8,เมือง
ui.aiWorld.msg9,เศรษฐกิจ
ui.aiWorld.must,ราคาที่ต้องจ่าย
ui.aiWorld.name,ความเชื่อ
ui.aiWorld.name2,ชื่อศาสนา/ลัทธิ
ui.aiWorld.name3,ชื่อเมือง
ui.aiWorld.name4,ศาสนา/ความเชื่อ
ui.aiWorld.nameGroup,ชื่อกลุ่ม/วัฒนธรรม
ui.aiWorld.nameSystem,ชื่อระบบ
ui.aiWorld.nameSystem2,ชื่อระบบเศรษฐกิจ
ui.aiWorld.newDetailWheelHas,สร้างรายละเอียดที่สอดคล้องกันเอง มีเหตุผลภายในโลก และใช้เขียนเรื่องต่อได้จริง 
ui.aiWorld.newWorldStoryCmd,"สร้าง ""{0}"" สำหรับโลกของเรื่องนี้ ตามคำสั่งของผู้เขียน: {1}"
ui.aiWorld.notKnownType,ไม่รู้จักประเภท: 
ui.aiWorld.orderLayer,ลำดับชั้นทางสังคม
ui.aiWorld.origin,ความเป็นมา
ui.aiWorld.originLegend,กำเนิดและตำนาน
ui.aiWorld.overviewAmbience,ภาพรวมและบรรยากาศ
ui.aiWorld.placeImportant,สถานที่สำคัญ
ui.aiWorld.planCurrent,แผนการปัจจุบัน
ui.aiWorld.power,อำนาจทางการเมือง
ui.aiWorld.prevHasForbid,### ของเดิมที่มีอยู่แล้ว (ห้ามขัดกัน)
ui.aiWorld.problem,ปัญหาที่เมืองนี้เผชิญ
ui.aiWorld.relationGroupOther,ความสัมพันธ์กับกลุ่มอื่น
ui.aiWorld.replyJSONOutlineDefine,ตอบเป็น JSON ตามโครงที่กำหนดเท่านั้น ห้ามมีข้อความอื่นนอก JSON
ui.aiWorld.resourceDot,ทรัพยากรและจุดอ่อน
ui.aiWorld.resultNext,ผลกระทบต่อสังคม
ui.aiWorld.ritual,พิธีกรรม
ui.aiWorld.ritualImportant,พิธีกรรมสำคัญ
ui.aiWorld.ruleSystem,กฎของระบบ
ui.aiWorld.scarce,ของที่ขาดแคลน
ui.aiWorld.see,ผู้เห็นต่าง
ui.aiWorld.sideEffect,ผลข้างเคียงและอันตราย
ui.aiWorld.spread,ความแพร่หลาย
ui.aiWorld.structureInner,โครงสร้างภายใน
ui.aiWorld.structureTrade,โครงสร้างการค้า
ui.aiWorld.system,ระบบเวทมนตร์
ui.aiWorld.thing,สิ่งที่ถือว่านอกรีต
ui.aiWorld.thing2,สิ่งที่นับถือ
ui.aiWorld.toneWorld,5. โทน/แนวของโลก: 
ui.aiWorld.use,ใครใช้ได้
ui.aiWorld.valueMain,ค่านิยมหลัก
ui.aiWorld.wordSearch,คำค้น1
ui.aiWorld.wordSearch2,คำค้น2
ui.aiWorld.writeThaiConciseUse,2. เขียนเป็นภาษาไทย กระชับ ใช้ได้จริง ไม่ใช่คำสวยลอย ๆ
ui.aiWorld.youNewWorldWorldbuilder,คุณเป็นนักสร้างโลก (worldbuilder) สำหรับนิยาย/บทภาพยนตร์ภาษาไทย 
ui.allShortcutsTitle,ปุ่มลัดทั้งหมด
ui.app.add,เพิ่ม “{0}” ลงพจนานุกรม
ui.app.addBook,+ เพิ่มเล่ม…
ui.app.addChapter,+ เพิ่มบท…
ui.app.addChapterBook,เพิ่มบทในเล่มนี้
ui.app.addDone,เพิ่มลงพจนานุกรมแล้ว: 
ui.app.addEvent,เพิ่มเหตุการณ์
ui.app.addFileTask,+ เพิ่มไฟล์งานวิจัย…
ui.app.addImageInLibrary,เพิ่มรูปเข้าคลัง
ui.app.addImageInLibrary2,เพิ่มรูปเข้าคลังแล้ว: 
ui.app.addMap,+ เพิ่มแผนที่…
ui.app.addMapNew,เพิ่มแผนที่ใหม่
ui.app.addPart,+ เพิ่มส่วน
ui.app.addReduce,+ เพิ่มฟิลด์
ui.app.addSceneChapter,เพิ่มฉากในบทนี้
ui.app.aiAnalysis,ผลวิเคราะห์ AI
ui.app.all,ทุกที่มา
ui.app.allLine,เหมือนกันทุกบรรทัด
ui.app.app,ฐานของโปรแกรม
ui.app.appWriteNovelScreenplay,โปรแกรมเขียนนิยาย/บทภาพยนตร์ — Electron + ProseMirror
ui.app.auto,— อัตโนมัติ —
ui.app.autosaveFail,บันทึกอัตโนมัติไม่สำเร็จ: 
ui.app.autosaveRunN,บันทึกอัตโนมัติสำเร็จ {0} จาก {1} ไฟล์
ui.app.back,กลับไปฟอร์ม
ui.app.backSceneNormalDone,"""{0}"" กลับเป็นฉากปกติแล้ว"
ui.app.backVersionLatestSave,กลับไปยังเวอร์ชันล่าสุดที่บันทึก
ui.app.badgeUseScreenplayOpenScene,ป้ายนี้ใช้กับบทภาพยนตร์ — เปิดฉากที่เป็นบทก่อน
ui.app.beforeDel,ก่อนลบ 
ui.app.bind,ผูกกับ
ui.app.bindCardDocProject,ผูกการ์ดกับเอกสารในโปรเจกต์
ui.app.bindRelation,ผูกความสัมพันธ์
ui.app.block, บล็อก
ui.app.boardItemHideItem,กระดาน {0} ใบถูกซ่อนด้วยตัวกรอง — ล้างช่องค้นหาเพื่อดูทั้งหมด
ui.app.boardPlanner,กระดานวางแผน
ui.app.boardPlanner2,กระดานวางแผน ({0})
ui.app.boardPlannerPlannerGraph,กระดานวางแผน (Planner) และผังพื้นที่
ui.app.boardPlannerReadCant,กระดานวางแผน (อ่านไม่ได้)
ui.app.bookNotHasDraft,เล่มนี้ยังไม่มีฉบับร่าง
ui.app.btnFloatFABClose,ปุ่มลอย (FAB): ปิด
ui.app.btnFloatFABOpen,ปุ่มลอย (FAB): เปิด
ui.app.buildTreeFail,buildTree ล้มเหลว
ui.app.buildTreeNewCatBoard,buildTree: สร้างหมวดกระดานวางแผนไม่สำเร็จ — ข้ามหมวดนี้ไปก่อน
ui.app.buildTreeNewCatGraph,buildTree: สร้างหมวดแผนผังแตกสายไม่สำเร็จ — ข้ามหมวดนี้ไปก่อน
ui.app.buildTreeNewCatMap,buildTree: สร้างหมวดแผนที่ไม่สำเร็จ — ข้ามหมวดนี้ไปก่อน
ui.app.buildTreeNewNotOk,buildTree: สร้างต้นไม้ไม่สำเร็จ (ต้นไม้เดิมยังอยู่)
ui.app.buildTreeNotHasTree,buildTree: ไม่มี #tree ให้สลับเข้า (แผงโปรเจกต์ยังไม่พร้อม) — ข้ามรอบนี้
ui.app.busyLayoutPanelTab,กำลังจัดวางแผงและแท็บ…
ui.app.busyLoadLang,กำลังโหลดภาษา…
ui.app.busyLoadTemplate,กำลังโหลดเทมเพลต…
ui.app.busyMergeDraft,กำลังรวมฉบับร่าง…
ui.app.busyNew,กำลังสร้าง {0}/{1} — {2}
ui.app.busyNewFilePDF,กำลังสร้างไฟล์ PDF…
ui.app.busyNewStructureProject,กำลังสร้างโครงสร้างโปรเจกต์…
ui.app.busyOpen,  — กำลังเปิดอยู่
ui.app.busyOpenNotSave,  — กำลังเปิดอยู่ · ยังไม่บันทึก
ui.app.busyOpenProject,กำลังเปิดโปรเจกต์…
ui.app.busyReadDataProject,กำลังอ่านข้อมูลโปรเจกต์…
ui.app.busyResultWorkFlow,กำลังประมวลผลเวิร์กโฟลว์…
ui.app.busyRun,กำลังทำงาน…
ui.app.busySave,กำลังบันทึก {0}/{1} — {2}
ui.app.busySave2,กำลังบันทึก…
ui.app.busySearchSceneMention,กำลังค้นหาฉากที่กล่าวถึง “
ui.app.busyStartApp,กำลังเริ่มโปรแกรม…
ui.app.busyWriteFile,กำลังเขียนไฟล์…
ui.app.cancelChangeAllTab,"ยกเลิกการเปลี่ยนแปลงทั้งหมดในแท็บนี้?
เนื้อหาจะกลับไปเป็นเวอร์ชันล่าสุดที่บันทึกไว้"
ui.app.cancelCloseApp,ยกเลิกการปิดโปรแกรม
ui.app.cancelMargin,ยกเลิกขอบเขต
ui.app.cancelSave,ยกเลิกการบันทึก
ui.app.cantPick,ยังไม่ได้เลือกอะไร
ui.app.cantPickFolder,(ยังไม่ได้เลือกโฟลเดอร์)
ui.app.cantRef,ยังไม่ได้อ้างอิงอะไร
ui.app.cat,หมวด
ui.app.cat2,หมวด: 
ui.app.catMapSkipEmpty,หมวดแผนที่ (เว้นว่าง = ไม่ระบุหมวด)
ui.app.changeIconNameShow, เปลี่ยนไอคอน/ชื่อที่แสดง
ui.app.changeImageCase,เปลี่ยนรูปตัวพิมพ์: 
ui.app.changeImageCaseUnset,เปลี่ยนรูปตัวพิมพ์: {0} — ปลดบังคับตัวพิมพ์ใหญ่ของ 
ui.app.changeName2,เปลี่ยนชื่อ…
ui.app.changeNameBoard,เปลี่ยนชื่อกระดาน
ui.app.changeNameF,"เปลี่ยนชื่อเป็น ""{0}"" แล้ว"
ui.app.changeNameMapDone,เปลี่ยนชื่อแผนที่แล้ว
ui.app.changeNamePlanDone,เปลี่ยนชื่อแผนแล้ว
ui.app.changeTitle,เปลี่ยนชื่อเรื่องเป็น: 
ui.app.chapter,บทที่ {0}
ui.app.chapterFilm, บทหนัง
ui.app.chapterFilm2, บทหนัง ▾
ui.app.chapterFirstNotHas,บทแรกยังไม่มีฉาก
ui.app.chapterHeading,บท/หัวข้อ
ui.app.chapterNotHasElement,บทนี้ยังไม่มี element ที่มีเนื้อหาให้ลบ
ui.app.chapterPageFilePerson,บท “{0}” · {1} หน้า — จะได้ไฟล์ละคน ลายน้ำต่างกัน
ui.app.characterChapter,ตัวละครในบทนี้
ui.app.characterLineDialoguePage,{0} ตัวละคร · {1} บรรทัดบทพูด · {2} หน้า
ui.app.checkChapterBeforeExport,ตรวจบทก่อนส่งออก: ปิด
ui.app.checkChapterBeforeExport2,ตรวจบทก่อนส่งออก: เปิด
ui.app.checkChapterNotOk,ตรวจบทไม่สำเร็จ
ui.app.checkDone,รูปแบบบทไม่มีข้อผิดพลาด ▾
ui.app.checkNew,ตรวจใหม่
ui.app.checkNewChapter, ตรวจใหม่ทั้งบท
ui.app.checkScreenplay,ตรวจบทภาพยนตร์
ui.app.checkWord,พจนานุกรมตรวจคำผิด
ui.app.clearResult,ล้างผล
ui.app.clearSaveShowFile,ล้างบันทึกที่แสดงอยู่ (ไฟล์ log ในเครื่องยังอยู่ครบ)
ui.app.clickPickFormatCtrl,คลิกเลือกรูปแบบ · หรือ Ctrl+↑/↓ สลับ
ui.app.clickViewCmdItem, — คลิกเพื่อดูคำสั่ง (ไปข้อถัดไป · รายการทั้งหมด · ตรวจใหม่)
ui.app.clickViewDetail,คลิกเพื่อดูรายละเอียด
ui.app.clickViewImageFull,"
คลิก = ดูภาพเต็ม · ลากไปวางในฉากเพื่อแทรกรูป"
ui.app.close2,ปิดไว้หลังเคยพัง
ui.app.closeAllDirtyAsk,มีแท็บที่ยังไม่ได้บันทึก {0} แท็บ
ui.app.closeAllKeptUnsaved,ปิดแล้ว {0} แท็บ · ค้างไว้ {1} แท็บที่บันทึกไม่ผ่าน
ui.app.closeAppHasList,ปิดโปรแกรม — มี {0} รายการที่ยังไม่ได้บันทึก
ui.app.closeAppPendingList,ขอปิดโปรแกรม · งานค้าง {0} รายการ
ui.app.closeNotSave,ปิดโดยไม่บันทึก
ui.app.closePrint,ปิด (พิมพ์อย่างไรก็เป็นอย่างนั้น)
ui.app.closeTab,ปิดแท็บนี้
ui.app.closeTabDirtyAsk,"""{0}"" ยังไม่ได้บันทึก จะทำอย่างไร"
ui.app.closeTabDiscard,ปิดโดยไม่บันทึก
ui.app.closeTabSave,บันทึกแล้วปิด
ui.app.cmdLibraryImageFail,คำสั่งคลังรูปล้มเหลว: 
ui.app.cmdUseScreenplayOpenScene,"คำสั่งนี้ใช้กับบทภาพยนตร์
เปิดฉากที่เป็นบทก่อน แล้วลองใหม่"
ui.app.compareVersion,เทียบเวอร์ชัน — 
ui.app.compareVersion2,เทียบเวอร์ชัน
ui.app.consoleDev,คอนโซลนักพัฒนา
ui.app.convertGo,แปลงเลย
ui.app.convertLoss,สลับโหมดแล้วบล็อกบางชนิดจะเปลี่ยนไปแบบย้อนกลับไม่ได้ — {0} · แปลงต่อไหม ?
ui.app.convertLostItem,{0} → {1} ({2})
ui.app.convertLostMore, และอีก {0} ชนิด
ui.app.copyReportDone,คัดลอกรายงานแล้ว
ui.app.copyReportNotOk,คัดลอกรายงานไม่สำเร็จ
ui.app.copyResult,คัดลอกผล
ui.app.copyResultConsoleDone,คัดลอกผลจากคอนโซลแล้ว
ui.app.copySaveDoneLine,คัดลอกบันทึกแล้ว ({0} บรรทัดตามตัวกรอง)
ui.app.corner,มุมเอียง (องศา)
ui.app.courierMonoThaiProportionalThai,Courier MonoThai · ProportionalThai (1998)
ui.app.coverBookReadNot,อ่านรูปปกของเล่มไม่ได้
ui.app.ctrlEnter,รัน (Ctrl+Enter)
ui.app.currentTopDisk,ปัจจุบัน (บนดิสก์)
ui.app.data,ข้อมูล
ui.app.dataSystem,ข้อมูลระบบ
ui.app.date,วันที่ 3 · ปีที่ 1024 · เช้า
ui.app.default,ค่าเริ่มต้น
ui.app.del,ลบถาวร
ui.app.delAllLine,จะลบทั้งหมด {0} บรรทัด
ui.app.delAllLine2,ลบ {0} ทั้งหมด ({1} บรรทัด)?
ui.app.delCat, ลบหมวด
ui.app.delDone,ลบถาวรแล้ว: 
ui.app.delElementDoneCancel,ลบ {0} element แล้ว (ยกเลิกได้ด้วย {sc:editor-undo})
ui.app.delElementNotOk,ลบ element ไม่สำเร็จ: 
ui.app.delElementType,ลบ element ตามประเภท
ui.app.delFolder,ลบโฟลเดอร์
ui.app.delFolderAll,"ลบโฟลเดอร์ ""{0}"" ทั้งหมด ?"
ui.app.delLineDone,ลบบรรทัดแล้ว
ui.app.delMap,ลบแผนที่นี้
ui.app.delMapDone,ลบแผนที่แล้ว
ui.app.delMoveTrash,ลบ (ย้ายไปถังขยะ)
ui.app.delRecoverRestoreCant,ลบ “{0}” ถาวร ? (กู้คืนไม่ได้อีก)
ui.app.delTemplate,"ลบเทมเพลต ""{0}""?"
ui.app.delTemplateDone,ลบเทมเพลตแล้ว
ui.app.delUseApp,ไลบรารีที่ใช้ในโปรแกรม
ui.app.delWorkFlow,ลบเวิร์กโฟลว์ “{0}” ?
ui.app.detail,รายละเอียด
ui.app.dialog,(ในกล่อง)
ui.app.dirtyPending,dirty: ลงทะเบียนแหล่งงานค้าง 
ui.app.diskChangedWhileDirty,"""{0}"" ถูกแก้นอกโปรแกรมระหว่างที่คุณแก้ค้างอยู่ ตอนบันทึกจะให้เลือกว่าจะเก็บฉบับไหน"
ui.app.diskConflictAsk,"ไฟล์ ""{0}"" ถูกแก้จากโปรแกรมอื่นหลังจากที่เปิดไว้ในแท็บนี้ จะเก็บฉบับไหน"
ui.app.diskConflictAutoSkip,บันทึกอัตโนมัติข้ามไฟล์ที่ถูกแก้นอกโปรแกรม: 
ui.app.diskConflictAutoStatus,"ไม่ได้บันทึกอัตโนมัติ ""{0}"" เพราะไฟล์ถูกแก้นอกโปรแกรม กดบันทึกเพื่อเลือกว่าจะเก็บฉบับไหน"
ui.app.diskConflictOverwrite,บันทึกทับด้วยเนื้อในแท็บ
ui.app.diskConflictRecreate,สร้างไฟล์ใหม่
ui.app.diskConflictReload,ใช้ฉบับบนดิสก์ (ทิ้งที่แก้ในแท็บ)
ui.app.diskDeletedAsk,"ไฟล์ ""{0}"" ถูกลบหรือย้ายออกไปนอกโปรแกรม จะสร้างไฟล์ใหม่ที่เดิมด้วยเนื้อในแท็บนี้หรือไม่"
ui.app.diskReloadedN,โหลดใหม่ {0} แท็บ เพราะไฟล์ถูกแก้นอกโปรแกรม
ui.app.dlgbSource,ห้องซ้อมบท
ui.app.doItemSet,ทำตัวติดตั้ง/พกพา
ui.app.doneDoneFile,เสร็จแล้ว {0} ไฟล์
ui.app.doneOpenBackChapter,"""{0}"" ให้แล้ว (เปิดกลับได้ที่ บท → ตัวพิมพ์ใหญ่/เล็ก)"
ui.app.draft,ฉบับร่าง
ui.app.draftNotHasChapter,ฉบับร่างนี้ยังไม่มีบท — สร้างบทก่อน
ui.app.dragMoveBar,ลากเพื่อย้ายแถบ
ui.app.drawPanelCommentNot,วาดแผงคอมเมนต์ไม่สำเร็จ
ui.app.drawPanelF,วาดแผง {0} ล้มเหลว
ui.app.drawPanelF2,วาดแผง {0} ล้มเหลว
ui.app.dupBoardDone,ทำสำเนากระดานแล้ว
ui.app.dupWorkFlowDone,ทำสำเนาเวิร์กโฟลว์แล้ว
ui.app.edit,แก้ไข…
ui.app.editCatNameIcon, แก้ไขหมวด (ชื่อ/ไอคอน)
ui.app.editEvent,แก้ไขเหตุการณ์
ui.app.editIIAuto,แก้ i เดี่ยว ๆ เป็น I อัตโนมัติ
ui.app.editItemFirstSentence,แก้ตัวแรกของประโยคเป็นตัวใหญ่อัตโนมัติ
ui.app.editJSON,{{ }} แก้ JSON ดิบ
ui.app.editJSON2,{{ }} แก้เป็น JSON
ui.app.editPin,แก้ไขหมุด
ui.app.editTemplate,แก้ไขเทมเพลต
ui.app.eg,เช่น ปีศาจแห่งบางกอก
ui.app.eg2,เช่น พ่อ / เพื่อน / ศัตรู
ui.app.eg3,เช่น สงครามปะทุ
ui.app.egBeforeEditAct,เช่น ก่อนแก้ตอนจบ
ui.app.egDate,เช่น ปีที่ 1024 · วันที่ 3
ui.app.egK2CssVarEd,"เช่น  k2.cssVar(""--ed-fs"")   หรือ   k2.blocks().length"
ui.app.egLineMainView,"เช่น เส้นหลัก, มุมมองศัตรู"
ui.app.egWorldCurrentWorld,เช่น โลกปัจจุบัน · โลกอดีต · มิติอื่น
ui.app.exitCatDone,เอาออกจากหมวดแล้ว
ui.app.exitModeFocus,ออกจากโหมดโฟกัส
ui.app.exitModeRead,ออกจากโหมดอ่าน
ui.app.explorerReadLibraryImage,explorer: อ่านคลังรูปไม่ได้
ui.app.explorerReadMapsJson,explorer: อ่าน maps.json ไม่ได้
ui.app.exportAlignFail,อ่านการจัดหน้าของฉากมาใส่ไฟล์ที่ส่งออกไม่สำเร็จ
ui.app.exportChapter,ส่งออกบท 
ui.app.exportChapterDraft,ส่งออกบทจากฉบับร่างไหน
ui.app.exportDone,ส่งออก .{0} แล้ว: {1}
ui.app.exportDraft,ส่งออกฉบับร่างไหน
ui.app.exportFontCssFail,ฝังฟอนต์ลงไฟล์ส่งออกไม่สำเร็จ
ui.app.exportImportProjectZip,ส่งออก/นำเข้าโปรเจกต์เป็น .zip
ui.app.exportMergeDone,ส่งออกรวมแล้ว: 
ui.app.exportNext,ส่งออกต่อ
ui.app.exportPDFDonePage,ส่งออก PDF แล้ว ({0} หน้า): 
ui.app.exportPDFWatermarkPerson,ส่งออก PDF ลายน้ำรายคน
ui.app.exportTableWordDone,ส่งออกตารางคำแปลแล้ว ({0} คีย์): 
ui.app.exportWorkFlow,ส่งออกด้วยเวิร์กโฟลว์
ui.app.file,นามสกุลไฟล์
ui.app.fileLangK2Csv,ไฟล์ภาษา (k2_*.csv)
ui.app.fileNotHas,(ไฟล์นี้ยังไม่มี{0})
ui.app.fileOpen,ไฟล์ที่เปิดอยู่
ui.app.fileTaskMarkdownJSON,ไฟล์งานเป็น Markdown + JSON เปิดร่วมกับ Killian v1 ได้ 100%
ui.app.filter,กรองตามที่มา
ui.app.findDiskFindOn,หาในดิสก์ (Find on disk)
ui.app.findRowNotFound,หาแถวไม่เจอ → ซ่อมต้นไม้
ui.app.folderNotProjectKillian,โฟลเดอร์นี้ไม่ใช่โปรเจกต์ Killian (ไม่พบ project.khn.json)
ui.app.fontScreenplayPosView,ฟอนต์บทภาพยนตร์ (ไทย) — ดัดแปลงตำแหน่งวรรณยุกต์ · ดู renderer/assets/fonts/THAI-FONTS.txt
ui.app.fontScreenplayQuoteUnquote,ฟอนต์บทภาพยนตร์ (ละติน) — Quote-Unquote Apps
ui.app.forceCaseBig,บังคับตัวพิมพ์ใหญ่
ui.app.forcePrintBigFormat,บังคับพิมพ์ใหญ่ตามรูปแบบบทมาตรฐาน
ui.app.foundErrorChapterEg,"พบ {0} ข้อผิดพลาดในบท (เช่น “{1}”)
ส่งออกต่อไปเลยไหม?"
ui.app.foundSceneMention,พบ {0} ฉากที่กล่าวถึง “{1}”
ui.app.goalFromSaves,นับจากประวัติคำ (อัปเดตหลังบันทึก)
ui.app.goalWord,เป้าหมายวันนี้: {0} / {1} คำ ({2}%)
ui.app.gotoFindNone,ไม่พบรายการที่ตรง
ui.app.gotoFindPlaceholder,พิมพ์ชื่อฉาก บท หรือเลขหน้า…
ui.app.graphBreakBranch,แผนผังแตกสาย
ui.app.graphBreakBranch2,แผนผังแตกสาย ({0})
ui.app.graphDialogue,กราฟบทพูด
ui.app.graphDialogueNextPage,กราฟบทพูดต่อหน้า
ui.app.has,มี
ui.app.hasBoardName,"มีกระดานชื่อ ""{0}"" อยู่แล้ว"
ui.app.hasBoardName2,มีกระดานชื่อนี้อยู่แล้ว
ui.app.hasChapterOverrides,มี chapter overrides
ui.app.hasFileNameCat,มีไฟล์ชื่อนี้ในหมวดปลายทางแล้ว
ui.app.hasImage,มีรูปภาพ
ui.app.hasPendingFileCtrl,มีงานค้าง {0} ไฟล์ ({sc:save-all} เพื่อบันทึกทั้งหมด)
ui.app.hasProjectOpenReplace,มีโปรเจกต์นี้อยู่แล้ว — เปิดให้แทน
ui.app.hasRelation,มีความสัมพันธ์
ui.app.heading,หัวข้อ
ui.app.hearOpenModeTypewriter, (จะได้ยินเมื่อเปิดโหมดเครื่องพิมพ์ดีด — {sc:typewriter})
ui.app.helpWriteCodePart,ช่วยเขียนโค้ดบางส่วน (opencode)
ui.app.hide, → ถูกซ่อน!
ui.app.hideEmptyCatHide,ซ่อน={0} จาง={1} ว่าง={2} หมวดพับ/ซ่อน={3}
ui.app.hidePageLineClose,ซ่อนรหัสนำหน้าบรรทัด: ปิด (เห็นรหัสครบ)
ui.app.hidePageLineOpen,ซ่อนรหัสนำหน้าบรรทัด: เปิด
ui.app.history,ประวัติ
ui.app.historyVersion, ประวัติเวอร์ชัน…
ui.app.home,หน้าแรก
ui.app.icon,ไอคอน (อีโมจิ)
ui.app.image,รูป: 
ui.app.imageRemoved,เอารูปออกแล้ว
ui.app.import,นำเข้า-
ui.app.importKeyLangAdd,นำเข้า {0} คีย์ · ภาษา {1} · เพิ่ม/แก้ {2}
ui.app.importNotOkNot,นำเข้าไม่สำเร็จ: ยังไม่มีเล่ม/ฉบับร่างที่ใช้งานอยู่
ui.app.importReplaceNoTab,ไม่ได้ทับอะไร — แท็บปัจจุบันไม่ใช่บทภาพยนตร์ที่แก้ได้ (ปิด/สลับแท็บ หรือฉากถูกล็อก)
ui.app.importScreenplayF,"นำเข้าบทภาพยนตร์ ({0}) เสร็จ: {1} ฉาก, {2} ตัวละคร"
ui.app.importScreenplayF2,"นำเข้าบทภาพยนตร์ ({0}) — สร้างฉากใหม่: {1} ฉาก, {2} ตัวละคร"
ui.app.insertImage,แทรกรูป: 
ui.app.insertImageDone,แทรกรูปแล้ว: 
ui.app.insertImageNotOk,แทรกรูปไม่สำเร็จ: 
ui.app.item,ตัวรันแอปเดสก์ท็อป
ui.app.itemEditCloseDone,ตัวแก้ไขถูกปิดไปแล้ว — เปิดฉากใหม่แล้วลองอีกครั้ง
ui.app.itemEditTextNovel,ตัวแก้ไขข้อความ (นิยาย + บทภาพยนตร์)
ui.app.itemItem, ไปข้อถัดไป ({0} ข้อ)
ui.app.itemReplace,ตัวแทน: 
ui.app.jSONCheckFormatBefore, — JSON ล้วน (ตรวจรูปแบบก่อนเขียน)
ui.app.jSONFormatNotSave,JSON ผิดรูปแบบ ยังไม่บันทึก: 
ui.app.keyEnglish,key (อังกฤษ)
ui.app.keyPlugin,คีย์ลัดปลั๊กอินพัง: 
ui.app.killianEditor,คิเลียน อีดิเตอร์ 
ui.app.kind,ชนิด
ui.app.label,ป้ายชื่อ
ui.app.label2,ป้ายชื่อ (ไทย)
ui.app.left,ซ้าย:
ui.app.libraryImage,คลังรูป ({0})
ui.app.libraryImage2,คลังรูปภาพ
ui.app.line,{0} ({1} บรรทัด)
ui.app.line2,ต่างกัน {0} บรรทัด
ui.app.lineLatest,ตามบรรทัดล่าสุด
ui.app.lineStory,แทร็ก/เส้นเรื่อง
ui.app.lineTime,เส้นเวลา
ui.app.link,ลิงก์เอนทิตี้
ui.app.list,รายชื่อผู้รับ
ui.app.listWordEnglishFolder,รายการคำไทย/อังกฤษในโฟลเดอร์ renderer/assets · เพิ่มเองได้ที่ Plugins/dictionaries
ui.app.loading,กำลังโหลด…
ui.app.loadPluginItem,โหลดปลั๊กอิน {0} ตัว
ui.app.lockEditCant, ล็อกอยู่ (แก้ไม่ได้)
ui.app.lockEditCant2,ล็อก (แก้ไม่ได้)
ui.app.lockScene, ล็อกฉากนี้
ui.app.lockSceneDoneEdit,ล็อกฉากแล้ว (แก้ไม่ได้จนปลดล็อก)
ui.app.manageBook,จัดการเล่ม
ui.app.manageSmartTypeWordApp,จัดการ SmartType (คำที่โปรแกรมจำไว้)
ui.app.map,แผนที่ ({0})
ui.app.map2,แผนที่
ui.app.mapChar2,แผนที่อักขระพิเศษ
ui.app.mapReadCant,แผนที่ (อ่านไม่ได้)
ui.app.markCentralizeStaleFail,markCentralizeStale ล้มเหลว
ui.app.markdown,Markdown ดิบ — 
ui.app.mdApplied,อัปเดตเนื้อหาจาก Markdown แล้ว
ui.app.mdApply,ใช้การแก้ไข
ui.app.mdApplyFail,ใช้การแก้ไขไม่สำเร็จ: 
ui.app.mdEditHint,"แก้ไขได้ — กด ""ใช้การแก้ไข"" เพื่อเขียนกลับเข้าเอกสาร (ยังไม่บันทึกลงไฟล์จนกว่าจะกด {sc:save})"
ui.app.mdNoChange,ไม่มีอะไรเปลี่ยน
ui.app.mergeFileBundler,รวมไฟล์ (bundler)
ui.app.mergeStory,รวมทั้งเรื่อง: {0}
ui.app.migSpThaiFont,"ย้ายค่าฟอนต์ไทยของบทภาพยนตร์มาเป็นแถวใน ""ฟอนต์ตามภาษา"" แล้ว"
ui.app.mine,ของฉัน
ui.app.modeCompareDoc,โหมดเทียบเอกสาร: 
ui.app.modeFocus,โหมดโฟกัส
ui.app.modeFocusEscCtrl,โหมดโฟกัส — Esc หรือ {sc:focus-mode} เพื่อออก
ui.app.modeRead,โหมดอ่าน
ui.app.modeReadFocus,โหมดอ่าน + โฟกัส
ui.app.modeReadPressEsc,โหมดอ่าน — กด Esc หรือ {sc:reading-mode} เพื่อออก
ui.app.modeTypewriterClose,โหมดเครื่องพิมพ์ดีด: ปิด
ui.app.modeTypewriterOpen,โหมดเครื่องพิมพ์ดีด: เปิด
ui.app.mood,อารมณ์: 
ui.app.moveCancelledUnsaved,ยกเลิกการลบ/ย้าย — {0} ยังมีงานที่บันทึกไม่ได้
ui.app.moveCatF,"ย้ายไปหมวด ""{0}"" แล้ว"
ui.app.moveCatNewDone,ย้ายไปหมวดใหม่แล้ว
ui.app.moveCommentPrevList,ย้ายคอมเมนต์เดิม {0} รายการเข้าไฟล์ฉากแล้ว
ui.app.moveCommentPrevNot,ย้ายคอมเมนต์เดิมไม่สำเร็จ
ui.app.moveNoteBackIn,ย้ายโน้ตกลับเข้าบทไหน
ui.app.moveNoteInChapter,"ย้ายโน้ต ""{0}"" เข้าบท ""{1}"" แล้ว (จะไม่ถูกรวมตอนส่งออก)"
ui.app.moveOutMEMODone,"ย้าย ""{0}"" ออกไปที่ MEMO แล้ว"
ui.app.moveSceneChapter,ย้ายฉากไปบท: 
ui.app.moveSkipDraftNot,ย้ายข้ามฉบับร่างยังไม่รองรับ
ui.app.moveSnapshotsFail,ย้ายประวัติเวอร์ชันตามไฟล์ไม่สำเร็จ
ui.app.msg, (พัง {0})
ui.app.msg3,{0} เป็น…ของ {1}
ui.app.msg4,ที่มา
ui.app.msg5,ประกอบ
ui.app.msg6,แรงบันดาลใจ
ui.app.msg7,ไป
ui.app.msg8,ไปที่{0} {1}: {2}
ui.app.msg9,ไปที่…
ui.app.mustOpenTabScreenplay,ต้องเปิดแท็บบทภาพยนตร์หรือเอกสารอย่างน้อย 2 แท็บจึงจะเปรียบเทียบได้
ui.app.mustRenameTemplate,ต้องตั้งชื่อเทมเพลต
ui.app.mustUseKillianF,ต้องใช้ Killian {0} ขึ้นไป
ui.app.nameCat,ชื่อหมวด
ui.app.nameDate,{{ชื่อ}} · {{วันที่}}
ui.app.nameEvent,ชื่อเหตุการณ์
ui.app.nameMemo,ชื่อ memo
ui.app.nameMemoNew,ชื่อ memo ใหม่
ui.app.namePart,ชื่อส่วน
ui.app.nameProjectNew,ชื่อโปรเจกต์ใหม่
ui.app.nameTemplate,ชื่อเทมเพลต
ui.app.nameWorkFlowNew,ชื่อเวิร์กโฟลว์ใหม่
ui.app.navBookFail,อ่านสารบัญทั้งเล่มไม่สำเร็จ
ui.app.navWholeBook,ทั้งเล่ม
ui.app.navWholeBookHint,สลับระหว่างสารบัญของฉากนี้กับของทั้งเล่ม
ui.app.new,+ สร้างเปล่า
ui.app.new2,สร้างที่ไหน
ui.app.new3,หลังสร้างต้นไม้
ui.app.newBoardFirst,+ สร้างกระดานแรก…
ui.app.newCatNew,สร้างหมวดใหม่
ui.app.newChapterNew,สร้างบทใหม่ที่ไหน
ui.app.newFilePDFFont,สร้างไฟล์ PDF ฝังฟอนต์ไทย
ui.app.newFolderResearch,+ สร้างโฟลเดอร์ข้อมูลค้นคว้า…
ui.app.newFolderResearchDone,สร้างโฟลเดอร์ Research แล้ว
ui.app.newListNew, สร้างรายการใหม่
ui.app.newMapFirst,+ สร้างแผนที่แรก…
ui.app.newMemoNew,สร้าง memo ใหม่
ui.app.newNew,สร้าง{0}ใหม่
ui.app.newNewCat,สร้างใหม่ในหมวดนี้
ui.app.newNewPlan,สร้างแผนใหม่
ui.app.newPDF,สร้าง PDF
ui.app.newPDFWatermarkFile,สร้าง PDF ลายน้ำ {0} ไฟล์ที่ {1}
ui.app.newPDFWatermarkNot,สร้าง PDF ลายน้ำไม่สำเร็จ
ui.app.newPlanFirst,+ สร้างแผนแรก…
ui.app.newProjectNewDone,สร้างโปรเจกต์ใหม่แล้ว: 
ui.app.newRelationBetween,"สร้างความสัมพันธ์ ""{0}"" ระหว่าง {1} ↔ {2}"
ui.app.newSceneNew2,สร้างฉากใหม่ที่ไหน
ui.app.newTemplateDone,สร้างเทมเพลตแล้ว
ui.app.newTemplateNew,+ สร้างเทมเพลตใหม่
ui.app.newTemplateNew2,สร้างเทมเพลตใหม่
ui.app.note,โน้ต: 
ui.app.noteChapterNotMerge,โน้ตในบท — ไม่ถูกรวมตอนส่งออกฉบับร่าง
ui.app.noteDoneNotMerge,"""{0}"" เป็นโน้ตแล้ว — จะไม่ถูกรวมตอนส่งออก"
ui.app.notFoundDocAt,ไม่พบเอกสารที่ตรงกับคำค้น
ui.app.notFoundElementAt,ไม่พบ element ที่ตรงเงื่อนไข
ui.app.notFoundError,ไม่พบข้อผิดพลาด 🎉
ui.app.notFoundErrorChapter,ไม่พบข้อผิดพลาดในบทนี้
ui.app.notFoundFileDisk,ไม่พบไฟล์ในดิสก์: 
ui.app.notFoundFileExplorer,ไม่พบไฟล์นี้ใน Explorer (อาจถูกลบ/ย้ายไปแล้ว)
ui.app.notFoundFileLang,ไม่พบไฟล์ภาษา (languages/k2_th.csv · k2_{0}.csv)
ui.app.notFoundFileRef,ไม่พบไฟล์ที่อ้างอิง: 
ui.app.notFoundFileScene,ไม่พบไฟล์ฉาก: 
ui.app.notFoundKeyFile,ไม่พบคีย์ในไฟล์ CSV นี้
ui.app.notFoundScene,(ไม่พบฉาก)
ui.app.notHas,(ยังไม่มี)
ui.app.notHas2,(ไม่มี)
ui.app.notHas3,ไม่มี
ui.app.notHasBookNew,ยังไม่มีเล่ม — สร้างเล่มก่อน
ui.app.notHasChapter,— ยังไม่มีบท —
ui.app.notHasChapterExport,ยังไม่มีบทให้ส่งออก — เปิดฉากบทภาพยนตร์ก่อน
ui.app.notHasChapterOther,ไม่มีบทอื่นให้ย้ายไป
ui.app.notHasDialogueChapter,ยังไม่มีบทพูดในบทนี้
ui.app.notHasDraftExport,ยังไม่มีฉบับร่างให้ส่งออก
ui.app.notHasDraftNew,ยังไม่มีฉบับร่าง — สร้างเล่ม/ฉบับร่างก่อน
ui.app.notHasFileHas,ไม่มี{0}ที่ {1} (ไฟล์นี้มี {2})
ui.app.notHasFileOpen,ยังไม่มีไฟล์ให้เปิด
ui.app.notHasFileTask,ยังไม่มีไฟล์งานวิจัย
ui.app.notHasHeadingHead,(ยังไม่มีหัวข้อ/หัวฉาก)
ui.app.notHasHeadScene,ยังไม่มีหัวฉากในบทนี้
ui.app.notHasImage,(ยังไม่มีรูป)
ui.app.notHasImageLibrary,ยังไม่มีรูปในคลัง
ui.app.notHasLineAt,(ไม่มีบรรทัดที่ตรงตัวกรอง)
ui.app.notHasLineAt2,ไม่มีบรรทัดที่ตรงตัวกรอง — ลองเปิดระดับอื่นหรือล้างคำค้น
ui.app.notHasList,ยังไม่มีรายชื่อผู้รับ
ui.app.notHasPageFile,ไม่มีหน้า {0} (ไฟล์นี้มี {1} หน้า)
ui.app.notHasPart,— ไม่มีส่วนเสริม —
ui.app.notHasPendingSave,ไม่มีงานค้างให้บันทึก
ui.app.notHasPressDup,"(ยังไม่มี — กด ""ทำสำเนา"" จากพรีเซ็ต)"
ui.app.notHasSave,(ยังไม่มีบันทึก)
ui.app.notHasSceneMention,ยังไม่มีฉากที่กล่าวถึง “
ui.app.notHasSceneNote,ยังไม่มีฉาก/โน้ต/Wiki ให้ผูก
ui.app.notHasSceneNote2,ยังไม่มีฉาก/โน้ตให้อ้างอิง
ui.app.notHasScenePress,ยังไม่มีฉาก — กด + เพื่อสร้าง
ui.app.notMoveSkipDraft,ยังไม่รองรับการย้ายข้ามฉบับร่าง
ui.app.notMoveSkipDraft2,ยังไม่รองรับการย้ายข้ามฉบับร่าง/เซกชัน
ui.app.notMustRememberWord,ไม่ต้องจำคำนี้
ui.app.notOpen,(ยังไม่เปิด)
ui.app.notOutDone,ไม่ออกแล้ว
ui.app.notPick,ไม่เลือก
ui.app.notRememberEditChapter,"ไม่จำ ""{0}"" อีก (แก้ได้ที่ บท → จัดการ SmartType)"
ui.app.notRememberFoundNot,"ยังไม่จำ (เจอไม่ถึง {0} ครั้ง) — กดปุ่ม ""จำ"" เพื่อจำเลย"
ui.app.notSave,ยังไม่บันทึก
ui.app.notSet,(ไม่ตั้ง)
ui.app.notSource,ไม่ทราบสิทธิ์ต้นฉบับ
ui.app.notUseTemplate2,— ไม่ใช้เทมเพลต —
ui.app.novel, นิยาย
ui.app.novel2, นิยาย ▾
ui.app.novel3,นิยาย
ui.app.nowReadPressBack,ตอนนี้หยุดอ่านอยู่กับที่ — กดเพื่อกลับไปล่างสุด
ui.app.numLineClose,เลขบรรทัด: ปิด
ui.app.numLineOpen,เลขบรรทัด: เปิด
ui.app.numSceneClose,เลขฉาก: ปิด
ui.app.numSceneOpenLeft,"เลขฉาก: เปิด (ซ้าย {0}"" · ขวา {1}"" จากขอบกระดาษ)"
ui.app.oneLineOnePerson,"หนึ่งบรรทัด = หนึ่งคน
สมชาย
สมหญิง | สำเนาสำหรับผู้กำกับ"
ui.app.onlyLineHasBody,(นับเฉพาะบรรทัดที่มีเนื้อหา — บรรทัดว่างไม่ถูกแตะ · ยกเลิกได้ด้วย {sc:editor-undo})
ui.app.open,เปิด
ui.app.openApp,เปิดในโปรแกรม
ui.app.openCloseFieldSearch,เปิด/ปิดช่องค้นหา
ui.app.openDocBeforeDel,เปิดเอกสารก่อนจึงลบบรรทัดได้
ui.app.openFileCant,เปิดไฟล์ไม่ได้: 
ui.app.openFolder,เปิดในโฟลเดอร์
ui.app.openFolderDone,เปิดโฟลเดอร์แล้ว: 
ui.app.openFolderLog,เปิดโฟลเดอร์ log
ui.app.openFolderNotOk,เปิดโฟลเดอร์ไม่สำเร็จ
ui.app.openFolderResearchDone,เปิดโฟลเดอร์ Research แล้ว — ลากไฟล์เข้ามาได้เลย
ui.app.openLibraryImageNot,เปิดคลังรูปไม่สำเร็จ
ui.app.openMap,เปิดแผนที่นี้
ui.app.openMapsJson,เปิด maps.json
ui.app.openPanelMap,เปิดแผงแผนที่
ui.app.openProject,เปิดโปรเจกต์…
ui.app.openProject2,เปิดโปรเจกต์: 
ui.app.openProjectBeforeImport,เปิดโปรเจกต์ก่อน จึงจะนำเข้าคำแปลได้
ui.app.openProjectDoneMs,เปิดโปรเจกต์เสร็จใน {0}ms
ui.app.openSceneBefore,เปิดฉากก่อน
ui.app.openSceneBeforeChangeImage,เปิดฉากก่อนจึงจะเปลี่ยนรูปตัวพิมพ์ได้
ui.app.openSceneBeforePage,เปิดฉากก่อนจึงจะไปยังหน้าได้
ui.app.openSceneBeforePageScene,เปิดฉากก่อนจึงจะไปยังหน้า/ฉากได้
ui.app.openSceneBeforeToggleMode,เปิดฉากก่อนจึงจะสลับโหมดได้
ui.app.openSceneBeforeViewMarkdown,เปิดฉากก่อนจึงจะดู Markdown ได้
ui.app.openSceneDraftBeforeProps,เปิดฉากในฉบับร่างก่อน จึงจะซิงก์คุณสมบัติได้
ui.app.openSceneScreenplayBefore,เปิดฉากบทภาพยนตร์ก่อน
ui.app.openSceneScreenplayBeforeCheck,เปิดฉากบทภาพยนตร์ก่อนจึงจะตรวจได้
ui.app.openSceneScreenplayBeforeDel,เปิดฉากที่เป็นบทภาพยนตร์ก่อน จึงจะลบ element ตามประเภทได้
ui.app.openSceneScreenplayBeforeDo,เปิดฉากบทภาพยนตร์ก่อนจึงจะทำรายงานได้
ui.app.openSceneViewNavigation,(เปิดฉากเพื่อดู Navigation)
ui.app.orderItemNumNot,ลำดับ (ตัวเลข — ไม่บังคับ)
ui.app.out, เพื่อออก
ui.app.outNotSave,ออกโดยไม่บันทึก
ui.app.page, · {0} หน้า
ui.app.pageAtCursor,หน้า {0} / {1}
ui.app.pageChapterNotOk,นับหน้าบทไม่สำเร็จ
ui.app.pageGuidesOff,ปิดเส้นบอกขอบกระดาษแล้ว
ui.app.pageGuidesOn,เปิดเส้นบอกขอบกระดาษแล้ว
ui.app.pageNotName, · หน้าตาไม่เหมือนชื่อ
ui.app.pageNovelNotOk,นับหน้านิยายไม่สำเร็จ
ui.app.pageNumClose,เลขหน้า: ปิด
ui.app.pageNumOpenRightMargin,"เลขหน้า: เปิด (ชิดขวา {0}"" · {1}"" จากขอบบน)"
ui.app.pageNumStartChapter,เลขหน้าเริ่มต้น (บท)
ui.app.pageOf,หน้า {0} / {1}
ui.app.pagePage,ไปที่หน้า {0} จาก {1} หน้า
ui.app.panelLoadFileWindow,[แผง] โหลดไฟล์ที่หน้าต่างแผงแก้ไม่สำเร็จ: 
ui.app.panelWindowPanelF,"[แผง] หน้าต่างแผง ""{0}"" รายงานสภาพผิดปกติ"
ui.app.partBody,ส่วนเนื้อหา
ui.app.partNameVO,ส่วนเสริมท้ายชื่อตัวละคร (V.O. · O.S. · cont'd)
ui.app.pasteLineCharacterBefore,"วางเคอร์เซอร์ในบรรทัด ""ตัวละคร"" ก่อน"
ui.app.pasteLineCharacterBefore2,"วางเคอร์เซอร์ในบรรทัด ""ตัวละคร"" ก่อนใส่ส่วนเสริม"
ui.app.pDFWatermark,PDF ลายน้ำ
ui.app.pick,— เลือกเอนทิตี้ —
ui.app.pickEditionNewNum,"เลือก ""ฉบับใหม่"" (หมายเลข 1–"
ui.app.pickEditionNum,"เลือก ""ฉบับเก่า"" (หมายเลข 1–"
ui.app.pickFolderTo,เลือกโฟลเดอร์ปลายทาง
ui.app.pickFolderToBefore,เลือกโฟลเดอร์ปลายทางก่อน
ui.app.pickMapTo,— เลือกแผนที่ปลายทาง —
ui.app.pickSceneViewProps,(เลือกฉากเพื่อดูคุณสมบัติ)
ui.app.pickTextBeforeDone,เลือกข้อความก่อน แล้วค่อยเปลี่ยนรูปตัวพิมพ์
ui.app.pickTypeElementNeed,เลือกประเภท element ที่ต้องการลบทั้งหมดออกจากบท
ui.app.pinPin,ปักหมุด
ui.app.placeChapter,สถานที่ในบทนี้
ui.app.placeScenePage,{0} สถานที่ · {1} ฉาก · {2} หน้า
ui.app.plannedName,มีแผนชื่อนี้อยู่แล้ว
ui.app.plannerOpenPanelDup,planner: เปิดแผงซ้ำ — คำนวณพิกัด canvas ใหม่
ui.app.plannerTreeCheckImage,planner/tree ตรวจสภาพ ({0}): หมวด={1} แถว={2} 
ui.app.plannerTreeFindRow,planner/tree: หาแถวกระดานที่เปิดอยู่ไม่เจอ
ui.app.plannerTreeItemFilter,"planner/tree: ตัวกรอง Explorer ซ่อนแถว ""{0}"""
ui.app.plannerTreeNewCat,planner/tree: สร้างหมวดกระดาน {0} ใบ
ui.app.plannerTreeRowBoard,planner/tree: แถวกระดานถูกถอดออกจาก DOM
ui.app.plannerTreeRowChange,"planner/tree: แถว ""{0}"" เปลี่ยน {1}"
ui.app.plannerTreeStartView,planner/tree: เริ่มเฝ้าดูแถวกระดานใน Explorer
ui.app.plugin,ปลั๊กอิน
ui.app.plugin2F,ปลั๊กอิน {0} พัง — ปิดไว้ชั่วคราว
ui.app.plugin3,ปลั๊กอิน: 
ui.app.pluginPathMarginProject,plugin: path หลุดขอบเขตโปรเจกต์: 
ui.app.portal,{0} เอนทิตี้ · {1} ประตู · {2} หมายเหตุ
ui.app.portalMap,ประตูไปแผนที่
ui.app.press, — กด 
ui.app.print,พิมพ์อย่างไรก็เป็นอย่างนั้น
ui.app.printCancelled,ยกเลิกการพิมพ์
ui.app.printFail,สั่งพิมพ์ไม่สำเร็จ
ui.app.printFilter,พิมพ์เพื่อกรอง…
ui.app.printJavaScriptDonePress,พิมพ์ JavaScript แล้วกด Ctrl+Enter เพื่อรัน · ใช้ตัวแปร k2 เข้าถึงของในโปรแกรม 
ui.app.printNoTab,ยังไม่ได้เปิดไฟล์ที่จะพิมพ์
ui.app.printSent,ส่งไปเครื่องพิมพ์แล้ว
ui.app.project,โปรเจกต์
ui.app.projectOpenProjectNot,project: เปิดโปรเจกต์ไม่สำเร็จ: 
ui.app.projectPrevHasTab,โปรเจกต์เดิมมี {0} แท็บยังไม่ได้บันทึก
ui.app.propsNewRowPos,props: สร้างแถวตำแหน่งบนแผนที่ไม่ได้
ui.app.propsSceneAtFile,คุณสมบัติฉากตรงกับไฟล์ .md อยู่แล้ว
ui.app.propsSceneFileMd,ซิงก์คุณสมบัติฉากจากไฟล์ .md แล้ว ({0} ค่า)
ui.app.proseIndentOff,ย่อหน้าอัตโนมัติ: ปิด
ui.app.proseIndentOn,ย่อหน้าอัตโนมัติ: เปิด ({0} นิ้ว)
ui.app.quitSaveBeforeClose,quit: บันทึกก่อนปิดไม่สำเร็จ: 
ui.app.ratio,สัดส่วน
ui.app.read, — อ่านอย่างเดียว
ui.app.readCant,(อ่านไม่ได้)
ui.app.readFileCSVCant,อ่านไฟล์ CSV ไม่ได้: 
ui.app.readFileVersionCant,(อ่านไฟล์เวอร์ชันไม่ได้)
ui.app.ready,พร้อม
ui.app.recentBrokenAsk,เปิดโปรเจกต์ไม่ได้ — ไม่พบโฟลเดอร์นี้แล้ว: {0}
ui.app.recentBrokenKeep,เก็บไว้ก่อน
ui.app.recentBrokenRemove,เอาออกจากรายการล่าสุด
ui.app.recentBrokenRemoved,เอาโปรเจกต์ที่เปิดไม่ได้ออกจากรายการแล้ว
ui.app.recoverRestore,กู้คืน
ui.app.recoverRestoreTab,กู้คืน {0} แท็บ
ui.app.reduceData,ฟิลด์ข้อมูล
ui.app.reducePart,{0} ฟิลด์ · {1} ส่วน
ui.app.ref,อ้างอิง
ui.app.refDocNote,+ อ้างอิงเอกสาร/โน้ต…
ui.app.refOut,เอาการอ้างอิงนี้ออก
ui.app.refreshListProjectDone,รีเฟรชรายการโปรเจกต์แล้ว
ui.app.refreshReadFileFolder,รีเฟรช — อ่านไฟล์/โฟลเดอร์ใหม่จากดิสก์
ui.app.refToDocNote,อ้างอิงถึงเอกสาร/โน้ตไหน
ui.app.registerPanelFail,registerPanel ล้มเหลว: 
ui.app.remember,เลิกจำเอง
ui.app.remember2,จำ
ui.app.rememberTimes,จำอีกครั้ง
ui.app.rememberWordChapterFound,จำคำจากบทเมื่อเจอซ้ำอย่างน้อย
ui.app.rememberWordFoundTimes,จำคำนี้ไว้เดา แม้จะเจอครั้งเดียว
ui.app.removeElementsFail,remove-elements ล้มเหลว
ui.app.removeElementsKeepVersion,remove-elements: เก็บเวอร์ชันก่อนลบไม่สำเร็จ (ลบต่อ)
ui.app.repeat,ทำซ้ำ
ui.app.repeatTemplateDone,ทำซ้ำเทมเพลตแล้ว
ui.app.replaceF,แทนที่ {0} แห่ง
ui.app.report,รายงานตัวละคร
ui.app.report2,รายงานตัวละคร
ui.app.reportPlace,รายงานสถานที่
ui.app.reportPlace2,รายงานสถานที่
ui.app.reset,พรีเซ็ต
ui.app.resetEditCant,  (พรีเซ็ต — แก้ไม่ได้)
ui.app.resetPosBarFormat,รีเซ็ตตำแหน่งแถบรูปแบบแล้ว
ui.app.restoreF,"คืน ""{0}"" เป็นแท็บแล้ว"
ui.app.restoreTab,คืนเป็นแท็บ
ui.app.restoreTab2,คืนเป็นแท็บ
ui.app.result, ผล
ui.app.right,ขวา:
ui.app.save,บันทึก
ui.app.saveAll,บันทึกทั้งหมด
ui.app.saveAllDoneClose,บันทึกทั้งหมดแล้วปิด
ui.app.saveAllDoneList,บันทึกทั้งหมดแล้ว ({0} รายการ)
ui.app.saveAllSaveNotOk,saveAll: บันทึกไม่สำเร็จ: 
ui.app.saveAsDone,บันทึกเป็น: {0}
ui.app.saveAsUnsupported,แท็บนี้บันทึกเป็นไฟล์ .md ไม่ได้
ui.app.saveAuto,บันทึกอัตโนมัติ
ui.app.saveBeforeCloseFail,บันทึกก่อนปิดไม่สำเร็จ: 
ui.app.saveCancelledKeepTab,ยังไม่ได้บันทึก แท็บยังเปิดอยู่
ui.app.saveCompleteListDone,บันทึกครบ {0} รายการ แล้วปิดโปรแกรม
ui.app.saved,บันทึกแล้ว
ui.app.saveDone,บันทึกแล้ว: 
ui.app.saveDoneOut,บันทึกแล้วออก
ui.app.saveFail,บันทึกไม่สำเร็จ: 
ui.app.saveFile,บันทึกเป็นไฟล์…
ui.app.saveLatestLog,บันทึกล่าสุด (log)
ui.app.saveList,บันทึก {0}/{1} รายการ
ui.app.saveNotOkList,บันทึกไม่สำเร็จ {0} รายการ — ยังไม่ปิดโปรแกรม (ดูรายละเอียดในแผงบันทึก)
ui.app.saveOpenTabsNotOk,บันทึก openTabs ไม่สำเร็จ
ui.app.saveReportDone,บันทึกรายงานแล้ว: 
ui.app.saveSettingsFail,บันทึกการตั้งค่าลงไฟล์ผลงานไม่สำเร็จ
ui.app.saveSizeUINot,บันทึกขนาด UI ไม่สำเร็จ
ui.app.saveTemplateDone,บันทึกเทมเพลตแล้ว
ui.app.saveVersionDone,บันทึกเวอร์ชันแล้ว
ui.app.scene2,(ฉาก)
ui.app.scene3,ฉาก 
ui.app.sceneFirst,ฉากแรก
ui.app.sceneMention2,{0} ฉากที่กล่าวถึง “{1}”
ui.app.scenePage,  {0} · {1} ฉาก · ~{2} หน้า
ui.app.scroll,เลื่อนลง
ui.app.searchOnly, ค้นเฉพาะใน: 
ui.app.searchOnlyChapter,ค้นเฉพาะในบท: 
ui.app.searchProject,ค้นทั้งโปรเจกต์
ui.app.searchSave,ค้นในบันทึก
ui.app.searchStylePrint,ค้นหาแบบยอมพิมพ์ผิด
ui.app.selectAllNeedEditor,ต้องอยู่ในตัวแก้ไขก่อนถึงจะเลือกทั้งหมดได้
ui.app.sendOpenWindowMain,ส่งไปเปิดที่หน้าต่างหลักแล้ว
ui.app.setCat,ตั้งหมวด…
ui.app.settingsFormatCheckChapter, ตั้งค่ารูปแบบ/การตรวจบท…
ui.app.showFormatClose,แสดงรูปแบบ: ปิด
ui.app.showFormatOpenLine,แสดงรูปแบบ: เปิด (เส้นขอบ element + เครื่องหมายจบบรรทัด)
ui.app.showHideLevel,แสดง/ซ่อนระดับ 
ui.app.showHideParaNavigation,แสดง/ซ่อนย่อหน้าใน Navigation
ui.app.showPageFirstAlways,แสดงหน้าแรกเสมอ: ปิด
ui.app.showPageFirstAlways2,แสดงหน้าแรกเสมอ: เปิด
ui.app.showPosExplorerDone,แสดงตำแหน่งใน Explorer แล้ว
ui.app.sideChapterAuto,อีกฝั่งจะได้บทบาท “{0}” อัตโนมัติ
ui.app.sizeWatermarkPx,ขนาดลายน้ำ (px)
ui.app.skipEmptyEventDot,เว้นว่าง = เหตุการณ์จุดเดียว
ui.app.soundTypewriterClose,เสียงเครื่องพิมพ์ดีด: ปิด
ui.app.soundTypewriterOpen,เสียงเครื่องพิมพ์ดีด: เปิด
ui.app.spElementScriptOnly,เปลี่ยนชนิด element ได้เฉพาะในบทภาพยนตร์
ui.app.spellIgnoredOnce,"ข้าม ""{0}"" ครั้งนี้แล้ว"
ui.app.spellIgnoreOnce,"ข้าม ""{0}"" ครั้งนี้"
ui.app.spellNoSuggest,ไม่มีคำที่แนะนำ
ui.app.spellReplaced,"แทนคำ ""{0}"" ด้วย ""{1}"" แล้ว"
ui.app.spellReplaceFail,แทนคำไม่สำเร็จ
ui.app.spellSuggestHead,คำที่น่าจะถูก
ui.app.spErrMarkOff,ปิดเส้นบอกจุดผิดในบทแล้ว
ui.app.spErrMarkOn,เปิดเส้นบอกจุดผิดในบทแล้ว
ui.app.spErrMarkToggle,แสดงเส้นบอกจุดผิดในบท
ui.app.splitF,"แยก ""{0}"" เป็นหน้าต่างลอยแล้ว (ดับเบิลคลิกหัวหน้าต่าง = คืนเป็นแท็บ)"
ui.app.splitWindowFloat,แยกเป็นหน้าต่างลอย
ui.app.spThaiOff,ฟอนต์ไทยในบท: ไม่ปรับ — ปล่อยตามฟอนต์สำรองของระบบ
ui.app.spThaiOn,ฟอนต์ไทยในบท: ปรับสัดส่วน {0}% (ตัวไทยพอดีระยะบรรทัดของบท)
ui.app.startAppOpenProject,เริ่มโปรแกรม: เปิดโปรเจกต์ล่าสุดทันที (ข้ามหน้าแรก)
ui.app.startAppShowPage,เริ่มโปรแกรม: แสดงหน้าแรกก่อน
ui.app.status2,สถานะ: 
ui.app.styleWatermark,แม่แบบลายน้ำ
ui.app.suggest, (แนะนำ)
ui.app.template,เทมเพลต
ui.app.templateManage,เทมเพลต (จัดการ)
ui.app.templatesFillBlockProfile,templates: เติมบล็อก profile ให้เทมเพลตมาตรฐานของโปรเจกต์นี้แล้ว
ui.app.templatesFillBlockProfile2,templates: เติมบล็อก profile ไม่สำเร็จ
ui.app.templatesJsonFormat,templates.json ผิดรูปแบบ: 
ui.app.templatesJsonJSONEdit,templates.json — JSON ล้วน แก้เสร็จกดบันทึก (ตรวจรูปแบบให้ก่อนเขียน)
ui.app.templateWiki,เทมเพลต Wiki
ui.app.text, — ข้อความล้วน
ui.app.textContClose,ข้อความต่อเนื่อง: ปิด
ui.app.textContOpenCONTINUED,ข้อความต่อเนื่อง: เปิด — (CONTINUED) · CONTINUED: · (MORE) · (cont'd)
ui.app.textLast,ข้อความสุดท้าย
ui.app.textPageScreenAll,ข้อความในหน้าจอทั้งหมด — แก้/แปลเพิ่มได้โดยไม่ต้อง build ใหม่
ui.app.themeDarkDark,ธีม: มืด (Dark)
ui.app.thesaurusWordOpposite,คำพ้อง/คำตรงข้าม “{0}”
ui.app.thinkExplorerScreenplayWork,"แนวคิดของ Explorer, บทภาพยนตร์, เวิร์กโฟลว์ส่งออก และกระดานวางแผน"
ui.app.timeEndNotForce,เวลาจบ (ไม่บังคับ — สำหรับ Gantt)
ui.app.timesSpeak,ครั้งที่พูด
ui.app.timeStoryStart,เวลาในเรื่อง (เริ่ม)
ui.app.title,Killian 2
ui.app.toggleModeChapterFilm,สลับเป็นโหมดบทหนัง
ui.app.toggleModeDocNovel,สลับโหมดเอกสาร นิยาย ↔ บทหนัง ({sc:toggle-format})
ui.app.toggleModeNovel,สลับเป็นโหมดนิยาย
ui.app.trash,ถังขยะ ({0})
ui.app.tryNew,ลองใหม่
ui.app.unlockSceneDone,ปลดล็อกฉากแล้ว
ui.app.updateIndexBacklinksFail,อัปเดตดัชนี backlinks ล้มเหลว
ui.app.use,เครดิต · ใช้อะไรบ้าง มาจากไหน
ui.app.useNameDateStory,"ใช้ {{ชื่อ}} {{วันที่}} {{เรื่อง}} ได้ · ระบุลายน้ำเฉพาะคนได้ด้วย ""ชื่อ | ลายน้ำ"""
ui.app.user,ผู้ใช้
ui.app.useReorderTimeText,ใช้จัดลำดับเมื่อเวลาเป็นข้อความ
ui.app.valignPlannerOnly,จัดแนวตั้งใช้ได้เฉพาะในกระดานวางแผน
ui.app.valueRememberAllWord, — ค่า 1 = จำทุกคำที่พิมพ์ (คำพิมพ์ผิดจะติดมาด้วย)
ui.app.versionEditF,เวอร์ชันที่แก้ไข: {0}  ·  รอบแก้ #{1}
ui.app.viewListAll, ดูรายการทั้งหมด…
ui.app.viewSample,ดูตัวอย่าง
ui.app.webMoreElectron,เอนจินเว็บ + รันไทม์ที่มากับ Electron
ui.app.windowPanelCantChapter,หน้าต่างแผง: ไม่ได้รับที่อยู่โปรเจกต์
ui.app.wordChar,คำ {0} · อักขระ {1}
ui.app.wordCmdNotRemember,คำที่สั่งไม่ให้จำ ({0})
ui.app.wordCmdRemember,คำที่สั่งให้จำเอง ({0})
ui.app.wordCountRebuilt,คำนวณจำนวนคำใหม่แล้ว {0} ฉาก
ui.app.wordCountSyncFail,ปรับจำนวนคำให้ตรงกับไฟล์ไม่สำเร็จ
ui.app.wordKeepThingPrint,"คำเหล่านี้เก็บจาก ""สิ่งที่พิมพ์ในบทนี้"" — กดปุ่มกากบาทท้ายคำเพื่อสั่งไม่ให้จำอีก"
ui.app.wordPageNameFile,คำนำหน้าชื่อไฟล์
ui.app.workFlowMine,เวิร์กโฟลว์ของฉัน
ui.app.writeCode,เขียนโค้ด
ui.app.writeOutStyleCode,เขียน/ออกแบบโค้ดเกือบทั้งหมด ผ่าน Claude Code
ui.app.zoomFitWide,ซูมพอดีความกว้าง: 
ui.autoTaskEvent.autoSyncUpdateName,auto-sync: อัปเดตชื่อใน {0} ไฟล์
ui.autoTaskEvent.autoTaskAutoSync,auto-task: auto-sync ปิด
ui.autoTaskEvent.autoTaskAutoSync2,auto-task: auto-sync เปิด
ui.autoTaskEvent.autoTaskFileNot,auto-task: ไล่ไฟล์ไม่ครบ
ui.autoTaskEvent.renameAsk,"เปลี่ยนชื่อ ""{0}"" เป็น ""{1}"" ในทุกที่ที่อ้างถึงด้วยไหม"
ui.autoTaskEvent.renameGo,เปลี่ยนให้หมด
ui.autoTaskEvent.renameNoHit,ไม่มีที่ไหนอ้างถึงชื่อเดิม
ui.autoTaskEvent.renameSkipped,เปลี่ยนเฉพาะชื่อเหตุการณ์ ไม่แตะที่อื่น
ui.autoTaskEventQueue.file,{0} → {1} ({2} ไฟล์)
ui.autoTaskEventQueue.notHasHandlerTask,ไม่มี handler ของงานชนิดนี้
ui.autoTaskEventQueue.notHasMustEdit,ไม่มีอะไรต้องแก้
ui.backup.backupSkipFile,backup: ข้ามไฟล์ 
ui.backup.projectDoneFile,สำรองโปรเจกต์แล้ว: {0} ({1} ไฟล์)
ui.backup.projectFail,สำรองโปรเจกต์ล้มเหลว
ui.books.addBook,+ เพิ่มเล่ม
ui.books.bookAllProject,เล่มทั้งหมดในโปรเจกต์
ui.books.changeNameBookDone,เปลี่ยนชื่อเล่มแล้ว
ui.books.changeNameDraft,เปลี่ยนชื่อร่าง
ui.books.chapterSceneWord,{0} บท · {1} ฉาก · {2} คำ
ui.books.coverOut,เอาปกออก
ui.books.delDraft,ลบร่างนี้
ui.books.draft, · {0} ฉบับร่าง
ui.books.draft2,ฉบับร่าง
ui.books.egDraft,เช่น draft-2
ui.books.export,ส่งออก
ui.books.nameDraftNew,ชื่อร่างใหม่
ui.books.newDraftNew,สร้างร่างใหม่: 
ui.books.newDraftNew2,+ สร้างร่างใหม่
ui.books.notHasBookPress,"ยังไม่มีเล่ม — กด ""＋ เพิ่มเล่ม"""
ui.books.open,เปิด
ui.books.outlineDraftEmptyNew,ก๊อบโครงจากร่างไหน ? (ว่าง = สร้างเปล่า)
ui.books.pickCover,เลือกปก
ui.books.setCoverBookDone,ตั้งปกเล่มแล้ว
ui.books.setDraftMain,ตั้งร่างหลักเป็น: 
ui.books.setMain,ตั้งหลัก
ui.books.wordSynopsisBook,คำโปรย / เรื่องย่อของเล่มนี้…
ui.branch.actEndNotHas,ตอนจบ (ไม่มีทางเลือกออก)
ui.branch.add,เพิ่ม
ui.branch.add2,เพิ่ม
ui.branch.addChoice,เพิ่มทางเลือก:
ui.branch.addChoice2,เพิ่มทางเลือก
ui.branch.addChoice3,เพิ่มทางเลือก:
ui.branch.addChoiceBtn,เพิ่มทางเลือก
ui.branch.addChoiceDone,เพิ่มทางเลือกแล้ว
ui.branch.addChoiceScene,เพิ่มทางเลือกให้ฉากนี้
ui.branch.addChoiceText,เพิ่มทางเลือกจากข้อความ 
ui.branch.added,เพิ่มทางเลือกแล้ว
ui.branch.addedFromText,เพิ่มทางเลือกจากข้อความ 
ui.branch.addedFromTextTail, รายการ — ไปกำหนดปลายทางที่ผังแตกสาย
ui.branch.addToThis,เพิ่มทางเลือกให้ฉากนี้
ui.branch.addToThisHint,สร้างทางเลือกใหม่ พร้อมแทรก [ข้อความ] ลงท้ายฉากให้ด้วย
ui.branch.allLinked,ทางเลือกในฉากนี้ผูกครบแล้ว (
ui.branch.allPaths,เส้นทางที่เป็นไปได้
ui.branch.arrangeGraphNewAuto,จัดผังใหม่อัตโนมัติ (ลืมตำแหน่งที่ลากเอง)
ui.branch.arrangeGraphNewDone,จัดผังใหม่แล้ว
ui.branch.bindAll,ผูกทั้งหมด
ui.branch.bindAllChoiceTo,ผูกทั้งหมดเป็นทางเลือกเลยไหม (ปลายทางเว้นว่างไว้ก่อน) ?
ui.branch.bindChoice,ผูกเป็นทางเลือก
ui.branch.bindChoiceDone,ผูกเป็นทางเลือกแล้ว
ui.branch.bindChoiceTextComplete,ผูกทางเลือกจากข้อความครบแล้ว
ui.branch.bindChoiceTextDone,ผูกทางเลือกจากข้อความแล้ว
ui.branch.bindTextDone,ผูกกับข้อความแล้ว
ui.branch.bookSkipEmpty,เล่ม/สังกัด (เว้นว่างได้)
ui.branch.branchingCheckChoiceAct,branching: ตรวจทางเลือกตอนเปิดโปรเจกต์ไม่สำเร็จ
ui.branch.branchingExportPNGNot,branching: ส่งออก PNG ไม่สำเร็จ
ui.branch.branchingFoundChoicePointF,branching: พบทางเลือกชี้ไปฉากที่ไม่มีแล้ว {0} รายการ
ui.branch.branchingReadBodyScene,branching: อ่านเนื้อฉากไม่สำเร็จ
ui.branch.branchingReadSceneNot,branching: อ่านฉากไม่สำเร็จ
ui.branch.branchOpenPlan,branch: เปิดแผน 
ui.branch.branchOpenPlanNot,branch: เปิดแผนไม่สำเร็จ
ui.branch.branchReadFilePlan,branch: อ่านไฟล์แผนไม่ได้ 
ui.branch.brokenHint,ฉากปลายทางถูกลบหรือย้ายออกไปแล้ว — เลือกฉากต้นทางเพื่อไปแก้ปลายทางใหม่ หรือลบทางเลือกทิ้ง
ui.branch.brokenTitle,ทางเลือกที่ชี้ไปฉากที่ไม่มีแล้ว
ui.branch.busyReadScene,กำลังอ่านฉาก…
ui.branch.cantArrange,ยังไม่ได้จัดอะไร
ui.branch.cantOpenPlan,ยังไม่ได้เปิดแผน
ui.branch.cantOpenPlanPress,ยังไม่ได้เปิดแผน — กด “＋” สร้างแผนใหม่ก่อน
ui.branch.cardArrange, การ์ดจัดเอง
ui.branch.cardColor,สีการ์ดฉาก
ui.branch.changeToDone,เปลี่ยนปลายทางแล้ว
ui.branch.chapterOf,บท: 
ui.branch.choice, ทางเลือก / 
ui.branch.choice2,ทางเลือก: 
ui.branch.choiceBodyScene,ทางเลือกในเนื้อฉาก
ui.branch.choiceCount,ทางเลือก: 
ui.branch.choiceEg,เช่น ไปตลาด
ui.branch.choiceF, ทางเลือก / {0} ฉาก
ui.branch.choiceNotHasText,เป็นทางเลือกแต่ไม่มีข้อความในฉาก
ui.branch.choiceNotSpecifyTo,ทางเลือกนี้ยังไม่ระบุปลายทาง
ui.branch.choiceNotSpecifyTo2,ทางเลือกยังไม่ระบุปลายทาง
ui.branch.choicePointSceneNot,ทางเลือกชี้ไปฉากที่ไม่มีแล้ว
ui.branch.choicePointSceneNot2,ทางเลือกที่ชี้ไปฉากที่ไม่มีแล้ว
ui.branch.choiceSaveHistoryDecide,เดินตามทางเลือกนี้ (บันทึกลงประวัติการตัดสินใจ)
ui.branch.choiceScene,ทางเลือกของฉาก
ui.branch.choiceSceneBindComplete,ทางเลือกในฉากนี้ผูกครบแล้ว (
ui.branch.choiceText,ข้อความทางเลือก
ui.branch.choiceTextPh,"ข้อความทางเลือก เช่น ""เปิดประตู"""
ui.branch.clearColorCardDone,ล้างสีการ์ดแล้ว
ui.branch.clearColorLineDone,ล้างสีเส้นแล้ว
ui.branch.clickDialogSceneTop,คลิกกล่องฉากบนผังเพื่อดู/แก้ทางเลือกของฉากนั้น
ui.branch.clickOpenSceneFrom,คลิกเพื่อเปิดฉากต้นทาง
ui.branch.clickPickDragMove,คลิก = เลือก · ลาก = ย้ายตำแหน่ง · ดับเบิลคลิก = เปิดฉาก
ui.branch.close,ปิด
ui.branch.collapseGraph,ย่อผัง
ui.branch.colorCardScene,สีการ์ดฉาก
ui.branch.colorClear,ล้างสีการ์ดแล้ว
ui.branch.colorLineChoice,สีเส้นของทางเลือกนี้
ui.branch.colorNone,ไม่กำหนดสี
ui.branch.colorSet,เปลี่ยนสีการ์ดแล้ว
ui.branch.compare,เทียบกับ
ui.branch.comparePlan,เทียบแผน — 
ui.branch.comparePlanViewChoice,เทียบกับอีกแผน — ดูว่าทางเลือกต่างกันตรงไหน
ui.branch.copied,คัดลอกแล้ว
ui.branch.copyDone,คัดลอกแล้ว
ui.branch.copyFail,คัดลอกไม่สำเร็จ
ui.branch.copyPaths,คัดลอกทั้งหมด
ui.branch.delChoice,ลบทางเลือกนี้
ui.branch.delChoice2,ลบทางเลือกนี้
ui.branch.docChoices,ทางเลือกในเนื้อฉาก
ui.branch.docHint,พิมพ์ [ข้อความ] ในฉากตรงจุดที่เรื่องแตกสาย เช่น [ไปตลาด] แล้วกดผูกที่นี่
ui.branch.docInsert,แทรกลงฉาก
ui.branch.docInserted,แทรกลงท้ายฉากแล้ว
ui.branch.docLink,ผูกเป็นทางเลือก
ui.branch.docLinkAll,ผูกทั้งหมด
ui.branch.docLinked,ผูกกับข้อความแล้ว
ui.branch.docLinked1,ผูกเป็นทางเลือกแล้ว
ui.branch.docLinkedAll,ผูกทางเลือกจากข้อความครบแล้ว
ui.branch.docMissing,พบในข้อความแต่ยังไม่เป็นทางเลือก
ui.branch.docNone,ฉากนี้ยังไม่มี [ข้อความ] ทางเลือกในเนื้อเรื่อง
ui.branch.docOrphan,เป็นทางเลือกแต่ไม่มีข้อความในฉาก
ui.branch.dotStartNotTo,เดินจากจุดเริ่มมาไม่ถึง
ui.branch.dragBarPasteTop,ลากแถบ ⠿ ไปวางบนการ์ดฉากอื่น = ย้ายทางเลือกไปฉากนั้น
ui.branch.dragChoice,ลากไปวางบนฉากอื่นเพื่อย้ายทางเลือกนี้
ui.branch.dragHint,ลากแถบ ⠿ ไปวางบนการ์ดฉากอื่น = ย้ายทางเลือกไปฉากนั้น
ui.branch.dragPasteTopScene,ลากไปวางบนฉากอื่นเพื่อย้ายทางเลือกนี้
ui.branch.dup,วนซ้ำ
ui.branch.dup2,อยู่ในวงวนซ้ำ
ui.branch.edit,ไปแก้
ui.branch.editTextChoiceDone,แก้ข้อความทางเลือกแล้ว
ui.branch.eg,เช่น ไปตลาด
ui.branch.egBookOneUse,เช่น เล่มหนึ่ง — ใช้เมื่อแต่ละเล่มมีทางเลือกคนละชุด
ui.branch.emptyGraph,ยังไม่มีฉากที่มีทางเลือก
ui.branch.emptyHint,"ยังไม่มีฉากที่มีทางเลือก — เพิ่มได้ที่แถบ ""เพิ่มทางเลือก"" ด้านบน แล้วผังจะขึ้นทันที"
ui.branch.expandGraph,ขยายผัง
ui.branch.expDone,ส่งออกผังแล้ว: 
ui.branch.expHtml,HTML tree (คลิกได้ · มีเนื้อฉากย่อ)
ui.branch.expJson,JSON (โครงสร้างล้วน — เข้าเครื่องมืออื่น)
ui.branch.expMd,Markdown outline (รายการย่อหน้า)
ui.branch.exportGraphDone,ส่งออกผังแล้ว: 
ui.branch.exportGraphHTMLMarkdown,ส่งออกผัง — HTML / Markdown / JSON / SVG / PNG
ui.branch.exportHint,ส่งออกผัง — HTML / Markdown / JSON / SVG / PNG
ui.branch.expPng,PNG (ภาพผัง — ส่งในแชต/สไลด์)
ui.branch.expSvg,SVG (ภาพผังแบบเวกเตอร์)
ui.branch.filterPaths,กรองเส้นทาง — พิมพ์ชื่อฉากที่ต้องมีในเส้นทาง
ui.branch.filterRoutePrintName,กรองเส้นทาง — พิมพ์ชื่อฉากที่ต้องมีในเส้นทาง
ui.branch.findHint,พิมพ์เพื่อเน้นเฉพาะฉากที่ตรง — ที่เหลือจะจางลง
ui.branch.findPlaceholder,ค้นชื่อฉาก / ทางเลือก / แท็ก
ui.branch.fitScreen,พอดีจอ
ui.branch.fixIt,ไปแก้
ui.branch.foundChoiceTextNot,พบทางเลือกในข้อความที่ยังไม่ผูก
ui.branch.foundTextNotChoice,พบในข้อความแต่ยังไม่เป็นทางเลือก
ui.branch.fromScenes,จาก
ui.branch.goneScene,ฉากหาย
ui.branch.goTo,ไปยัง: 
ui.branch.graph,ผัง
ui.branch.graphBreakBranchNon,ผังแตกสาย (Non-linear)
ui.branch.hasMorePressView,"ยังมีมากกว่านี้ กด ""ดูทั้งหมด"""
ui.branch.hasOnly," · มีเฉพาะ ""{0}"" {1}"
ui.branch.hasOnly2,"เหมือนกัน {0} · ต่างกัน {1} · มีเฉพาะ ""{2}"" {3}"
ui.branch.hidePanel,ซ่อนแผงนี้
ui.branch.hidePanelChoice,ซ่อนแผงทางเลือก
ui.branch.hideSide,ซ่อนแผงทางเลือก
ui.branch.hideThis,ซ่อนแผงนี้
ui.branch.hTMLTreeClickHas,HTML tree (คลิกได้ · มีเนื้อฉากย่อ)
ui.branch.inNotTo,เข้าไม่ถึง
ui.branch.insertedDirty,แทรกในไฟล์แล้ว — ฉากที่เปิดอยู่ยังไม่บันทึก กดบันทึกทับได้เลยถ้าไม่ต้องการ
ui.branch.insertFileDoneScene,แทรกในไฟล์แล้ว — ฉากที่เปิดอยู่ยังไม่บันทึก กดบันทึกทับได้เลยถ้าไม่ต้องการ
ui.branch.insertScene,แทรกลงฉาก
ui.branch.insertSceneDone,แทรกลงท้ายฉากแล้ว
ui.branch.inspector,ทางเลือกของฉาก
ui.branch.items,รายการ
ui.branch.jSONStructureInTool,JSON (โครงสร้างล้วน — เข้าเครื่องมืออื่น)
ui.branch.labelClick,คลิกเพื่อเปิดฉากต้นทาง
ui.branch.lineColor,สีเส้นของทางเลือกนี้
ui.branch.lineColorClear,ล้างสีเส้นแล้ว
ui.branch.lineColorSet,เปลี่ยนสีเส้นแล้ว
ui.branch.listDefineToGraph, รายการ — ไปกำหนดปลายทางที่ผังแตกสาย
ui.branch.loopBack,วนกลับ
ui.branch.markdownOutlineListPara,Markdown outline (รายการย่อหน้า)
ui.branch.merge,รวมเลย
ui.branch.mergeAsk,รวมทางเลือกที่ซ้ำกัน
ui.branch.mergeChoiceDup,รวมทางเลือกที่ซ้ำกัน
ui.branch.mergeChoiceDupDone,รวมทางเลือกซ้ำแล้ว
ui.branch.mergedDone,รวมทางเลือกซ้ำแล้ว
ui.branch.mergeDupHint,รวมทางเลือกที่ซ้ำกัน
ui.branch.mergeNote,ข้อความเดียวกันแต่ไปคนละฉากจะไม่ถูกยุบ
ui.branch.mergeOk,รวมเลย
ui.branch.moveCardDonePress,ย้ายการ์ดแล้ว — กด ⟲ เพื่อจัดผังใหม่อัตโนมัติ
ui.branch.moveChoice,ย้ายทางเลือก
ui.branch.moved,ย้ายการ์ดแล้ว — กด ⟲ เพื่อจัดผังใหม่อัตโนมัติ
ui.branch.movedChoice,ย้ายทางเลือก
ui.branch.msg,จาก
ui.branch.msg2,ไปยัง: 
ui.branch.needFromText,เลือกฉากและใส่ข้อความทางเลือกก่อน
ui.branch.needScene,เปิดฉากก่อน แล้วพิมพ์ทางเลือกในวงเล็บเหลี่ยม เช่น [ไปตลาด]
ui.branch.needTreeView,เปิดมุมมองผังก่อนจึงส่งออกรูปได้
ui.branch.newChoiceNewReady,สร้างทางเลือกใหม่ พร้อมแทรก [ข้อความ] ลงท้ายฉากให้ด้วย
ui.branch.newNewPlanStartLayout,สร้างแผนใหม่ (เริ่มจากการจัดวางเปล่า)
ui.branch.noChoice,ฉากนี้ยังไม่มีทางเลือก — เป็นตอนจบสายหนึ่ง
ui.branch.nodeHelp,คลิก = เลือก · ลาก = ย้ายตำแหน่ง · ดับเบิลคลิก = เปิดฉาก
ui.branch.noDup,ไม่มีทางเลือกซ้ำให้รวม
ui.branch.noFile,ฉากนี้ยังไม่มีไฟล์
ui.branch.noMarker,ไม่พบทางเลือกในฉากนี้ — พิมพ์ [ข้อความ] ตรงจุดที่เรื่องแตกสาย
ui.branch.noMatch,ไม่พบ
ui.branch.noTarget,ทางเลือกนี้ยังไม่ระบุปลายทาง
ui.branch.notDefineColor,ไม่กำหนดสี
ui.branch.notFoundChoiceScene,ไม่พบทางเลือกในฉากนี้ — พิมพ์ [ข้อความ] ตรงจุดที่เรื่องแตกสาย
ui.branch.notHasChoiceDup,ไม่มีทางเลือกซ้ำให้รวม
ui.branch.notHasSceneGraph,ยังไม่มีฉากในผัง — เพิ่มทางเลือกให้ฉากสักฉากก่อน
ui.branch.notHasSceneHas,"ยังไม่มีฉากที่มีทางเลือก — เพิ่มได้ที่แถบ ""เพิ่มทางเลือก"" ด้านบน แล้วผังจะขึ้นทันที"
ui.branch.notSpecify,— ยังไม่ระบุ —
ui.branch.notUsePlanRemember,— ไม่ใช้แผน (จำในเครื่อง) —
ui.branch.openBranchToFix,เปิดผังแตกสายเพื่อแก้
ui.branch.openEnd,ยังไม่ระบุปลายทาง
ui.branch.openEndDash,— ยังไม่ระบุ —
ui.branch.openEndParen,(ยังไม่ระบุปลายทาง)
ui.branch.openGraphBreakBranch,เปิดผังแตกสายเพื่อแก้
ui.branch.openModeTrialPlay,เปิดโหมดทดลองเล่นโดยเริ่มที่ฉากนี้
ui.branch.openPairGraph,เปิดคู่กับผัง
ui.branch.openPlanBeforeDone,เปิดแผนก่อน แล้วค่อยเลือกแผนที่จะเทียบ
ui.branch.openPlanF,"เปิดแผน ""{0}"" แล้ว"
ui.branch.openPlanNotOk,เปิดแผนไม่สำเร็จ
ui.branch.openScene,เปิดฉาก
ui.branch.openScene2,เปิดฉาก
ui.branch.openSceneAreaWriteSee,เปิดฉากในพื้นที่เขียน โดยยังเห็นผังเป็นแผงข้าง ๆ
ui.branch.openSceneBeforeDonePrint,เปิดฉากก่อน แล้วพิมพ์ทางเลือกในวงเล็บเหลี่ยม เช่น [ไปตลาด]
ui.branch.openSplit,เปิดคู่กับผัง
ui.branch.openSplitHint,เปิดฉากในพื้นที่เขียน โดยยังเห็นผังเป็นแผงข้าง ๆ
ui.branch.openViewGraphBefore,เปิดมุมมองผังก่อนจึงส่งออกรูปได้
ui.branch.pastChoices,เคยเลือกที่ฉากนี้
ui.branch.pathFromStart,เส้นทางจากจุดเริ่มมาที่นี่
ui.branch.paths,เส้นทาง
ui.branch.pathsFrom,เส้นทางจากฉากนี้
ui.branch.pathTrunc,เรื่องแตกสายมากกว่า
ui.branch.pathTruncHint,แสดงเท่าที่ไล่ไหว
ui.branch.pickNode,คลิกกล่องฉากบนผังเพื่อดู/แก้ทางเลือกของฉากนั้น
ui.branch.pickNodeEmpty,ยังไม่มีฉากในผัง — เพิ่มทางเลือกให้ฉากสักฉากก่อน
ui.branch.pickScene,เคยเลือกที่ฉากนี้
ui.branch.pickScenePutText,เลือกฉากและใส่ข้อความทางเลือกก่อน
ui.branch.plan,แผน
ui.branch.planGraphOneProject,แผนของผังนี้ — หนึ่งโปรเจกต์มีได้หลายแผน (ตำแหน่งการ์ด/สี/มุมมอง แยกกันคนละแผน)
ui.branch.plannedNewPlanBefore,ยังมีแผนเดียว — สร้างอีกแผนก่อนถึงจะเทียบได้
ui.branch.play,เล่นจากที่นี่
ui.branch.playFrom,เล่นจากที่นี่
ui.branch.playFromHint,เปิดโหมดทดลองเล่นโดยเริ่มที่ฉากนี้
ui.branch.playHint,ทดลองเล่น — อ่านเรื่องแล้วกดเลือกทางไปเรื่อย ๆ
ui.branch.pngFail,ส่งออก PNG ไม่สำเร็จ: 
ui.branch.pNGImageGraphSend,PNG (ภาพผัง — ส่งในแชต/สไลด์)
ui.branch.pngSaved,บันทึกรูปผังลงคลังรูปแล้ว: 
ui.branch.printOnlySceneAt,พิมพ์เพื่อเน้นเฉพาะฉากที่ตรง — ที่เหลือจะจางลง
ui.branch.printTextSceneAt,พิมพ์ [ข้อความ] ในฉากตรงจุดที่เรื่องแตกสาย เช่น [ไปตลาด] แล้วกดผูกที่นี่
ui.branch.propsPlan,คุณสมบัติแผน — 
ui.branch.propsPlanStatusDraft,คุณสมบัติแผน — สถานะ (ร่าง/ใช้จริง/สำรอง) · สี · แท็ก · เล่ม · โน้ต
ui.branch.reading,กำลังอ่านฉาก…
ui.branch.readScenesJsonNew,อ่าน scenes.json ใหม่
ui.branch.recolorCardDone,เปลี่ยนสีการ์ดแล้ว
ui.branch.recolorLineDone,เปลี่ยนสีเส้นแล้ว
ui.branch.relayout,จัดผังใหม่อัตโนมัติ (ลืมตำแหน่งที่ลากเอง)
ui.branch.relayoutDone,จัดผังใหม่แล้ว
ui.branch.reload,อ่าน scenes.json ใหม่
ui.branch.roleEnd,ตอนจบ
ui.branch.roleEndFull,ตอนจบ (ไม่มีทางเลือกออก)
ui.branch.roleLoop,อยู่ในวงวนซ้ำ
ui.branch.roleLoopShort,วนซ้ำ
ui.branch.roleLost,เดินจากจุดเริ่มมาไม่ถึง
ui.branch.roleLostShort,เข้าไม่ถึง
ui.branch.roleRoot,จุดเริ่ม
ui.branch.route,เส้นทางที่เป็นไปได้
ui.branch.routeDotStart,เส้นทางจากจุดเริ่มมาที่นี่
ui.branch.routeScene,เส้นทางจากฉากนี้
ui.branch.saveImageGraphLibrary,บันทึกรูปผังลงคลังรูปแล้ว: 
ui.branch.saveMapOpen,บันทึกแผนที่เปิดอยู่
ui.branch.saveNewPlanCoverLayout,บันทึกเป็นแผนใหม่ (ก๊อปการจัดวางปัจจุบันไปเป็นอีกแผน)
ui.branch.savePlan2F,"บันทึกแผน ""{0}"" แล้ว"
ui.branch.savePlanF,"บันทึกเป็นแผน ""{0}"" แล้ว"
ui.branch.savePropsPlanDone,บันทึกคุณสมบัติแผนแล้ว
ui.branch.scanAllSceneFind,สแกนทุกฉากหา [ข้อความ] ทางเลือกที่ยังไม่ได้ผูก
ui.branch.scanAsk,ผูกทั้งหมดเป็นทางเลือกเลยไหม (ปลายทางเว้นว่างไว้ก่อน) ?
ui.branch.scanClean,สแกนครบแล้ว — ทุก [ข้อความ] ในฉากถูกผูกเป็นทางเลือกหมดแล้ว
ui.branch.scanCompleteDoneAll,สแกนครบแล้ว — ทุก [ข้อความ] ในฉากถูกผูกเป็นทางเลือกหมดแล้ว
ui.branch.scanDone,ผูกทางเลือกจากข้อความแล้ว
ui.branch.scanFound,พบทางเลือกในข้อความที่ยังไม่ผูก
ui.branch.scanHint,สแกนทุกฉากหา [ข้อความ] ทางเลือกที่ยังไม่ได้ผูก
ui.branch.scanOk,ผูกทั้งหมด
ui.branch.sceneDup,ฉากอยู่ในวงวนซ้ำ
ui.branch.sceneNotHasChoice,ฉากนี้ยังไม่มีทางเลือก — เป็นตอนจบสายหนึ่ง
ui.branch.sceneNotHasText,ฉากนี้ยังไม่มี [ข้อความ] ทางเลือกในเนื้อเรื่อง
ui.branch.sceneNotTo,ฉากเดินไปไม่ถึง
ui.branch.sceneToDelMove,ฉากปลายทางถูกลบหรือย้ายออกไปแล้ว — เลือกฉากต้นทางเพื่อไปแก้ปลายทางใหม่ หรือลบทางเลือกทิ้ง
ui.branch.searchNameSceneChoice,ค้นชื่อฉาก / ทางเลือก / แท็ก
ui.branch.seeAll,ดูทั้งหมด
ui.branch.show,แสดงเท่าที่ไล่ไหว
ui.branch.show2,แสดงแค่
ui.branch.showPanelChoice,แสดงแผงทางเลือก
ui.branch.showSide,แสดงแผงทางเลือก
ui.branch.splitDone,แยกจอแล้ว: ผังซ้าย · ฉากขวา
ui.branch.splitScreenDoneGraph,แยกจอแล้ว: ผังซ้าย · ฉากขวา
ui.branch.spots,จุด
ui.branch.steps,ฉาก
ui.branch.storyBreakBranchMore,เรื่องแตกสายมากกว่า
ui.branch.sumChoices,ทางเลือก
ui.branch.sumEndings,ตอนจบ
ui.branch.sumRoots,จุดเริ่ม
ui.branch.sumScenes,ฉากในผัง
ui.branch.sVGImageGraphStyle,SVG (ภาพผังแบบเวกเตอร์)
ui.branch.targetChanged,เปลี่ยนปลายทางแล้ว
ui.branch.textChoice,ข้อความทางเลือก
ui.branch.textChoiceEgOpen,"ข้อความทางเลือก เช่น ""เปิดประตู"""
ui.branch.textEdited,แก้ข้อความทางเลือกแล้ว
ui.branch.textPersonSceneNot,ข้อความเดียวกันแต่ไปคนละฉากจะไม่ถูกยุบ
ui.branch.title,ผังแตกสาย
ui.branch.titleFull,ผังแตกสาย (Non-linear)
ui.branch.trialPlayReadStory,ทดลองเล่น — อ่านเรื่องแล้วกดเลือกทางไปเรื่อย ๆ
ui.branch.truncWarn,แสดงแค่
ui.branch.truncWarnTail,"ยังมีมากกว่านี้ กด ""ดูทั้งหมด"""
ui.branch.twoPlanNotHas,ทั้งสองแผนยังไม่มีทางเลือกเลย
ui.branch.usePlanBackRemember,เลิกใช้แผน — กลับไปจำตำแหน่งในเครื่อง
ui.branch.viewAll,ดูทั้งหมด
ui.branch.viewList,รายการ
ui.branch.viewList2,มุมมองรายการ
ui.branch.viewTree,ผัง
ui.branch.walkChoice,เดินตามทางเลือกนี้ (บันทึกลงประวัติการตัดสินใจ)
ui.branch.warnBroken,ทางเลือกชี้ไปฉากที่ไม่มีแล้ว
ui.branch.warnLoop,ฉากอยู่ในวงวนซ้ำ
ui.branch.warnLost,ฉากเดินไปไม่ถึง
ui.branch.warnOpen,ทางเลือกยังไม่ระบุปลายทาง
ui.branch.zoomFit,พอดีจอ
ui.branch.zoomIn,ขยายผัง
ui.branch.zoomOut,ย่อผัง
ui.central.allCurrent,ทุกอย่างเป็นปัจจุบัน
ui.central.backlinksSceneToWiki,Backlinks (ฉากที่อ้างถึง Wiki นี้)
ui.central.busyNewIndexLink,กำลังสร้างดัชนีเชื่อมโยง…
ui.central.cantWrite,วันนี้ยังไม่ได้เขียน!
ui.central.centralizeNewIndexNot,centralize: สร้างดัชนีไม่สำเร็จ
ui.central.fresh,● สด
ui.central.mentionTimesClickOpenScene,กล่าวถึง {0} ครั้ง — คลิกเปิดฉาก
ui.central.newIndexNotOk,"สร้างดัชนีไม่สำเร็จ — กด ""สร้างดัชนีใหม่"""
ui.central.notHasBacklinksPrint,ยังไม่มี backlinks — พิมพ์ชื่อตัวละคร/สถานที่ในฉากเพื่อให้ปรากฏที่นี่
ui.central.notMention,ยังไม่ถูกกล่าวถึงเลย
ui.central.scene, ← {0} ฉาก: 
ui.central.sceneCantSetStatus,{0} ฉากยังไม่ได้ตั้งสถานะ
ui.central.stats,สถิติ
ui.central.thingMustUpdate,สิ่งที่ต้องอัปเดต
ui.chapters.addChapter,+ เพิ่มบท
ui.chapters.coverClear,เอารูปปกออก
ui.chapters.coverHint,ติ๊กช่อง ใช้หน้าปกบท แล้วหน้าปกจะถูกนับเป็นหน้าจริงทั้งตอนอ่านทั้งเล่มและตอนไล่เลขหน้า
ui.chapters.coverOffDone,ปิดหน้าปกบทแล้ว
ui.chapters.coverOnDone,เปิดหน้าปกบทแล้ว — จะถูกนับเป็นหนึ่งหน้า
ui.chapters.coverPick,เลือกรูปปก
ui.chapters.coverSetDone,ตั้งหน้าปกบทแล้ว
ui.chapters.coverTextPh,ข้อความบนหน้าปกบท (ใช้แทนรูปหรือใช้คู่กันก็ได้)
ui.chapters.empty,เล่มนี้ยังไม่มีบท
ui.chapters.fullOffDone,ปกบทกลับเป็นรูปประกอบ + ชื่อบท
ui.chapters.fullOnDone,ปกบทใช้ภาพเต็มหน้าแล้ว
ui.chapters.noBook,ยังไม่มีเล่มในโปรเจกต์
ui.chapters.noDraft,เล่มนี้ยังไม่มีฉบับร่าง
ui.chapters.open,เปิด
ui.chapters.props,คุณสมบัติ
ui.chapters.renameDone,เปลี่ยนชื่อบทแล้ว
ui.chapters.renumber,จัดลำดับบทใหม่
ui.chapters.sceneWord,{0} ฉาก · {1} คำ
ui.chapters.sizeHint,ขนาดรูปปกที่แนะนำ {0} × {1} px ({2} dpi) · อัตราส่วน {3} : 1 — เท่าแผ่นกระดาษเต็มใบของขนาดเล่มที่เลือก ({4} × {5} นิ้ว) เพราะปกที่ติ๊ก ใช้ภาพเต็มหน้า จะชนขอบกระดาษ (ส่วนที่สัดส่วนไม่พอดีถูกเฉือน)
ui.chapters.title,จัดการบท
ui.chapters.useCover,ใช้หน้าปกบท
ui.chapters.useFull,ใช้ภาพเต็มหน้า
ui.chapters.useFullHint,รูปกินพื้นที่พิมพ์ทั้งผืน ไม่มีชื่อบททับ — ปิดเพื่อให้เป็นรูปประกอบ + ชื่อบท
ui.characters,ตน
ui.cmt.added,เพิ่มคอมเมนต์แล้ว
ui.cmt.addFail,เพิ่มคอมเมนต์ไม่สำเร็จ
ui.cmt.anchorHint,คอมเมนต์ที่เพิ่มจะผูกกับข้อความที่เลือกไว้
ui.cmt.anchorLost,(ข้อความถูกลบไปแล้ว) 
ui.cmt.anchorLostHint,ไม่พบข้อความที่คอมเมนต์นี้ผูกไว้แล้ว
ui.cmt.anchorMissing,ไม่พบข้อความที่คอมเมนต์ผูกไว้ (อาจถูกแก้/ลบไปแล้ว)
ui.cmt.anchorOkHint,ชี้เพื่อไฮไลต์ในฉาก · คลิกเพื่อเลื่อนไปหา
ui.cmt.cancel,ยกเลิก
ui.cmt.delete,ลบคอมเมนต์
ui.cmt.deleteConfirm,ลบคอมเมนต์นี้ (พร้อมเธรดตอบกลับทั้งหมด) ?
ui.cmt.deleted,ลบคอมเมนต์แล้ว
ui.cmt.deleteHint,ลบคอมเมนต์นี้ (พร้อมเธรดตอบกลับ)
ui.cmt.edit,แก้ไขข้อความ
ui.cmt.edited, (แก้ไขแล้ว)
ui.cmt.editedDone,แก้ไขคอมเมนต์แล้ว
ui.cmt.emptyAll,(ยังไม่มีคอมเมนต์ในฉากนี้)
ui.cmt.emptyOpen,(ไม่มีคอมเมนต์ที่ยังไม่ปิด)
ui.cmt.filterAll,ทั้งหมด
ui.cmt.filterHint,สลับกรองคอมเมนต์ที่ปิดเรื่องแล้ว
ui.cmt.filterOpen,เฉพาะที่ยังไม่ปิด
ui.cmt.needScene,(เปิดฉากก่อนจึงจะคอมเมนต์ได้)
ui.cmt.placeholder,พิมพ์คอมเมนต์…
ui.cmt.placeholderSel,คอมเมนต์เกี่ยวกับข้อความที่เลือก…
ui.cmt.readFail,(อ่านคอมเมนต์ไม่ได้)
ui.cmt.readFailLog,อ่านคอมเมนต์ไม่ได้
ui.cmt.reopen,เปิดเรื่องนี้อีกครั้ง
ui.cmt.reopened,เปิดคอมเมนต์อีกครั้ง
ui.cmt.replied,ตอบกลับแล้ว
ui.cmt.reply,ตอบกลับ
ui.cmt.replyPlaceholder,ตอบกลับ…
ui.cmt.resolve,ปิดเรื่องนี้ (resolve)
ui.cmt.resolved,ปิดเรื่องคอมเมนต์แล้ว
ui.cmtComment.add,เพิ่ม
ui.cmtComment.bind,ผูกกับ: “
ui.cmtComment.insertShortcode,แทรกโค้ดสั้น (ค่าจริงทันที)
ui.cmtComment.listNotClose,{0} รายการ · ยังไม่ปิด {1}
ui.cmtComment.moveCommentPrevScenes,ย้ายคอมเมนต์เดิมจาก scenes.json → .md แล้ว {0} รายการ
ui.cmtComment.reply,ตอบ
ui.cmtComment.replyBack,{0} การตอบกลับ
ui.cmtComment.scrollToAnchorPickRangeCant,scrollToAnchor: เลือกช่วงไม่ได้
ui.cmtComment.selectionAnchorReadFileCant,selectionAnchor: อ่านไฟล์ไม่ได้
ui.codex.allCat,ทุกหมวด
ui.codex.busyNewWebCodex,กำลังสร้างเว็บสารานุกรม…
ui.codex.busyRead,กำลังอ่านเอนทิตี้…
ui.codex.codexExportNotOk,codex: ส่งออกไม่สำเร็จ
ui.codex.codexExportWebF,codex: ส่งออกเว็บ {0} หน้า → {1}
ui.codex.codexReadIndexMention,codex: อ่านดัชนีการกล่าวถึงไม่ได้
ui.codex.exportNotOk,ส่งออกไม่สำเร็จ: 
ui.codex.exportWeb,ส่งออกเป็นเว็บ
ui.codex.exportWebCodexDone,ส่งออกเว็บสารานุกรมแล้ว {0} หน้า → {1}
ui.codex.newWebCodexStyle,สร้างเว็บสารานุกรมแบบ Fandom/Wikia (เปิดออฟไลน์ได้ ไม่ต้องต่อเน็ต)
ui.codex.notFoundListAt,(ไม่พบรายการที่ตรงกับที่ค้น)
ui.codex.notHasDesc,(ยังไม่มีคำอธิบาย)
ui.codex.notHasExport,ยังไม่มีเอนทิตี้ให้ส่งออก
ui.codex.notHasWikiNew,(ยังไม่มีเอนทิตี้ใน Wiki — สร้างจากแผงโปรเจกต์)
ui.codex.openPageWiki,เปิดหน้า Wiki
ui.codex.openPageWikiNot,เปิดหน้า Wiki ไม่สำเร็จ
ui.codex.openProjectBeforeHas,เปิดโปรเจกต์ก่อนจึงจะมีสารานุกรม
ui.codex.searchCodexList,ค้นในสารานุกรม… ({0} รายการ)
ui.codexBuild.appearScene2,ปรากฏในฉาก
ui.codexBuild.item,เกี่ยวข้องกับ
ui.codexBuild.knownName2,หรือรู้จักในชื่อ: {0}
ui.codexBuild.list2,{1} รายการ
ui.codexBuild.newKillianCodex2,สร้างจาก Killian 2 · Codex
ui.codexBuild.notHasListCat2,(ยังไม่มีรายการในหมวดนี้)
ui.codexBuild.searchCodexList,ค้นหาในสารานุกรม… ({0} รายการ)
ui.color.blue,น้ำเงิน
ui.color.brown,น้ำตาล
ui.color.clear,ล้างสี (ใช้สีตัวอักษรปกติ)
ui.color.gold,ทอง
ui.color.gray,เทา
ui.color.green,เขียว
ui.color.hlBlue,ฟ้า
ui.color.hlGray,เทา
ui.color.hlGreen,เขียว
ui.color.hlOrange,ส้ม
ui.color.hlPink,ชมพู
ui.color.hlPresets,สีเน้นสำเร็จ
ui.color.hlPurple,ม่วง
ui.color.hlYellow,เหลือง
ui.color.ink,ดำหมึก
ui.color.none,ยังไม่มี
ui.color.orange,ส้ม
ui.color.pink,ชมพู
ui.color.presets,สีสำเร็จ
ui.color.proseOnly,สีตัวอักษรใช้ได้เฉพาะโหมดนิยาย
ui.color.purple,ม่วง
ui.color.recent,ใช้ล่าสุด
ui.color.red,แดง
ui.color.save,บันทึกสี
ui.color.saved,บันทึกไว้
ui.color.saveHint,เพิ่ม/เอาสีนี้ออกจากชุดที่บันทึกไว้
ui.color.use,ใช้สีนี้
ui.color.wheel,เลือกสีเอง
ui.common.actEnd,ตอนจบ
ui.common.action,บรรยาย
ui.common.add,+ เพิ่ม
ui.common.aIAnalyze,AI วิเคราะห์
ui.common.aIAssistantWrite,AI ผู้ช่วยเขียน
ui.common.aiReadAiKey,ai: อ่าน ai-key.json ไม่ได้
ui.common.alignLeft,ชิดซ้าย
ui.common.all,ทั้งหมด
ui.common.arrangePage,จัดหน้า
ui.common.arrangePageSeePage,จัดหน้า — เห็นหน้าจริง (Layout)
ui.common.author,ผู้เขียน
ui.common.avgScene,เฉลี่ย/ฉาก
ui.common.back,วนกลับ
ui.common.board,กระดาน
ui.common.board2,กระดาน 
ui.common.boardMain,กระดานหลัก
ui.common.boardMood,กระดานอารมณ์
ui.common.body,เนื้อหา
ui.common.book,เล่ม
ui.common.bookNotHasChapter,เล่มนี้ยังไม่มีบท
ui.common.bookOne,เล่มหนึ่ง
ui.common.busyEdit,กำลังแก้
ui.common.busySearch,กำลังค้น…
ui.common.busyWrite,กำลังเขียน
ui.common.cancel,ยกเลิก
ui.common.cantOpenProject,ยังไม่ได้เปิดโปรเจกต์
ui.common.cantPutBaseURL,ยังไม่ได้ใส่ Base URL
ui.common.cantSettingsAIClient,ไม่ได้ตั้งค่า AI client
ui.common.center,กึ่งกลาง
ui.common.changeNameBook,เปลี่ยนชื่อเล่ม…
ui.common.chapter,บท
ui.common.chapter2,บท: 
ui.common.chapterFilm,บทหนัง
ui.common.chapterN,บทที่ {{n}}
ui.common.chapterOne,01 - บทที่หนึ่ง
ui.common.chapterOne2,บทที่หนึ่ง
ui.common.character,ตัวละคร
ui.common.choice,ทางเลือก
ui.common.clear,ล้าง
ui.common.clear2,ล้าง
ui.common.close,ปิด
ui.common.collapse,ย่อ
ui.common.color,สี
ui.common.comment,คอมเมนต์
ui.common.conflict,ความขัดแย้ง
ui.common.conflict2,ความขัดแย้ง: 
ui.common.copy,คัดลอก
ui.common.copyAll,คัดลอกทั้งหมด
ui.common.copyNotOk,คัดลอกไม่สำเร็จ
ui.common.copyText,คัดลอกเป็นข้อความ
ui.common.cornerScene,หักมุมฉาก
ui.common.curve,โค้ง
ui.common.dashboard,แดชบอร์ด
ui.common.date,วันที่
ui.common.del,ลบ
ui.common.del2,ลบ
ui.common.delBookBook,ลบเล่มทั้งเล่ม
ui.common.delMap,ลบแผนที่ “{0}” ?
ui.common.delMoveTrash,ลบ (ย้ายไปถังขยะ)
ui.common.desc,คำอธิบาย
ui.common.detailed,ละเอียด
ui.common.dialogue,บทพูด
ui.common.dot,จุด
ui.common.dotStart,จุดเริ่ม
ui.common.draftTextDraft,ร่าง — ข้อความล้วน (Draft)
ui.common.dup,⧉ ทำสำเนา
ui.common.edit,แก้ไข
ui.common.empty,(ว่าง)
ui.common.error,ผิดพลาด: 
ui.common.export,ส่งออก
ui.common.export2,ส่งออก…
ui.common.exportDone,ส่งออกแล้ว: 
ui.common.exportMd,ส่งออก .md
ui.common.exportOnlyImageUse,ส่งออกเฉพาะรูปที่ถูกใช้จริง…
ui.common.exportPDF,ส่งออก PDF: 
ui.common.exportPNG,ส่งออก PNG
ui.common.exportPNGNotOk,ส่งออก PNG ไม่สำเร็จ: 
ui.common.fail,ล้มเหลว
ui.common.findImageDupLibrary,หารูปซ้ำในคลัง
ui.common.fitScreen,พอดีจอ
ui.common.fixBtn,ซ่อม
ui.common.flashback,ย้อนอดีต (Flashback)
ui.common.font,ฟอนต์
ui.common.formatAnswerJSONArray,รูปแบบคำตอบ (JSON array เท่านั้น):
ui.common.frame,เฟรม
ui.common.goal,เป้าหมาย
ui.common.graphArea,ผังพื้นที่
ui.common.graphBreakBranch,ผังแตกสาย
ui.common.graphBreakBranch2,ผังแตกสาย
ui.common.hasBoardNameProject,"มีกระดานชื่อ ""{0}"" อยู่แล้วในโปรเจกต์"
ui.common.history,ประวัติ
ui.common.historyRun,ประวัติการทำงาน
ui.common.howSpeak,วิธีพูด/สำนวน
ui.common.image,รูปภาพ
ui.common.importBtn,นำเข้า
ui.common.insertPage,แทรกหน้า
ui.common.insertSceneOpen,แทรกลงฉากที่เปิดอยู่
ui.common.journal,บันทึกประจำวัน
ui.common.jSONNotValid,JSON ไม่ถูกต้อง: 
ui.common.killian,เกี่ยวกับ Killian 2
ui.common.left,ซ้าย
ui.common.legend,ตำนาน
ui.common.legend2,ตำนาน/ความรู้
ui.common.libraryImage,คลังรูปภาพ
ui.common.line,บรรทัด
ui.common.lineTime,เส้นเวลา
ui.common.list2,รายการ
ui.common.manageBook,จัดการเล่ม
ui.common.map,แผนที่
ui.common.map2,แผนที่ 
ui.common.map3,แผนที่
ui.common.mapNew,แผนที่ใหม่
ui.common.min,นาที
ui.common.model,โมเดล
ui.common.mood,อารมณ์
ui.common.movePos,ย้ายตำแหน่ง
ui.common.msg, (สำเนา)
ui.common.msg2, สำเนา
ui.common.msg3,ตกลง
ui.common.msg4,ทั่วไป
ui.common.msg5,ประ
ui.common.msg6,หมายเหตุ
ui.common.msg7,เอนทิตี้
ui.common.msg8,ไทย
ui.common.name,ชื่อ
ui.common.nameBoardNew,ชื่อกระดานใหม่
ui.common.nameFile,ชื่อไฟล์
ui.common.nameGroup,ชื่อกลุ่ม
ui.common.nameMap,ชื่อแผนที่
ui.common.nameNewPlan,ชื่อแผนใหม่
ui.common.namePlan,ชื่อแผน
ui.common.new,สร้าง
ui.common.new2,ใหม่
ui.common.newAlbumNew,สร้างอัลบั้มใหม่…
ui.common.newBoardF,"สร้างกระดาน ""{0}"" แล้ว"
ui.common.newBoardF2,"สร้างกระดาน ""{0}"" แล้ว"
ui.common.newBoardNew,สร้างกระดานใหม่
ui.common.newPlan,แผนใหม่
ui.common.normalPagePaper,ปกติ (หน้ากระดาษ)
ui.common.note,โน้ต
ui.common.notebookNoteQuick,สมุดโน้ตด่วน
ui.common.notFound,ไม่พบ
ui.common.notFoundFileScene,ไม่พบไฟล์ฉาก
ui.common.notHas,— ไม่มี —
ui.common.notHasSceneHas,ยังไม่มีฉากที่มีทางเลือก
ui.common.notNamed,(ไม่มีชื่อ)
ui.common.notNamed2,ไม่มีชื่อ
ui.common.notSet,— ยังไม่ตั้ง —
ui.common.notSpecify,(ไม่ระบุ)
ui.common.notSpecify2,— ไม่ระบุ —
ui.common.notSpecifyCat,(ไม่ระบุหมวด)
ui.common.notSpecifyName,ไม่ระบุชื่อ
ui.common.notSpecifyTime,(ไม่ระบุเวลา)
ui.common.notSpecifyTo,(ยังไม่ระบุปลายทาง)
ui.common.notSpecifyTo2,ยังไม่ระบุปลายทาง
ui.common.notUse,ยังไม่ถูกใช้
ui.common.novel,นิยาย
ui.common.ok,สำเร็จ
ui.common.ollamaItem,Ollama (เครื่องตัวเอง)
ui.common.open,เปิด
ui.common.openProject,เปิดโปรเจกต์
ui.common.openProjectBefore,เปิดโปรเจกต์ก่อน
ui.common.openProjectBeforeSettings,เปิดโปรเจกต์ก่อนจึงตั้งค่า AI ได้
ui.common.openSceneBeforeInsertImage,เปิดฉากก่อนจึงจะแทรกรูปได้
ui.common.openView,เปิด/ดู
ui.common.other,อื่น ๆ
ui.common.outlineStory,โครงเรื่อง
ui.common.overviewPxChar,ภาพรวม 1px/ตัวอักษร
ui.common.overviewPxChar2,ภาพรวม 4px/ตัวอักษร
ui.common.overwrite,เขียนทับ
ui.common.overwritePrev,เขียนทับของเดิม
ui.common.page,หน้า
ui.common.page2,หน้า 
ui.common.pageFirst,หน้าแรก
ui.common.pageFlashforward,ล่วงหน้า (Flashforward)
ui.common.pagePairSideBy,เรียงหน้าคู่ (Side-by-Side)
ui.common.pickImageBefore,เลือกรูปก่อน
ui.common.pin,หมุด
ui.common.pinPin,ปักหมุด
ui.common.place,สถานที่
ui.common.printDone,ตีพิมพ์แล้ว
ui.common.project,โปรเจกต์
ui.common.props,คุณสมบัติ
ui.common.provider,ผู้ให้บริการ
ui.common.pxDims,{0} × {1} พิกเซล
ui.common.refresh,รีเฟรช
ui.common.refresh2,รีเฟรช
ui.common.renameNew,ตั้งชื่อใหม่
ui.common.renameVersionSkipEmpty,ตั้งชื่อเวอร์ชัน (เว้นว่างได้)
ui.common.repeat,⧉ ทำซ้ำ
ui.common.replaceBtn,แทนที่
ui.common.restart,เริ่มใหม่
ui.common.revertBtn,กลับไปฉบับที่บันทึก
ui.common.right,ขวา
ui.common.right2,ชิดขวา
ui.common.route,เส้นทาง
ui.common.rule,กติกา:
ui.common.save,บันทึก
ui.common.saveAll,บันทึกทั้งหมด
ui.common.saveDone, บันทึกแล้ว
ui.common.saveGlobalSettingsNot,บันทึก global settings ไม่สำเร็จ
ui.common.saveSettingsAIDone,บันทึกการตั้งค่า AI แล้ว
ui.common.saveVersion,บันทึกเวอร์ชัน
ui.common.scene, ฉาก
ui.common.scene2,ฉาก
ui.common.scene3,ฉาก: 
ui.common.scene3F,ฉาก: {0}    ตัวละคร: {1}
ui.common.sceneFind,ฉากหาย
ui.common.sceneGraph,ฉากในผัง
ui.common.sceneNotHasFile,ฉากนี้ยังไม่มีไฟล์
ui.common.screenplay,บทภาพยนตร์
ui.common.scroll,เลื่อนขึ้น
ui.common.searchSceneFindOn, ค้นหาในฉาก (Find on location)
ui.common.settingsAI,ตั้งค่า AI
ui.common.shape,รูปทรง
ui.common.showFolder,แสดงในโฟลเดอร์
ui.common.showFolderImages,แสดงโฟลเดอร์ Images
ui.common.sideProviderItemHTTP,ฝั่งผู้ให้บริการขัดข้อง (HTTP 
ui.common.solid,ทึบ
ui.common.status,สถานะ
ui.common.story,เรื่อง
ui.common.summary,สรุป
ui.common.synopsis,เรื่องย่อ
ui.common.tag,แท็ก
ui.common.tag2,"แท็ก (คั่น , )"
ui.common.tag3,แท็ก: 
ui.common.taskCancelled,ยกเลิกแล้ว — {0}
ui.common.text,ข้อความ
ui.common.thing,สิ่งของ
ui.common.thingSee,สิ่งที่เห็น
ui.common.timeStoryLineTime,เวลาในเรื่อง (เส้นเวลา)
ui.common.title,ชื่อเรื่อง
ui.common.toggle,⇄ สลับทิศ
ui.common.tokensN,{0} โทเคน
ui.common.trialPlay,ทดลองเล่น
ui.common.type,ประเภท
ui.common.undoBtn,ย้อนกลับ
ui.common.unlock,ปลดล็อก
ui.common.use,ใช้ใน: 
ui.common.version,เวอร์ชัน
ui.common.view,มุมมอง
ui.common.view2,มุมมอง: 
ui.common.viewImageFull,ดูภาพเต็ม
ui.common.viewPage,มุมมอง: {0} · {1} หน้า
ui.common.viewPOV,มุมมอง (POV)
ui.common.word, คำ
ui.common.word2,คำ
ui.common.writeEnd,เขียนจบ
ui.compile.authorEmptyUseProject,ผู้เขียน (ว่าง = ใช้จากโปรเจกต์)
ui.compile.chapter,- บท: {0}
ui.compile.codeHasItemText,"โค้ด (มีตัวแปร text, model)"
ui.compile.coverTitleAuthorCount,หน้าปก (ชื่อเรื่อง / ผู้เขียน / จำนวนคำ)
ui.compile.cutComment,ตัดคอมเมนต์ %%…%% และ <!-- … -->
ui.compile.cutMarkdownText,ตัดสัญลักษณ์ Markdown (ข้อความล้วน)
ui.compile.cutNoteMemoOut,ตัดโน้ต (memo) ออก
ui.compile.draftEditor,ร่างสำหรับบรรณาธิการ
ui.compile.draftPersonRead,ร่างสำหรับคนอ่าน
ui.compile.drawFrameRoundNote,วาดกรอบรอบโน้ตที่ยังเหลือ (ใช้กับตัวสร้าง PDF ในโปรแกรม)
ui.compile.editItemNameWiki,แก้ไขตัวแปร {{{{ชื่อ}}}} จาก Wiki
ui.compile.expandShortcode,แทนโค้ดสั้น [title] [chapter] [date]
ui.compile.formatUseNTitle,รูปแบบ — ใช้ {{n}} {{title}} ได้
ui.compile.headChapter,หัวบท
ui.compile.hTML,แปลงเป็น HTML
ui.compile.insertTextContNot,แทรกข้อความต่อเนื่องไม่สำเร็จ: 
ui.compile.itemBetweenScene,ตัวคั่นระหว่างฉาก
ui.compile.javaScript,สคริปต์ JavaScript เอง
ui.compile.linkNameText,แปลงลิงก์วิกิ [[ชื่อ]] เป็นข้อความธรรมดา
ui.compile.msg,<!-- ขึ้นหน้าใหม่ -->
ui.compile.nameScene,ชื่อฉาก
ui.compile.nextSummaryStats,ต่อท้ายด้วยสรุปสถิติ
ui.compile.notSpecifyStatus,ไม่ระบุสถานะ
ui.compile.onlySceneStatus,เอาเฉพาะฉากที่สถานะ…
ui.compile.pageBreakAllChapter,ขึ้นหน้าใหม่ทุกบท
ui.compile.pageListCharacterCast,หน้ารายชื่อตัวละคร (Cast of Characters)
ui.compile.putNumOrderPage,ใส่เลขลำดับหน้าชื่อฉาก
ui.compile.readyPrintHTMLPageBreak,พร้อมพิมพ์ (HTML ขึ้นหน้าใหม่ทุกบท)
ui.compile.scene,- ฉาก: {0}
ui.compile.screenplayCONTINUEDMORE,บทภาพยนตร์ (CONTINUED · MORE)
ui.compile.screenplayInsertCONTINUEDMORE,บทภาพยนตร์: แทรก (CONTINUED)/(MORE) ตามการตัดหน้า
ui.compile.screenplayNotMergeElement,บทภาพยนตร์: ไม่รวม element ตามประเภท
ui.compile.screenplayPDFTocCover,บทภาพยนตร์ → PDF (สารบัญ · หน้าปก)
ui.compile.skipStepJavaScriptClose,ข้ามขั้นตอน JavaScript (ปิดไว้)
ui.compile.sourceMarkdown,ต้นฉบับ (Markdown)
ui.compile.status,สถานะ (คั่นด้วยจุลภาค)
ui.compile.statusCountWordScene,แนบสถานะ/จำนวนคำของฉาก (สำหรับ บ.ก.)
ui.compile.stepJavaScriptCantRestore,ขั้นตอน JavaScript ไม่ได้คืนค่าข้อความ — ข้ามไป
ui.compile.stepJavaScriptError,ขั้นตอน JavaScript ผิดพลาด: 
ui.compile.summaryStats,## สรุปสถิติ
ui.compile.text,ข้อความคั่น
ui.compile.textTextDoneRestore,"// text = ข้อความที่ประกอบเสร็จ · คืนค่าข้อความใหม่
return text;"
ui.compile.textTxt,ข้อความล้วน (.txt)
ui.compile.timeReadMin,- เวลาอ่านโดยประมาณ: {0} นาที
ui.compile.typeCutOut,ประเภทที่ตัดออก (คั่นด้วยจุลภาค: 
ui.compile.useSynopsisReplaceBody,ใช้เรื่องย่อแทนเนื้อหาฉาก
ui.compile.webHTML,เว็บ (HTML)
ui.compile.word,_[{0} · {1} คำ]_
ui.compile.wordAll,- คำทั้งหมด: {0}
ui.compile.wordChapterScene,{0} คำ · {1} บท · {2} ฉาก
ui.compile.workFlowNew,เวิร์กโฟลว์ใหม่
ui.compile.writeDoneCheckDone,"เขียนเสร็จ, ตรวจแล้ว"
ui.core.notFoundLangUse2,"ไม่พบภาษา ""{{0}}"" ใช้ภาษาอังกฤษแทน"
ui.core.notHasText2,(ไม่มีข้อความ)
ui.core.resourceLoadNotOk2,resource: โหลดไม่สำเร็จ <
ui.dash.activity,กิจกรรมการเขียน
ui.dash.actSummary,เขียนเพิ่ม {0} คำ · เขียน {1} จาก {2} วัน · วันที่ดีที่สุด {3}
ui.dash.avgWordChapterTime,เฉลี่ย {0} คำ/บท · เวลาอ่านรวม ~{1} นาที
ui.dash.entitiesFail,อ่านข้อมูล Wiki ไม่สำเร็จ — แดชบอร์ดแสดงส่วนที่เหลือต่อ
ui.dash.goalWord,เป้าหมาย: {0} / {1} คำ ({2}%)
ui.dash.imageAlbumTagArea,{0} รูป · {1} อัลบั้ม · {2} แท็ก · พื้นที่รวม {3}
ui.dash.kanbanStatus,สถานะฉาก (Kanban)
ui.dash.libraryImage,คลังรูป
ui.dash.loadPartHubNot,โหลดส่วนศูนย์รวมไม่สำเร็จ
ui.dash.longEachChapterWord,ความยาวแต่ละบท (คำ)
ui.dash.milestoneHit,ถึง {0} คำ
ui.dash.milestones,หลักไมล์
ui.dash.msGoal,เป้าหมาย
ui.dash.msLeft,อีก {0} คำ
ui.dash.msStart,เริ่มโปรเจกต์
ui.dash.msWords,{0} คำ
ui.dash.nextStuck,ไปต่อจากที่ค้าง
ui.dash.notSetStatus,ยังไม่ตั้งสถานะ
ui.dash.notStartWriteNext,ยังไม่เริ่มนับวันเขียนติดต่อกัน
ui.dash.openKanban,เปิด Kanban
ui.dash.openLibraryImage,เปิดคลังรูป
ui.dash.pageStatusScene,ความคืบหน้าตามสถานะฉาก
ui.dash.projectStart,เริ่มโปรเจกต์ {0}
ui.dash.rangeAll,ทั้งหมด
ui.dash.readHint,คิดจากความเร็วอ่านเฉลี่ย {0} คำ/นาที
ui.dash.readHM,{0} ชม. {1} นาที
ui.dash.readM,{0} นาที
ui.dash.readTime,เวลาอ่านรวม
ui.dash.saveTaskDoneGraph,บันทึกงานสัก 2 วันแล้วกราฟคำรายวันจะขึ้นที่นี่
ui.dash.scenePinPin,ฉากปักหมุด ({0})
ui.dash.topWordHint,"""{0}"" ใช้ {1} ครั้ง ({2} ต่อหมื่นคำ)"
ui.dash.topWords,คำที่ใช้บ่อย
ui.dash.topWordsNote,จาก {0} คำ · คำไม่ซ้ำ {1} คำ · ไม่นับคำเชื่อมและชื่อตัวละคร
ui.dash.useSourceDone,ใช้ในต้นฉบับแล้ว
ui.dash.viewAllExport,ดูทั้งหมด / ส่งออก…
ui.dash.wikiCat,Wiki ตามหมวด
ui.dash.wikiEntities,เอนทิตี้ใน Wiki
ui.dash.word,{0}: +{1} คำ
ui.dash.wordAddNextLast,คำที่เพิ่มต่อวัน · {0} วันหลังสุด
ui.dash.wordAll,คำทั้งหมด
ui.dash.writeNext,เขียนติดต่อกัน {0} วัน
ui.data.cBlue,ฟ้า
ui.data.cGreen,เขียว
ui.data.cOrange,ส้ม
ui.data.cPurple,ม่วง
ui.data.cRed,แดง
ui.data.cYellow,เหลือง
ui.data.plDoing,กำลังทำ
ui.data.plDraft,ร่าง
ui.data.plLive,ใช้จริง
ui.data.plShelved,พับไว้
ui.data.plSpare,สำรอง
ui.data.stArchived,เก็บถาวร
ui.data.stChecked,ตรวจแล้ว
ui.data.stDone,เขียนเสร็จ
ui.data.stFinished,เสร็จแล้ว
ui.data.stOutline,โครงร่าง
ui.data.stPaused,พัก
ui.data.stWriting,กำลังเขียน
ui.dialogs.cancel,ยกเลิก
ui.dialogs.close,ปิด
ui.dialogs.copy,คัดลอก
ui.dialogs.delete,ลบ
ui.dialogs.edit,แก้
ui.dialogs.no,ไม่
ui.dialogs.ok,ตกลง
ui.dialogs.refresh,รีเฟรช
ui.dialogs.reset,รีเซ็ต
ui.dialogs.restore,กู้คืน
ui.dialogs.save,บันทึก
ui.dialogs.view,ดู
ui.dialogs.yes,ใช่
ui.dialogue.allBooks,ทุกเล่ม
ui.dialogue.allChapters,ทุกบท
ui.dialogue.allScenes,ทุกฉาก
ui.dialogue.allSources,ทุกรูปแบบ
ui.dialogue.chipHint,{0} บทพูด · ประมาณ {1} คำ
ui.dialogue.colBook,เล่ม
ui.dialogue.colChapter,บท
ui.dialogue.colLine,บรรทัด
ui.dialogue.colScene,ฉาก
ui.dialogue.colSpeaker,คนพูด
ui.dialogue.colText,บทพูด
ui.dialogue.count,แสดง {0} จาก {1} บทพูด
ui.dialogue.errDirty,ไฟล์นี้เปิดอยู่และยังไม่ได้บันทึก — บันทึกก่อนแล้วค่อยแก้จากแผงนี้
ui.dialogue.errOpen,เปิดฉากไม่สำเร็จ
ui.dialogue.errRead,อ่านไฟล์ไม่สำเร็จ
ui.dialogue.errScan,กวาดบทพูดไม่สำเร็จ
ui.dialogue.errStale,ไฟล์เปลี่ยนไปแล้ว — กดรีเฟรชแล้วลองใหม่ (ไม่ได้เขียนทับอะไร)
ui.dialogue.errWrite,เขียนไฟล์ไม่สำเร็จ
ui.dialogue.everyone,ทุกคน · {0}
ui.dialogue.exportCsv,ส่งออก CSV
ui.dialogue.exported,ส่งออกแล้ว:
ui.dialogue.guessedN,เดา {0}
ui.dialogue.lineNo,บรรทัด {0}
ui.dialogue.noMatch,ไม่มีบทพูดที่ตรงกับตัวกรอง
ui.dialogue.noneFound,ยังไม่พบบทพูดในผลงานนี้ — บทพูดคือข้อความในเครื่องหมายคำพูด หรือบรรทัดใต้ @ชื่อตัวละคร
ui.dialogue.noneToExport,ไม่มีบทพูดให้ส่งออก
ui.dialogue.refreshHint,อ่านไฟล์ทั้งผลงานใหม่ (ใช้เมื่อแก้ไฟล์จากที่อื่น)
ui.dialogue.rowHint,คลิก = ไปที่บทพูดนี้ · ดับเบิลคลิก = แก้ตรงนี้
ui.dialogue.saved,แก้บทพูดแล้ว
ui.dialogue.scanning,กำลังกวาดบทพูดทั้งผลงาน…
ui.dialogue.searchPh,ค้นในบทพูด · ชื่อคนพูด · ชื่อฉาก
ui.dialogue.srcProse,นิยาย (เครื่องหมายคำพูด)
ui.dialogue.srcScript,บทภาพยนตร์
ui.dialogue.sureOnly,เฉพาะที่แน่ใจ
ui.dialogue.sureOnlyHint,ซ่อนแถวที่เดาคนพูดจากการสลับกันพูด — เหลือเฉพาะที่มีชื่อระบุจริง
ui.dialogue.unclosedHint,เครื่องหมายคำพูดยังไม่ปิดในบรรทัดนี้
ui.dialogue.unknown,ไม่ระบุ
ui.dialogue.warnNames,อ่านรายชื่อตัวละครไม่ได้
ui.dialogue.whereBack,รู้ชื่อจากข้อความด้านหลังเครื่องหมายคำพูด
ui.dialogue.whereFront,รู้ชื่อจากข้อความด้านหน้าเครื่องหมายคำพูด
ui.dialogue.whereNone,ไม่พบชื่อคนพูดทั้งด้านหน้าและด้านหลัง
ui.dialogue.whereTag,รู้ชื่อจากรหัส @ตัวละคร ของบทภาพยนตร์
ui.dialogue.whereTurn,เดาจากการสลับกันพูดในบทสนทนา (ไม่มีชื่อทั้งสองฝั่ง)
ui.dirty.dirtyRegistryProviderMust,dirty-registry: provider ต้องมี list()
ui.dirty.notHasItemSave,ไม่มีตัวบันทึก
ui.dirty.saveNotOk,บันทึกไม่สำเร็จ
ui.dlg.aiNotConfigured,ยังไม่ได้ตั้งค่า
ui.dlg.aiReadProviderFail,อ่านข้อมูลผู้ให้บริการ AI ไม่สำเร็จ
ui.dlg.areaPrint,พื้นที่พิมพ์ {0} × 
ui.dlg.bodyStory,ตามเนื้อเรื่อง
ui.dlg.cantDefineRowUse,"ยังไม่ได้กำหนดแถวไหน — ใช้ฟอนต์ตามค่าในแท็บ ""การเขียน"""
ui.dlg.change,เปลี่ยน
ui.dlg.changeLangDoneStart,เปลี่ยนภาษาแล้ว — เริ่มโปรแกรมใหม่เพื่อให้เปลี่ยนครบทุกจุดไหม
ui.dlg.charLine,≈ {0} ตัวอักษร/บรรทัด (โดยประมาณ)
ui.dlg.compareRight,เทียบด้านขวา
ui.dlg.defineRange,กำหนดช่วงเอง…
ui.dlg.descUnderGraph,คำอธิบายใต้ผังจะเป็น: 
ui.dlg.egTHSarabunNew,เช่น TH Sarabun New
ui.dlg.elementPrevEnter,ไป element ถัดไป
ui.dlg.exportFileCSV,ส่งออกไฟล์แปล (CSV)
ui.dlg.exportTableLangLang,"ส่งออกตารางแปลของภาษาไหน (รหัสภาษา เช่น en, ja)"
ui.dlg.exportTableRow,ส่งออกตารางแปล {0} แถว → {1}
ui.dlg.fontDefaultProse,ค่าเริ่มต้น — Garamond
ui.dlg.fontDefaultSp,ค่าเริ่มต้น — Courier Prime (มาตรฐานบทภาพยนตร์)
ui.dlg.fontFromMachine,จากเครื่อง
ui.dlg.fontFromMachineHint,เลือกจากรายชื่อฟอนต์ที่ลงไว้ในเครื่องนี้
ui.dlg.fontFromSystemTag, (ในเครื่อง)
ui.dlg.fontMachineWarn,"หมายเหตุ: ฟอนต์จากเครื่องผูกกับเครื่องนี้เท่านั้น — เปิดงานบนเครื่องอื่นแล้วอาจไม่มีฟอนต์ตัวนี้ แนะนำให้ใช้ปุ่ม ""นำเข้าฟอนต์"" เพื่อเก็บไฟล์ไว้ในโปรเจกต์แทน"
ui.dlg.fontSameAsBody,เหมือนเนื้อเรื่อง
ui.dlg.fontSampleHint,ตัวอย่างฟอนต์ที่เลือก — พิมพ์ข้อความของคุณเองได้ (ไม่ถูกบันทึก)
ui.dlg.fontSamplePh,พิมพ์ข้อความเพื่อดูตัวอย่างฟอนต์
ui.dlg.fontSampleText,The quick brown fox · ตัวอย่างข้อความภาษาไทย ๑๒๓ 123
ui.dlg.fontSizeAdjustHint,ย่อ/ขยายกลิฟให้พอดีกล่องบรรทัด (100 = ขนาดจริง · ไทยในบทภาพยนตร์ใช้ 85)
ui.dlg.fontTargetAll,ทั้งสองโหมด
ui.dlg.fontTargetHint,แถวนี้ใช้กับโหมดไหน
ui.dlg.fontTargetProse,นิยาย
ui.dlg.fontTargetSp,บทภาพยนตร์
ui.dlg.importFontF,นำเข้าฟอนต์ {0} แล้ว — เลือกช่วงอักขระที่จะใช้
ui.dlg.importFontFail,นำเข้าฟอนต์ล้มเหลว
ui.dlg.importFontNotOk,นำเข้าฟอนต์ไม่สำเร็จ
ui.dlg.inch,{0} นิ้ว · 
ui.dlg.iNTNightSceneOne,INT. ห้องนอน — กลางคืน / ที่นี่คือฉากที่หนึ่ง ABC 123
ui.dlg.langProgress,แปลแล้ว {0} จาก {1} ข้อความ ({2}%)
ui.dlg.langReadNameFile,ภาษาอ่านจาก “ชื่อไฟล์” ในโฟลเดอร์ languages — วางไฟล์ k2_<รหัสภาษา>.csv เพิ่ม (เช่น k2_ja.csv) แล้วเปิดโปรแกรมใหม่ ก็มีภาษานั้นเลย ไม่ต้องติดตั้งอะไร
ui.dlg.linePage,{0} บรรทัด/หน้า
ui.dlg.linePage2,≈ {0} บรรทัด/หน้า · 
ui.dlg.loadFileLangNew,โหลดไฟล์ภาษาใหม่แล้ว
ui.dlg.loadFileLangNew2,โหลดไฟล์ภาษาใหม่
ui.dlg.notFoundFont,ไม่พบฟอนต์ที่ตรง
ui.dlg.notHasFolderLang,"ยังไม่มีโฟลเดอร์ภาษา — กด ""ส่งออกไฟล์แปล"" เพื่อสร้างไฟล์ตั้งต้นก่อน"
ui.dlg.notHasRowPress,"(ยังไม่มีแถว — กด ""เพิ่มแถว"")"
ui.dlg.openFolderLang,เปิดโฟลเดอร์ภาษา
ui.dlg.openFolderLangCant,เปิดโฟลเดอร์ภาษาไม่ได้
ui.dlg.openVersionPairFile,เปิดเวอร์ชันนี้คู่กับไฟล์ปัจจุบัน
ui.dlg.pressBtnNeed,กดปุ่มที่ต้องการ…
ui.dlg.project, (โปรเจกต์)
ui.dlg.restoreDefault,คืนค่าเริ่มต้น
ui.dlg.saveSettingsFail,บันทึกการตั้งค่าล้มเหลว
ui.dlg.searchFileLang,ที่ค้นหาไฟล์ภาษา: 
ui.dlg.searchFontName,พิมพ์ชื่อฟอนต์เพื่อค้นหา
ui.dlg.setCustom,— ตั้งเอง (Custom) —
ui.dlg.settingsFactory,รีเซ็ตเป็นค่าโรงงาน
ui.dlg.settingsFactoryAsk,คืนค่าตั้งค่าทั้งหมดกลับเป็นค่าเริ่มต้นของโปรแกรม? (ค่าปัจจุบันจะถูกเก็บไว้ให้กดคืนค่าก่อนหน้าได้)
ui.dlg.settingsFactoryDone,รีเซ็ตเป็นค่าโรงงานแล้ว
ui.dlg.settingsFactoryHint,คืนทุกหัวข้อกลับเป็นค่าเริ่มต้น — ค่าเดิมยังกดคืนได้
ui.dlg.settingsNoProject,ยังไม่ได้เปิดโปรเจกต์ — แสดงเฉพาะค่าระดับผู้ใช้ (ใช้กับทุกผลงาน)
ui.dlg.settingsPrevFail,เก็บค่าตั้งค่าก่อนหน้าไม่สำเร็จ
ui.dlg.settingsRevert,คืนค่าก่อนหน้า
ui.dlg.settingsRevertAsk,คืนค่าตั้งค่ากลับเป็นชุดก่อนการบันทึกครั้งล่าสุด?
ui.dlg.settingsReverted,คืนค่าตั้งค่าก่อนหน้าแล้ว
ui.dlg.settingsRevertHint,ย้อนกลับไปใช้ค่าที่บันทึกไว้ก่อนครั้งล่าสุด
ui.dlg.theme,ตามธีม
ui.dlg.togglePagePrevTab,วนชนิด element ไปข้างหน้า
ui.dlg.toggleUndoPrevShift,วนชนิด element ย้อนกลับ
ui.dlg.useFontPrintName,— ใช้ฟอนต์ที่ลงในเครื่อง (พิมพ์ชื่อ) —
ui.dlg.useRow,ใช้แถวนี้
ui.dlg.useRowSampleEnglish,ใช้อยู่ {0} แถว — ตัวอย่าง:
ui.dlg.warnToolbarPage,สร้างหน้าตั้งค่าแถบเครื่องมือไม่สำเร็จ
ui.dlgb.actDelete,ลบบรรทัดนี้
ui.dlgb.actEdit,แก้ข้อความ
ui.dlgb.actInsert,แทรกลงบทที่เคอร์เซอร์
ui.dlgb.actReroll,สุ่มบรรทัดนี้ใหม่
ui.dlgb.addPreset,+ คณะใหม่
ui.dlgb.addToCast,เพิ่มเข้าคณะ
ui.dlgb.backToList,กลับไปรายการเซสชัน
ui.dlgb.badge,{0} บรรทัด · {1} โทเคน
ui.dlgb.badgeTip,ยิงไป {0} ครั้ง · เข้า {1} · ออก {2} · รวม {3} วินาที
ui.dlgb.blurbPh,คำโปรยหนึ่งบรรทัด — ตัวละครอื่นเห็นแค่บรรทัดนี้
ui.dlgb.blurbTip,ตัวละครอื่นในวงเห็นแค่บรรทัดนี้ ไม่เห็นใบบทบาทเต็มของคนนี้
ui.dlgb.castCount,ตัวละครในคณะ ({0}/{1})
ui.dlgb.castFull,ใส่ได้สูงสุด {0} ตัว
ui.dlgb.castTitle,คณะนักแสดง: {0}
ui.dlgb.confirmClear,ล้างบทสนทนาในเซสชันนี้ทั้งหมด?
ui.dlgb.confirmDelete,"ลบเซสชัน ""{0}"" ทิ้ง?"
ui.dlgb.confirmDeletePreset,"ลบคณะ ""{0}"" ทิ้ง?"
ui.dlgb.copySuffix,​ (สำเนา)
ui.dlgb.create,สร้าง
ui.dlgb.delete,ลบ
ui.dlgb.director,ผู้กำกับ
ui.dlgb.directorPh,เช่น ไฟดับทั้งร้าน
ui.dlgb.directorTip,แทรกเหตุการณ์กลางวง (ไฟดับ · มีคนเคาะประตู)
ui.dlgb.directorTitle,เหตุการณ์ที่เกิดขึ้น
ui.dlgb.duplicated,ทำสำเนาเซสชันแล้ว
ui.dlgb.edit,แก้ไข
ui.dlgb.elapsed, · {0} วิ
ui.dlgb.emptyReply,โมเดลตอบกลับมาว่าง
ui.dlgb.errDelete,ลบไฟล์เซสชันไม่สำเร็จ
ui.dlgb.errReadPresets,อ่านคณะนักแสดงไม่สำเร็จ
ui.dlgb.errReadSession,อ่านเซสชันไม่สำเร็จ: 
ui.dlgb.errSaveSession,บันทึกเซสชันไม่สำเร็จ
ui.dlgb.errSend,คุยกับ AI ไม่สำเร็จ
ui.dlgb.genFromWiki,⟳ สร้างใบจาก Wiki
ui.dlgb.hideArchived,ซ่อนที่จัดเก็บแล้ว
ui.dlgb.inputPh,เว้นว่างไว้ = ให้ AI พูดแทน · พิมพ์เอง = บรรทัดนี้เป็นของคุณ (ไม่เสียโทเคน)
ui.dlgb.inserted,แทรกบทพูดลงฉากแล้ว
ui.dlgb.insertedInto,แทรกลงบทแล้ว: {0}
ui.dlgb.keepTalking,พูดต่อ
ui.dlgb.keepTalkingTip,ให้คนเดิมพูดต่ออีกบรรทัด
ui.dlgb.lenLabel,ความยาว
ui.dlgb.makePreset,สร้าง/แก้คณะนักแสดง
ui.dlgb.managePresets,คณะนักแสดง
ui.dlgb.mArchive,จัดเก็บ
ui.dlgb.mClearTurns,ล้างบทสนทนาทั้งหมด
ui.dlgb.mDelete,ลบเซสชัน
ui.dlgb.mDuplicate,ทำสำเนา
ui.dlgb.mEditCast,แก้คณะนักแสดงของเซสชันนี้
ui.dlgb.mEditSituation,แก้สถานการณ์
ui.dlgb.mInsertAll,แทรกทั้งเซสชันลงบท
ui.dlgb.modeLabel,การยิง
ui.dlgb.modelLabel,โมเดล
ui.dlgb.modelThinking,ความคิดของโมเดล
ui.dlgb.monoTag,รำพึงคนเดียว
ui.dlgb.monoTip,ให้ตัวละครที่เลือกไว้รำพึงคนเดียว — เสียงในใจ ตัวละครอื่นไม่ได้ยิน
ui.dlgb.mRename,เปลี่ยนชื่อ
ui.dlgb.mSaveAsPreset,บันทึกคณะนี้เป็นคณะนักแสดง
ui.dlgb.mUnarchive,เอากลับจากที่จัดเก็บ
ui.dlgb.needPreset,เลือกคณะนักแสดงก่อน
ui.dlgb.needSpeaker,ยังไม่ได้เลือกคนพูด
ui.dlgb.newSession,+ เซสชันใหม่
ui.dlgb.nInserted,แทรกแล้ว {0}
ui.dlgb.noCast,ยังไม่มีตัวละครในคณะ
ui.dlgb.noEditor,เปิดฉากที่จะแทรกก่อน แล้ววางเคอร์เซอร์ตรงจุดที่ต้องการ
ui.dlgb.noMatch,ไม่พบเซสชันที่ตรงกับคำค้น
ui.dlgb.noPresetYet,ยังไม่มีคณะนักแสดง
ui.dlgb.noProvider,ยังไม่ได้ตั้งค่าผู้ให้บริการ AI
ui.dlgb.noSession,"ยังไม่มีเซสชัน — กด ""เซสชันใหม่"" เพื่อเริ่ม"
ui.dlgb.nothingToInsert,ยังไม่มีบทพูดให้แทรก
ui.dlgb.noWikiChars,ยังไม่มีตัวละครใน Wiki — สร้างที่ Wiki ก่อน แล้วกลับมาที่นี่
ui.dlgb.nTurns,{0} บรรทัด
ui.dlgb.openProjectFirst,เปิดโปรเจกต์ก่อน
ui.dlgb.overrideTitle,โมเดลและพารามิเตอร์ของตัวนี้
ui.dlgb.parenLabel,วงเล็บอารมณ์
ui.dlgb.personaPh,ใบบทบาท — เขียนเป็นภาษาคนได้เลย เช่น คุณคือโทระ พูดสั้น ตัดบท ไม่ชอบอธิบายตัวเอง
ui.dlgb.pickFromWiki,— เลือกจาก Wiki —
ui.dlgb.pickPreset,เลือกคณะนักแสดง
ui.dlgb.policyLabel,โหมดคิว
ui.dlgb.presetNameAsk,ตั้งชื่อคณะนักแสดง
ui.dlgb.presetSaved,บันทึกคณะนักแสดงแล้ว
ui.dlgb.pressSendToStart,"กด ""ส่ง"" ได้เลย ไม่ต้องพิมพ์อะไร — AI จะสวมบทตัวละครที่เลือกไว้"
ui.dlgb.providerLabel,ผู้ให้บริการ
ui.dlgb.relCallPh,เรียกอีกฝ่ายว่า
ui.dlgb.relHint,เว้นว่าง = ใช้ตามที่เขียนไว้ใน Wiki · กรอกเมื่อซีนนี้ต่างจากปกติ (เช่น ใน Wiki เป็นเจ้านาย แต่ซีนนี้เป็นแฟนกัน)
ui.dlgb.relHowPh,ความสัมพันธ์ในซีนนี้
ui.dlgb.relPair,{0} มอง {1} ว่า
ui.dlgb.relSection,ความสัมพันธ์เฉพาะซีนนี้
ui.dlgb.removeFromCast,เอาออกจากคณะ
ui.dlgb.searchPh,ค้นหาเซสชัน…
ui.dlgb.selfPronPh,เรียกตัวเอง
ui.dlgb.selfPronTip,สรรพนามที่ตัวละครใช้เรียกตัวเอง (ผม/เรา/กู/ข้า) — ล็อกไว้กันโมเดลสลับกลางบทสนทนา
ui.dlgb.send,ส่ง
ui.dlgb.sending,กำลังคุย…
ui.dlgb.showArchived,แสดงที่จัดเก็บแล้ว
ui.dlgb.situationLabel,สถานการณ์ที่กำลังเกิดขึ้น
ui.dlgb.situationPh,เช่น ทั้งวงนั่งดื่มที่ลานเบียร์หลังเลิกงาน ฝนเพิ่งหยุด
ui.dlgb.speaksTo,พูดกับ
ui.dlgb.stopHint,ยกเลิกคำขอที่กำลังส่งอยู่
ui.dlgb.thinking,กำลังคิด…
ui.dlgb.titleAutoPh,เว้นว่างไว้ = ตั้งชื่อจากสถานการณ์ให้เอง
ui.dlgb.titleLabel,ชื่อเซสชัน
ui.dlgb.toWhom,→ {0}
ui.dlgb.unknown,ไม่ทราบ
ui.dlgb.untitledRow,เซสชันไม่มีชื่อ
ui.dlgb.useProjectProvider,ตามโปรเจกต์
ui.dlgb.useProviderModel,ตามผู้ให้บริการ
ui.dlgb.useProviderValue,ตามผู้ให้บริการ
ui.dlgb.viewNormal,ตอนนี้: แสดงเฉพาะบทพูด — กดเพื่อกางความคิดของโมเดลทั้งหมด
ui.dlgb.viewThinking,ตอนนี้: กางความคิดของโมเดลไว้ — กดเพื่อย่อกลับ
ui.dlgb.wikiNotFound,หาตัวละครนี้ใน Wiki ไม่เจอ
ui.dlgBuilder.aiPick,ให้ AI เลือก
ui.dlgBuilder.batchFormat,รูปแบบคำตอบ: บรรทัด @ชื่อตัวละคร แล้วขึ้นบรรทัดใหม่เป็นบทพูด เว้นบรรทัดคั่นแต่ละคน ห้ามใส่หัวฉากหรือคำบรรยาย
ui.dlgBuilder.batchSystem,คุณเป็นนักเขียนบทภาพยนตร์ไทย เขียนบทสนทนาที่เป็นธรรมชาติและตรงบุคลิกของตัวละครแต่ละตัว
ui.dlgBuilder.batchWrite,เขียนบทสนทนาต่อจากนี้อีก {0} บรรทัด
ui.dlgBuilder.cueMonologue,ตอนนี้คุณอยู่คนเดียว ไม่มีใครได้ยิน — รำพึงกับตัวเองหนึ่งช่วง
ui.dlgBuilder.cueYourTurn,ตาคุณพูดแล้ว พูดกับ {0}
ui.dlgBuilder.everyone,ทุกคน
ui.dlgBuilder.headCast,— ตัวละครในวง —
ui.dlgBuilder.headOthers,— คนอื่นในวง (เท่าที่คุณรู้จัก) —
ui.dlgBuilder.headPronoun,— สรรพนามที่ต้องใช้ (ห้ามเปลี่ยนกลางบทสนทนา) —
ui.dlgBuilder.headRecent,— บทสนทนาล่าสุด —
ui.dlgBuilder.headRels,— ความสัมพันธ์ในซีนนี้ —
ui.dlgBuilder.headRules,— กติกาการตอบ —
ui.dlgBuilder.headSituation,— สถานการณ์ —
ui.dlgBuilder.heardDirector,[เหตุการณ์] {0}
ui.dlgBuilder.heardMono,{0} (ในใจ): {1}
ui.dlgBuilder.lenLong,ยาว
ui.dlgBuilder.lenLongRule,ตอบได้ถึง 4 ประโยค แต่ยังต้องเป็นบทพูด ไม่ใช่ย่อหน้าบรรยาย
ui.dlgBuilder.lenMedium,กลาง
ui.dlgBuilder.lenMediumRule,ตอบ 1-2 ประโยค
ui.dlgBuilder.lenShort,สั้น
ui.dlgBuilder.lenShortRule,ตอบสั้น ๆ ประโยคเดียว
ui.dlgBuilder.modeBatch,รวดเดียว
ui.dlgBuilder.modeBatchHint,ยิงครั้งเดียวได้หลายบรรทัด ถูกกว่ามาก แต่ทุกตัวใช้โมเดลเดียวกัน
ui.dlgBuilder.modeEach,ทีละคน
ui.dlgBuilder.modeEachHint,ยิงหนึ่งครั้งต่อหนึ่งบรรทัด — ตั้งโมเดลแยกรายตัวได้ อยู่ในคาแรกเตอร์ที่สุด
ui.dlgBuilder.monoParen,ในใจ
ui.dlgBuilder.personaYouAre,คุณคือ {0}
ui.dlgBuilder.pickAnswerOnlyName,ตอบเป็นชื่อตัวละครคำเดียว ห้ามอธิบาย
ui.dlgBuilder.pickAsk,จากบทสนทนาข้างล่าง ตัวละครคนไหนมีเหตุผลมากที่สุดที่จะพูดต่อ เลือกจาก:
ui.dlgBuilder.pickSystem,คุณเป็นผู้กำกับ เลือกว่าตัวละครคนไหนควรพูดต่อ
ui.dlgBuilder.policyAi,ให้ AI เลือก
ui.dlgBuilder.policyAiHint,ให้โมเดลตัดสินว่าใครมีเหตุผลจะพูดต่อ
ui.dlgBuilder.policyManual,กำหนดเอง
ui.dlgBuilder.policyManualHint,ไม่เลื่อนช่องให้ เลือกเองทุกเทิร์น
ui.dlgBuilder.policyPingPong,สลับกันไปมา
ui.dlgBuilder.policyPingPongHint,A พูดกับ B แล้วเทิร์นถัดไป B ตอบ A — เหมาะกับสองคน
ui.dlgBuilder.policyRandom,สุ่มคนพูด
ui.dlgBuilder.policyRandomHint,สุ่มคนถัดไป ไม่ซ้ำคนที่เพิ่งพูด
ui.dlgBuilder.policyRound,วนตามลำดับ
ui.dlgBuilder.policyRoundHint,ไล่ตามลำดับในคณะ พูดกับทุกคน — เหมาะกับวง 3-5 คน
ui.dlgBuilder.pronOther,"เรียก {0} ว่า ""{1}"""
ui.dlgBuilder.pronSelf,"เรียกตัวเองว่า ""{0}"""
ui.dlgBuilder.randomPick,สุ่ม
ui.dlgBuilder.ruleMonoAlone,ไม่มีใครอยู่ด้วยและไม่มีใครได้ยิน — ห้ามพูดกับคนอื่น ห้ามถามหาคำตอบจากใคร
ui.dlgBuilder.ruleMonoInner,พูดออกมาเป็นความคิดของตัวเอง เล่าสิ่งที่รู้สึก ลังเล หรือตัดสินใจอยู่ในหัวได้เต็มที่
ui.dlgBuilder.ruleNoName,ห้ามใส่ชื่อตัวเองนำหน้าบทพูด และห้ามพูดแทนคนอื่น
ui.dlgBuilder.ruleNoNarrate,ห้ามบรรยายฉากหรืออธิบายสิ่งที่กำลังเกิดขึ้น พูดอย่างเดียว
ui.dlgBuilder.ruleOnlyMe,ตอบเป็นบทพูดของ {0} เท่านั้น
ui.dlgBuilder.ruleParenOff,ห้ามใส่วงเล็บบอกอารมณ์หรือท่าทาง
ui.dlgBuilder.ruleParenOn,ใส่อารมณ์หรือท่าทางสั้น ๆ ในวงเล็บนำหน้าได้ถ้าจำเป็น
ui.dlgBuilder.sceneOpen,ฉากเริ่มขึ้น: {0}
ui.dlgBuilder.sceneOpenBare,ฉากเริ่มขึ้น
ui.dlgBuilder.selfMono,รำพึงคนเดียว
ui.dlgBuilder.unknownName,ไม่ทราบชื่อ
ui.dlgBuilder.untitled,ยังไม่ตั้งชื่อ
ui.doctor.allGood,ไม่พบปัญหา — ทะเบียนตรงกับไฟล์จริงทุกฉาก
ui.doctor.badgeTip,โปรเจกต์มีปัญหา {0} จุด (ไฟล์หาย · แถวซ้ำ · หัวไฟล์พัง ฯลฯ) — คลิกเพื่อตรวจและซ่อม
ui.doctor.confirmFix,ซ่อม {0} รายการที่เลือกหรือไม่
ui.doctor.fixAttachRow,ผูกกลับเป็นฉากในบทนี้
ui.doctor.fixCreateFile,สร้างไฟล์เปล่าแทน
ui.doctor.fixedN,ซ่อมแล้ว {0} รายการ · ไม่สำเร็จ {1}
ui.doctor.fixFail,ซ่อมไม่สำเร็จ: 
ui.doctor.fixMkdir,สร้างโฟลเดอร์ใหม่
ui.doctor.fixRegisterChapter,เพิ่มกลับเป็นบท พร้อมฉากข้างใน
ui.doctor.fixRepairFrontmatter,กู้หัวไฟล์
ui.doctor.fixSelected,ซ่อมรายการที่เลือก
ui.doctor.fixSplitCopy,แยกเป็นไฟล์สำเนาของตัวเอง
ui.doctor.hint,ตรวจว่าทะเบียนบทและฉาก (draft.json · scenes.json) ตรงกับไฟล์จริงในโฟลเดอร์ และหัวไฟล์ .md ไม่พัง · งานที่ยังไม่บันทึกถูกบันทึกก่อนตรวจ · ไฟล์ที่ถูกซ่อมย้อนกลับได้จากแผงประวัติการทำงาน
ui.doctor.reportOnly,ซ่อมอัตโนมัติไม่ได้ ต้องแก้เอง
ui.doctor.rescan,ตรวจอีกครั้ง
ui.doctor.scanning,กำลังตรวจโปรเจกต์…
ui.doctor.summary,พบ {0} รายการ
ui.doctor.taskName,ตรวจสุขภาพโปรเจกต์
ui.doctor.tBadJson,อ่านไฟล์ {0} ไม่ได้ (JSON เสีย)
ui.doctor.tDuplicateRef,"ฉาก ""{0}"" กับ ""{1}"" ใช้ไฟล์เดียวกัน ({2})"
ui.doctor.tFrontmatter,หัวไฟล์ของ {0} พัง — กู้ค่าได้: {1}
ui.doctor.tGhostFolder,"โฟลเดอร์ ""{0}"" ({1} ไฟล์) ไม่อยู่ในรายการบท"
ui.doctor.title,ตรวจสุขภาพโปรเจกต์
ui.doctor.tMissingFile,"ฉาก ""{0}"" ชี้ไปที่ไฟล์ {1} ซึ่งไม่มีอยู่จริง"
ui.doctor.tMissingFolder,"บท ""{0}"" ไม่มีโฟลเดอร์ {1}"
ui.doctor.tOrphanFile,"ไฟล์ {0} (""{1}"") ไม่มีฉากไหนอ้างถึง"
ui.doctor.tRowsWithoutChapter,มี {0} ฉากในทะเบียนที่ไม่มีบทรองรับ
ui.drafts.delCantDraftMain,ลบไม่ได้ — นี่คือร่างหลัก
ui.drafts.delDraft,ลบร่าง
ui.drafts.delDraftDraft,ลบร่าง “{0}” ทั้งร่าง ?
ui.drafts.hasDraftNameDone,มีร่างชื่อนี้แล้ว
ui.drafts.notFoundDraftFrom,ไม่พบร่างต้นทาง
ui.drafts.renameDraftTo,"เปลี่ยนชื่อฉบับร่าง ""{0}"" เป็น ""{1}"""
ui.editor.ctrlClickOpenWiki,Ctrl+คลิก เปิดใน Wiki
ui.editor.hasCommentBindText,มีคอมเมนต์ผูกกับข้อความนี้
ui.editor.pageBreak,ขึ้นหน้าใหม่
ui.elem.actBreak,ตอน
ui.elem.action,บรรยาย
ui.elem.blank,บรรทัดว่าง
ui.elem.character,ตัวละคร
ui.elem.code,บล็อกโค้ด
ui.elem.contLeft,ต่อเนื่อง (ซ้าย)
ui.elem.contRight,ต่อเนื่อง (ขวา)
ui.elem.dialogue,บทพูด
ui.elem.h1,หัวข้อ 1
ui.elem.h2,หัวข้อ 2
ui.elem.h3,หัวข้อ 3
ui.elem.h4,หัวข้อ 4
ui.elem.h5,หัวข้อ 5
ui.elem.h6,หัวข้อ 6
ui.elem.hr,เส้นคั่น
ui.elem.image,รูปภาพ
ui.elem.img,รูปภาพ
ui.elem.intercut,สลับฉาก
ui.elem.note,โน้ต
ui.elem.ol,รายการเลข
ui.elem.outline1,โครง 1
ui.elem.outline2,โครง 2
ui.elem.outline3,โครง 3
ui.elem.p,ย่อหน้า
ui.elem.pBold,ย่อหน้าหนา
ui.elem.pItalic,ย่อหน้าเอียง
ui.elem.pRight,ย่อหน้าชิดขวา
ui.elem.pageBreak,ขึ้นหน้าใหม่
ui.elem.pagebreakProse,ขึ้นหน้าใหม่
ui.elem.parenthetical,วงเล็บ
ui.elem.quote,ยกคำพูด
ui.elem.raw,อื่น ๆ
ui.elem.scene,หัวฉาก
ui.elem.shot,ช็อต
ui.elem.subheader,ฉากย่อย
ui.elem.summary,สรุป
ui.elem.transition,ทรานซิชันออก (ขวา)
ui.elem.transitionIn,ทรานซิชันเข้า (ซ้าย)
ui.elem.ul,รายการจุด
ui.err.badJson,รูปแบบ JSON ไม่ถูกต้อง
ui.err.busy,ไฟล์กำลังถูกใช้งานอยู่ — ลองอีกครั้งในอีกสักครู่
ui.err.denied,ไม่มีสิทธิ์เข้าถึงไฟล์นี้ — ลองปิดโปรแกรมอื่นที่เปิดไฟล์ค้างไว้ แล้วลองใหม่
ui.err.isDir,ปลายทางเป็นโฟลเดอร์ ไม่ใช่ไฟล์
ui.err.network,ติดต่อเครือข่ายไม่สำเร็จ — ตรวจการเชื่อมต่อแล้วลองใหม่
ui.err.noSpace,พื้นที่เก็บข้อมูลเต็ม
ui.err.notFound,ไม่พบไฟล์หรือโฟลเดอร์ที่ต้องใช้ (อาจถูกย้ายหรือลบไปแล้ว)
ui.err.readOnly,ที่เก็บนี้เขียนไม่ได้ (อ่านอย่างเดียว)
ui.err.tooManyFiles,เปิดไฟล์พร้อมกันมากเกินไป — ลองปิดแท็บที่ไม่ใช้แล้วลองใหม่
ui.err.unknown,เกิดข้อผิดพลาดที่ไม่รู้จัก (ดูรายละเอียดในแผงบันทึก)
ui.errors.needScene,เปิดฉากก่อน
ui.errors.noFile,ไม่พบไฟล์
ui.errors.openProjectFirst,เปิดโปรเจกต์ก่อนจึงจะตั้งค่าได้
ui.errors.pressShortcut,กดปุ่มลัด…
ui.errors.requiresCtrl,ต้องมี Ctrl/⌘
ui.exportBlog.busyNewHTML,กำลังสร้าง HTML…
ui.exportBlog.busyWriteFileHTML,กำลังเขียนไฟล์ HTML…
ui.exportBlog.darkReadNight,มืด (อ่านกลางคืน)
ui.exportBlog.exportBlogImageCant,export-blog: ฝังรูปไม่ได้ 
ui.exportBlog.exportBlogSkipScene,export-blog: ข้ามฉาก 
ui.exportBlog.exportHTMLBlock,ส่งออกเป็น HTML สำหรับบล็อก
ui.exportBlog.exportHTMLBlockDone,ส่งออก HTML สำหรับบล็อกแล้ว ({0} ฉาก{1}): 
ui.exportBlog.exportHTMLFail,ส่งออก HTML ล้มเหลว
ui.exportBlog.exportKillian2,ส่งออกจาก Killian 2
ui.exportBlog.fileBigMorePaste,ไฟล์ใหญ่ขึ้นมาก แต่ก๊อปไปวางที่ไหนก็เห็นรูป ไม่ต้องอัปโหลดแยก
ui.exportBlog.imageFile, · ฝังรูป {0} ไฟล์
ui.exportBlog.imageFileBase64,ฝังรูปในไฟล์ (base64)
ui.exportBlog.mediumCard,Medium (การ์ดครีม)
ui.exportBlog.notHasFrame,เรียบ (ไม่มีกรอบ)
ui.exportBlog.preview,ดูตัวอย่าง
ui.exportBlog.previewMeta,{0} ฉากที่จะส่งออก
ui.exportBlog.previewTitle,ตัวอย่างก่อนส่งออกบล็อก
ui.exportBlog.putNameChapterH2,ใส่ชื่อบท (H2)
ui.exportBlog.putNameSceneH3,ใส่ชื่อฉาก (H3)
ui.exportBlog.scope,ขอบเขต
ui.exportBlog.scopeAll,ทั้งโปรเจกต์
ui.exportBlog.skippedN,ข้าม {0} ฉาก
ui.exportBlog.theme,ธีม
ui.exportFdx.write,"เขียนโดย
"
ui.exportRtf.write,เขียนโดย
ui.exportZip.breakFileDoneFile,แตกไฟล์แล้ว ({0} ไฟล์) แต่ไม่พบ project.khn.json — ไม่ใช่โปรเจกต์ Killian
ui.exportZip.busyBreakFileZIP,กำลังแตกไฟล์ ZIP…
ui.exportZip.busyBreakFileZIP2,กำลังแตกไฟล์ ZIP… ({0}/{1})
ui.exportZip.busyCollectJSON,กำลังรวบรวม JSON…
ui.exportZip.busyWriteFileJSON,กำลังเขียนไฟล์ JSON…
ui.exportZip.busyWriteFileZIP,กำลังบีบอัดและเขียนไฟล์ ZIP…
ui.exportZip.busyZIP,กำลังแพ็ค ZIP…
ui.exportZip.busyZIPFile,กำลังแพ็ค ZIP… ({0} ไฟล์)
ui.exportZip.exportJSONDone,ส่งออก JSON แล้ว: 
ui.exportZip.exportJSONFail,ส่งออก JSON ล้มเหลว
ui.exportZip.exportZIPDoneFile,ส่งออก ZIP แล้ว ({0} ไฟล์): 
ui.exportZip.exportZIPFail,ส่งออก ZIP ล้มเหลว: 
ui.exportZip.exportZipSkipFile,export-zip: ข้ามไฟล์ 
ui.exportZip.fileZIPEmpty,ไฟล์ ZIP นี้ว่างเปล่า
ui.exportZip.importProjectDoneFile,นำเข้าโปรเจกต์แล้ว ({0} ไฟล์): 
ui.exportZip.importZIPFail,นำเข้า ZIP ล้มเหลว: 
ui.exportZip.importZipNotHas,import-zip: ไม่มี project.khn.json ที่ 
ui.exportZip.taskName,ส่งออก ZIP
ui.fab.actChapter,สร้างบท
ui.fab.actCharacter,สร้างตัวละคร
ui.fab.actDashboard,แดชบอร์ด
ui.fab.actExport,ศูนย์รวมการส่งออก
ui.fab.actFocus,โหมดโฟกัส
ui.fab.actGallery,คลังรูป
ui.fab.actImage,แทรกรูป
ui.fab.actItem,สร้างสิ่งของ
ui.fab.actKanban,กระดาน Kanban
ui.fab.actLocation,สร้างสถานที่
ui.fab.actLore,สร้างตำนาน/ความรู้
ui.fab.actMaps,แผนที่
ui.fab.actMemo,สร้าง Memo
ui.fab.actNote,กระดาษทด
ui.fab.actQuickNote,โน้ตด่วนของฉาก
ui.fab.actQuickOpen,เปิดไฟล์ด่วน
ui.fab.actSaveAll,บันทึกทั้งหมด
ui.fab.actScene,สร้างฉาก
ui.fab.actSearch,ค้นทั้งผลงาน
ui.fab.actSettings,ตั้งค่า
ui.fab.actSnapshot,สำรองข้อมูลเดี๋ยวนี้
ui.fab.actTemplate,สร้างจากแม่แบบ
ui.fab.actTimeline,เส้นเวลา
ui.fab.count,เลือกไว้ {0} / {1} คำสั่ง
ui.fab.ctxConfig,ตั้งค่าคำสั่งบนปุ่มลอย…
ui.fab.ctxHide,ซ่อนปุ่มลอย
ui.fab.ctxMoveHint,คลิกขวาค้างแล้วลาก = ย้ายปุ่ม
ui.fab.ctxReset,คืนตำแหน่งเดิม
ui.fab.dispIcon,ไอคอน
ui.fab.dispIconText,ไอคอน + ข้อความ
ui.fab.display,แสดงเป็น
ui.fab.dispText,ข้อความ
ui.fab.empty,ยังไม่ได้เลือกคำสั่งไหนเลย — ปุ่มลอยจะกดแล้วไม่มีอะไรโผล่
ui.fab.grpCreate,สร้างของใหม่
ui.fab.grpFile,ไฟล์
ui.fab.grpView,มุมมอง/แผง
ui.fab.grpWrite,ระหว่างเขียน
ui.fab.hint,เลือกคำสั่งที่จะให้โผล่บนปุ่มลอยได้สูงสุด {0} คำสั่ง — ติ๊กแล้วเห็นผลทันที · ย้ายตัวปุ่มได้ด้วยการคลิกขวาค้างแล้วลาก
ui.fab.needProject,เปิดผลงานก่อนจึงจะสร้างของใหม่ได้
ui.fab.posReset,คืนปุ่มลอยกลับมุมขวาล่างแล้ว
ui.fab.posSaved,จำตำแหน่งปุ่มลอยแล้ว
ui.filterCommands,กรองคำสั่ง…
ui.floorplan.addList, — เพิ่มรายการ
ui.floorplan.cancelPin,ยกเลิกการปัก
ui.floorplan.cantOpenScene,ยังไม่ได้เปิดฉาก
ui.floorplan.cantPinPosPress,"ยังไม่ได้ปักตำแหน่ง — กด ""ปักตำแหน่งฉากนี้"""
ui.floorplan.clearPos,ล้างตำแหน่ง
ui.floorplan.clearPosSceneDone,ล้างตำแหน่งของฉากแล้ว
ui.floorplan.clickBtnDoneClickF,"คลิกปุ่มนี้แล้วคลิกบนแผนที่ เพื่อบอกว่าฉาก ""{0}"" เกิดตรงไหน"
ui.floorplan.clickOpenScene,"
คลิกเพื่อเปิดฉาก"
ui.floorplan.clickTopMapTop,คลิกบนแผนที่ (หรือบนหมุด) เพื่อกำหนดตำแหน่งของฉากนี้
ui.floorplan.delList,ลบรายการนี้
ui.floorplan.eg,เช่น กุญแจสนิม
ui.floorplan.egSoundLayerTop,เช่น เสียงฝีเท้าชั้นบน
ui.floorplan.egTopBg,เช่น รอยเลือดบนพื้น
ui.floorplan.floorplanLoadMapsJson,floorplan: โหลด maps.json ไม่ได้
ui.floorplan.floorplanReadSceneCant,floorplan: อ่านฉากไม่ได้
ui.floorplan.lineTimePlace,เส้นเวลาของสถานที่นี้
ui.floorplan.mapNotHasImage,แผนที่นี้ยังไม่มีรูป — ใส่รูปได้ที่หน้า แผนที่ (Maps)
ui.floorplan.notHasSceneBind,"ยังไม่มีฉากผูกกับแผนที่นี้ — เปิดฉากแล้วกด ""ปักตำแหน่งฉากนี้"""
ui.floorplan.notPlanned,ยังไม่มีแผนที่
ui.floorplan.notPlannedNewView,ยังไม่มีแผนที่ — สร้างได้ที่ มุมมอง → แผนที่ (Maps)
ui.floorplan.pin,หมุด: 
ui.floorplan.pinPosScene2,ปักตำแหน่งฉากนี้
ui.floorplan.pinPosSceneF,"ปักตำแหน่งฉาก ""{0}"" บนแผนที่ {1} แล้ว"
ui.floorplan.pinScene,{0} · {1} หมุด · {2} ฉาก
ui.floorplan.scene, · {0} ฉาก
ui.floorplan.sceneCurrent,ฉากปัจจุบัน
ui.floorplan.sceneExitMap,เอาฉากนี้ออกจากแผนที่
ui.floorplan.sceneOpen,ฉากที่เปิดอยู่
ui.floorplan.thingFound,สิ่งที่พบ
ui.floorplan.thingHear,สิ่งที่ได้ยิน
ui.floorplan.you,คุณอยู่ที่นี่: 
ui.fmtbar.fadeSet,แถบรูปแบบ: ความจาง {0}%
ui.fmtbar.locked,ล็อกแถบรูปแบบแล้ว — ลากไม่ได้จนกว่าจะปลดล็อก
ui.fmtbar.lockedBlocked,แถบถูกล็อกอยู่ จึงไม่ย้ายให้
ui.fmtbar.lockedTip,แถบถูกล็อกอยู่ — ปลดล็อกก่อนถึงจะลากได้
ui.fmtbar.lockTip,ล็อกไม่ให้แถบขยับ
ui.fmtbar.menuAlign,ตำแหน่ง
ui.fmtbar.menuOpacity,ความจาง
ui.fmtbar.menuResetAll,รีเซ็ตทั้งหมด (ตำแหน่ง · ความจาง · ล็อก)
ui.fmtbar.movedBottom,แถบรูปแบบ: ชิดขอบล่างแล้ว
ui.fmtbar.movedTop,แถบรูปแบบ: ชิดขอบบนแล้ว
ui.fmtbar.posBottom,ขอบล่าง
ui.fmtbar.posTop,ขอบบน
ui.fmtbar.rightClickHint, · คลิกขวาที่หูจับดูตัวเลือกเพิ่มเติม
ui.fmtbar.unlocked,ปลดล็อกแถบรูปแบบแล้ว
ui.fmtcfg.customize,ปรับแถบรูปแบบ (โหมด{0})…
ui.fmtcfg.grpAlign,จัดหน้า
ui.fmtcfg.grpBlock,ชนิดบล็อกและหัวข้อ
ui.fmtcfg.grpColor,สีและโน้ต
ui.fmtcfg.grpDoc,เอกสารและมุมมอง
ui.fmtcfg.grpFind,ค้นหา
ui.fmtcfg.grpFont,รูปแบบตัวอักษร
ui.fmtcfg.grpHistory,ย้อนกลับ / ทำซ้ำ
ui.fmtcfg.grpInsert,แทรกและสวิตช์
ui.fmtcfg.grpList,รายการ
ui.fmtcfg.grpView,โหมดการอ่าน/เขียน
ui.fmtcfg.hereBtn,เรียกแถบมาที่เคอร์เซอร์ ({sc:fmtbar-here})
ui.fmtcfg.hereCenter,เมาส์อยู่นอกพื้นที่เขียน — ย้ายแถบไปกลางจอแทน
ui.fmtcfg.hereCursor,ย้ายแถบรูปแบบมาที่เคอร์เซอร์แล้ว
ui.fmtcfg.hidden,"ซ่อน ""{0}"" ในโหมด{1}แล้ว"
ui.fmtcfg.hideThis,"ซ่อน ""{0}"" (เฉพาะโหมด{1})"
ui.fmtcfg.hint,เลือกว่าจะให้ปุ่มไหนโผล่บนแถบรูปแบบลอย — นิยายกับบทภาพยนตร์ตั้งแยกกันคนละชุด · ติ๊กแล้วเห็นผลทันที
ui.fmtcfg.modeAll,ทุกที่ (Wiki · แดชบอร์ด)
ui.fmtcfg.modePlanner,กระดานวางแผน
ui.fmtcfg.modeProse,นิยาย
ui.fmtcfg.modeScreen,บทภาพยนตร์
ui.fmtcfg.naTag,ใช้ไม่ได้ในโหมดนี้
ui.fmtcfg.openFail,เปิดหน้าตั้งค่าแถบรูปแบบไม่สำเร็จ
ui.fmtcfg.showAll,แสดงทุกปุ่มในโหมด{0}
ui.fonts.allChar,ทุกอักขระ
ui.fonts.ayuthayaMacFloat,Ayuthaya (macOS · วรรณยุกต์ลอย)
ui.fonts.chineseJapanese,จีน/ญี่ปุ่น (คันจิ)
ui.fonts.courierPrimeDefaultChapter,Courier Prime (ละติน · มาตรฐานบท)
ui.fonts.cyrillic,ซีริลลิก
ui.fonts.english,ละติน (อังกฤษ)
ui.fonts.khmer,เขมร
ui.fonts.korean,เกาหลี
ui.fonts.leelawadeeWin,Leelawadee UI (Windows · ฟอนต์ระบบ)
ui.fonts.msg,พม่า
ui.fonts.msg2,ลาว
ui.fonts.msg3,อาหรับ
ui.fonts.msg4,เทวนาครี
ui.fonts.thonburiMacNoFloat,Thonburi (macOS · วรรณยุกต์ไม่ลอย)
ui.fonts.tHSarabunNew,TH Sarabun New (ราชการไทย)
ui.gallery.addImage,+ เพิ่มรูป…
ui.gallery.addImageDone,เพิ่มรูปแล้ว: 
ui.gallery.addImageItemIn,เพิ่มรูป {0} ใบเข้าอัลบั้ม {1}
ui.gallery.addImageNew,+ เพิ่มรูปใหม่…
ui.gallery.addImageNotOk,เพิ่มรูปไม่สำเร็จ: 
ui.gallery.aISetCaptionImage,AI: ตั้งคำบรรยายให้รูปที่เลือก
ui.gallery.aISuggestTagImage,AI: แนะนำแท็กให้รูปที่เลือก
ui.gallery.album,อัลบั้ม
ui.gallery.albumCollapseNew,+ อัลบั้มย่อยใหม่…
ui.gallery.albumEmpty,(อัลบั้มนี้ยังว่าง)
ui.gallery.albumTagUseDone,อัลบั้ม {0} · แท็ก {1} · ใช้แล้ว {2}
ui.gallery.allAlbum,ทุกอัลบั้ม
ui.gallery.allAND,ทั้งหมด (AND)
ui.gallery.busyAddImage,กำลังเพิ่มรูป…
ui.gallery.busyCompareImage,กำลังเทียบรูป…
ui.gallery.busyDelImage,กำลังลบรูป…
ui.gallery.busyFindImageDup,กำลังหารูปซ้ำ…
ui.gallery.busyMoveImage,กำลังย้ายรูป…
ui.gallery.caption,คำบรรยายของ 
ui.gallery.caption2,คำบรรยาย…
ui.gallery.captionEditDoneSave,คำบรรยาย — แก้แล้วบันทึกอัตโนมัติ
ui.gallery.changeName,เปลี่ยนชื่อ…
ui.gallery.changeNameAlbumDone,เปลี่ยนชื่ออัลบั้มแล้ว: 
ui.gallery.changeNameNotOk,เปลี่ยนชื่อไม่สำเร็จ: 
ui.gallery.changeNameTag,เปลี่ยนชื่อแท็ก 
ui.gallery.changeNameTagDone,เปลี่ยนชื่อแท็กแล้ว
ui.gallery.changeNameTagLibrary,เปลี่ยนชื่อแท็กนี้ทั้งคลัง
ui.gallery.clearItemFilterTag,ล้างตัวกรองแท็ก
ui.gallery.cmdAddFill,คำสั่งเพิ่มเติม
ui.gallery.countTimesUse,จำนวนครั้งที่ใช้
ui.gallery.dataImage,ข้อมูลรูป
ui.gallery.dataImage2,ข้อมูลรูป
ui.gallery.dateAdd,วันที่เพิ่ม
ui.gallery.delAlbumMoveTrash,ลบอัลบั้ม (ย้ายไปถังขยะ)
ui.gallery.delAlbumReadyImage,ลบอัลบั้ม “{0}” พร้อมรูป {1} ใบ? (ย้ายไปถังขยะ)
ui.gallery.delImageDoneTrash,ลบ {0} รูปแล้ว (อยู่ในถังขยะ)
ui.gallery.delImageMoveTrash,ลบ {0} รูป? (ย้ายไปถังขยะ)
ui.gallery.delNotOk,ลบไม่สำเร็จ: 
ui.gallery.detachOut,ถอดออก
ui.gallery.detachTagDone,ถอดแท็กแล้ว
ui.gallery.detachTagExitAll,ถอดแท็ก {0} ออกจากทุกรูป?
ui.gallery.detachTagExitAll2,ถอดแท็กนี้ออกจากทุกรูป
ui.gallery.detailed,ความละเอียด
ui.gallery.editCaption,แก้คำบรรยาย…
ui.gallery.editLatest,แก้ไขล่าสุด
ui.gallery.editLink,แก้ลิงก์ให้เลย
ui.gallery.editTag,แก้แท็ก…
ui.gallery.egCharacter,เช่น ตัวละคร
ui.gallery.exportAlbum,ส่งออกอัลบั้มนี้…
ui.gallery.exportAlbumPick,ส่งออกอัลบั้มที่เลือกอยู่…
ui.gallery.exportPick,ส่งออกที่เลือก
ui.gallery.filterUsageSource,กรองตามการใช้งานจริงในต้นฉบับ
ui.gallery.findImageTiredLift,หารูปที่คล้ายกัน
ui.gallery.fullImage,เต็มรูป
ui.gallery.hasImageUseSource,"
มี {0} รูปที่ถูกใช้ในต้นฉบับอยู่"
ui.gallery.hasItemUseSource,"
มี {0} ใบที่ยังถูกใช้ในต้นฉบับ"
ui.gallery.imageAll,รูปทั้งหมด
ui.gallery.imageCollapseSizeWrap,ภาพย่อขนาดเท่ากัน (ครอบตัดให้เต็มกรอบ)
ui.gallery.imageDupDupFound,รูปซ้ำ/เกือบซ้ำ — พบ {0} คู่
ui.gallery.imageMoveItemUse,"รูปที่ย้าย {0} ใบถูกใช้อยู่ใน {1} ไฟล์
แก้ลิงก์ในไฟล์เหล่านั้นให้ตรงที่อยู่ใหม่เลยไหม?"
ui.gallery.imageNotUse,{0} รูป · ยังไม่ถูกใช้ {1} · {2}
ui.gallery.imagePick, รูปที่เลือก
ui.gallery.imagePick2,รูปที่เลือก
ui.gallery.imageTiredLift,รูปที่คล้ายกับ 
ui.gallery.imageUse2,รูปที่ใช้จริง
ui.gallery.imageUse3,รูปนี้ถูกใช้ใน
ui.gallery.layerTop,(ชั้นบนสุด)
ui.gallery.lessOneOR,อย่างน้อยหนึ่ง (OR)
ui.gallery.library,ที่อยู่ในคลัง
ui.gallery.line,{0} (บรรทัด {1})
ui.gallery.line3,(บรรทัด {1})
ui.gallery.moveAlbum2,ย้ายไปอัลบั้ม
ui.gallery.moveAlbum3,ย้ายไปอัลบั้ม…
ui.gallery.moveAlbumDone,ย้ายอัลบั้มแล้ว: 
ui.gallery.moveAlbumF,"ย้ายอัลบั้ม ""{0}"" ไปอยู่ใต้"
ui.gallery.moveAlbumTrashDone,ย้ายอัลบั้มไปถังขยะแล้ว
ui.gallery.moveImageAlbum,ย้าย {0} รูปไปอัลบั้มไหน
ui.gallery.moveImageDone,ย้าย {0} รูปแล้ว
ui.gallery.moveImageDoneNot,ย้าย {0} รูปแล้ว (ยังไม่แก้ลิงก์ในต้นฉบับ)
ui.gallery.moveImageUpdateLink,ย้าย {0} รูป · อัปเดตลิงก์ใน {1} ไฟล์
ui.gallery.moveNotOk,ย้ายไม่สำเร็จ: 
ui.gallery.moveUnder,ย้ายไปอยู่ใต้…
ui.gallery.msg,เรียงตาม
ui.gallery.nameAlbumNew,ชื่ออัลบั้มใหม่
ui.gallery.nameNewAlbum,ชื่อใหม่ของอัลบั้ม
ui.gallery.newAlbum,สร้างอัลบั้ม: 
ui.gallery.newAlbumNew,สร้างอัลบั้มใหม่
ui.gallery.newAlbumNotOk,สร้างอัลบั้มไม่สำเร็จ: 
ui.gallery.newImagesJsonNew,สร้าง images.json ใหม่ (ดัชนี v1)
ui.gallery.newIndexImagesJson,สร้างดัชนี images.json ใหม่แล้ว
ui.gallery.notFoundImageDup,(ไม่พบรูปซ้ำ)
ui.gallery.notFoundImageTired,(ไม่พบรูปที่คล้ายกันในคลัง)
ui.gallery.notHasImageAlbum,"ยังไม่มีรูปในอัลบั้มนี้ — กด ""เพิ่มรูป…"" หรือลากไฟล์มาวางตรงนี้"
ui.gallery.notHasImageAt,(ไม่มีรูปที่ตรงกับคำค้น)
ui.gallery.notHasImageAt2,ไม่มีรูปที่ตรงกับตัวกรอง
ui.gallery.notHasImageUse,ยังไม่มีรูปที่ถูกใช้ในต้นฉบับ
ui.gallery.notHasTagClick,(ยังไม่มีแท็ก — คลิกขวาที่รูปเพื่อติดแท็ก)
ui.gallery.openImageCant,เปิดรูปไม่ได้
ui.gallery.openPanelBoardMood,เปิดแผงกระดานอารมณ์ (ผนึกไว้ข้าง ๆ แล้วลากรูปจากตารางไปวางได้)
ui.gallery.pasteTopBoardMood,วางบนกระดานอารมณ์
ui.gallery.pickImage,เลือกไว้ {0} รูป
ui.gallery.pickImageBeforeDone,เลือกรูปก่อน แล้วค่อยวางบนกระดาน
ui.gallery.pickImageBeforeDone2,เลือกรูปก่อน แล้วสั่ง AI ตั้งคำบรรยาย
ui.gallery.pickImageBeforeDone3,เลือกรูปก่อน แล้วสั่ง AI แนะนำแท็ก
ui.gallery.pickImageLibrary,เลือกรูปจากคลัง
ui.gallery.pickNotPick,เลือก/ไม่เลือก
ui.gallery.rowImageSeeName,แถวละรูป — เห็นชื่อ คำบรรยาย แท็ก ขนาด และการใช้งานพร้อมกัน
ui.gallery.saveCaptionDone,บันทึกคำบรรยายแล้ว
ui.gallery.saveTagDone,บันทึกแท็กแล้ว
ui.gallery.scanLibraryImage,สแกนคลังรูป…
ui.gallery.scanLibraryImageNew,สแกนคลังรูปใหม่แล้ว
ui.gallery.scanNewFileUsage,สแกนใหม่ (ไฟล์/การใช้งาน)
ui.gallery.sceneScene,#ฉาก @เอกราช ~ฉากที่ 3
ui.gallery.searchNameFileCaption,ค้นชื่อไฟล์ / คำบรรยาย / แท็ก
ui.gallery.seeImageRatioNot,เห็นทั้งรูปตามสัดส่วนจริง ไม่ครอบตัด
ui.gallery.showOnlyImageNot,แสดงเฉพาะรูปที่ยังไม่ถูกใช้
ui.gallery.sizeFile,ขนาดไฟล์
ui.gallery.tag,ติดแท็ก
ui.gallery.tagImageDone,ติดแท็กให้ {0} รูปแล้ว
ui.gallery.tagImageFieldEmpty,แท็กของ {0} รูป (คั่นด้วยช่องว่าง · @ = เอนทิตี้ Wiki · ~ = ฉาก)
ui.gallery.toggleFilter,สลับเงื่อนไขการกรอง
ui.gallery.under, (อยู่ใต้ {0})
ui.gallery.updateLinkImageFile,อัปเดตลิงก์รูปใน {0} ไฟล์
ui.gallery.use,ใช้ 
ui.gallery.use2,ใช้ใน
ui.gallery.useTimes,"{0}
ใช้ {1} ครั้ง"
ui.galleryAi.aIBusySetCaption,AI กำลังตั้งคำบรรยาย… ({0}/{1}) {2}
ui.galleryAi.aIBusySuggestTag,AI กำลังแนะนำแท็ก… ({0}/{1}) {2}
ui.galleryAi.aICantSendCaption,AI ไม่ได้ส่งคำบรรยายกลับมา
ui.galleryAi.aICantSendTag,AI ไม่ได้ส่งแท็กกลับมา
ui.galleryAi.aISetCaptionFail,AI ตั้งคำบรรยายล้มเหลว: 
ui.galleryAi.aISetCaptionImage,AI ตั้งคำบรรยายให้ {0} รูปแล้ว
ui.galleryAi.aISuggestTagFail,AI แนะนำแท็กล้มเหลว: 
ui.galleryAi.aISuggestTagImage,AI แนะนำแท็กให้ {0} รูปแล้ว
ui.galleryAi.album,อยู่ในอัลบั้ม: {0}
ui.galleryAi.captionCurrent,คำบรรยายปัจจุบัน: {0}
ui.galleryAi.forbidExplainAddReply,ห้ามอธิบายอะไรเพิ่ม ตอบแค่บรรทัดแท็ก
ui.galleryAi.galleryAiVisionFail,gallery-ai: vision ล้มเหลว
ui.galleryAi.galleryAiVisionUse,gallery-ai: vision ใช้ไม่ได้ → ตกไปทางข้อความ
ui.galleryAi.imagePickHasCaption,รูปที่เลือกมีคำบรรยายครบแล้ว (ต้องการเขียนทับให้ลบคำบรรยายเดิมก่อน)
ui.galleryAi.nameFile,ชื่อไฟล์: {0}
ui.galleryAi.nameHasCodexStory,"

ชื่อที่มีในสารานุกรมของเรื่อง (ใช้ @ ถ้าตรง): {0}"
ui.galleryAi.notTagUsePage,ไม่เกิน 5 แท็ก · ใช้ # นำหน้าแท็กทั่วไป และ @ นำหน้าชื่อตัวละคร/สถานที่ที่มั่นใจจริง ๆ 
ui.galleryAi.replyThaiShortNot,ตอบเป็นภาษาไทยสั้น ๆ ไม่เกิน 12 คำ บรรทัดเดียว ไม่ต้องมีเครื่องหมายคำพูดหรือคำอธิบายอื่น
ui.galleryAi.setCaptionShortImage,"ตั้งคำบรรยายสั้น ๆ ให้รูปนี้

{0}"
ui.galleryAi.setCaptionShortImage2,"ตั้งคำบรรยายสั้น ๆ ให้รูปในคลังรูป โดยเดาจากข้อมูลเท่าที่มี (อย่าแต่งรายละเอียดที่ไม่มีหลักฐาน)

{0}"
ui.galleryAi.setTagImage,"ตั้งแท็กให้รูปนี้

{0}{1}"
ui.galleryAi.tagCurrent,แท็กปัจจุบัน: {0}
ui.galleryAi.useScene,ถูกใช้ในฉาก: 
ui.galleryAi.youHelpSetCaption,คุณช่วยตั้งคำบรรยายรูปภาพสำหรับคลังรูปของนักเขียนนิยาย/บทภาพยนตร์ 
ui.galleryAi.youHelpSetTag,คุณช่วยตั้งแท็กให้รูปในคลังรูปของนักเขียน ตอบเป็นรายการแท็กภาษาไทยคั่นด้วยช่องว่าง 
ui.galleryAlbum.countUsage,จำนวนการใช้งาน
ui.galleryAlbum.dateAddNewLast,วันที่เพิ่ม (ใหม่สุดก่อน)
ui.galleryAlbum.delAlbumCant,ลบอัลบั้มรากไม่ได้
ui.galleryAlbum.hasAlbumName,มีอัลบั้มชื่อนี้อยู่แล้ว
ui.galleryAlbum.moveAlbumCant,ย้ายอัลบั้มรากไม่ได้
ui.galleryAlbum.moveInAlbumItem,ย้ายเข้าไปในอัลบั้มลูกของตัวเองไม่ได้
ui.galleryAlbum.nameAlbumUseCant,ชื่ออัลบั้มใช้ไม่ได้
ui.galleryAlbum.nameNotValid,ชื่อไม่ถูกต้อง
ui.galleryAlbum.notFoundAlbum,ไม่พบอัลบั้ม
ui.galleryAlbum.notGroup,ยังไม่จัดกลุ่ม
ui.galleryAlbum.orderArrange,ลำดับที่จัดเอง
ui.galleryAlbum.sizeFileBigLast,ขนาดไฟล์ (ใหญ่สุดก่อน)
ui.galleryAlbum.toHasAlbumName,ปลายทางมีอัลบั้มชื่อนี้อยู่แล้ว
ui.galleryExport.album,อัลบั้ม: {0}
ui.galleryExport.boardEmptyNotHas,กระดานยังว่าง — ไม่มีอะไรให้ส่งออก
ui.galleryExport.busyCollectImage,กำลังรวบรวมรูป… ({0}/{1})
ui.galleryExport.busyCollectImageItem,กำลังรวบรวมรูป {0} ใบ…
ui.galleryExport.busyDrawBoardMood,กำลังวาดกระดานอารมณ์…
ui.galleryExport.busyWriteFile,กำลังบีบอัดและเขียนไฟล์…
ui.galleryExport.busyWriteFileImage,กำลังเขียนไฟล์ภาพ…
ui.galleryExport.caption,คำบรรยาย: {0}
ui.galleryExport.exportBoardFail,ส่งออกกระดานล้มเหลว: 
ui.galleryExport.exportBoardMoodDone,ส่งออกกระดานอารมณ์แล้ว ({0}×{1}): 
ui.galleryExport.exportImageFail,ส่งออกรูปล้มเหลว: 
ui.galleryExport.exportImageItemDone,ส่งออกรูป {0} ใบแล้ว: 
ui.galleryExport.galleryExportSkipFile,gallery-export: ข้ามไฟล์ 
ui.galleryExport.imageAllItem,รูปทั้งหมด {0} ใบ
ui.galleryExport.libraryImage,คลังรูป
ui.galleryExport.listImageMd,รายการรูป.md
ui.galleryExport.notHasImageExport,ไม่มีรูปให้ส่งออก
ui.galleryExport.tag,แท็ก: {0}
ui.galleryMoodboard.adjustAllItemAt,ปรับทุกชิ้นให้ตรงสัดส่วนรูปแล้ว
ui.galleryMoodboard.adjustAllItemAt2,ปรับทุกชิ้นให้ตรงสัดส่วนรูป
ui.galleryMoodboard.adjustAtRatioImage,ปรับให้ตรงสัดส่วนรูป
ui.galleryMoodboard.arrangeAuto,จัดเรียงอัตโนมัติ
ui.galleryMoodboard.boardAlbum,กระดานของอัลบั้มไหน
ui.galleryMoodboard.boardEmptyOpenPanel,"กระดานยังว่าง — เปิดแผง ""คลังรูปภาพ"" ไว้ข้าง ๆ แล้วลากรูปมาวางตรงนี้ได้เลย "
ui.galleryMoodboard.bottomLast,ลงล่างสุด
ui.galleryMoodboard.clearBoardMoodAlbum,ล้างกระดานอารมณ์ของอัลบั้มนี้? (ไม่ลบไฟล์รูป)
ui.galleryMoodboard.clearBoardNotDel,ล้างกระดาน (ไม่ลบไฟล์)
ui.galleryMoodboard.cmdAddFillBoard,คำสั่งเพิ่มเติมของกระดาน
ui.galleryMoodboard.exitBoardNotDel,เอาออกจากกระดาน (ไม่ลบไฟล์)
ui.galleryMoodboard.exportBoardImage,ส่งออกกระดานเป็นภาพ…
ui.galleryMoodboard.pasteImageTopBoard,"วาง {0} รูปบนกระดาน ""{1}"" แล้ว"
ui.galleryMoodboard.pickImageLibraryDone,"(หรือเลือกรูปในคลังแล้วกด ""วางบนกระดาน"")"
ui.galleryMoodboard.top,ขึ้นบนสุด
ui.galleryUsageIndex.msg, +อีก {0}
ui.galleryUsageIndex.useDone,ใช้แล้ว
ui.histOry.addImage,เพิ่มรูป
ui.histOry.adjustCountTimesKeep,· ปรับจำนวนครั้งที่เก็บได้ที่ ตั้งค่า → ทั่วไป
ui.histOry.beforePageAllKeep,ก่อนหน้าทั้งหมดที่เก็บไว้
ui.histOry.change,เปลี่ยนแปลง
ui.histOry.clearHistory,ล้างประวัติ
ui.histOry.clearHistoryAllFile,ล้างประวัติทั้งหมด? (ไฟล์งานไม่ถูกแตะ — หายแค่ความสามารถในการย้อนกลับ)
ui.histOry.clearHistoryDone,ล้างประวัติแล้ว
ui.histOry.copyIn,คัดลอกเข้ามา
ui.histOry.doFileFile,"จะถอน {0} การกระทำ และแตะไฟล์ {1} ไฟล์
"
ui.histOry.dot,อยู่ที่จุดนี้อยู่แล้ว
ui.histOry.file, ไฟล์
ui.histOry.fileOverwriteDotBack,ไฟล์ที่ถูกเขียนทับหลังจุดนั้นจะกลับไปเป็นของเดิม — ย้อนกลับซ้ำอีกทีไม่ได้
ui.histOry.historyNoteOnlyChange,"ประวัติจดเฉพาะ ""การเปลี่ยนแปลงที่ลงไฟล์แล้ว"" — การพิมพ์ที่ยังไม่บันทึกใช้ {sc:editor-undo} ตามปกติ "
ui.histOry.historyUndoFail,history: ย้อนกลับล้มเหลว
ui.histOry.historyUndoNotComplete,history: ย้อนกลับไม่ครบ
ui.histOry.historyUndoOk,history: ย้อนกลับสำเร็จ 
ui.histOry.moveChangeName,ย้าย/เปลี่ยนชื่อ
ui.histOry.msg,ย้อนมาที่นี่
ui.histOry.notHasChangeSave,(ยังไม่มีการเปลี่ยนแปลงที่บันทึกไว้)
ui.histOry.now,ตอนนี้
ui.histOry.openProjectBeforeHas,เปิดโปรเจกต์ก่อนจึงจะมีประวัติ
ui.histOry.restoreFileAllFile,"คืนไฟล์ทุกไฟล์กลับไปเป็นสภาพ ""หลังการกระทำนี้"""
ui.histOry.settingsNotebookHistoryNot,ตั้งค่าสมุดประวัติไม่สำเร็จ
ui.histOry.times,{0}/{1} ครั้ง
ui.histOry.undo,"ย้อนกลับไปที่ ""{0}""?

"
ui.histOry.undoDoneRestoreFile,ย้อนกลับแล้ว — คืน {0} ไฟล์ · ลบ {1} ไฟล์
ui.histOry.undoFail,ย้อนกลับล้มเหลว: 
ui.histOry.undoNotOkPart,ย้อนกลับไม่สำเร็จบางส่วน (ดูรายละเอียดในแผงบันทึก)
ui.home.appWriteNovelScreenplay,โปรแกรมเขียนนิยาย+บทภาพยนตร์ แบบพกพา
ui.home.brokenNoMeta,ไม่พบไฟล์โปรเจกต์ (project.khn.json)
ui.home.brokenRemove,เอาออกจากรายการ
ui.home.brokenTitle,เปิดไม่ได้
ui.home.brokenUnreadable,อ่านโฟลเดอร์โปรเจกต์ไม่ได้
ui.home.card,การ์ด
ui.home.close,ปิดหน้าแรก
ui.home.closePageFirst,ปิดหน้าแรก
ui.home.copyPath,คัดลอกที่อยู่โฟลเดอร์
ui.home.editLatest,แก้ไขล่าสุด: 
ui.home.export,ส่งออก
ui.home.exportProjectOpenFile,ส่งออกโปรเจกต์ที่เปิดอยู่เป็นไฟล์ .zip
ui.home.homeLoadProjectFail,home: โหลดโปรเจกต์ล้มเหลว
ui.home.homePanelLoadFail,home-panel: โหลดล้มเหลว
ui.home.homeReadProjectFail,home: อ่านโปรเจกต์ล้มเหลว: 
ui.home.import,นำเข้า
ui.home.importProjectFileZip,นำเข้าโปรเจกต์จากไฟล์ .zip
ui.home.language,ภาษา
ui.home.msg, โดย 
ui.home.newProject,สร้างโปรเจกต์ใหม่
ui.home.newProjectFirstYours,สร้างโปรเจกต์แรกของคุณ แล้วเริ่มเขียนนิยายหรือบทภาพยนตร์ได้เลย
ui.home.notHasProject,ยังไม่มีโปรเจกต์
ui.home.occurErrorLoadProject,เกิดข้อผิดพลาดในการโหลดโปรเจกต์
ui.home.openProject,เปิดโปรเจกต์
ui.home.openProjectBeforeExport,เปิดโปรเจกต์ก่อน จึงจะส่งออกเป็น .zip ได้
ui.home.pageFirst,หน้าแรก
ui.home.pathCopied,คัดลอกที่อยู่แล้ว
ui.home.quitApp,ออกจากโปรแกรม
ui.home.quitAppHint,ปิด Killian 2 (ถามก่อนถ้ามีงานที่ยังไม่บันทึก)
ui.home.revealInOS,เปิดโฟลเดอร์นี้ในตัวจัดการไฟล์
ui.home.search,ค้นหา
ui.home.searchProject,ค้นหาโปรเจกต์…
ui.home.searchProjectNameAuthor,ค้นหาโปรเจกต์จากชื่อ / ผู้เขียน / ที่อยู่ไฟล์
ui.home.settings,ตั้งค่า
ui.home.settingsHint,ภาษา ธีม ปุ่มลัด และค่าอื่นที่ใช้กับทุกผลงาน
ui.html.elActBreak,ตอน
ui.html.elAction,บรรยาย
ui.html.elCharacter,ตัวละคร
ui.html.elContLeft,ต่อเนื่อง (ซ้าย)
ui.html.elContRight,ต่อเนื่อง (ขวา)
ui.html.elDialogue,บทพูด
ui.html.elIntercut,สลับฉาก
ui.html.elNote,โน้ต
ui.html.elPageBreak,— ขึ้นหน้าใหม่ (---)
ui.html.elParenthetical,วงเล็บ
ui.html.elScene,หัวฉาก
ui.html.elShot,ช็อต
ui.html.elSubheader,ฉากย่อย
ui.html.elTransition,ทรานซิชันออก (ขวา)
ui.html.elTransitionIn,ทรานซิชันเข้า (ซ้าย)
ui.html.findClose,ปิดแถบค้นหา
ui.html.saveProjBtn,บันทึกโปรเจกต์
ui.html.searchProjBtn,ค้นหาทั้งโปรเจกต์
ui.html.spViewSelect,มุมมองหน้ากระดาษ
ui.html.tbAi,เครื่องมือ AI (ขยาย · สรุป · เขียนใหม่)
ui.html.tbAiAnalyzer,AI วิเคราะห์ (จังหวะเรื่อง · ตัวละคร · คำซ้ำ)
ui.html.tbAiChat,AI ผู้ช่วยเขียน (กดซ้ำ = ปิดแผง)
ui.html.tbAiGroup,ผู้ช่วย AI (เมนู)
ui.html.tbAiHub,AI Hub — ทางเข้าเดียวของทุกความสามารถ AI
ui.html.tbAlignCenter,กึ่งกลาง
ui.html.tbAlignJustify,เต็มบรรทัด
ui.html.tbAlignLeft,ชิดซ้าย
ui.html.tbAlignRight,ชิดขวา
ui.html.tbBold,ตัวหนา
ui.html.tbBooks,จัดการเล่ม
ui.html.tbBranch,ผังแตกสาย
ui.html.tbCase,สลับรูปตัวพิมพ์ของข้อความที่เลือก
ui.html.tbChapters,จัดการบท
ui.html.tbClose,ปิดแท็บ
ui.html.tbCloseAll,ปิดทุกแท็บ
ui.html.tbCodex,สารานุกรม (Codex — เอนทิตี้ Wiki ทั้งเล่ม · ส่งออกเป็นเว็บได้)
ui.html.tbColor,สีตัวอักษร
ui.html.tbComments,คอมเมนต์
ui.html.tbDashboard,แดชบอร์ด (Dashboard — สถิติ · ความคืบหน้า)
ui.html.tbDialogue,บทพูดทั้งผลงาน
ui.html.tbDlgb,ห้องซ้อมบท — ให้ AI สวมบทตัวละครคุยกัน
ui.html.tbFind,ค้นหาในเอกสาร
ui.html.tbFloorplan,ผังพื้นที่
ui.html.tbFocus,โหมดโฟกัส
ui.html.tbGallery,คลังรูปภาพ
ui.html.tbGalleryBoard,กระดานอารมณ์
ui.html.tbGsearch,ค้นหาทั้งโปรเจกต์
ui.html.tbH2,หัวข้อ 2
ui.html.tbH3,หัวข้อ 3
ui.html.tbH4,หัวข้อ 4
ui.html.tbHighlight,สีเน้นข้อความ
ui.html.tbHistory,ประวัติการทำงาน (ย้อนกลับไปจุดไหนก็ได้)
ui.html.tbImg,แทรกรูป
ui.html.tbIndent,ย่อหน้าอัตโนมัติ (บรรทัดแรกของย่อหน้า)
ui.html.tbItalic,ตัวเอียง
ui.html.tbKanban,Kanban ตามสถานะ (กดซ้ำ = ปิดแผง)
ui.html.tbLinenum,แสดงเลขบรรทัด
ui.html.tbLog,บันทึกการทำงาน
ui.html.tbMaps,แผนที่
ui.html.tbMdCodes,ซ่อนรหัสนำหน้าบรรทัด (. @ > $shot # …)
ui.html.tbMode,สลับโหมดเอกสาร นิยาย ↔ บทหนัง
ui.html.tbModeText,นิยาย ▾
ui.html.tbNetwork,ผังความสัมพันธ์
ui.html.tbNote,โน้ตด่วน — จดความคิดตอนนี้ไว้ก่อน
ui.html.tbNotesPanel,สมุดโน้ตด่วน
ui.html.tbOl,รายการตัวเลข
ui.html.tbOutlinePanel,สารบัญ
ui.html.tbPanels,จัดการแผง
ui.html.tbPlanner,กระดานวางแผน
ui.html.tbPlayer,ทดลองเล่น
ui.html.tbPlug,คำสั่งจากปลั๊กอิน
ui.html.tbPlugins,ปลั๊กอิน
ui.html.tbPropsPanel,คุณสมบัติ
ui.html.tbQuickopen,ค้นหาไฟล์ด่วน
ui.html.tbQuote,คำพูดยกมา
ui.html.tbRead,โหมดอ่าน (เต็มจอ)
ui.html.tbRecord,บันทึกประจำวัน (จดว่าวันนี้ทำอะไร · ส่งออก CSV)
ui.html.tbRedo,ทำซ้ำ
ui.html.tbSearchPanel,ค้นหา
ui.html.tbSettings,ตั้งค่า
ui.html.tbSideBottom,ซ่อน/แสดงแผงด้านล่าง
ui.html.tbSideLeft,ซ่อน/แสดงแผงด้านซ้าย
ui.html.tbSideRight,ซ่อน/แสดงแผงด้านขวา
ui.html.tbSideTop,ซ่อน/แสดงแผงด้านบน
ui.html.tbSource,ดู Markdown ดิบของฉากนี้
ui.html.tbSpCont,ข้อความต่อเนื่องอัตโนมัติ — (CONTINUED) · CONTINUED: · (MORE) · ชื่อ+(cont'd)
ui.html.tbSpExt,ส่วนเสริมท้ายชื่อตัวละคร (Extension)
ui.html.tbSplit,แยกหน้าจอ (Split View)
ui.html.tbStarter,Story Starter (ตั้งต้นเรื่อง · เล่นเป็นตอนกับ AI)
ui.html.tbStrike,ขีดฆ่า
ui.html.tbStyle,รูปแบบข้อความ
ui.html.tbSub,ตัวห้อย
ui.html.tbSup,ตัวยก
ui.html.tbTimeline,เส้นเวลา
ui.html.tbTreePanel,โปรเจกต์ (Explorer)
ui.html.tbTypewriter,โหมดเครื่องพิมพ์ดีด
ui.html.tbUl,รายการหัวข้อย่อย
ui.html.tbUnderline,ขีดเส้นใต้
ui.html.tbUndo,ย้อนกลับ
ui.html.tbVisual,เล่าด้วยภาพ (Visual telling) — สตอรีบอร์ดของฉากนี้
ui.html.winClose,ปิดโปรแกรม
ui.html.winMax,ขยายเต็มจอ
ui.html.winMin,ย่อหน้าต่าง
ui.html.zoomCtl,ซูมหน้ากระดาษ (Ctrl+ล้อเมาส์)
ui.html.zoomIn,ขยาย
ui.html.zoomOut,ย่อ
ui.html.zoomReset,รีเซ็ต
ui.imgmenu.askWidth,ความกว้างของรูป เป็นเปอร์เซ็นต์ของความกว้างหน้ากระดาษ (1–100)
ui.imgmenu.badWidth,ความกว้างต้องเป็นตัวเลข 1–100
ui.imgmenu.fitPage,เต็มหน้า (รูปกินทั้งหน้ากระดาษ)
ui.imgmenu.head,รูปภาพ
ui.imgmenu.normal,ขนาดปกติ
ui.imgmenu.radius0,ขอบมน: ไม่มน
ui.imgmenu.radius16,ขอบมน: 16 px
ui.imgmenu.radius24,ขอบมน: 24 px
ui.imgmenu.radius4,ขอบมน: 4 px
ui.imgmenu.radius8,ขอบมน: 8 px (ค่าเริ่มต้น)
ui.imgmenu.remove,ลบรูปนี้
ui.imgmenu.widthCustom,ความกว้าง… (กำหนดเอง)
ui.imgmenu.widthPct,ความกว้าง {0}%
ui.imp.chaptersF,บท: {0}  ·  ฉาก: {1}
ui.imp.failed,นำเข้าไม่สำเร็จ: 
ui.imp.filesToCreate,ไฟล์ที่จะสร้าง: 
ui.imp.overwrite,โฟลเดอร์ปลายทางมีโปรเจกต์อยู่แล้ว — เขียนทับไหม?
ui.imp.projectName,ชื่อโปรเจกต์: 
ui.imp.scenes,   ·  ฉาก: 
ui.imp.untitled,(ไม่มีชื่อ)
ui.imp.warnPrefixF,คำเตือน {0} รายการ (ดูใน Log)
ui.imp.working,กำลังนำเข้า…
ui.impOrt.busyReadProjectScrivener,กำลังอ่านโปรเจกต์ Scrivener…
ui.impOrt.importDoneFile,นำเข้าเสร็จ {0} ไฟล์ → {1}
ui.impOrt.importFile,นำเข้า {0}/{1} ไฟล์…
ui.impOrt.pickFolderToDone,"

เลือกโฟลเดอร์ปลายทางแล้วนำเข้าเลยไหม?"
ui.impOrt.scrivenerImportHasWord,scrivener import: มีคำเตือน
ui.impOrt.scrivenerImportOk,scrivener import สำเร็จ
ui.impOrtScrivener.cantPickFolderTo,ยังไม่ได้เลือกโฟลเดอร์ปลายทาง
ui.impOrtScrivener.mustSendIoAdapter,ต้องส่ง io adapter เข้ามา
ui.impOrtScrivener.notFoundBody,"ไม่พบเนื้อหาของ ""{0}"" ({1})"
ui.impOrtScrivener.notFoundFileScrivx,ไม่พบไฟล์ .scrivx ในโฟลเดอร์นี้ (ต้องชี้ไปที่โฟลเดอร์ .scriv)
ui.impOrtScrivener.notHasChapter,(ไม่มีบท)
ui.impOrtScrivener.readOutlineBinderCant,อ่านโครง binder ไม่ได้ (ไฟล์อาจเสียหาย)
ui.importSp.asNewScene,สร้างเป็นฉากใหม่
ui.importSp.countWord,จำนวนคำ: 
ui.importSp.dialogueF,บทพูด: {0}    คำบรรยาย: {1}
ui.importSp.file,ไฟล์: 
ui.importSp.import,นำเข้าจาก: 
ui.importSp.importNotOk,นำเข้าไม่สำเร็จ: 
ui.importSp.notFoundFileHTML,ไม่พบไฟล์ HTML ใน .celtx — อาจเป็น Celtx รุ่นเก่าที่เก็บเป็น XML ตรงๆ
ui.importSp.notKnownFormatFile,ไม่รู้จักรูปแบบไฟล์: 
ui.importSp.previewEmpty,อ่านไฟล์แล้วไม่พบเนื้อบทเลย
ui.importSp.previewTitle,ตัวอย่างบทที่จะนำเข้า
ui.importSp.readFileNotOk,อ่านไฟล์ไม่สำเร็จ: 
ui.importSp.replaceTab,แทนที่เนื้อในแท็บที่เปิดอยู่
ui.importSp.xMLNotValid,XML ไม่ถูกต้อง: 
ui.kanban.add,+ เพิ่มคอลัมน์
ui.kanban.addStatus,เพิ่มสถานะ
ui.kanban.addStatusHint,เพิ่มคอลัมน์ = เพิ่มสถานะฉากของทั้งโปรเจกต์ (เห็นใน Explorer ทันที)
ui.kanban.deleteColumn,ลบคอลัมน์
ui.kanban.deleteMove,"ลบสถานะ ""{0}""? ฉาก {1} ฉากในคอลัมน์นี้จะย้ายไป ""{2}"""
ui.kanban.draftPick,เลือกฉบับร่างที่จะแสดงบนกระดาน
ui.kanban.hiddenBuiltin, (ซ่อนจากกระดานอยู่)
ui.kanban.manageStatus,จัดการสถานะ
ui.kanban.moveScenesFirst,ย้ายฉากออกจากคอลัมน์นี้ก่อน
ui.kanban.newColumn,ชื่อคอลัมน์ใหม่
ui.kanban.newColumnHint,เช่น รอรีวิว
ui.kanban.newDraftBeforeUse,สร้างฉบับร่างก่อนจึงจะใช้ Kanban ได้
ui.kanban.restoreStatus,แสดงคืน
ui.kanban.sceneNotFound,ไม่พบไฟล์ฉาก: 
ui.kanban.statusExists,มีสถานะชื่อนี้อยู่แล้ว
ui.kanban.unset,ยังไม่กำหนด
ui.layoutSplit.fieldEmpty,ช่องว่าง
ui.layoutSplit.leftRight,ซ้าย-ขวา
ui.layoutSplit.topBottom,บน-ล่าง
ui.locations,ที่
ui.log.dup,[วนซ้ำ]
ui.log.dupTimes,  (ซ้ำ {0} ครั้ง)
ui.log.error,ผิดพลาด
ui.log.msg,เตือน
ui.logline.compassHead,เข็มทิศเรื่อง (Logline ที่ผู้เขียนตั้งไว้ — ใช้ตรวจว่าเนื้อหาไม่หลุดแกนเรื่อง)
ui.logline.compassRule,คำแนะนำ/ข้อความที่เขียนต้องสอดคล้องกับเข็มทิศนี้ ถ้าเนื้อหาเริ่มหลุดจากเป้าหมาย อุปสรรค หรือเดิมพัน ให้บอกผู้เขียนสั้น ๆ
ui.logline.goal,เป้าหมาย (Goal / Want)
ui.logline.hGoal,ตัวละครต้องการอะไรอย่างเป็นรูปธรรม
ui.logline.hInciting,เหตุการณ์อะไรที่ผลักให้ชีวิตเดิมจบลง
ui.logline.hLogline,เมื่อ [เหตุการณ์] [ตัวละคร] ต้อง [เป้าหมาย] ก่อนที่ [เดิมพัน]
ui.logline.hObstacle,ใคร/อะไรขวางทาง
ui.logline.hProtagonist,ใคร — ข้อบกพร่องหรือจุดเด่นที่ทำให้น่าติดตาม
ui.logline.hStakes,ถ้าล้มเหลวจะเสียอะไร
ui.logline.inciting,เหตุการณ์กระตุ้น (Inciting Incident / When)
ui.logline.logline,Logline (ประโยคเดียว)
ui.logline.obstacle,อุปสรรค / ตัวร้าย (Antagonist / Obstacle)
ui.logline.protagonist,ตัวละครหลัก (Protagonist / Who)
ui.logline.saved,บันทึก Logline แล้ว
ui.logline.stakes,เดิมพัน (Stakes)
ui.logline.title,Logline
ui.logline.why,AI ใช้เป็นเข็มทิศ ช่วยให้เนื้อเรื่องไม่หลุดแกน
ui.maps.addMap,+ เพิ่มแผนที่
ui.maps.backSizeFitFrame,กลับไปขนาดพอดีกรอบ (100%)
ui.maps.busyNextRouteClick,กำลังต่อเส้นทาง “{0}” — คลิกหมุดตามลำดับที่เดินทาง ({1} จุด)
ui.maps.cancelPick,ยกเลิกการเลือก
ui.maps.cantPickPin,ยังไม่ได้เลือกหมุด
ui.maps.catEgWorldCurrent,หมวด (เช่น โลกปัจจุบัน)
ui.maps.catMapSkipEmpty,หมวดแผนที่ — เว้นว่างได้
ui.maps.changeImage,เปลี่ยนรูป
ui.maps.changeNameRoute,เปลี่ยนชื่อเส้นทาง
ui.maps.clickEmptyPinPinF,คลิกที่ว่าง = ปักหมุด · {0} · Ctrl+คลิก = เลือกหลายตัว · Shift+ลาก = เลือกเป็นกรอบ · Ctrl+ล้อ = ซูม
ui.maps.clickPinOpenDialog,คลิกหมุด = เปิดกล่องแก้ไขหมุด
ui.maps.clickPinOpenLink,คลิกหมุด = เปิดลิงก์ของหมุด (ประตู/หน้า Wiki) · ไม่แก้ไขอะไร
ui.maps.collapsePin,ย่อหมุด
ui.maps.compass,เข็มทิศ
ui.maps.copy,⧉ คัดลอก
ui.maps.copyPinDoneOpen,"คัดลอก {0} หมุดแล้ว — เปิดแผนที่ปลายทางแล้วกด ""วาง"""
ui.maps.copyPinPickDone,คัดลอกหมุดที่เลือก แล้วไปวางบนแผนที่อื่นได้
ui.maps.countFieldGridNext,จำนวนช่องกริดต่อด้าน
ui.maps.delMap,ลบแผนที่
ui.maps.delPick,ลบที่เลือก
ui.maps.delPinDone,ลบ {0} หมุดแล้ว
ui.maps.delPinPickItem,ลบหมุดที่เลือก {0} ตัว ?
ui.maps.delRoutePin,ลบเส้นทาง (หมุดยังอยู่)
ui.maps.delRoutePinNot,ลบเส้นทาง “{0}” ? (หมุดไม่ถูกลบ)
ui.maps.done,เสร็จ
ui.maps.dotGap,{0} จุด · ระยะ ~{1}
ui.maps.dotLatest,ถอยจุดล่าสุด
ui.maps.dragPinMoveMode,ลากหมุดเพื่อย้าย (โหมดอื่นลากไม่ได้ กันเลื่อนโดนโดยไม่ตั้งใจ)
ui.maps.expandPin,ขยายหมุด
ui.maps.foundPinTopMap,"""{0}"" — เจอ {1} หมุดบนแผนที่นี้"
ui.maps.gapBarEg,ระยะของแถบ เช่น 100 กม.
ui.maps.lineLineSolid,เส้นประ / เส้นทึบ
ui.maps.mapBindDelDone,(แผนที่ที่ผูกไว้ถูกลบไปแล้ว)
ui.maps.mapsExportPNGNot,maps: ส่งออก PNG ไม่สำเร็จ
ui.maps.mapsPrintMapNot,maps: พิมพ์แผนที่ไม่สำเร็จ
ui.maps.mapsReadImagePortrait,maps: อ่านรูปประจำตัวของเอนทิตี้ไม่ได้
ui.maps.mapsReadScenePin,maps: อ่านฉากที่ปักหมุดไม่ได้
ui.maps.modeMovePosDrag,โหมดย้ายตำแหน่ง — ลากหมุดเพื่อย้าย
ui.maps.nameRoute,ชื่อเส้นทาง
ui.maps.nextDot,ต่อจุด
ui.maps.notFoundMapScene,ไม่พบแผนที่ที่ฉากนี้ผูกไว้ (อาจถูกลบไปแล้ว)
ui.maps.notHasImagePress,"ยังไม่มีรูป — กด ""เปลี่ยนรูป"""
ui.maps.notPlaced,ยังไม่ได้ปักตำแหน่ง
ui.maps.notPlannedPressAdd,"ยังไม่มีแผนที่ — กด ""＋ เพิ่มแผนที่"" แล้วเลือกรูปจากคลังรูปเป็นแผนที่ (เช่น แผนที่โลก/เมือง/ผังห้อง)"
ui.maps.part,มาตราส่วน
ui.maps.pastePin,วาง {0} หมุด
ui.maps.pastePinCopyMap,วางหมุดที่คัดลอกไว้ลงแผนที่นี้
ui.maps.pastePinDone,"วาง {0} หมุดลง ""{1}"" แล้ว"
ui.maps.pickPin,เลือก {0} หมุด
ui.maps.pin, · พิกัดที่ปักเอง
ui.maps.placeIt,ไปปักตำแหน่ง
ui.maps.placeItHint,"เปิดแผงผังพื้นที่ แล้วกด ""ปักตำแหน่งฉากนี้"""
ui.maps.portalMapOther,ประตูไปแผนที่อื่น
ui.maps.portalSceneBindMap,{0} เอนทิตี้ · {1} ประตู · {2} หมายเหตุ · {3} ฉากผูกกับแผนที่นี้
ui.maps.pos,ตำแหน่งเอนทิตี้
ui.maps.pressBtnEditTop," · กดปุ่ม ""แก้ไข"" บนแถบเครื่องมือเพื่อแก้หมุดนี้"
ui.maps.print,พิมพ์
ui.maps.printMapNotOk,พิมพ์แผนที่ไม่สำเร็จ: 
ui.maps.recolorLine,เปลี่ยนสีเส้น
ui.maps.route,เส้นทางที่ 
ui.maps.route2,เส้นทาง
ui.maps.route3,เส้นทาง ({0})
ui.maps.routeDragLineLink,"เส้นทาง = ลากเส้นเชื่อมหมุดตามลำดับ ใช้เล่าการเดินทางของตัวละคร — กด ""＋ เส้นทางใหม่"" แล้วคลิกหมุดทีละจุด"
ui.maps.routeNew,เส้นทางใหม่
ui.maps.routeNew2,+ เส้นทางใหม่
ui.maps.saveMapLibraryImage,บันทึกแผนที่ลงคลังรูปแล้ว: 
ui.maps.saveMapReadyPin,บันทึกแผนที่พร้อมหมุด/เส้นทางเป็นรูปลงคลังรูป
ui.maps.scenePin, ({0} ฉากปักพิกัดเอง)
ui.maps.scenePinCantBind,"
(ฉากที่ปักพิกัดไว้เอง ไม่ได้ผูกกับหมุด)"
ui.maps.sceneWhere,ตำแหน่งบนแผนที่
ui.maps.searchPinName,ค้นหาหมุด (ชื่อ/หมายเหตุ)
ui.maps.setGapField,(ตั้งระยะได้ที่ช่องข้างปุ่มไม้บรรทัด)
ui.maps.showHideLabelUnder,แสดง/ซ่อนป้ายชื่อใต้หมุด
ui.maps.showHideRouteBetween,แสดง/ซ่อนเส้นทางระหว่างหมุด
ui.maps.showItemFilm,แสดงตัวหนังสือ
ui.maps.showOnMap,ดูบนแผนที่
ui.maps.showOnMapHint,เปิดแผงแผนที่แล้วเลื่อนไปที่ตำแหน่งของฉากนี้
ui.maps.sizePin,ขนาดหมุด
ui.maps.tableGrid,ตารางกริด
ui.maps.textUnderBarPart,ข้อความใต้แถบมาตราส่วน
ui.maps.topImage,ทิศเหนืออยู่ด้านบนของภาพ
ui.maps.zoomInCtrlWheel,ซูมเข้า (Ctrl+ล้อ)
ui.maps.zoomOutCtrlWheel,ซูมออก (Ctrl+ล้อ)
ui.menu.ai,AI
ui.menu.aIAnalyzePaceStory,AI วิเคราะห์ (จังหวะเรื่อง · ตัวละคร · คำซ้ำ)
ui.menu.aiHubPanel,AI Hub
ui.menu.alignLeftL,ชิดซ้าย
ui.menu.allFile,ทุกไฟล์
ui.menu.arrangeAreaRun,จัดพื้นที่ทำงาน
ui.menu.assistantWriteExpandSummarize,ผู้ช่วยเขียน (Expand/Summarize/Rewrite)…
ui.menu.backlinksPanelB,ฉากที่กล่าวถึง
ui.menu.backVersionLatestRevert,กลับไปเวอร์ชันล่าสุด (Revert)
ui.menu.blockCode,บล็อกโค้ด
ui.menu.boardMoodMoodBoard,กระดานอารมณ์ (Mood Board) — เปิดเป็นแผงข้าง ๆ แล้วลากรูปมาวางได้
ui.menu.btnFloatCornerRight,ปุ่มลอยมุมขวาล่าง (FAB)
ui.menu.cancelSplitPageScreen,ยกเลิกแยกหน้าจอ
ui.menu.caseBigSmall,ตัวพิมพ์ใหญ่/เล็ก (ให้อิสระ)
ui.menu.centerK,กึ่งกลาง
ui.menu.chapterFilm,บทหนัง
ui.menu.cheatsheet,คู่มือปุ่มลัด…
ui.menu.checkAlwaysCharacter,ตรวจสอบความสม่ำเสมอของตัวละคร…
ui.menu.checkBeforePrintExport,ตรวจก่อนพิมพ์/ส่งออก
ui.menu.checkChapterListError,ตรวจทั้งบท (รายการข้อผิดพลาด)…
ui.menu.checkFindErrorU,ตรวจหาข้อผิดพลาดถัดไป
ui.menu.checkFindWordDup,ตรวจหาคำซ้ำ · สถิติการใช้คำ (Word History)…
ui.menu.checkPlotHole,ตรวจสอบ Plot Hole…
ui.menu.checkUpdate,ตรวจหาอัปเดต…
ui.menu.clearFormatSpace,ล้างรูปแบบ
ui.menu.closeAllTabW,ปิดทุกแท็บ
ui.menu.closeTabW,ปิดแท็บ
ui.menu.codexCodex,สารานุกรม (Codex)
ui.menu.collapse,ย่อ
ui.menu.collapseUI,ย่อ UI
ui.menu.commentScenePanel,คอมเมนต์ในฉากนี้ (แผง)
ui.menu.compareChapter,เปรียบเทียบบท / สคริปต์…
ui.menu.consoleDev,คอนโซลนักพัฒนา…
ui.menu.copyC,คัดลอก
ui.menu.coverTitlePages,หน้าปก (Title Pages)…
ui.menu.cut,ตัด
ui.menu.cutX,ตัด
ui.menu.dashLineUnderU,ขีดเส้นใต้
ui.menu.dashX,ขีดฆ่า
ui.menu.dataResultTaskAuthor,ข้อมูลผลงาน (ผู้เขียน · ตัวแทน · ลิขสิทธิ์)…
ui.menu.delDelete,ลบ (Delete)
ui.menu.delElementType,ลบ element ตามประเภท…
ui.menu.delLineDelete,ลบทั้งบรรทัด
ui.menu.developer,สำหรับนักพัฒนา
ui.menu.dialoguePanel,บทพูดทั้งผลงาน
ui.menu.dlgbPanel,ห้องซ้อมบท
ui.menu.doZ,เลิกทำ
ui.menu.edit,แก้ไข
ui.menu.editIIAuto,แก้ i เดี่ยว ๆ เป็น I ให้อัตโนมัติ
ui.menu.editItemFirstSentence,แก้ตัวแรกของประโยคเป็นตัวใหญ่ให้อัตโนมัติ
ui.menu.exitApp,ออกจากโปรแกรม
ui.menu.expand,ขยาย
ui.menu.expandUI,ขยาย UI
ui.menu.exportHub,ส่งออก…
ui.menu.exportLangCSVKey,ส่งออกภาษาเป็น CSV (key · ไทย · อังกฤษ)…
ui.menu.exportLayoutPanelJSON,ส่งออกการจัดวางแผง (JSON)…
ui.menu.exportWorkFlowSteps,ปรับขั้นตอนเวิร์กโฟลว์ส่งออก…
ui.menu.file,ไฟล์
ui.menu.file2,ไฟล์
ui.menu.fitWidePagePaper,พอดีความกว้างหน้ากระดาษ
ui.menu.fontLangOther,ฟอนต์ตามภาษา (ไทย/ละติน/อื่น ๆ)…
ui.menu.forceCaseBigOnly,บังคับตัวพิมพ์ใหญ่เฉพาะชนิด
ui.menu.forcePrintBigFormat,บังคับพิมพ์ใหญ่ตามรูปแบบบทมาตรฐาน (หัวฉาก · ชื่อตัวละคร · ทรานซิชัน)
ui.menu.format,รูปแบบ
ui.menu.format2,รูปแบบ
ui.menu.formatNovelParaRange,รูปแบบนิยาย (ย่อหน้า · ช่วงบรรทัด · หัวข้อ)…
ui.menu.fullLineJ,เต็มบรรทัด
ui.menu.fullScreen,เต็มจอ
ui.menu.graphAreaFloorPlan,ผังพื้นที่ (Floor Plan)
ui.menu.graphDialogueNextPage,กราฟบทพูดต่อหน้า (Dialogue Chart)…
ui.menu.graphStoryBreakBranch,ผังเรื่องแตกสาย (Branch Tree)
ui.menu.heading,หัวข้อ {0} ({1}+{2})
ui.menu.headPaperAllPage,หัวกระดาษทุกหน้า (Page Headers)…
ui.menu.help,ช่วยเหลือ
ui.menu.help2,ช่วยเหลือ
ui.menu.hidePageLineShot,ซ่อนรหัสนำหน้าบรรทัด (. @ > $shot # …)
ui.menu.hidePanelSideLeft,ซ่อนแผงฝั่งซ้าย
ui.menu.hidePanelSideRight,ซ่อนแผงฝั่งขวา
ui.menu.hideShowPanelAll,ซ่อน/แสดงแผงทั้งหมด
ui.menu.historyDecide,ประวัติการตัดสินใจ…
ui.menu.imageCaseChangeCase,รูปตัวพิมพ์ (Change Case)
ui.menu.imageNotUse,รูปที่ยังไม่ถูกใช้
ui.menu.imagePNG,รูปภาพ PNG
ui.menu.imageSVG,ภาพเวกเตอร์ SVG
ui.menu.importLangCSV,นำเข้าภาษาจาก CSV…
ui.menu.importScreenplayFountainFDX,นำเข้าบทภาพยนตร์… (Fountain · FDX · Celtx · Fade In · Adobe Story)
ui.menu.importScrivenerScrivI,นำเข้าจาก Scrivener (.scriv)…
ui.menu.insertImage,แทรกรูป…
ui.menu.insertLine,แทรกเส้นคั่น (---)
ui.menu.insertShortcode,แทรกโค้ดสั้น…
ui.menu.itemBoldB,ตัวหนา
ui.menu.itemI,ตัวเอียง
ui.menu.kanbanBoardStatus,กระดานตามสถานะ (Kanban)
ui.menu.libraryImageG,คลังรูปภาพ
ui.menu.libraryImageGalleryG,คลังรูปภาพ (Gallery)
ui.menu.lineTimeTimeline,เส้นเวลา (Timeline)
ui.menu.listHeadingCollapse,รายการหัวข้อย่อย
ui.menu.listItemNum,รายการตัวเลข
ui.menu.manageBookDraftBooks,จัดการเล่มและฉบับร่าง (Books)
ui.menu.managePanelShowHide,จัดการแผง (แสดง/ซ่อน)…
ui.menu.manageSmartTypeDelWord,จัดการ SmartType (ลบคำที่จำผิด)…
ui.menu.manageStatusScene,จัดการสถานะฉาก…
ui.menu.manageTabColorVisual,จัดการแท็บสี (Visual Tags)…
ui.menu.mapChar,แผนที่อักขระพิเศษ…
ui.menu.mapMaps,แผนที่ (Maps)
ui.menu.modeDoc,โหมดเอกสาร
ui.menu.modeFocusD,โหมดโฟกัส
ui.menu.modeReadFullScreen,โหมดอ่าน (เต็มจอ)
ui.menu.modeTypewriterT,โหมดเครื่องพิมพ์ดีด
ui.menu.newChoiceTextScene,สร้างทางเลือกจาก [ข้อความ] ในฉากนี้
ui.menu.newDialogue,สร้างบทสนทนา…
ui.menu.newProjectNewN,สร้างโปรเจกต์ใหม่…
ui.menu.newProjectTemplate,สร้างโปรเจกต์จากเทมเพลต…
ui.menu.newWorldWorldbuilding,สร้างโลก (Worldbuilding)…
ui.menu.noteQuick,โน้ตด่วน…
ui.menu.numSceneHeadScene,เลขฉาก (ข้างหัวฉากทั้งสองฝั่ง)
ui.menu.onsetToggle,ฉากมีปัญหา: สลับฉบับเดิม/ฉบับแก้ไข
ui.menu.openDevToolsChromium,เปิด DevTools ของ Chromium
ui.menu.openLibraryImageG,เปิดคลังรูป
ui.menu.openProjectO,เปิดโปรเจกต์…
ui.menu.openReleases,รุ่นที่เผยแพร่แล้ว
ui.menu.openRepo,หน้าโครงการบน GitHub
ui.menu.page,ไปที่หน้า…
ui.menu.pageChapterG,ไปที่หน้า/บท…
ui.menu.pageFirst,ไปหน้าแรก
ui.menu.pageFirstHasIn,หน้าแรกมีทางเข้าของตัวเองที่เมนู มุมมอง → หน้าแรก (Home)
ui.menu.pageFirstHome,หน้าแรก (Home)
ui.menu.pageGuides,เส้นบอกระยะขอบกระดาษ
ui.menu.pageListCharacterCast,หน้ารายชื่อตัวละคร (Cast of Characters)…
ui.menu.pageNumRightTopPaper,เลขหน้า (ชิดขวาบนกระดาษ)
ui.menu.pagePaperGapMargin2,หน้ากระดาษ · ระยะขอบ…
ui.menu.pageSceneG,ไปที่หน้า/ฉาก…
ui.menu.panel,แผง
ui.menu.panelAIAssistantWrite,แผง AI ผู้ช่วยเขียน
ui.menu.panelGroupAI,— AI —
ui.menu.panelGroupPlan,— วางแผน —
ui.menu.panelGroupReview,— ตรวจ —
ui.menu.panelGroupWrite,— เขียน —
ui.menu.panelPairPlannerPlanner,แผงคู่ของ Planner — Planner เป็นคนเปิด/ปิดให้เองตามการเลือกบนกระดาน
ui.menu.panelStoryStarter,แผง Story Starter
ui.menu.partNameVO,ส่วนเสริมท้ายชื่อตัวละคร (V.O. · O.S. · cont'd)…
ui.menu.paste,วาง
ui.menu.pasteStyleTextV,วางแบบข้อความล้วน
ui.menu.pasteV,วาง
ui.menu.pickAll,เลือกทั้งหมด
ui.menu.pickAllA,เลือกทั้งหมด
ui.menu.plannerBoardPlanner,กระดานวางแผน
ui.menu.pluginsPanel,ปลั๊กอิน
ui.menu.printP,พิมพ์…
ui.menu.project,สำรองโปรเจกต์เดี๋ยวนี้
ui.menu.projectDoctor,ตรวจสุขภาพโปรเจกต์
ui.menu.projectExplorer,โปรเจกต์ (Explorer)
ui.menu.projectLatest,โปรเจกต์ล่าสุด
ui.menu.projectReplace,ค้นหาและแทนที่ทั้งโปรเจกต์
ui.menu.propsSceneFileMd,ซิงก์คุณสมบัติฉากจากไฟล์ .md (แก้ไฟล์นอกโปรแกรมแล้วใช้)
ui.menu.repeatY,ทำซ้ำ
ui.menu.reportCharacterReport,รายงานตัวละคร (Character Report)…
ui.menu.reportPlaceLocationReport,รายงานสถานที่ (Location Report)…
ui.menu.resetLayoutPanelAll,รีเซ็ตการจัดวางแผงทั้งหมด
ui.menu.resetZoom,รีเซ็ตซูม
ui.menu.revealActive,แสดงไฟล์ที่เปิดอยู่ในต้นไม้
ui.menu.rightR,ชิดขวา
ui.menu.save,บันทึกเป็น…
ui.menu.saveAllS,บันทึกทั้งหมด
ui.menu.saveChangeChangelog,บันทึกการเปลี่ยนแปลง (Changelog)
ui.menu.saveLog,บันทึก (Log)
ui.menu.saveRunAppLog,บันทึกการทำงานของโปรแกรม (Log)…
ui.menu.saveS,บันทึก
ui.menu.scene,ไปที่ฉาก…
ui.menu.screenplayAllFountainFDX,"บทภาพยนตร์ทุกฟอร์แมต (Fountain, FDX, Celtx, Adobe Story, Fade In Pro)"
ui.menu.script,บท
ui.menu.searchF,ค้นหา…
ui.menu.searchFileQuickO,ค้นหาไฟล์ด่วน…
ui.menu.searchProjectF,ค้นหาทั้งโปรเจกต์
ui.menu.searchProjectF2,ค้นหาทั้งโปรเจกต์…
ui.menu.sessionNew,เซสชันแชทใหม่
ui.menu.setPrintBigLine,ตั้งพิมพ์ใหญ่รายบรรทัดเอง (ตารางรูปแบบ)…
ui.menu.settingsAI,ตั้งค่า AI…
ui.menu.settingsAIProviderCredential,ตั้งค่า AI (ผู้ให้บริการ · Credential · โมเดล · พารามิเตอร์)…
ui.menu.settingsGroup,ตั้งค่า
ui.menu.settingsProject,ตั้งค่าโปรเจกต์…
ui.menu.showFormatLineMargin,แสดงรูปแบบ (เส้นขอบ element + เครื่องหมายจบบรรทัด)
ui.menu.showNumLineLeft,แสดงเลขบรรทัด (รางซ้ายของแผง)
ui.menu.sizeUIBarTool,ขนาด UI (แถบเครื่องมือ/แผง/กล่อง)
ui.menu.sizeUINormal,ขนาด UI ปกติ (100%)
ui.menu.soundTypewriterPrint,เสียงเครื่องพิมพ์ดีดขณะพิมพ์
ui.menu.splitLeftRight,แยกซ้าย-ขวา
ui.menu.splitPageScreenSplit,แยกหน้าจอ (Split View)
ui.menu.splitTopBottom,แยกบน-ล่าง
ui.menu.sprint,สปรินต์การเขียน
ui.menu.storyNetworkGraphRelation,ผังความสัมพันธ์
ui.menu.storyTools,เครื่องมือเล่าเรื่อง
ui.menu.storyYoursDialogPrev,แชทกับเรื่องของคุณ (กล่องเดิม)…
ui.menu.suggestTitle,แนะนำชื่อเรื่อง…
ui.menu.summaryBodyProject,สรุปเนื้อหาโปรเจกต์…
ui.menu.tableCSV,ตาราง CSV
ui.menu.textCaseCycleU,วนรูปตัวพิมพ์
ui.menu.textContCONTINUEDMORE,ข้อความต่อเนื่อง (CONTINUED · MORE · cont'd)
ui.menu.textNormal,ข้อความปกติ
ui.menu.theme,ธีมสี
ui.menu.thesaurusT,คลังคำพ้อง/คำตรงข้าม…
ui.menu.toggleModeNovelChapter,สลับโหมด นิยาย ↔ บทหนัง
ui.menu.tool,เครื่องมือ
ui.menu.toolbarCfg,ปรับปุ่มบนแถบเครื่องมือ…
ui.menu.trialPlayStoryBreak,ทดลองเล่นเรื่องแตกสาย (Player Mode)
ui.menu.view,มุมมอง
ui.menu.viewChapter,มุมมองบท
ui.menu.viewNoteAll,ดูโน้ตทั้งหมด…
ui.menu.viewPagePaper,มุมมองหน้ากระดาษ
ui.menu.wordSpeakLift,คำพูดยกมา
ui.menu.workY,เวิร์กสเปซ…
ui.menu.zoom,ซูม
ui.nav.clearColor,ล้างสี
ui.nav.clearFilter,ล้างตัวกรองทั้งหมด
ui.nav.colLoc,บรรทัด / หน้า
ui.nav.colText,ข้อความ
ui.nav.flagBreak,บังคับขึ้นหน้าใหม่
ui.nav.flagChoice,เป็นทางเลือก (ฉากนี้มีทางแยก)
ui.nav.flagColor,มีแถบสี
ui.nav.flagComment,มีคอมเมนต์ที่ยังไม่ปิด
ui.nav.flagEmpty,ยังไม่มีเนื้อหา
ui.nav.flagLocked,ฉากถูกล็อก
ui.nav.flagStar,ติดดาวไว้
ui.nav.flagTodo,มีงานค้าง (TODO / ???)
ui.nav.grpBeat,ย่อหน้า
ui.nav.grpDialog,ตัวละคร
ui.nav.grpHead,หัวข้อ
ui.nav.grpNote,โน้ต
ui.nav.grpScene,ฉาก
ui.nav.grpTrans,ทรานซิชัน
ui.nav.legendBold,ตัวหนา = จุดแตกทางเลือก
ui.nav.legendRow,แถบสีซ้าย = สีที่ตั้งเอง (คลิกขวาที่แถว)
ui.nav.legendTitle,คำอธิบายสัญลักษณ์
ui.nav.noMatch,ไม่มีแถวที่ตรงกับตัวกรอง
ui.nav.onlyStar,เฉพาะที่ติดดาว
ui.nav.pageAbbr,น.
ui.nav.pageOf,หน้า {0}/{1}
ui.nav.rowCount,{0} แถว
ui.nav.searchPh,ค้นหาในโครงเรื่อง…
ui.nav.setFind,นำทาง navigation โครงเรื่อง แบ่งหน้า ตัวกรอง สัญลักษณ์
ui.nav.setHint,เลือกว่าแผงนำทางจะเป็นรายการเดียวเลื่อนยาว หรือแบ่งเป็นหน้า ๆ
ui.nav.setMode,การแสดงผล
ui.nav.setModePage,แบ่งหน้า
ui.nav.setModeScroll,เลื่อนยาว (แถบเลื่อน)
ui.nav.setPerPage,จำนวนแถวต่อหน้า
ui.nav.setPerPageHint,"ใช้เฉพาะโหมด ""แบ่งหน้า"" — ใส่ได้ 5–500 แถว"
ui.nav.setTitle,แผงนำทาง
ui.nav.star,ติดดาว
ui.nav.unstar,เอาดาวออก
ui.net.actPart,ตอน/ส่วน
ui.net.addBookNew,+ เพิ่มเล่มใหม่…
ui.net.addScene,+ เพิ่มฉาก…
ui.net.appear,ปรากฏร่วม
ui.net.appearScene,ปรากฏร่วมในฉาก
ui.net.bgGraph,พื้นหลังผัง
ui.net.bgGraphItemFilm,พื้นผัง / ตัวหนังสือ
ui.net.bgLabelNode,พื้นป้ายชื่อโหนด
ui.net.btnCenterWheel,ปุ่มกลาง (ล้อ)
ui.net.busyLoad,กำลังโหลด…
ui.net.cat,หมวด: 
ui.net.changeName,เปลี่ยนชื่อ…
ui.net.changeNameChapter,เปลี่ยนชื่อบท…
ui.net.clickLeft,คลิกซ้าย
ui.net.clickNodeOpenPage,คลิกโหนด = เปิดหน้านั้น · ลากพื้นที่ว่างหรือลากทับโหนด = เลื่อนผัง (โหนดไม่ขยับ)
ui.net.clickNodeOpenPage2,คลิกโหนด = เปิดหน้านั้นไปแก้ไข
ui.net.clickOpen,ดับเบิลคลิก = เปิด
ui.net.clickRight,คลิกขวา
ui.net.colorGroupHint,คลิกช่องสีเพื่อเลือก หรือพิมพ์รหัสสีเอง · เว้นว่าง = ใช้ค่าเริ่มต้น
ui.net.colorLineLinkOther,สีเส้นเชื่อมอื่น ๆ
ui.net.colorLineTypeRelation,สีเส้น (ตามประเภทความสัมพันธ์)
ui.net.colorNodeCat,สีโหนด (ตามหมวด)
ui.net.delChapterChapter,ลบบททั้งบท
ui.net.dragAreaEmptyScroll,ลาก{0}พื้นที่ว่าง = เลื่อนผัง
ui.net.dragBgScrollWheel,ลากพื้น=เลื่อน · ล้อ=ซูม · ลากโหนด=ย้าย · Shift+คลิก=ผลัก · ดับเบิลคลิก=เปิด · คลิกขวา=เมนู
ui.net.dragNodeMovePos,ลากโหนดเพื่อย้ายตำแหน่ง
ui.net.dragViewD,ลาก{0} = หมุนมุมมอง 3D
ui.net.findDisk,หาในดิสก์
ui.net.hide,ซ่อน
ui.net.hollowGrid,โปร่งใส grid: 
ui.net.hollowGrid2,โปร่งใส grid: 12%
ui.net.itemFilmNameNode,ตัวหนังสือชื่อโหนด
ui.net.line,⦿ {0}{1} · {2} เส้น · 
ui.net.lineGrid,เส้นกริด
ui.net.linkBetweenScene,ลิงก์ระหว่างฉาก
ui.net.linkScene,ลิงก์ฉาก
ui.net.loadError,โหลดผิดพลาด
ui.net.marginNode,ขอบโหนด
ui.net.marginNodeActPoint,ขอบโหนดตอนชี้
ui.net.mention,กล่าวถึง
ui.net.msg,อยู่ใน
ui.net.newCharacterPlaceLegend,สร้างตัวละคร/สถานที่/ไอเทม/ตำนานใน Wiki
ui.net.notFoundNewCharacter,ไม่พบเอนทิตี้ — สร้างตัวละคร/สถานที่ใน Wiki ก่อน
ui.net.notHasWiki,ยังไม่มีเอนทิตี้ใน Wiki
ui.net.open,เปิด
ui.net.open2,เปิด
ui.net.openBook,เปิดเล่ม
ui.net.openChapter,เปิดบท
ui.net.openModeDDone,(เปิดโหมด 3D แล้วลาก{0} = หมุนมุมมอง)
ui.net.presetApplied,"ใช้ชุดสี ""{0}"" แล้ว"
ui.net.presetCustom,— ตั้งเอง —
ui.net.presetDel,ลบชุดนี้
ui.net.presetDelAsk,"ลบชุดสี ""{0}"""
ui.net.presetDelNo,ชุดที่มากับโปรแกรมลบไม่ได้
ui.net.presetHint,"เลือกชุดเดียวได้สีทั้งผังทันที — แก้ทีละช่องต่อได้ แล้วกด ""บันทึกเป็นชุดใหม่"""
ui.net.presetLabel,ชุดสีสำเร็จรูป
ui.net.presetSave,บันทึกเป็นชุดใหม่
ui.net.presetSaveAsk,ตั้งชื่อชุดสีของคุณ
ui.net.presetSaved,"บันทึกชุดสี ""{0}"" แล้ว"
ui.net.relation,ความสัมพันธ์ (
ui.net.repeat,ทำซ้ำ
ui.net.reset,รีเซ็ต
ui.net.resetView,รีเซ็ตมุมมอง
ui.net.scene,เอนทิตี้ ↔ ฉาก
ui.net.scene2,เอนทิตี้↔ฉาก
ui.net.sceneChapter, (+{0} ฉาก/บท)
ui.net.search,ค้นหา…
ui.net.shiftClickNodeResult,Shift+คลิกโหนด = ผลักโหนดรอบ ๆ ออก
ui.net.showGrid,แสดง grid
ui.net.showImageCollapse,แสดงรูปย่อ
ui.net.showItemFilmName,แสดงตัวหนังสือ (ชื่อใต้โหนด)
ui.net.sizeGrid,ขนาด grid: 
ui.net.sizeGridPx,ขนาด grid: 60px
ui.net.sizeNode,ขนาดโหนด
ui.net.sizeNode2,ขนาดโหนด: 
ui.net.sizeNode3,ขนาดโหนด: 100%
ui.net.tag,แท็ก: 
ui.net.toggleDD,สลับ 2D/3D
ui.net.unsetPinAllNode,ปลดหมุดทุกโหนด แล้วจัดผังใหม่
ui.net.unsetPinAllNode2,ปลดหมุดทุกโหนด แล้วจัดผังใหม่
ui.net.unsetPinNode,ปลดหมุดโหนดนี้
ui.net.wheelZoom,ล้อ = ซูม
ui.net.xYZ,แกนบอกทิศ (X/Y/Z)
ui.net.zoom, · ซูม {0}%
ui.netPreset.cable,สายไฟ (Cable)
ui.netPreset.default,ค่าเดิมของโปรแกรม
ui.netPreset.flower,ดอกไม้ (Flower)
ui.netPreset.rainbow,สีรุ้ง (Rainbow)
ui.netPreset.xrite,แผ่นเทียบสี (X-Rite)
ui.notes.backStuck,เอากลับมาเป็นค้างอยู่
ui.notes.clearNoteAllDone,ล้างโน้ตทั้งหมดแล้ว
ui.notes.clearNoteAllList,ล้างโน้ตทั้งหมด ({0} รายการ)?
ui.notes.clearNotebookNoteDone,ล้างสมุดโน้ตแล้ว
ui.notes.delNote,ลบโน้ตนี้
ui.notes.delNoteDone,ลบโน้ตแล้ว
ui.notes.do,ไว้ทำภายหลัง
ui.notes.do2,ไว้ทำภายหลัง ({0})
ui.notes.doDone,ทำแล้ว
ui.notes.doneDoDoneList,เคลียร์หมดแล้ว (ทำไปแล้ว {0} รายการ)
ui.notes.doNoteDone,ทำโน้ตนี้แล้ว
ui.notes.doShowTopPage, ไว้ทำภายหลัง (แสดงบนหน้าเส้นเวลา)
ui.notes.latest,ล่าสุด:
ui.notes.lineWordChar,{0} บรรทัด · {1} คำ · {2} อักขระ
ui.notes.moveInMemo,ย้ายเข้า Memo
ui.notes.moveInMemoDone,ย้ายเข้า Memo แล้ว: 
ui.notes.nameNoteMemo,ชื่อโน้ต (Memo)
ui.notes.noteAll,โน้ตทั้งหมด (
ui.notes.notebookNoteQuick,สมุดโน้ตด่วน
ui.notes.noteQuick,โน้ตด่วน — 
ui.notes.notHasNotePress,ยังไม่มีโน้ต — กดปุ่มโน้ตบนแถบเครื่องมือ
ui.notes.notHasNoteStuck,"ยังไม่มีโน้ตค้าง — กดปุ่มโน้ตบนแถบเครื่องมือแล้วติ๊ก ""ไว้ทำภายหลัง"""
ui.notes.notHasTextMove,ยังไม่มีข้อความให้ย้าย
ui.notes.quickNotePh,บันทึกของรอบเขียนนี้…
ui.notes.saveNoteDoDone,บันทึกโน้ตไว้ทำภายหลังแล้ว
ui.notes.saveNoteDone,บันทึกโน้ตแล้ว
ui.notes.scratchPh,จดอะไรก็ได้ที่นี่ — ไม่เข้าไปในต้นฉบับ
ui.onset.already,"""{0}"" เป็นฉากมีปัญหาอยู่แล้ว"
ui.onset.chipTitle,ฉากมีปัญหา
ui.onset.clear,เลิกเป็นฉากมีปัญหา…
ui.onset.clearAsk,"เลิกเป็นฉากมีปัญหา ""{0}""?
ฉบับเดิมที่เก็บไว้เทียบจะถูกลบ (เนื้อฉากตอนนี้ = ฉบับแก้ไข ไม่ถูกแตะ)"
ui.onset.clearBtn,เลิกเทียบ
ui.onset.cleared,"""{0}"" ไม่ใช่ฉากมีปัญหาแล้ว"
ui.onset.color.0090ff,ฟ้า
ui.onset.color.30a46c,เขียว
ui.onset.color.8e4ec6,ม่วง
ui.onset.color.e5484d,แดง
ui.onset.color.f76b15,ส้ม
ui.onset.color.ffc53d,เหลือง
ui.onset.colorMenu,สีแถบ
ui.onset.errClear,ลบฉบับเดิมของฉากมีปัญหาไม่สำเร็จ
ui.onset.errMark,ตั้งเป็นฉากมีปัญหาไม่สำเร็จ
ui.onset.errRead,อ่านฉบับเดิมของฉากมีปัญหาไม่ได้: 
ui.onset.marked,"ตั้ง ""{0}"" เป็นฉากมีปัญหาแล้ว — แก้ได้เลย บรรทัดที่เปลี่ยนจะขึ้นแถบสีกับ ! หน้าบรรทัด"
ui.onset.moreTip,ตัวเลือกฉากมีปัญหา
ui.onset.nChanges,แก้ {0} จุด
ui.onset.noChanges,ยังไม่มีจุดที่แก้
ui.onset.notProblem,"ฉากนี้ไม่ได้ตั้งเป็นฉากมีปัญหา — คลิกขวาที่ฉากใน Explorer แล้วเลือก ""ฉากมีปัญหา"""
ui.onset.nowOriginal,กำลังดูฉบับเดิม (อ่านอย่างเดียว) — พิมพ์/ส่งออก/บันทึกยังใช้ฉบับแก้ไข
ui.onset.nowRevised,กลับมาที่ฉบับแก้ไขแล้ว
ui.onset.tip.original.added,บรรทัดนี้ถูกลบออกในฉบับแก้ไข
ui.onset.tip.original.changed,บรรทัดนี้ถูกแก้ในฉบับแก้ไข
ui.onset.tip.original.gap,ฉบับแก้ไขเพิ่มบรรทัดใหม่ตรงนี้
ui.onset.tip.revised.added,บรรทัดนี้เพิ่มใหม่ (ไม่มีในฉบับเดิม)
ui.onset.tip.revised.changed,บรรทัดนี้ถูกแก้จากฉบับเดิม
ui.onset.tip.revised.gap,ตรงนี้มีบรรทัดของฉบับเดิมถูกลบออก
ui.onset.toggleTip,สลับฉบับเดิม ⇄ ฉบับแก้ไข (พิมพ์/ส่งออกใช้ฉบับแก้ไขเสมอ)
ui.onset.toOriginal,ดูฉบับเดิม
ui.onset.toRevised,ดูฉบับแก้ไข
ui.onset.treeBadge,ฉากมีปัญหา — กำลังเทียบกับฉบับเดิม
ui.onset.viewOriginal,ฉบับเดิม (อ่านอย่างเดียว)
ui.onset.viewRevised,ฉบับแก้ไข
ui.panel.aiAnalyzerTitle,AI วิเคราะห์
ui.panel.aiChatTitle,AI ผู้ช่วยเขียน
ui.panel.aiHubTitle,AI Hub
ui.panel.archiveToggle,ซ่อน/แสดงฉากที่เก็บถาวร
ui.panel.barStatus,แถบสถานะ
ui.panel.barTool,แถบเครื่องมือ
ui.panel.beforeRestore,ก่อนกู้คืน
ui.panel.booksTitle,จัดการเล่ม
ui.panel.branchTitle,ผังแตกสาย
ui.panel.changelogNotFound,ไม่พบไฟล์ changelog
ui.panel.changelogTitle,บันทึกการเปลี่ยนแปลง — Killian 2
ui.panel.checkEditCommentNote,ตรวจแก้ — คอมเมนต์ + โน้ต
ui.panel.chipClosed,{0} — เพิ่งปิด · คลิกเพื่อเปิดคืน
ui.panel.chipStash,{0} — ซ่อนไว้ชั่วคราว · คลิกเพื่อแสดงคืน
ui.panel.chipTorn,{0} — อยู่ในหน้าต่างแยก · คลิกเพื่อเรียกกลับ
ui.panel.chooseVersion,เลือกเวอร์ชันเพื่อดูตัวอย่าง
ui.panel.codex,สารานุกรม
ui.panel.codexTitle,สารานุกรม
ui.panel.collapse,ย่อ/ขยายแผง
ui.panel.commentsTitle,คอมเมนต์
ui.panel.confirmDelete,ลบเวอร์ชันนี้?
ui.panel.confirmRestore,กู้คืนเวอร์ชันนี้ทับของปัจจุบัน?
ui.panel.dashboardTitle,แดชบอร์ด
ui.panel.desc_props,คุณสมบัติของฉากที่เลือก — เรื่องย่อ · มุมมอง · อารมณ์ · ความขัดแย้ง · สถานะ · สี · แท็ก · บันทึกอัตโนมัติขณะพิมพ์
ui.panel.desc_tree,สารบัญของผลงานทั้งเล่ม — เล่ม → บท → ฉาก พร้อม Wiki คลังรูป และถังขยะ · ลากสลับลำดับได้ · ช่องค้นหาด้านบนกรองได้ทั้งชื่อ แท็ก และสถานะ
ui.panel.dialogueTitle,บทพูด
ui.panel.dlgbTitle,ห้องซ้อมบท
ui.panel.doc,เอกสาร
ui.panel.emptyContent,(ว่าง)
ui.panel.essentialsDefault,Essentials (ค่าเริ่มต้น)
ui.panel.exportClip,คัดลอกการจัดวางแผงไปคลิปบอร์ดแล้ว
ui.panel.exported,ส่งออกการจัดวางแผงแล้ว: 
ui.panel.exportFail,ส่งออกการจัดวางแผงไม่สำเร็จ
ui.panel.exportLayout,ส่งออกการจัดวางแผงเป็นไฟล์ JSON…
ui.panel.fab,สร้างใหม่
ui.panel.float,ลอยแผงออกมา / ผนึกกลับ
ui.panel.galleryBoardTitle,กระดานอารมณ์
ui.panel.galleryTitle,คลังรูปภาพ
ui.panel.hiddenChipsHint,แผงที่ไม่ได้อยู่บนจอ — คลิกเพื่อเอากลับมา
ui.panel.hidePanelAllArea,ซ่อนแผงทั้งหมด (เหลือแต่พื้นที่เขียน)
ui.panel.hidePanelSide,ซ่อนแผงฝั่งนี้
ui.panel.historyTitle,ประวัติการทำงาน
ui.panel.jumpedInMain,กระโดดไปตำแหน่งนั้นที่หน้าต่างหลักแล้ว
ui.panel.kanbanTitle,Kanban
ui.panel.layoutReset,รีเซ็ตการจัดวางแผงแล้ว
ui.panel.logTitle,บันทึกการทำงานของโปรแกรม (Log)
ui.panel.manage,จัดการแผง
ui.panel.mapsTitle,แผนที่
ui.panel.menuAway, (หน้าต่างแยก)
ui.panel.navigation,นำทาง
ui.panel.networkTitle,ผังความสัมพันธ์
ui.panel.noVersions,ยังไม่มีเวอร์ชันที่บันทึกไว้
ui.panel.outline,เค้าโครง
ui.panel.panelExportLayoutPanel,[แผง] ส่งออกการจัดวางแผงล้มเหลว
ui.panel.panelExportLayoutPanel2,[แผง] ส่งออกการจัดวางแผงแล้ว
ui.panel.panelFoundFieldEmpty,[แผง] พบช่องว่างค้าง {0}px ใน dock {1} ({2}) — ปิดรูให้แล้ว
ui.panel.panelFoundPanelNot,[แผง] พบแผงปลอมในเลย์เอาต์ (ไม่มีในทะเบียน) — เก็บกวาดให้แล้ว
ui.panel.panelOutWindowNot,[แผง] ฉีกออกเป็นหน้าต่างไม่สำเร็จ: 
ui.panel.plannerOutlineStoryProps,วางแผน — โครงเรื่อง + คุณสมบัติฉาก
ui.panel.plannerTitle,กระดานวางแผน
ui.panel.playerTitle,ทดลองเล่น
ui.panel.pluginsTitle,ปลั๊กอิน
ui.panel.project,โปรเจกต์
ui.panel.properties,คุณสมบัติ
ui.panel.propsPlanner,คุณสมบัติ Planner
ui.panel.recordTitle,บันทึกประจำวัน
ui.panel.reloadedFromPanelWin,อัปเดตเนื้อฉากจากหน้าต่างแผงแล้ว
ui.panel.resetAll,⟲ รีเซ็ตการจัดวางแผงทั้งหมด
ui.panel.sceneGuard,หน้าต่างหลักยังไม่ได้บันทึก
ui.panel.sceneGuard2,ดูได้อย่างเดียวจนกว่าจะกดบันทึกที่นั่น
ui.panel.search,ค้นหา
ui.panel.searchPlaceholder,ค้นหา / กรอง — เช่น status:กำลังเขียน tag:บู๊
ui.panel.selectScene,เลือกฉากเพื่อดูคุณสมบัติ
ui.panel.sideHidden,ซ่อนแผงฝั่งนี้แล้ว — กดปุ่มเดิมเพื่อแสดงคืน
ui.panel.sideShown,แสดงแผงฝั่งนี้คืนแล้ว
ui.panel.sortBy,เรียงตาม
ui.panel.sortDefault,เรียงตามค่าเริ่มต้น
ui.panel.sortModified,เวลาแก้ไข
ui.panel.sortName,ชื่อ
ui.panel.sortStatus,สถานะ
ui.panel.sortWords,จำนวนคำ
ui.panel.spaceAll,ซ่อนแผงทั้งหมด — เหลือแต่พื้นที่เขียน (กดซ้ำเพื่อเรียกกลับ)
ui.panel.spaceHideAll,ซ่อนแผงทั้งหมด (เหลือแต่พื้นที่เขียน)
ui.panel.spaceHideLeft,ซ่อนแผงฝั่งซ้าย
ui.panel.spaceHideRight,ซ่อนแผงฝั่งขวา
ui.panel.spaceNone,ไม่มีแผงให้ซ่อนแล้ว
ui.panel.spaceRestored,คืนแผงที่ซ่อนไว้แล้ว
ui.panel.spaceShow,คืนแผงที่ซ่อนไว้
ui.panel.spaceSide,ซ่อนแผงฝั่ง
ui.panel.starterTitle,Story Starter
ui.panel.thisScene,ฉากนี้
ui.panel.timelineTitle,เส้นเวลา
ui.panel.tornOffF,"ย้าย ""{0}"" ไปหน้าต่างแยกแล้ว — ปิดหน้าต่างนั้นเพื่อเอากลับมา"
ui.panel.tornOffFocus,แผงนี้อยู่ในหน้าต่างแยก — ยกหน้าต่างนั้นขึ้นมาให้แล้ว
ui.panel.unreadable,(อ่านไม่ได้)
ui.panel.versionHistoryTitle,ประวัติเวอร์ชัน — 
ui.panel.waitingMain,(กำลังรอข้อมูลจากหน้าต่างหลัก…)
ui.panel.work,เวิร์กสเปซ…
ui.panel.writeScreenHasToc,เขียน — จอโล่ง มีแค่สารบัญ
ui.panel.wsApplied,สลับเวิร์กสเปซ: 
ui.panel.wsBuiltin,ชื่อนี้เป็นชุดสำเร็จรูป ตั้งซ้ำไม่ได้
ui.panel.wsDelAsk,ลบเวิร์กสเปซ “
ui.panel.wsDelete,ลบเวิร์กสเปซ…
ui.panel.wsDeleted,ลบเวิร์กสเปซแล้ว: 
ui.panel.wsMenu,เวิร์กสเปซ…
ui.panel.wsName,ตั้งชื่อเวิร์กสเปซ
ui.panel.wsNameHint,เช่น เขียนตอนเช้า / ตรวจงาน
ui.panel.wsPick,เวิร์กสเปซ — สลับชุดการจัดวางแผง
ui.panel.wsSave,+ บันทึกการจัดวางตอนนี้เป็นเวิร์กสเปซ…
ui.panel.wsSaved,บันทึกเวิร์กสเปซแล้ว: 
ui.panelExport.areaWriteWidePx,พื้นที่เขียนกว้างแค่ {0}px (ขั้นต่ำที่ตั้งไว้ {1}px)
ui.panelExport.dock,{0} {1} ใน dock {2} 
ui.panelExport.dockAreaWritePanel,dock {0} แบ่ง 50/50 กับพื้นที่เขียน — แผงที่เพิ่งผนึกกินครึ่งหน้าต่าง
ui.panelExport.dockModeRatioHas,dock {0} ({1}) อยู่ในโหมดสัดส่วน ทั้งที่มีพื้นที่เขียนอยู่ข้างใน — 
ui.panelExport.field,ช่องแบ่ง
ui.panelExport.groupTab,กลุ่มแท็บ
ui.panelExport.notHasSizeUse,ไม่มีขนาดให้ใช้เลย (ทั้งของตัวเองและของแผงข้างใน) — ก้อนนี้จะถูกเกลี่ยตามสัดส่วนใหม่ทุกครั้งที่โครงเปลี่ยน
ui.panelExport.panelWidePxLow,แผง {0} กว้างแค่ {1}px (ขั้นต่ำ {2}px) — เนื้อแผงถูกบีบจนแทบไม่เหลือที่
ui.panelExport.valueSizeKeepNot,ค่าขนาดที่เก็บไว้ในลูกยังไม่ถูกใช้ · แผงข้างจะถูกเกลี่ยใหม่ทุกครั้งที่เปิด/ผนึกแผงอื่น
ui.panelLayout.closePanel,ปิดแผง
ui.panelLayout.collapseExpand,ย่อ/ขยาย
ui.panelLayout.float,ลอย/ผนึก
ui.panelLayout.panel,เมนูแผง
ui.panelRenderer.backInWindow,⊡ ผนึกกลับเข้าหน้าต่าง
ui.panelRenderer.closeGroupN,ปิดทั้งกลุ่ม ({0} แผง)
ui.panelRenderer.closePanelOpen,ปิดแผงที่เปิดอยู่
ui.panelRenderer.closePanelOpenBack,ปิดแผง (เปิดกลับที่ มุมมอง → แผง)
ui.panelRenderer.closeThisPanel,ปิดแผง {0}
ui.panelRenderer.collapseBarIcon,ย่อเป็นแถบไอคอน
ui.panelRenderer.dragAdjustRatioClick,ลากเพื่อปรับสัดส่วน (ดับเบิลคลิก = 50%)
ui.panelRenderer.floatPanelOut,⧉ ลอยแผงออกมา
ui.panelRenderer.groupBackInWindow,ผนึกทั้งกลุ่มกลับเข้าหน้าต่าง
ui.panelRenderer.groupTab,คลี่กลุ่มแท็บ
ui.panelRenderer.moveTabWindowSplit,ย้ายแท็บนี้ไปหน้าต่างแยก (ลากไปจออื่นได้)
ui.panelRenderer.moveWindowSplitDrag,ย้ายไปหน้าต่างแยก (ลากไปจออื่นได้)
ui.panelRenderer.moveWindowSplitDrag2,ย้ายไปหน้าต่างแยก (ลากไปจออื่นได้)
ui.panelRenderer.panel,▸ คลี่แผง
ui.panelRenderer.panel2,▾ พับแผง
ui.panelRenderer.tabsLabel,แท็บของกลุ่มแผง
ui.panelRenderer.whatIsThis2,นี่คืออะไร —
ui.panelTip.close,ปิดแผงนี้ — เปิดคืนได้จากชิปมุมล่างขวาของพื้นที่เขียน หรือเมนู มุมมอง → แผง
ui.panelTip.collapse,พับแผงให้เหลือแต่หัว (กดอีกครั้งเพื่อคลี่)
ui.panelTip.float,ยกแผงออกมาลอยเหนือพื้นที่เขียน หรือผนึกแผงที่ลอยอยู่กลับเข้าที่
ui.panelTip.groupClose,ปิดทุกแผงในกลุ่มลอยนี้พร้อมกัน
ui.panelTip.groupDock,ผนึกทั้งกลุ่มกลับเข้าหน้าต่างหลัก
ui.panelTip.hiddenChip,แผงที่ปิด · ซ่อนไว้ · หรือย้ายไปหน้าต่างอื่น — คลิกเพื่อเอากลับมา
ui.panelTip.logCopy,คัดลอกบรรทัดที่กรองอยู่ไปยังคลิปบอร์ด
ui.panelTip.logRefresh,อ่านบันทึกการทำงานใหม่อีกครั้ง
ui.panelTip.logReveal,เปิดโฟลเดอร์ที่เก็บไฟล์บันทึกในตัวจัดการไฟล์
ui.panelTip.menu,คำสั่งทั้งหมดของแผงนี้ — ลอย · ฉีกไปหน้าต่างแยก · ปิด · จัดพื้นที่ · เวิร์กสเปซ
ui.panelTip.navBeats,แสดง/ซ่อนย่อหน้าย่อยในรายการนำทาง
ui.panelTip.navBook,สลับระหว่างนำทางเฉพาะฉากที่เปิดอยู่ กับทั้งเล่ม
ui.panelTip.strip,ย่อกลุ่มแท็บนี้เป็นแถบไอคอนแคบ ๆ หรือคลี่กลับเป็นกลุ่มเต็ม
ui.panelTip.tabClose,ปิดเฉพาะแผงนี้ แผงอื่นในกลุ่มยังอยู่
ui.panelTip.tearoff,ย้ายแผงไปหน้าต่างของตัวเอง (ลากไปจออื่นได้) · ปิดหน้าต่างนั้นแล้วแผงกลับที่เดิม
ui.panelTip.treeRefresh,อ่านโฟลเดอร์ของโปรเจกต์ใหม่ — ใช้เมื่อแก้ไฟล์จากนอกโปรแกรมแล้วต้นไม้ยังไม่รู้
ui.panelTip.treeSearch,เปิด/ปิดช่องค้นหาชื่อในต้นไม้โปรเจกต์
ui.paper.colorCream,ครีม
ui.paper.colorDark,เข้ม
ui.paper.colorGray,เทาอ่อน
ui.paper.colorMint,เขียวมิ้นต์
ui.paper.colorSepia,ซีเปีย
ui.paper.colorWhite,ขาว
ui.pdf.addPage,เพิ่มหน้า
ui.pdf.addText,เพิ่มข้อความ
ui.pdf.areaPrint,0 = เท่าพื้นที่พิมพ์ที่เหลือ
ui.pdf.busyNew,กำลังสร้าง…
ui.pdf.cantSetCoverChapter,ยังไม่ได้ตั้งหน้าปก — เมนู บท → หน้าปก
ui.pdf.caseBig,ตัวพิมพ์ใหญ่
ui.pdf.chapterPage,บท “{0}” · {1} หน้า — 
ui.pdf.chapterPageFirstNot,ธรรมเนียมบท: หน้าแรกไม่ใส่
ui.pdf.clickTextPaperEdit,คลิกข้อความในกระดาษเพื่อแก้ · กรอบเส้นประ = พื้นที่พิมพ์
ui.pdf.closeChapterHeadPaper,ยังปิดอยู่ — เมนู บท → หัวกระดาษ
ui.pdf.closeHeadPaperDone,ปิดหัวกระดาษแล้ว
ui.pdf.colorMode,โหมดสี
ui.pdf.colorModeColor,สี
ui.pdf.colorModeHint,ขาวดำ = ธรรมเนียมบทที่ส่งกองถ่าย · สี = ฉบับอ่านเอง
ui.pdf.colorModeMono,ขาวดำ
ui.pdf.cover,แนบหน้าปก
ui.pdf.coverPasteBeforePage,หน้าปกจะถูกวางไว้ก่อนหน้าแรกของบท และไม่นับรวมกับเลขหน้า · 
ui.pdf.coverTitlePages,หน้าปก (Title Pages)
ui.pdf.dashLineUnder,ขีดเส้นใต้
ui.pdf.default,ค่าเริ่มต้น
ui.pdf.defaultPage,ค่าเริ่มต้น = หน้าที่เคอร์เซอร์อยู่
ui.pdf.delCoverPage,ลบหน้าปกหน้าที่ 
ui.pdf.delItem,ลบชิ้นนี้
ui.pdf.delPage,ลบหน้า
ui.pdf.delText,ลบข้อความนี้
ui.pdf.doneDonePageToc,เสร็จแล้ว — {0} หน้า · สารบัญ {1} รายการ
ui.pdf.draftTwo,ร่างที่สอง
ui.pdf.drawFrameRoundNote,วาดกรอบรอบโน้ตที่ยังพิมพ์อยู่
ui.pdf.dupPage,ทำสำเนาหน้านี้ไว้ถัดไป
ui.pdf.emptyFontChapter,ว่าง = ฟอนต์ของบท
ui.pdf.emptyNotPutWatermark,ว่าง = ไม่ใส่ลายน้ำ
ui.pdf.exportPDFItemNew,ส่งออก PDF (ตัวสร้างในโปรแกรม)
ui.pdf.exportPDFPdfLib,ส่งออก PDF (pdf-lib)
ui.pdf.exportPDFPrevUse,"(เมนู ""ส่งออกเป็น PDF…"" เดิมยังใช้ Chromium อยู่ตามปกติ)"
ui.pdf.gapXYInch,"ระยะ x/y เป็น ""นิ้ววัดจากขอบกระดาษ"" เหมือนแท็บหน้ากระดาษ"
ui.pdf.headPaperAllPage,หัวกระดาษทุกหน้า
ui.pdf.headPaperAllPage2,หัวกระดาษทุกหน้า (Page Headers)
ui.pdf.headPaperPrintDup,"หัวกระดาษพิมพ์ซ้ำทุกหน้าที่ขอบบน และ ""กินบรรทัด"" ของเนื้อหน้าจริง "
ui.pdf.iNTNight,INT. ห้องนอน - กลางคืน
ui.pdf.item, ชิ้น
ui.pdf.item2,ตัวเอียง
ui.pdf.item3,ตัวแปร: 
ui.pdf.itemBold,ตัวหนา
ui.pdf.killianKillian,Killian 2 (คิเลียน)
ui.pdf.linePage,   · กินไป {0} บรรทัด/หน้า
ui.pdf.marginPaperLeftTop,วัดจากขอบกระดาษซ้าย/บน
ui.pdf.msg2,ข
ui.pdf.msg3,ห
ui.pdf.msg4,อ
ui.pdf.msg5,ใ
ui.pdf.msgF,กินไป {0} บรรทัด/หน้า
ui.pdf.needWatermarkPersonFile,"ต้องการลายน้ำรายคนหลายไฟล์ ให้ใช้ ""ส่งออก PDF ลายน้ำรายคน"""
ui.pdf.newDataResultTask,สร้างจากข้อมูลผลงาน (ชื่อเรื่อง/ผู้เขียน/ติดต่อ/ลิขสิทธิ์)
ui.pdf.newPDF,สร้าง PDF…
ui.pdf.newPDFNotOk,สร้าง PDF ไม่สำเร็จ
ui.pdf.notHasCover,ไม่มีหน้าปก
ui.pdf.notPrintElement,ไม่พิมพ์ element เหล่านี้
ui.pdf.numbersWinHint,"ช่องนี้ชนะค่าใน ""ตั้งค่ารูปแบบบท"" — ติ๊กแล้วได้เลย"
ui.pdf.openDoneCountPage,(เปิดแล้วจำนวนหน้าอาจเพิ่ม) · ใช้ได้กับตัวสร้าง PDF ในโปรแกรม
ui.pdf.openFileDonePage,เปิดไฟล์แล้วไปที่หน้า
ui.pdf.openHeadPaperDone,เปิดหัวกระดาษแล้ว
ui.pdf.openUseHeadPaper,เปิดใช้หัวกระดาษ
ui.pdf.page, หน้า
ui.pdf.page2, หน้า 
ui.pdf.pageNotHasHead,หน้านี้ไม่มีหัวกระดาษ
ui.pdf.pageNumbersOnly,ใส่เลขหน้า
ui.pdf.pDFAppUseFont,PDF ในโปรแกรมใช้ฟอนต์ที่ฝังมาเสมอ — ช่องนี้มีผลกับพรีวิว/พิมพ์
ui.pdf.pickTextEditProps,เลือกข้อความเพื่อแก้คุณสมบัติ
ui.pdf.posNormalInchRight,ขยับจากตำแหน่งปกติ (นิ้ว · บวก = ไปทางขวา)
ui.pdf.posXYInch,ตำแหน่ง x × y (นิ้ว)
ui.pdf.printNameEgPage, (พิมพ์ชื่อไทยได้ เช่น ${{หน้า}})
ui.pdf.putCoverDefault,ใส่หน้าปกมาตรฐาน
ui.pdf.putHeadTopPage,ใส่หัวบนหน้าแรกด้วย
ui.pdf.readFileFontPDF,อ่านไฟล์ฟอนต์สำหรับ PDF ไม่สำเร็จ
ui.pdf.routeWritePDFPdf,เส้นทางนี้เขียน PDF เองด้วย pdf-lib จึงทำสารบัญ/เปิดที่หน้าเดิม/ฝังฟอนต์ไทยได้ 
ui.pdf.samplePage,ตัวอย่างหน้า 2 → 
ui.pdf.saveCover,บันทึกหน้าปก
ui.pdf.saveCoverDoneF,บันทึกหน้าปกแล้ว — {0} หน้า
ui.pdf.sceneAppReadPDF,กระโดดตามฉากได้ในโปรแกรมอ่าน PDF
ui.pdf.sceneNumbersOnly,ใส่หมายเลขฉาก
ui.pdf.scrollPage,เลื่อนหน้าขึ้น
ui.pdf.scrollPage2,เลื่อนหน้าลง
ui.pdf.sizePt,ขนาด (pt)
ui.pdf.skipLineUnderHead,เว้นบรรทัดใต้หัวกระดาษ
ui.pdf.taskName,ส่งออก PDF
ui.pdf.textAllItemLine,ข้อความ (ทุกชิ้นอยู่บรรทัดเดียวกัน — ต่างกันที่การจัดหน้า)
ui.pdf.textNew,ข้อความใหม่
ui.pdf.textPage,ข้อความในหน้านี้
ui.pdf.thaiFontMissing,ไม่พบฟอนต์ไทยที่ฝังลง PDF ได้ — อักษรไทยในไฟล์จะเป็น ? · ตั้งฟอนต์ไทย (.ttf/.otf) ในตั้งค่า → ฟอนต์ตามภาษา
ui.pdf.thaiFontSkipped,ข้ามฟอนต์ไทยที่ฝังลง PDF ไม่ได้
ui.pdf.tITLEPAGE,${{TITLE}} หรือ ${{PAGE}}
ui.pdf.tocBookmarkNextHead,สารบัญ (bookmark ต่อหัวฉาก)
ui.pdf.watermark,ลายน้ำ
ui.pdf.wideDialogInch,ความกว้างกล่อง (นิ้ว)
ui.percentGoal,% เป้าหมาย
ui.planner.addBoardDone,"เพิ่ม ""{0}"" ลงกระดานแล้ว"
ui.planner.alignPickFirst,เลือกการ์ดก่อนจัดแนวตั้ง
ui.planner.alignTextDone,จัดข้อความในการ์ดแล้ว
ui.planner.allStatus,ทุกสถานะ
ui.planner.allType,ทุกประเภท
ui.planner.appear,ปรากฏใน
ui.planner.arrange,จัดเรียง
ui.planner.arrangeAutoDone,จัดเรียงอัตโนมัติแล้ว
ui.planner.arrow,ลูกศร
ui.planner.badgeLineLink,ป้ายกำกับเส้นเชื่อม
ui.planner.bgBoard,พื้นกระดาน
ui.planner.bgBoard2,พื้นกระดาน
ui.planner.bgBoardColorImage,พื้นกระดาน — สี · รูป · ความจาง
ui.planner.bgNone,ยังไม่ได้เลือกรูป
ui.planner.bindFileProject,ผูกไฟล์จากโปรเจกต์…
ui.planner.blur,เบลอ
ui.planner.board,กระดาน: 
ui.planner.boardCantSave,"กระดาน ""{0}"" ยังไม่ได้บันทึก — {1} เลยไหม?"
ui.planner.boardNew,กระดานใหม่
ui.planner.boardOpen,กระดานที่เปิดอยู่
ui.planner.cantSave,ยังไม่ได้บันทึก
ui.planner.canvasSetup,พื้นกระดาน — สี · รูป · ความจาง…
ui.planner.cardCantBindFile,การ์ดนี้ยังไม่ได้ผูกไฟล์
ui.planner.cardCantBindFile2,"การ์ดนี้ยังไม่ได้ผูกไฟล์ — กด ""เลือกจากโปรเจกต์"" ในแผงคุณสมบัติ"
ui.planner.cardChapter,การ์ดบท
ui.planner.cardNote,การ์ดโน้ต
ui.planner.cardScene,การ์ดฉาก
ui.planner.cardWiki,การ์ด Wiki
ui.planner.changeNameGroup,เปลี่ยนชื่อกลุ่ม…
ui.planner.chapterNew,บทใหม่
ui.planner.characterMain,ตัวละครหลัก
ui.planner.characterNew,ตัวละครใหม่
ui.planner.charBig,ตัวอักษรใหญ่ขึ้น
ui.planner.charSmall,ตัวอักษรเล็กลง
ui.planner.closeBoard,ปิดกระดาน
ui.planner.closeSnap,ปิด snap
ui.planner.colorBg,สีพื้น
ui.planner.colorBg2,สีพื้น
ui.planner.colorChar,สีตัวอักษร
ui.planner.colorLine,สีเส้น
ui.planner.colorOther,สีอื่น…
ui.planner.comment,คอมเมนต์ตรงนี้
ui.planner.connectCantHasLine,เชื่อมต่อไม่ได้ — มีเส้นนี้อยู่แล้ว หรือเป็นการ์ดเดียวกัน
ui.planner.connectDoneClickLine,เชื่อมต่อแล้ว — คลิกที่เส้นเพื่อแก้รูปแบบ/หัวลูกศร
ui.planner.cont,ต่อเนื่อง
ui.planner.corner,มุมมน
ui.planner.cornerScene,หักมุมฉาก
ui.planner.cross,กากบาท
ui.planner.curve,โค้ง
ui.planner.cut,ข้าวหลามตัด
ui.planner.cylinder,ทรงกระบอก
ui.planner.decide,ตัดสินใจ
ui.planner.delDel,ลบ (Del)
ui.planner.delDone,ลบแล้ว
ui.planner.delItemDone,ลบ {0} ชิ้นแล้ว
ui.planner.delLine,ลบเส้น
ui.planner.delLineDel,ลบเส้น (Del)
ui.planner.delLineLinkDone,ลบเส้นเชื่อมแล้ว
ui.planner.doc,ในเอกสาร
ui.planner.doneDone,เสร็จแล้ว
ui.planner.dot,จุดหักเห
ui.planner.edit,ทิ้งการแก้ไข
ui.planner.editBadge,แก้ป้ายกำกับ…
ui.planner.editText,แก้ข้อความ
ui.planner.ellipse,วงรี
ui.planner.exportFileJSON,ส่งออกเป็นไฟล์ JSON
ui.planner.exportImage,ส่งออกเป็นรูป
ui.planner.exportJson,ส่งออกเป็น JSON…
ui.planner.exportJsonDone,ส่งออก JSON แล้ว: {0}
ui.planner.exportJsonFail,ส่งออก JSON ไม่สำเร็จ — 
ui.planner.exportPNGCant,ส่งออก PNG ไม่ได้: 
ui.planner.fileNewRefreshExplorer, (ไฟล์ใหม่ → รีเฟรช Explorer)
ui.planner.filterNameSummaryTag,กรอง — ชื่อ / สรุป / แท็ก
ui.planner.fitFill,ครอบเต็ม (เฉือนส่วนเกิน)
ui.planner.fitFit,พอดีกรอบ (เห็นทั้งรูป)
ui.planner.fitFull,เต็มกรอบ (ยืด)
ui.planner.fitScreen,⊡ พอดีจอ
ui.planner.fitTile,ปูซ้ำ
ui.planner.frameNew,เฟรมใหม่
ui.planner.fullEnter,ดูกระดานเต็มจอ (F11)
ui.planner.fullExit,ออกจากเต็มจอ (Esc)
ui.planner.fullOff,ออกจากโหมดเต็มจอแล้ว
ui.planner.fullOn,กระดานเต็มจอ — กด Esc เพื่อออก
ui.planner.fullScreen,เต็มจอ
ui.planner.grid,กริด
ui.planner.group,กลุ่ม
ui.planner.group2,ยุบกลุ่ม
ui.planner.groupCard,"จัดกลุ่ม ""{0}"" ({1} การ์ด)"
ui.planner.groupNew,กลุ่มใหม่
ui.planner.groupPick,จัดกลุ่มที่เลือก
ui.planner.groupScGoto,จัดกลุ่ม ({sc:goto})
ui.planner.hide, · ซ่อน
ui.planner.hideGrid,ซ่อนกริด
ui.planner.howPaste,วิธีวาง
ui.planner.imageBg,รูปพื้นหลัง
ui.planner.imgBigger,ขยายรูป 125%
ui.planner.imgInCardDone,ใส่รูปลงการ์ดแล้ว {0} ใบ
ui.planner.imgPick,เลือกรูป…
ui.planner.imgPickHint,คลิกขวาที่การ์ด → เลือกรูป
ui.planner.imgScaleReset,ขนาดรูปพอดีกรอบ (100%)
ui.planner.imgScaleSet,ขนาดรูป {0}%
ui.planner.imgSmaller,ย่อรูป 80%
ui.planner.insertImageHere,แทรกรูปตรงนี้…
ui.planner.itemFoundStoryNormal,ตัวเอกตื่นมาเจอเรื่องผิดปกติ
ui.planner.jSON,JSON
ui.planner.knotStory,อย่าลืมปมเรื่องกุญแจ
ui.planner.liftOneLayer,↑ ยกขึ้นหนึ่งชั้น
ui.planner.liftOneLayerCtrl,ยกขึ้นหนึ่งชั้น
ui.planner.liftTop,ยกไปบนสุด
ui.planner.liftTopCtrlShift,ยกไปบนสุด (Ctrl+Shift+])
ui.planner.liftTopCtrlShift2,ยกไปบนสุด
ui.planner.line,เส้น
ui.planner.line2,เส้นบางลง
ui.planner.lineAt,เส้นตรง
ui.planner.lineAt2,╱ เส้นตรง
ui.planner.lineBold,เส้นหนาขึ้น
ui.planner.lineLink,เส้นเชื่อม
ui.planner.lock,ล็อก
ui.planner.lockNotMove,ล็อกไม่ให้ย้าย
ui.planner.moveLineDone,ย้ายปลายเส้นแล้ว
ui.planner.mustHasLessCard,ต้องมีอย่างน้อย 2 การ์ด
ui.planner.noteNew,โน้ตใหม่
ui.planner.notHasBoardProject,"ยังไม่มีกระดานในโปรเจกต์ — กด ""ใหม่"" เพื่อสร้าง"
ui.planner.objectLineGroup,{0} วัตถุ · {1} เส้น · {2} กลุ่ม
ui.planner.openBoard,"เปิดกระดาน """
ui.planner.openBoardOther,เปิดกระดานอื่น
ui.planner.openBoardPlanner,เปิดกระดานวางแผน
ui.planner.openFile,เปิดไฟล์
ui.planner.openLift,ความจริงถูกเปิดเผยกลางวงสนทนา
ui.planner.openSnap,เปิด snap
ui.planner.openStory,เปิดเรื่อง
ui.planner.outlineDraft,โครงร่าง
ui.planner.panStuckCleared,เลิกค้างสถานะเลื่อนกระดานที่ค้างอยู่ (หน้าต่างเสียโฟกัสระหว่างลาก?)
ui.planner.pick,เลือก
ui.planner.pickCardBefore,เลือกการ์ดก่อน
ui.planner.pickCardBeforeDrag,"เลือกการ์ดก่อน (ลากคลุม / Shift+คลิก) แล้วกด ""จัดกลุ่ม"""
ui.planner.pickFileProjectNot,เลือกไฟล์จากโปรเจกต์ยังไม่พร้อมใช้งาน
ui.planner.pickImageNot,เลือกรูปไม่ได้ — ยังไม่ได้ต่อคลังรูปเข้ากับกระดาน
ui.planner.pickLessItemBefore,เลือกอย่างน้อย 2 ชิ้นก่อน
ui.planner.pickMove,เลือก / ย้าย
ui.planner.pickObjectBefore,เลือกวัตถุก่อน
ui.planner.pickObjectDelBefore,เลือกวัตถุที่จะลบก่อน
ui.planner.pickObjectRepeatBefore,เลือกวัตถุที่จะทำซ้ำก่อน
ui.planner.plannerFitSkipBoard,planner: _fit ข้าม — เวทีกระดานยังไม่มีขนาด (แผงถูกซ่อนอยู่?)
ui.planner.plannerLoadBoard,"planner: โหลดกระดาน ""{0}"""
ui.planner.plannerOpenCant2,Planner เปิดไม่ได้:
ui.planner.plannerSave,"planner: บันทึก ""{0}"" {1}"
ui.planner.pNG,PNG
ui.planner.pointPosExplorer,ชี้ตำแหน่งใน Explorer
ui.planner.pointPosFileExplorer,ชี้ตำแหน่งไฟล์ใน Explorer
ui.planner.propsAll,คุณสมบัติทั้งหมด
ui.planner.putSample,ใส่ตัวอย่าง
ui.planner.putSampleDonePress,"ใส่ตัวอย่างแล้ว — กด ""บันทึก"" ถ้าจะเก็บไว้"
ui.planner.px,px
ui.planner.rect,สี่เหลี่ยม
ui.planner.reduceOneLayer,↓ ลดลงหนึ่งชั้น
ui.planner.reduceOneLayerCtrl,ลดลงหนึ่งชั้น
ui.planner.reorderDone,จัดลำดับแล้ว
ui.planner.repeat,ทำซ้ำ
ui.planner.repeatCantDone,ทำซ้ำไม่ได้แล้ว
ui.planner.repeatCtrlD,ทำซ้ำ (Ctrl+D)
ui.planner.repeatItemDone,ทำซ้ำ {0} ชิ้นแล้ว
ui.planner.repeatScEditorRedo,ทำซ้ำ ({sc:editor-redo})
ui.planner.sample,ตัวอย่าง
ui.planner.saveBefore,บันทึกก่อน
ui.planner.saveBoard,บันทึกกระดาน
ui.planner.saveBoard2F,"บันทึกกระดาน ""{0}"" แล้ว"
ui.planner.saveBoardName,บันทึกเป็นกระดานชื่อ
ui.planner.saveBoardNotOk,บันทึกกระดานไม่สำเร็จ
ui.planner.saveF,"บันทึกเป็น ""{0}"" แล้ว"
ui.planner.saveFileNew,บันทึกเป็นไฟล์ใหม่
ui.planner.saveImageBoardDone,บันทึกรูปกระดานแล้ว: 
ui.planner.saveNotOk,บันทึกเป็นไม่สำเร็จ
ui.planner.saveScSave,บันทึก ({sc:save})
ui.planner.scene,ฉากปะทะ
ui.planner.sceneNew,ฉากใหม่
ui.planner.sceneOpenStory,ฉากเปิดเรื่อง
ui.planner.scrollBoard,มือ (เลื่อนกระดาน)
ui.planner.scrollLeft,เลื่อนซ้าย
ui.planner.scrollRight,เลื่อนขวา
ui.planner.sendBottomLast,ส่งไปล่างสุด
ui.planner.sendBottomLastCtrl,ส่งไปล่างสุด (Ctrl+Shift+[)
ui.planner.sendBottomLastCtrl2,ส่งไปล่างสุด
ui.planner.settingsGrid,ตั้งค่ากริด
ui.planner.shape,รูปทรงตรงนี้
ui.planner.shapeS,รูปทรง (S) — 
ui.planner.showCard,แสดง {0}/{1} การ์ด
ui.planner.showGrid,แสดงกริด
ui.planner.size,ขนาด
ui.planner.star,ดาว
ui.planner.sticky,โพสต์อิต
ui.planner.sticky2,โพสต์อิตตรงนี้
ui.planner.text,ข้อความตรงนี้
ui.planner.text2,ความเข้ม
ui.planner.todoEdit,แก้รายการ…
ui.planner.todoEditHint,หนึ่งข้อต่อบรรทัด — ขึ้นต้นด้วย [x] คือติ๊กแล้ว (Ctrl+Enter = ตกลง)
ui.planner.todoEmpty,ยังไม่มีข้อ — คลิกขวา → แก้รายการ
ui.planner.todoHere,รายการสิ่งที่ต้องทำตรงนี้…
ui.planner.todoNew,รายการใหม่
ui.planner.toggle,สลับทิศ
ui.planner.toggleHeadArrowTo,สลับหัวลูกศรปลายทาง
ui.planner.toolImage,รูปภาพ
ui.planner.toolLineLinkClick,เครื่องมือเส้นเชื่อม: คลิกการ์ดปลายทาง (หรือลากจากจุดสีส้ม)
ui.planner.toolTodo,รายการสิ่งที่ต้องทำ
ui.planner.topBoardDone,"""{0}"" อยู่บนกระดานแล้ว"
ui.planner.triangle,สามเหลี่ยม
ui.planner.undo,ย้อนกลับ
ui.planner.undoCantDone,ย้อนกลับไม่ได้แล้ว
ui.planner.undoScEditorUndo,ย้อนกลับ ({sc:editor-undo})
ui.planner.unlock,ปลดล็อก
ui.planner.viewBoardFullScreen,ดูกระดานเต็มจอ (F11)
ui.planner.viewInLineGrid,ดูดเข้าเส้นกริด (snap)
ui.planner.xY,x — · y —
ui.planner.zoomCtrlD,ซูม 100% (Ctrl+D)
ui.planner.zoomInScZoom,ซูมเข้า ({sc:zoom:1})
ui.planner.zoomOutScZoom,ซูมออก ({sc:zoom:-1})
ui.plannerBar.alignCenter,ข้อความกึ่งกลางในการ์ด
ui.plannerBar.alignLeft,ข้อความชิดซ้ายในการ์ด
ui.plannerBar.alignRight,ข้อความชิดขวาในการ์ด
ui.plannerBar.back,ส่งลงล่างสุด
ui.plannerBar.border,สีเส้นขอบการ์ด
ui.plannerBar.dragHint,ลากเพื่อย้ายแถบ
ui.plannerBar.fill,สีพื้นการ์ด
ui.plannerBar.front,ยกขึ้นบนสุด
ui.plannerBar.grid,เปิด/ปิดกริด
ui.plannerBar.grpAlign,จัดข้อความในการ์ด
ui.plannerBar.grpColor,สีของการ์ด
ui.plannerBar.grpOrder,ลำดับและการจัดการ
ui.plannerBar.image,แทรกรูปในการ์ด
ui.plannerBar.redo,ทำซ้ำ
ui.plannerBar.snap,เปิด/ปิดสแนปเข้ากริด
ui.plannerBar.undo,ย้อนกลับ
ui.plannerBar.valignBottom,ข้อความชิดขอบล่างของการ์ด
ui.plannerBar.valignMiddle,ข้อความกึ่งกลางแนวตั้งของการ์ด
ui.plannerBar.valignTop,ข้อความชิดขอบบนของการ์ด
ui.plannerInteract.cancelLinkMustTop,ยกเลิกการเชื่อม — ต้องปล่อยบนการ์ดปลายทาง
ui.plannerInteract.clickCardFromDone,คลิกการ์ดต้นทาง แล้วคลิกการ์ดปลายทาง (Esc = ยกเลิก)
ui.plannerInteract.clickSizeDefault,คลิกเปล่า (ขนาดมาตรฐาน)
ui.plannerInteract.createGuideOccurFrame,"create/guide เกิดกรอบนำ {0}x{1} ที่ {2},{3}"
ui.plannerInteract.dragCardOtherMove,ลากไปการ์ดอื่นเพื่อย้ายปลายเส้น · ปล่อยที่ว่าง = ถอดเส้นออก
ui.plannerInteract.dragDefineSize,ลากกำหนดขนาด
ui.plannerInteract.dragTopCardTo,ลากไปปล่อยบนการ์ดปลายทาง (Esc = ยกเลิก)
ui.plannerInteract.pickCardTo,เลือกการ์ดปลายทาง…
ui.plannerProps.arrangePos2,จัดตำแหน่ง
ui.plannerProps.arrow,ลูกศร
ui.plannerProps.arrow2,ลูกศร
ui.plannerProps.at,╱ ตรง
ui.plannerProps.auto,อัตโนมัติ
ui.plannerProps.badge,ป้ายกำกับ
ui.plannerProps.body,เนื้อความ
ui.plannerProps.bold,ความหนา ({0})
ui.plannerProps.border,เส้นขอบ (สี · ความหนา · 0 = ไม่มี)
ui.plannerProps.bottom,ล่าง
ui.plannerProps.bottom2,ล่าง
ui.plannerProps.cantBindFile,ยังไม่ได้ผูกไฟล์
ui.plannerProps.centerHoriz,กลางแนวนอน
ui.plannerProps.centerVert,กลางแนวตั้ง
ui.plannerProps.chapter,บท
ui.plannerProps.circle,● วงกลม
ui.plannerProps.clickCardLineLink2,คลิกการ์ดหรือเส้นเชื่อมเพื่อดูคุณสมบัติ
ui.plannerProps.comment,คอมเมนต์
ui.plannerProps.corner,มุมมน
ui.plannerProps.cut,ข้าวหลามตัด
ui.plannerProps.cut2,ข้าวหลามตัด
ui.plannerProps.cylinder,ทรงกระบอก
ui.plannerProps.dash,│ ขีด
ui.plannerProps.delAll,ลบทั้งหมด
ui.plannerProps.delLine,ลบเส้นนี้
ui.plannerProps.delLine2,ลบเส้นนี้
ui.plannerProps.delObject,ลบวัตถุนี้
ui.plannerProps.distributeHoriz,กระจายแนวนอน
ui.plannerProps.distributeVert,กระจายแนวตั้ง
ui.plannerProps.dotNextFromTo,จุดต่อ (ต้นทาง / ปลายทาง)
ui.plannerProps.dragDotColorRound2,เคล็ดลับ: ลากจากจุดสีส้มรอบการ์ดเพื่อเชื่อมเส้น · ดับเบิลคลิกเพื่อแก้ข้อความ
ui.plannerProps.dragDotColorRound3,ลากจากจุดสีส้มรอบการ์ดก็ได้
ui.plannerProps.egCont,เช่น ต่อเนื่อง / ย้อนอดีต
ui.plannerProps.ellipse,วงรี
ui.plannerProps.entityWiki,Wiki
ui.plannerProps.fileBind,ไฟล์ที่ผูกไว้
ui.plannerProps.fillOpacity,พื้น · ความจาง {0}%
ui.plannerProps.frame,เฟรม
ui.plannerProps.group,จัดกลุ่ม
ui.plannerProps.headArrowFromTo,หัวลูกศร (ต้นทาง / ปลายทาง)
ui.plannerProps.image,รูป
ui.plannerProps.imgBlur,เบลอ {0}px
ui.plannerProps.imgFile,ไฟล์รูป
ui.plannerProps.imgFit,วิธีวางรูป
ui.plannerProps.imgScale,ขนาดรูป {0}% (เกิน 100% = เลื่อนดูได้)
ui.plannerProps.left,ซ้าย
ui.plannerProps.line2,ลักษณะเส้น
ui.plannerProps.lineLink,เส้นเชื่อม
ui.plannerProps.lineNext,เส้นที่ต่ออยู่ (
ui.plannerProps.linkLine,เชื่อมเส้น
ui.plannerProps.linkOut,เอาลิงก์ออก
ui.plannerProps.linkTo,เชื่อมจาก → ถึง
ui.plannerProps.lockNotMoveEdit2,ล็อกไม่ให้ย้าย/แก้
ui.plannerProps.needBoard,ยังไม่ได้เปิดกระดานวางแผน
ui.plannerProps.note,โน้ต
ui.plannerProps.notHas,— ไม่มี
ui.plannerProps.object,วัตถุ
ui.plannerProps.occurScene,เกิดอะไรขึ้นในฉากนี้
ui.plannerProps.openBoard,เปิดกระดานวางแผน
ui.plannerProps.pick,เลือก…
ui.plannerProps.pickItem,เลือกไว้ {0} ชิ้น
ui.plannerProps.pickProject2,เลือกจากโปรเจกต์
ui.plannerProps.posXY,ตำแหน่ง X / Y
ui.plannerProps.printText,พิมพ์ข้อความ…
ui.plannerProps.recolorAll2,เปลี่ยนสีทั้งหมด
ui.plannerProps.rect,สี่เหลี่ยม
ui.plannerProps.right,ขวา
ui.plannerProps.scene,ฉาก
ui.plannerProps.scrollFind,เลื่อนไปหา
ui.plannerProps.shape,รูปทรง
ui.plannerProps.sizeChar,ขนาดตัวอักษร ({0})
ui.plannerProps.star,ดาว
ui.plannerProps.sticky,โพสต์อิต
ui.plannerProps.summaryCollapse,สรุปย่อ
ui.plannerProps.text,ข้อความ
ui.plannerProps.text2,"คั่นด้วย ,"
ui.plannerProps.todo,รายการ
ui.plannerProps.todoAdd,เพิ่มข้อ
ui.plannerProps.todoDel,ลบข้อนี้
ui.plannerProps.todoDone,ทำแล้ว
ui.plannerProps.todoDown,เลื่อนลง
ui.plannerProps.todoItems,ข้อในรายการ (หนึ่งข้อต่อบรรทัด)
ui.plannerProps.todoOneItem,สิ่งที่ต้องทำ…
ui.plannerProps.todoProgress,ทำแล้ว {0} จาก {1} ข้อ
ui.plannerProps.todoUp,เลื่อนขึ้น
ui.plannerProps.top,บน
ui.plannerProps.top2,บน
ui.plannerProps.triangle,สามเหลี่ยม
ui.plannerProps.triangleSolid,สามเหลี่ยมทึบ
ui.plannerProps.wideHigh,กว้าง / สูง
ui.plannerRender.clickWrite,ดับเบิลคลิกเพื่อเขียน
ui.player.aChoice,ทางเลือก
ui.player.all,เดินมาทั้งหมด
ui.player.atEnd,ตอนจบ
ui.player.atStart,จุดเริ่ม
ui.player.back,ย้อนกลับ
ui.player.backHint,ถอยหนึ่งก้าว (ทางเลือกล่าสุดถูกถอนออกจากเส้นทาง)
ui.player.busyReadStory,กำลังอ่านเรื่อง…
ui.player.choiceNotHasTo,ทางเลือกนี้ยังไม่มีปลายทาง — ไปกำหนดที่ผังแตกสาย
ui.player.cleared,ล้างรอบการเล่นแล้ว
ui.player.clearHistoryDecideDone,ล้างประวัติการตัดสินใจแล้ว
ui.player.clearRoundPlayDone,ล้างรอบการเล่นแล้ว
ui.player.clearRuns,ล้าง
ui.player.clickUndo,คลิกเพื่อย้อนกลับมาที่นี่
ui.player.close,ปิด
ui.player.deadHint,ทางเลือกนี้ยังไม่มีปลายทาง — ไปกำหนดที่ผังแตกสาย
ui.player.editScene,แก้ฉากนี้
ui.player.editScene2,แก้ฉากนี้
ui.player.editSceneHint,เปิดฉากนี้ในพื้นที่เขียน
ui.player.empty,ยังไม่มีเรื่องแตกสายให้เล่น — เพิ่มทางเลือกให้ฉากสักฉากที่ผังแตกสายก่อน
ui.player.emptyScene,(ฉากนี้ยังไม่มีเนื้อเรื่อง)
ui.player.endBranchDone,จบสายนี้แล้ว
ui.player.export,ส่งออก
ui.player.exported,ส่งออกรอบการเล่นแล้ว: 
ui.player.exportRoundPlayDone,ส่งออกรอบการเล่นแล้ว: 
ui.player.exportRuns,ส่งออก
ui.player.goneScene,ฉากหาย
ui.player.history,ประวัติ
ui.player.historyDecide,ประวัติการตัดสินใจ
ui.player.historyDecide2F,ประวัติการตัดสินใจ ({0} ครั้ง)
ui.player.historyHint,รอบการเล่นทั้งหมดที่ผ่านมา
ui.player.jumpBack,คลิกเพื่อย้อนกลับมาที่นี่
ui.player.list,+ อีก {0} รายการ
ui.player.loadFail,อ่านฉากไม่สำเร็จ
ui.player.loading,กำลังอ่านเรื่อง…
ui.player.noFile,ฉากนี้ยังไม่มีไฟล์
ui.player.noRuns,ยังไม่มีรอบการเล่น — กดทางเลือกในโหมดทดลองเล่นแล้วจะถูกบันทึกที่นี่
ui.player.noTarget,ยังไม่ระบุปลายทาง
ui.player.notHasDecision,ยังไม่มีการตัดสินใจ
ui.player.notHasDecisionChoice,ยังไม่มีการตัดสินใจ — เดินตามทางเลือกในผังแตกสาย แล้วจะบันทึกที่นี่
ui.player.notHasRoundPlay,ยังไม่มีรอบการเล่น — กดทางเลือกในโหมดทดลองเล่นแล้วจะถูกบันทึกที่นี่
ui.player.notHasStoryBreak,ยังไม่มีเรื่องแตกสายให้เล่น — เพิ่มทางเลือกให้ฉากสักฉากที่ผังแตกสายก่อน
ui.player.oneStepChoiceLatest,ถอยหนึ่งก้าว (ทางเลือกล่าสุดถูกถอนออกจากเส้นทาง)
ui.player.openSceneAreaWrite,เปิดฉากนี้ในพื้นที่เขียน
ui.player.pickStart,เริ่มเล่นจากฉากไหน
ui.player.playerModeReadScene,player-mode: อ่านฉากไม่สำเร็จ
ui.player.playerModeSavePlaythroughs,player-mode: บันทึก playthroughs ไม่สำเร็จ
ui.player.playerModeUseProseMirror,player-mode: ใช้ ProseMirror ไม่ได้ ใช้ข้อความล้วนแทน
ui.player.readBodyStoryNew,อ่านเนื้อเรื่องใหม่จากไฟล์
ui.player.readSceneNotOk,อ่านฉากไม่สำเร็จ
ui.player.reload,อ่านเนื้อเรื่องใหม่จากไฟล์
ui.player.restart,เริ่มใหม่
ui.player.restartHint,เริ่มเล่นรอบใหม่จากฉากเริ่มเดิม
ui.player.roundPlay,รอบการเล่นที่ผ่านมา
ui.player.roundPlayAll,รอบการเล่นทั้งหมดที่ผ่านมา
ui.player.runsTitle,รอบการเล่นที่ผ่านมา
ui.player.saveDecision,บันทึกการตัดสินใจ: 
ui.player.sceneNotHasBody,(ฉากนี้ยังไม่มีเนื้อเรื่อง)
ui.player.scenesUnit,ฉาก
ui.player.showOnMap,ดูบนผัง
ui.player.startPlayRoundNew,เริ่มเล่นรอบใหม่จากฉากเริ่มเดิม
ui.player.startPlayScene,เริ่มเล่นจากฉากไหน
ui.player.step,ก้าวที่
ui.player.step2,ก้าวที่
ui.player.theEnd,จบสายนี้แล้ว
ui.player.timesScenePickLast,{0} ครั้ง · {1} ฉาก · เลือกบ่อยสุด: “{2}” ({3}×)
ui.player.undo,ย้อนกลับ
ui.player.viewTopGraph,ดูบนผัง
ui.player.walked,เดินมาทั้งหมด
ui.player.you,คุณจะ…
ui.player.youWill,คุณจะ…
ui.plug.apiCommand,เพิ่มคำสั่งเข้าเมนูปลั๊กอินบนแถบเครื่องมือ
ui.plug.apiDoc,สิ่งที่ปลั๊กอินทำได้
ui.plug.apiDocHint,รายการคำสั่งทั้งหมดของตัวแปร k2
ui.plug.apiEvents,รับ/ส่งเหตุการณ์ระหว่างปลั๊กอินด้วยกัน
ui.plug.apiFetch,เรียก HTTP ผ่านโปรแกรม (เลี่ยงข้อจำกัด CORS)
ui.plug.apiFiles,อ่าน-เขียนไฟล์ในขอบเขตผลงานเท่านั้น
ui.plug.apiHead,ปลั๊กอินเรียกอะไรได้บ้าง
ui.plug.apiInfo,path ของผลงานที่เปิดอยู่ และรุ่นของโปรแกรม
ui.plug.apiIntro,ไฟล์ main.js ของปลั๊กอินได้รับตัวแปรชื่อ k2 มาหนึ่งตัว — ทุกอย่างอยู่ในนั้น
ui.plug.apiLog,เขียนลงบันทึกการทำงานของโปรแกรม
ui.plug.apiMenu,เปิดเมนูป๊อปอัปตรงตำแหน่งที่ต้องการ
ui.plug.apiPanel,สร้างแผงใหม่ที่ dock/ลอย/ทำเป็นแท็บได้เหมือนแผงในตัว
ui.plug.apiSettings,เก็บค่าตั้งของปลั๊กอินเอง
ui.plug.apiShortcut,จองคีย์ลัดของตัวเอง
ui.plug.apiShowPanel,สั่งเปิด/ปิดแผงของปลั๊กอินตัวเอง
ui.plug.apiText,อ่านมาร์กดาวน์ของฉากที่เปิดอยู่ / แทรกข้อความตรงเคอร์เซอร์
ui.plug.apiUi,แถบสถานะ · กล่องถาม · กล่องยืนยัน · กล่องแจ้ง
ui.plug.apiView,เข้าถึงตัวแก้ไข ProseMirror ตรง ๆ (อ่าน doc หรือ dispatch เอง)
ui.plug.author,ผู้เขียน
ui.plug.commands,คำสั่งที่เพิ่มเข้ามา:
ui.plug.disable,ปิด
ui.plug.disabled,ปิด {0} แล้ว
ui.plug.emptyHint,"วางโฟลเดอร์ปลั๊กอินไว้ใน Plugins ของผู้ใช้หรือของผลงาน แล้วกดโหลดใหม่ · หรือกด ""สร้างตัวอย่าง"" เพื่อดูของจริงทันที"
ui.plug.emptyTitle,ยังไม่มีปลั๊กอิน
ui.plug.enable,เปิดใช้
ui.plug.enabled,เปิดใช้ {0} แล้ว
ui.plug.errAutoOff,ถูกปิดอัตโนมัติเพื่อไม่ให้โปรแกรมเปิดไม่ขึ้น — แก้ไฟล์แล้วกดเปิดใช้
ui.plug.errBadEntry,entry ชี้ออกนอกโฟลเดอร์ปลั๊กอิน
ui.plug.errBadUrl,อ่านลิงก์ไม่ออก — ใช้รูปแบบ https://github.com/user/repo
ui.plug.errExists,มีโฟลเดอร์ชื่อ {0} อยู่แล้ว
ui.plug.errExtract,แตกไฟล์ปลั๊กอินไม่สำเร็จ
ui.plug.errFetch,โหลดปลั๊กอินไม่สำเร็จ
ui.plug.errFetchStatus,โหลดไม่สำเร็จ (รหัส {0}) — เช็คลิงก์และชื่อ branch
ui.plug.errLoad,โหลดไม่สำเร็จ:
ui.plug.errMakeSample,สร้างปลั๊กอินตัวอย่างไม่สำเร็จ
ui.plug.errNoDir,เปิดโฟลเดอร์ไม่ได้
ui.plug.errNoFiles,ไม่มีไฟล์ให้ติดตั้ง
ui.plug.errNoManifest,ในซิปไม่มีไฟล์ plugin.json — อาจไม่ใช่ปลั๊กอินของ Killian
ui.plug.errNoName,ไม่มีชื่อใน plugin.json และชื่อโฟลเดอร์ก็ว่าง
ui.plug.errNotZip,รองรับเฉพาะลิงก์ GitHub หรือไฟล์ .zip
ui.plug.errNoUrl,ยังไม่ได้ใส่ลิงก์
ui.plug.errRun,รันคำสั่งของปลั๊กอินไม่สำเร็จ
ui.plug.errSubNotFound,ไม่เจอโฟลเดอร์ย่อยที่ระบุในลิงก์
ui.plug.errTooBig,ไฟล์ใหญ่เกินไป (เกิน 25MB) — ปลั๊กอินไม่ควรใหญ่ขนาดนี้
ui.plug.errUninstall,ถอนปลั๊กอินไม่สำเร็จ
ui.plug.install,ติดตั้งจากลิงก์
ui.plug.installAsk,ลิงก์ GitHub ของปลั๊กอิน (หรือ user/repo หรือลิงก์ไฟล์ .zip)
ui.plug.installConfirm,"ติดตั้งลงโฟลเดอร์ ""{0}"" — เขียนไฟล์ {1} ไฟล์"
ui.plug.installed,ติดตั้ง {0} แล้ว ({1} ไฟล์)
ui.plug.installFetching,กำลังโหลดปลั๊กอิน…
ui.plug.installHint,วางลิงก์ GitHub ของปลั๊กอิน แล้วโปรแกรมโหลดมาติดตั้งให้
ui.plug.installOverwrite,"มีโฟลเดอร์ ""{0}"" อยู่แล้ว — เขียนทับไหม"
ui.plug.installWarn,ปลั๊กอินรันโค้ดได้เต็มที่ในโปรแกรม (อ่าน-เขียนไฟล์ในผลงานได้) — ติดตั้งเฉพาะจากคนที่เชื่อถือได้
ui.plug.makeSample,สร้างตัวอย่าง
ui.plug.makeSampleHint,สร้างปลั๊กอินที่ทำงานได้จริงให้ดูเป็นแบบ — เปิดไฟล์ไปแก้ต่อได้เลย
ui.plug.minVer,ต้องใช้รุ่นอย่างน้อย
ui.plug.needNewer,ต้องใช้โปรแกรมรุ่น {0} ขึ้นไป (ตอนนี้ {1})
ui.plug.openFolder,เปิดโฟลเดอร์
ui.plug.openProjectDir,โฟลเดอร์ของผลงาน
ui.plug.openProjectDirHint,ปลั๊กอินที่ติดไปกับผลงานนี้ (ก๊อปผลงานแล้วปลั๊กอินไปด้วย)
ui.plug.openUserDir,โฟลเดอร์ของผู้ใช้
ui.plug.openUserDirHint,ปลั๊กอินที่ใช้ได้กับทุกผลงาน
ui.plug.originUser,ผู้ใช้
ui.plug.reloadAll,โหลดใหม่
ui.plug.reloadAllHint,อ่านโฟลเดอร์ปลั๊กอินใหม่ทั้งหมด (ใช้หลังแก้โค้ดปลั๊กอิน)
ui.plug.sampleAsk,ตั้งชื่อปลั๊กอินตัวอย่าง
ui.plug.sampleDefault,ปลั๊กอินตัวอย่าง
ui.plug.sampleMade,สร้าง {0} แล้ว — ลองกดคำสั่งของมันได้เลย
ui.plug.shadowed,มีชื่อซ้ำ
ui.plug.shadowedHint,มีปลั๊กอินชื่อเดียวกันสองที่ — ของผลงานถูกใช้ ของผู้ใช้ถูกบัง
ui.plug.stErr,มีปัญหา
ui.plug.stOff,ปิดอยู่
ui.plug.stOk,ทำงานอยู่
ui.plug.stOld,รุ่นไม่พอ
ui.plug.stUntrusted,รออนุญาต
ui.plug.summary,ทั้งหมด {0} · ทำงานอยู่ {1}
ui.plug.summaryErr, · มีปัญหา {0}
ui.plug.trustAsk,อนุญาตให้ปลั๊กอินทุกตัวในโฟลเดอร์ Plugins ของโปรเจกต์นี้ทำงาน? ปลั๊กอินรันโค้ดได้เต็มที่ (อ่าน เขียน ลบไฟล์ และเชื่อมต่ออินเทอร์เน็ต) ถ้าไม่แน่ใจว่าใครเขียนอย่าอนุญาต · ถ้าปลั๊กอินถูกแก้หรือเพิ่มทีหลัง โปรแกรมจะถามใหม่
ui.plug.trustedDone,อนุญาตปลั๊กอินของโปรเจกต์นี้แล้ว
ui.plug.trustProject,อนุญาตปลั๊กอินของโปรเจกต์นี้
ui.plug.uninstall,ถอนออก
ui.plug.uninstallAsk,"ถอน ""{0}"" ออก — ลบโฟลเดอร์ทิ้งถาวร"
ui.plug.uninstalled,ถอน {0} ออกแล้ว
ui.plug.uninstallHint,ลบโฟลเดอร์ของปลั๊กอินนี้ออกจากเครื่อง
ui.plug.untrustedHint,ปลั๊กอินนี้มากับโปรเจกต์และยังไม่ได้รับอนุญาตให้ทำงาน — ปลั๊กอินอ่าน เขียน และลบไฟล์ในเครื่องได้ทั้งหมด อนุญาตเฉพาะโปรเจกต์ที่คุณไว้ใจ
ui.plug.untrustedStatus,โปรเจกต์นี้มีปลั๊กอิน {0} ตัวที่ยังไม่ได้อนุญาตให้ทำงาน — ตรวจสอบได้ที่แผงปลั๊กอิน
ui.plugin.failed,ปลั๊กอินพัง — ปิดไว้ชั่วคราว
ui.project.act,องก์ 1
ui.project.act2,องก์ 2
ui.project.act3,องก์ 3
ui.project.blankDesc,หนึ่งเล่ม หนึ่งบท ไม่มีหมวด Wiki ตั้งต้น — เริ่มจากศูนย์เอง
ui.project.blankName,โปรเจกต์ว่าง
ui.project.chapter,บทนำ
ui.project.chapterSummary,บทสรุป
ui.project.chapterTwo,บทที่สอง
ui.project.fantasy,แฟนตาซี
ui.project.group,กลุ่ม/ฝ่าย
ui.project.hasProject,มีโปรเจกต์นี้อยู่แล้ว
ui.project.investigateBack,สืบสวน/ลึกลับ
ui.project.investigation,การสืบสวน
ui.project.newProjectTemplate,สร้างโปรเจกต์จาก template
ui.project.newProjectTemplateDone,สร้างโปรเจกต์จาก template แล้ว: 
ui.project.novelFantasyWorldbuilding,"นิยายแฟนตาซี — worldbuilding, เผ่าพันธุ์, เวทมนตร์"
ui.project.novelInvestigateCharacterSuspect,"นิยายสืบสวน — ตัวละคร suspects, clues, timeline"
ui.project.readCant,อ่านเอนทิตี้ไม่ได้: 
ui.project.sceneFirst,ฉากแรกของ 
ui.project.screenplay,บทภาพยนตร์
ui.project.start,คดีเริ่มต้น
ui.project.structureChapterFilmAct,"โครงสร้างบทหนัง — 3 องก์, scenes เป็นบทภาพยนตร์"
ui.project.structureNovelChapterScene,โครงสร้างนิยายทั่วไป — บท+ฉาก+ตัวละคร+สถานที่
ui.props.act,องก์ (Act)
ui.props.actHint,เช่น องก์ 1
ui.props.actSaved,ตั้งองก์ของบทแล้ว: {0}
ui.props.actTip,"องก์เป็นของ ""บท"" — ทุกฉากในบทเดียวกันใช้องก์เดียวกัน"
ui.props.chapter,บท (Chapter)
ui.props.chapterTip,เลือกบทอื่น = ย้ายฉากนี้ไปไว้ท้ายบทนั้น
ui.props.mentions,ฉากนี้กล่าวถึง
ui.props.mentionsNone,ยังไม่พบชื่อจาก Wiki ในฉากนี้
ui.props.movedTo,"ย้ายฉากไปบท ""{0}"" แล้ว"
ui.props.renameHint,แก้ชื่อฉากได้ที่นี่ — กด Enter เพื่อบันทึก
ui.props.sceneName,ชื่อฉาก
ui.props.writeMetaFail,เขียนคุณสมบัติลงไฟล์ฉากไม่สำเร็จ
ui.prose.image,รูป
ui.quickOpen.busyScan,กำลังสแกน…
ui.quickOpen.file,{0}/{1} ไฟล์
ui.quickOpen.pickEnterOpenEsc,↑↓ เลือก · Enter เปิด · Esc ปิด · Ctrl+R สแกนใหม่
ui.quickOpen.printNameFile,พิมพ์ชื่อไฟล์…
ui.quickOpen.scanFileNew,สแกนไฟล์ใหม่
ui.readbook.allBooks,ทั้งโปรเจกต์ (ทุกเล่ม)
ui.readbook.busy,กำลังจัดหน้าทั้งเล่ม…
ui.readbook.button,อ่านทั้งเล่ม
ui.readbook.buttonAll,อ่านทั้งโปรเจกต์
ui.readbook.close,ปิดโหมดอ่าน (Esc)
ui.readbook.coverReadFail,อ่านรูปปกไม่ได้
ui.readbook.empty,ยังไม่มีเนื้อหาให้อ่าน
ui.readbook.first,หน้าแรก (Home)
ui.readbook.fit,พอดีจอ (ล้างระดับซูมกลับเป็นค่าเริ่มต้น)
ui.readbook.jump,ไปที่หน้า — พิมพ์เลขหน้าแล้วกด Enter
ui.readbook.label,โหมดอ่าน
ui.readbook.last,หน้าสุดท้าย (End)
ui.readbook.measureFail,จัดหน้าทั้งเล่มไม่สำเร็จ
ui.readbook.next,หน้าถัดไป (→ หรือ PageDown หรือ Space)
ui.readbook.opened,โหมดอ่านทั้งเล่ม — กด Esc เพื่อออก
ui.readbook.pageOf,หน้า {0} / {1}
ui.readbook.pageTip,หน้าที่กำลังอ่าน / จำนวนหน้าทั้งเล่ม
ui.readbook.pickTip,เลือกเล่มที่จะอ่าน — หรือเลือกทั้งโปรเจกต์เพื่ออ่านทุกเล่มต่อกัน
ui.readbook.prev,หน้าก่อนหน้า (← หรือ PageUp)
ui.readbook.spread,สลับ หน้าเดียว / สองหน้า
ui.readbook.spreadTo1,เปลี่ยนเป็นหน้าเดียว (ตอนนี้แสดงสองหน้า)
ui.readbook.spreadTo2,เปลี่ยนเป็นสองหน้า (ตอนนี้แสดงหน้าเดียว)
ui.readbook.stageTip,← → เปลี่ยนหน้า · Ctrl+ล้อ = ซูม · Esc = ออก
ui.readbook.title,อ่านทั้งเล่ม
ui.readbook.titleOf,อ่านทั้งเล่ม — {0}
ui.readbook.titleTip,โหมดอ่านทั้งเล่ม — Home/End = หน้าแรก/หน้าสุดท้าย · Esc = ออก
ui.readbook.zoomIn,ขยาย (Ctrl+ล้อขึ้น)
ui.readbook.zoomOut,ย่อ (Ctrl+ล้อลง)
ui.recOrd.allMood,ทุกอารมณ์
ui.recOrd.cantWrite,ยังไม่ได้เขียนอะไรเลย
ui.recOrd.countWord,จำนวนคำ
ui.recOrd.delSave,ลบบันทึกนี้?
ui.recOrd.delSaveDone,ลบบันทึกแล้ว
ui.recOrd.do,วันนี้ทำอะไรไปบ้าง…
ui.recOrd.editSaveDone,แก้บันทึกแล้ว
ui.recOrd.exportCSV,ส่งออก CSV
ui.recOrd.exportCSVDoneF,ส่งออก CSV แล้ว ({0} รายการ): {1}
ui.recOrd.flowing,😄 ลื่นไหล
ui.recOrd.min, นาที
ui.recOrd.minMerge,นาทีรวม
ui.recOrd.msg,วัน
ui.recOrd.normal,ปกติ
ui.recOrd.noteSaveDone,จดบันทึกแล้ว
ui.recOrd.notFoundSaveAt,(ไม่พบบันทึกที่ตรงกับที่ค้น)
ui.recOrd.notHasSaveExport,ไม่มีบันทึกให้ส่งออก
ui.recOrd.notHasSaveWrite,(ยังไม่มีบันทึก — เขียนช่องบนแล้วกดบันทึก)
ui.recOrd.openProjectBeforeNote,เปิดโปรเจกต์ก่อนจึงจะจดบันทึกได้
ui.recOrd.recordExportCSVF,record: ส่งออก CSV {0} รายการ
ui.recOrd.save,บันทึก
ui.recOrd.save2,บันทึก
ui.recOrd.searchSaveTextTag,ค้นในบันทึก… (ข้อความ · แท็ก · วันที่)
ui.recOrd.stuck,😖 ติดขัด
ui.recOrd.tagSkip,แท็ก (เว้นวรรค)
ui.recOrd.timeNote,เวลาที่จด
ui.recOrd.tired,😴 ล้า
ui.recOrd.wordMerge,คำรวม
ui.replace.badQuery,คำค้นว่าง หรือนิพจน์ปกติไม่ถูกต้อง
ui.replace.caseSensitive,ตรงตัวพิมพ์เล็ก/ใหญ่
ui.replace.confirm,แทนที่ {0} ตำแหน่งใน {1} ไฟล์หรือไม่ ย้อนกลับได้จากแผงประวัติการทำงาน
ui.replace.done,แทนที่แล้ว {0} ตำแหน่งใน {1} ไฟล์
ui.replace.doneLog,"แทนที่ {0} ตำแหน่งใน {1} ไฟล์: ""{2}"" เป็น ""{3}"""
ui.replace.fileFail,แทนที่ในไฟล์ไม่สำเร็จ: 
ui.replace.find,ค้นหา
ui.replace.findPh,คำที่ต้องการหา
ui.replace.hint,แทนที่เฉพาะเนื้อฉากและโน้ต (.md) ไม่แตะหัวไฟล์ ข้อมูล Wiki หรือคอมเมนต์ · ฉากที่มีงานค้างจะเปลี่ยนในแท็บก่อน ยังไม่ลงไฟล์จนกว่าจะบันทึก
ui.replace.lockedBadge,ล็อก
ui.replace.lockedSkip,ข้ามฉากที่ล็อกอยู่ {0} ตำแหน่ง
ui.replace.none,ไม่พบคำนี้ในเนื้อฉาก
ui.replace.openBtn,แทนที่…
ui.replace.preview,ดูตัวอย่าง
ui.replace.regex,นิพจน์ปกติ (regex)
ui.replace.run,แทนที่ทั้งหมด
ui.replace.scanning,กำลังค้นทั้งโปรเจกต์…
ui.replace.summary,เจอ {0} ตำแหน่งใน {1} ไฟล์
ui.replace.title,ค้นหาและแทนที่ทั้งโปรเจกต์
ui.replace.wholeWord,ทั้งคำ (เฉพาะอักษรละติน)
ui.replace.with,แทนที่ด้วย
ui.replace.withPh,ข้อความใหม่ (เว้นว่าง = ลบ)
ui.roster.addCharacter,+ เพิ่มตัวละคร
ui.roster.addCharacterWikiF,เพิ่มตัวละครจาก Wiki {0} คน
ui.roster.characterWikiCompleteDone,ตัวละครจาก Wiki อยู่ครบแล้ว
ui.roster.closeSkipPageAct,ปิด = ข้ามหน้านี้ตอนพิมพ์และตอนส่งออก
ui.roster.copyPageListCharacter,คัดลอกหน้ารายชื่อตัวละครแล้ว
ui.roster.delCharacterExitPage,ลบตัวละครนี้ออกจากหน้ารายชื่อ
ui.roster.fetchWiki,↓ ดึงจาก Wiki
ui.roster.listCharacter,รายชื่อตัวละคร
ui.roster.notFoundCharacterWiki,ไม่พบตัวละครใน Wiki
ui.roster.notHasBookProject,ยังไม่มีเล่มในโปรเจกต์นี้
ui.roster.notHasListPress,"(ยังไม่มีรายชื่อ — กด ""เพิ่มตัวละคร"")"
ui.roster.pickBookOpenPage,เลือกเล่มที่จะเปิดหน้ารายชื่อตัวละคร
ui.roster.putActPrintExport,ใส่ตอนพิมพ์/ส่งออก
ui.roster.readPageListCharacter,อ่านหน้ารายชื่อตัวละครไม่สำเร็จ
ui.roster.savePageListCharacter,บันทึกหน้ารายชื่อตัวละครแล้ว
ui.roster.showHeadingScene,แสดงหัวข้อ Scene
ui.roster.showHeadingTime,แสดงหัวข้อ Time
ui.scene.actAct,องก์ (Act)
ui.scene.addChapter,เพิ่มบท: 
ui.scene.addScene,เพิ่มฉาก 
ui.scene.chapterImportantFavorite,บทสำคัญ (Favorite)
ui.scene.dateDefineSend,วันที่ / กำหนดส่ง
ui.scene.delChapter2,ลบบท {0}
ui.scene.delChapterChapterAll,"ลบบท ""{0}"" ทั้งบท ? (ทุกฉากย้ายไปถังขยะ)"
ui.scene.delScene2,ลบฉาก {0}
ui.scene.egDate,เช่น วันที่ 3 · ปีที่ 1024 · เช้าวันจันทร์
ui.scene.egPage,"เช่น 2026-09-01 หรือ ""สัปดาห์หน้า"""
ui.scene.filterSearchNameTag,กรอง — ค้นชื่อ/แท็ก/สถานะ/เรื่องย่อ
ui.scene.futureNoteWriter,Future Note (หมายเหตุนักเขียน)
ui.scene.iIIIIIName,I · II · III · หรือชื่อองก์ที่ตั้งเอง
ui.scene.moveF,ย้าย “{0}” ไปบท “{1}” แล้ว
ui.scene.movedToChapter,ย้ายฉาก {0} ไปบท {1}
ui.scene.nameChapter,ชื่อบท
ui.scene.nameChapterNew,ชื่อบทใหม่
ui.scene.nameSceneNew,ชื่อฉากใหม่
ui.scene.noteChapter,โน้ตของบท
ui.scene.noteWriterShowOnly,โน้ตสำหรับนักเขียน — แสดงเฉพาะที่นี่และ Planner ไม่แสดงในฉากปกติ
ui.scene.notFoundChapterDraft,ไม่พบบทนี้ใน draft.json
ui.scene.notHasSceneProject,ยังไม่มีฉากในโปรเจกต์
ui.scene.orderChapterSceneNewF,เรียงลำดับบท+ฉากใหม่แล้ว ({0} บท)
ui.scene.pageFlowContinue,ไล่เลขหน้าต่อเนื่อง
ui.scene.pageFlowHint,เลขหน้าไล่ต่อจากฉากและบทก่อนหน้าในเล่มเดียวกัน (หน้าปกบทที่เปิดไว้ถูกนับเป็นหน้าด้วย)
ui.scene.pageNumStartScreenplay,เลขหน้าเริ่มต้น (บทภาพยนตร์)
ui.scene.pinOut,เอาหมุดออก: 
ui.scene.pinPin,ปักหมุด: 
ui.scene.propsChapter,คุณสมบัติบท — 
ui.scene.propsScene,คุณสมบัติฉาก — 
ui.scene.readDraftJsonCant,อ่าน draft.json ไม่ได้
ui.scene.renameFileFail,เปลี่ยนชื่อในไฟล์ของฉาก {0} ไม่สำเร็จ — ยังไม่ได้เปลี่ยนชื่อ
ui.scene.reorderChapterNewDone,จัดลำดับบทใหม่แล้ว
ui.scene.reorderSceneNewDone,จัดลำดับฉากใหม่แล้ว
ui.scene.savePropsChapterDone,บันทึกคุณสมบัติบทแล้ว: 
ui.scene.savePropsSceneDone,บันทึกคุณสมบัติฉากแล้ว
ui.scene.scene,{0} / {1} ฉาก
ui.scene.sceneTableLoadScene,scene-table: โหลดฉากล้มเหลว
ui.scene.tableScanning,กำลังสแกนฉากทั้งโปรเจกต์…
ui.scene.tableScene,ตารางฉาก
ui.scene.tableScene2,ตารางฉาก
ui.scene.tableSceneAll,ตารางฉากทั้งหมด
ui.scene.useOpenPageNumSettings,"1 — ใช้เมื่อเปิด ""เลขหน้า"" ในตั้งค่าโปรเจกต์"
ui.scenes,ฉาก
ui.search.busyIndex,กำลังสร้างดัชนีค้นหา
ui.search.busySearch,กำลังค้นหา…
ui.search.foundFile,พบ {0} ไฟล์
ui.search.foundShowN,พบ {0} ไฟล์ · แสดง {1}
ui.search.globalSearchSearchFail,global-search: ค้นล้มเหลว
ui.search.indexCancelled,ยกเลิกการสร้างดัชนีแล้ว — ค้นใหม่เมื่อพร้อม
ui.search.indexedN,ทำดัชนีไว้ {0} ไฟล์
ui.search.indexName,สร้างดัชนีค้นหา
ui.search.lineNo,บรรทัดที่ 
ui.search.mdSceneNoteMemo,.md (ฉาก/โน้ต/Memo)
ui.search.notFoundResult,ไม่พบผลลัพธ์
ui.search.occurError,เกิดข้อผิดพลาด
ui.search.searchAllFileMd,ค้นในทุกไฟล์ .md และ .json — กด Enter
ui.search.searchFail,ค้นล้มเหลว
ui.search.searchOnlyNameFile,ค้นเฉพาะชื่อไฟล์
ui.search.searchProject,ค้นหาทั้งโปรเจกต์
ui.search.syntaxHint,ใช้ AND · OR · NOT และ field: ได้ (เช่น title:ป่า NOT ฝน)
ui.section.addBook,เพิ่มเล่ม: 
ui.section.changeNameBook,เปลี่ยนชื่อเล่มเป็น: 
ui.section.cover,ปก
ui.section.coverOut,เอาปกออก
ui.section.delBook,ลบเล่ม
ui.section.delBookBookAll,ลบเล่ม “{0}” ทั้งเล่ม ? (ทุกบท/ฉากในเล่มจะย้ายไปถังขยะ)
ui.section.delBookDone,ลบเล่มแล้ว: 
ui.section.delCantMustLess,ลบไม่ได้ — ต้องเหลืออย่างน้อย 1 เล่ม
ui.section.egBookTwo,เช่น เล่มสอง
ui.section.nameBook,ชื่อเล่ม
ui.section.nameBookNew,ชื่อเล่มใหม่
ui.section.notHasCover,(ยังไม่มีปก)
ui.section.orderBook,ลำดับเล่ม
ui.section.pickImage,เลือกรูป…
ui.section.propsBook,คุณสมบัติเล่ม — 
ui.section.readSectionJsonCant,อ่าน section.json ไม่ได้
ui.section.reorderBookNewDone,จัดลำดับเล่มใหม่แล้ว
ui.section.savePropsBookDone,บันทึกคุณสมบัติเล่มแล้ว: 
ui.section.textShortUseSuggest,ข้อความสั้น ๆ ที่ใช้แนะนำเล่มนี้
ui.section.useCover,ใช้หน้าปกเล่ม
ui.section.useCoverFull,ใช้ภาพเต็มหน้า
ui.section.wordBlurb,คำโปรย (Blurb)
ui.sensory.ambienceSensory,บรรยากาศรับรู้
ui.sensory.eg,เช่น รสฝุ่นติดปลายลิ้น
ui.sensory.egBg,เช่น พื้นไม้เย็นและหยาบ
ui.sensory.egSmellPaper,เช่น กลิ่นกระดาษเก่ากับฝุ่น
ui.sensory.egSound,เช่น เสียงน้ำหยดจากเพดาน
ui.sensory.egWindow,เช่น แสงสลัวลอดหน้าต่างบานเกล็ด
ui.sensory.smell,กลิ่น
ui.sensory.taste,รสชาติ
ui.sensory.thingHear,สิ่งที่ได้ยิน
ui.sensory.touch,สัมผัส
ui.session.restored,กู้สถานะล่าสุดแล้ว ({0} แท็บ)
ui.session.restoredTabs,เปิดไฟล์ที่ค้างไว้ {0} รายการ
ui.session.tooOld,สถานะที่บันทึกไว้เก่าเกินไป — เริ่มใหม่
ui.session.warnSave,บันทึกสถานะล่าสุดไม่สำเร็จ
ui.session.warnTabs,จำรายการแท็บที่เปิดอยู่ไม่ได้
ui.setTpl.saveHistNote,"ประวัติการทำงาน (ย้อนกลับไปจุดไหนก็ได้) ตั้งแยกต่อผลงาน ที่หน้า ""ข้อมูลผลงาน"""
ui.setTpl.startup,เมื่อเปิดโปรแกรม
ui.setTpl.startupHint,ไม่มีโปรเจกต์ล่าสุด = แสดงหน้าแรกเสมอ
ui.setTpl.startupHome,แสดงหน้าแรก (Home)
ui.setTpl.startupLast,เปิดโปรเจกต์ล่าสุดทันที
ui.setTpl.startupLastHome,เปิดโปรเจกต์ล่าสุด แล้วแสดงหน้าแรกทับ
ui.setTpl.subShellSize,ขนาดของเปลือกโปรแกรม
ui.setTpl.tabSave,บันทึกและสำรอง
ui.setTpl.tabSaveFind,บันทึก อัตโนมัติ สำรอง เวอร์ชัน ถังขยะ backup autosave recycle
ui.settings.author,ผู้เขียน
ui.settings.autoBackup,สำรองเวอร์ชันอัตโนมัติเมื่อบันทึก
ui.settings.automation,อัตโนมัติ
ui.settings.autoMention,จับชื่อ Wiki อัตโนมัติ
ui.settings.autoMentionHint,ไฮไลต์ชื่อจากคลัง Wiki ในเนื้อเรื่อง
ui.settings.autoSaveHint,0 = ปิดบันทึกอัตโนมัติ
ui.settings.autoSaveMinutes,บันทึกอัตโนมัติทุก ๆ (นาที)
ui.settings.autoSync,ซิงก์ชื่อเอนทิตี้อัตโนมัติ
ui.settings.autoSyncHint,อัปเดตชื่อเอนทิตี้ในทุกไฟล์โดยอัตโนมัติ
ui.settings.dailyGoal,เป้าหมายคำต่อวัน
ui.settings.focusDim,ความจางของบรรทัดอื่น (โหมดโฟกัส)
ui.settings.focusDimHint,0.05 = จางมาก · 0.8 = เกือบไม่จาง
ui.settings.fontFamily,แบบอักษร
ui.settings.fontFamilyHint,เลือกฟอนต์สำหรับตัวแก้ไข (เพิ่มฟอนต์ในโฟลเดอร์ Fonts ในโปรเจกต์)
ui.settings.fontSize,ขนาดตัวอักษรตัวแก้ไข
ui.settings.general,ทั่วไป
ui.settings.language,ภาษา
ui.settings.languageSelect,ภาษาของอินเทอร์เฟซ
ui.settings.lineNumbers,แสดงเลขบรรทัด
ui.settings.lineNumbersHint,นับตามย่อหน้า/บล็อก
ui.settings.maxBackups,จำนวนเวอร์ชันอัตโนมัติสูงสุด
ui.settings.maxBackupsHint,เวอร์ชันที่ตั้งชื่อเองไม่ถูกลบ
ui.settings.projectGoal,เป้าหมายคำทั้งโปรเจกต์
ui.settings.projectName,ชื่อโปรเจกต์
ui.settings.recycleDays,ล้างถังขยะที่เก่ากว่า (วัน)
ui.settings.recycleDaysHint,0 = ไม่ล้างอัตโนมัติ
ui.settings.shortcuts,ปุ่มลัด
ui.settings.shortcutsHint,"คลิก ""แก้"" แล้วกดปุ่มลัดชุดใหม่ (ต้องมี Ctrl/⌘) · ปุ่มลัดที่ซ้ำกันจะถูกเตือน"
ui.settings.spellCheck,ตรวจคำผิด
ui.settings.spellCheckDict,ใช้พจนานุกรมของโปรแกรม (ไทย+อังกฤษ)
ui.settings.spellCheckDictHint,คลังคำออฟไลน์ ไทย+อังกฤษ · รู้จักคำที่เพิ่มเอง · ปิด = เหลือแค่ตัวตรวจของ Chromium (อังกฤษอย่างเดียว · ต้องโหลดคลังคำจากอินเทอร์เน็ตก่อน ไม่มีเน็ต = ไม่ขีดอะไรเลย)
ui.settings.spellCheckHint,ขีดเส้นใต้คำสะกดผิด (ขีดเส้นเดียวเสมอ ไม่ซ้อนกัน)
ui.settings.spFontFamily,แบบอักษรบทหนัง
ui.settings.spFontFamilyHint,ฟอนต์เฉพาะโหมดบทภาพยนตร์ (ค่าเริ่มต้น Courier New ตามมาตรฐานบท)
ui.settings.themeK2,K2 (จานสีประจำโปรแกรม)
ui.settings.themeK2Light,K2 สว่าง
ui.settings.title,ตั้งค่า
ui.settings.uiScale,ย่อ/ขยายทั้งเปลือกโปรแกรม
ui.settings.uiScaleHint,ปุ่ม แผง แท็บ และกล่อง ขยายตามทั้งหมด (75–200%) — ไม่แตะขนาดเอกสาร
ui.settings.writing,ตัวแก้ไข
ui.setTpl.actionLiftPageNew,บรรยาย: ยกไปหน้าใหม่อย่างน้อย
ui.setTpl.actionPageLess,บรรยาย: เหลือท้ายหน้าอย่างน้อย
ui.setTpl.actPrint,ตอนพิมพ์
ui.setTpl.addDelNotRemember,เพิ่ม/ลบได้ไม่จำกัด · แถวบนสุดมีลำดับก่อน · ฟอนต์เอามาได้ทั้งจากที่ฝังมากับโปรแกรม ไฟล์ที่นำเข้าเก็บไว้ในโปรเจกต์ และฟอนต์ที่ลงไว้ในเครื่อง
ui.setTpl.addRow,เพิ่มแถว
ui.setTpl.adjustDefaultPxHas,บวก/ลบจากฐาน 14px — เฉพาะตัวหนังสือ ไม่ขยายปุ่ม/แผง · ไม่แตะเอกสาร
ui.setTpl.adjustPageNewAuto,ปรับหน้าใหม่อัตโนมัติสำหรับบทภาพยนตร์
ui.setTpl.agentSAddress,ที่อยู่ตัวแทน
ui.setTpl.agentSEmail,อีเมลตัวแทน
ui.setTpl.agentSName,ชื่อตัวแทน
ui.setTpl.agentSPhone,โทรศัพท์ตัวแทน
ui.setTpl.aiCurrent,ใช้อยู่ตอนนี้
ui.setTpl.aiIntro,ตั้งค่าผู้ให้บริการ คีย์ และโมเดลของผู้ช่วย AI — คีย์เก็บแยกไว้ในไฟล์ของเครื่องนี้ ไม่ลงไฟล์ผลงาน
ui.setTpl.aiOpen,เปิดการตั้งค่าผู้ช่วย AI
ui.setTpl.alignLeft,ชิดซ้าย
ui.setTpl.alignNormalSkipLine,1.0 = ชิด · 1.75 = ปกติ · 2.0 = เว้นบรรทัดคู่
ui.setTpl.arrangePage,จัดหน้า
ui.setTpl.arrangePageStart,จัดหน้าเริ่มต้น
ui.setTpl.author,ผู้เขียน
ui.setTpl.author2,อีเมลผู้เขียน
ui.setTpl.autoCountPageUpdateFind,อัตโนมัติ ซิงค์ จำนวนหน้า อัปเดต update เวอร์ชัน รุ่นใหม่ github
ui.setTpl.barFormatFloat,แถบรูปแบบลอย
ui.setTpl.barFormatFloatBtnFind,แถบรูปแบบ ลอย ปุ่ม B I U ถอดปุ่ม นิยาย หนัง format bar
ui.setTpl.barTool,แถบเครื่องมือ
ui.setTpl.barToolBtnBtnFind,แถบเครื่องมือ ปุ่ม เอาปุ่มออก toolbar
ui.setTpl.basedOn,สร้างจาก (Based On)
ui.setTpl.big,ใหญ่
ui.setTpl.bodyStory,เนื้อเรื่อง
ui.setTpl.bold,หนา
ui.setTpl.bottomBottom,ล่าง (Bottom)
ui.setTpl.btnChapterFilm,ปุ่มบทหนัง
ui.setTpl.btnChapterFilmTabFind,ปุ่มบทหนัง tab enter element
ui.setTpl.btnEachItemNew,ควบคุมว่าปุ่มแต่ละตัวจะสร้างหรือสลับเป็น element ใด
ui.setTpl.btnFloatCornerRight,ปุ่มลอยมุมขวาล่าง (FAB)
ui.setTpl.btnFloatFAB,ปุ่มลอย (FAB)
ui.setTpl.btnFloatFabCmdFind,ปุ่มลอย fab คำสั่งลัด มุมจอ วงกลม
ui.setTpl.btnKeyShortcutFind,ปุ่มลัด คีย์ลัด shortcut
ui.setTpl.btnScrollGraph,ปุ่มเลื่อนผัง (แพน)
ui.setTpl.btnUsePressChange,"ปุ่มที่ใช้ (กด ""เปลี่ยน"" แล้วกดปุ่มใหม่)"
ui.setTpl.btnViewD,ปุ่มหมุนมุมมอง 3D
ui.setTpl.chapter,เครดิตบท
ui.setTpl.checkTopScreen,การตรวจทานบนจอ
ui.setTpl.closeDefaultFinalDraft,"ปิด (ค่าเริ่มต้น · แนว Final Draft) = บรรทัดถัดไปเป็น ""บรรยาย"" เขียนเปล่า ๆ ได้เลย ไม่ต้องมีรหัสนำหน้า · เปิด = ใช้เขียนบทพูดยาวหลายบรรทัดติดกัน แล้วบรรยายต้องขึ้นต้นด้วย !"
ui.setTpl.closeDonePanelHistory,ปิดแล้วแผงประวัติจะไม่มีอะไรใหม่เพิ่ม (ของเดิมยังอยู่)
ui.setTpl.closeEnterLineNew,ปิด = Enter ขึ้นบรรทัดใหม่ชนิดเดิม · ปุ่มอื่นไม่ทำงาน
ui.setTpl.closeNoteHistory,ปิดการจดประวัติ
ui.setTpl.closePageNumNot,ปิด = หน้าที่เลขจริงเป็น 1 ไม่พิมพ์เลข (ธรรมเนียมบทของบางคน) · หน้าปก/รายชื่อไม่นับอยู่แล้ว
ui.setTpl.closePutCONTINUEDOnly,ปิดอยู่ = ใส่ (CONTINUED) เฉพาะหน้าที่มีหัวฉากอยู่ก่อน (ธรรมเนียมบทถ่ายทำ)
ui.setTpl.colorAppBarPanel,สีของเปลือกโปรแกรม (แถบ · แผง · กล่อง) — ไม่แตะหน้ากระดาษและไฟล์ที่ส่งออก
ui.setTpl.colorChar,สีตัวอักษร
ui.setTpl.colorHeading,สีหัวข้อ
ui.setTpl.colorMarginLineColor,สีขอบแผ่น เส้นประ และสีหมึก คำนวณตามให้อัตโนมัติ
ui.setTpl.colorPaper,สีกระดาษ
ui.setTpl.colorPaperTopScreen,สีของแผ่นกระดาษบนจอ — มีผลกับมุมมองจัดหน้า · เรียงหน้าคู่ · ภาพรวม · โหมดอ่าน · ตอนพิมพ์และส่งออก PDF ยังเป็นขาวเสมอ
ui.setTpl.colorStoryNetworkField,สีและการควบคุมของผังความสัมพันธ์ — ครบทุกสีที่ผังใช้จริง
ui.setTpl.contCONTINUED,ต่อเนื่อง (CONTINUED)
ui.setTpl.copyrightBy,ลิขสิทธิ์โดย (Copyright by)
ui.setTpl.dash,ขีด
ui.setTpl.dashLineDotChapter,ขีดเส้นบอกจุดที่ผิดในบท
ui.setTpl.dashLineNot,ขีดท้ายบรรทัดติดกันไม่เกิน
ui.setTpl.dataNextContactInformation,ข้อมูลติดต่อ (Contact information)
ui.setTpl.dataResultTask,ข้อมูลผลงาน
ui.setTpl.dataResultTaskAuthorFind,ข้อมูลผลงาน ผู้เขียน อีเมล ตัวแทน ลิขสิทธิ์ agent
ui.setTpl.dataTopCoverChapter,ข้อมูลบนหน้าปกบท/ต้นฉบับ — ใช้ตอนพิมพ์และส่งออก
ui.setTpl.defaultChapterPtAll,มาตรฐานบท = 12pt ทุกภาษา
ui.setTpl.defaultInchNotCollapse,มาตรฐาน 0.3–0.5 นิ้ว · 0 = ไม่ย่อ
ui.setTpl.defaultLineInchChange,มาตรฐาน = 1 (6 บรรทัด/นิ้ว) · เปลี่ยนแล้วจำนวนบรรทัดต่อหน้าเปลี่ยนตาม
ui.setTpl.defaultSourcePtFormat,มาตรฐานต้นฉบับ = 12pt
ui.setTpl.delActLine,เคาะแป้น · วรรค · ลบ · กระดิ่งตอนขึ้นบรรทัด
ui.setTpl.dialogueLiftPageNew,บทพูด: ยกไปหน้าใหม่อย่างน้อย
ui.setTpl.dialogueNotEndMORE,บทพูดยังไม่จบ (MORE)
ui.setTpl.dialoguePageLess,บทพูด: เหลือท้ายหน้าอย่างน้อย
ui.setTpl.drawCSSNotWrite,วาดด้วย CSS — ไม่เขียนตัวเลขลงไฟล์
ui.setTpl.egEmpty,"เช่น ว่าง หรือ ""."""
ui.setTpl.element,ชนิด (element)
ui.setTpl.emptyBodyStory,ว่าง = เหมือนเนื้อเรื่อง
ui.setTpl.emptyUseColorTheme,ว่าง = ใช้สีของธีม
ui.setTpl.enter,Enter →
ui.setTpl.field,ช่อง %
ui.setTpl.fieldEmptyBetweenPage,ช่องว่างระหว่างหน้าในโหมดจัดหน้า (px)
ui.setTpl.fillNumChapterAuto,เติมเลขบทอัตโนมัติ
ui.setTpl.fontHeading,ฟอนต์หัวข้อ
ui.setTpl.fontLang,ฟอนต์ตามภาษา
ui.setTpl.fontLangRangeCharFind,ฟอนต์ตามภาษา ช่วงอักขระ
ui.setTpl.fontRangeCharUse,ฟอนต์ตามช่วงอักขระ (ใช้ได้ทั้งนิยายและบท)
ui.setTpl.formatBodyStoryNovel,"รูปแบบของ ""เนื้อเรื่องนิยาย"" — ย่อหน้าบรรทัดแรก · ช่วงบรรทัด · หัวข้อ · ยกคำพูด · ค่าที่ตั้งที่นี่ใช้ทั้งบนจอและตอนส่งออก"
ui.setTpl.formatChapter,รูปแบบบท
ui.setTpl.formatChapterElementWideFind,รูปแบบบท element เยื้อง ความกว้าง
ui.setTpl.formatNovel,รูปแบบนิยาย
ui.setTpl.formatNovelParaRangeFind,รูปแบบนิยาย ย่อหน้า ช่วงบรรทัด หัวข้อ ยกคำพูด
ui.setTpl.formatNumChapter,รูปแบบเลขบท
ui.setTpl.fullLine,เต็มบรรทัด
ui.setTpl.gapBetweenParaEm,ระยะระหว่างย่อหน้า (em)
ui.setTpl.gapInch,ระยะเยื้อง (นิ้ว)
ui.setTpl.gapLine,ระยะบรรทัด
ui.setTpl.gapMarginInch,ระยะขอบ (นิ้ว)
ui.setTpl.gapMarginPaperWide,ระยะเยื้อง (วัดจากขอบกระดาษ) · ความกว้าง · ระยะเว้นบรรทัด (10 = 1 บรรทัด) · ตัวอักษรบนจอ / ตอนพิมพ์
ui.setTpl.gapMarginRightInch,ระยะจากขอบขวา (นิ้ว)
ui.setTpl.gapMarginTopInch,ระยะจากขอบบน (นิ้ว)
ui.setTpl.grpAuto,AI และอัตโนมัติ
ui.setTpl.grpAutoSub,ผู้ช่วย · งานเบื้องหลัง · อัปเดต
ui.setTpl.grpBars,แถบและปุ่ม
ui.setTpl.grpBarsSub,เลือกปุ่มที่อยากเห็น
ui.setTpl.grpDoc,รูปแบบเอกสาร
ui.setTpl.grpDocSub,หน้ากระดาษ · นิยาย · บทภาพยนตร์
ui.setTpl.grpGeneral,ทั่วไป
ui.setTpl.grpGeneralSub,หน้าตา · ตัวแก้ไข · การบันทึก · ภาษา
ui.setTpl.grpProject,ผลงานนี้
ui.setTpl.grpProjectSub,ข้อมูล · แผง · สี
ui.setTpl.hasLineMarginLeft,มีเส้นขอบซ้าย
ui.setTpl.hasOnlyFileScene,"มีเฉพาะไฟล์ที่เป็นฉาก · เลขเริ่มต้นตั้งรายไฟล์ที่ ""คุณสมบัติฉาก"""
ui.setTpl.headingH1H6,หัวข้อ (h1–h6)
ui.setTpl.headingSceneTimePage,หัวข้อ Scene / Time (หน้ารายชื่อ)
ui.setTpl.headScenePageMust,หัวฉากท้ายหน้าต้องมีเนื้อตาม
ui.setTpl.historyRunPanelHistory,ประวัติการทำงาน (แผงประวัติการทำงาน)
ui.setTpl.importFileFontIn,นำเข้าไฟล์ฟอนต์เข้าโปรเจกต์…
ui.setTpl.item,ตัวเอียง
ui.setTpl.itemCollapseFitDialog,"คือตัวย่อกลิฟให้พอดีกล่องบรรทัด — ""ไทยในบทภาพยนตร์"" ใช้ 85 เพราะสแตกของบทเริ่มด้วย Courier ที่ไม่มีอักษรไทย ตัวไทยจึงตกไปฟอนต์สำรองที่ตัวใหญ่กว่า แล้วล้นระยะบรรทัดตายตัวของบท (6 บรรทัด/นิ้ว) · ภาษาอื่นทำแบบเดียวกันได้ด้วยการเพิ่มแถว"
ui.setTpl.itemReplaceAgent,ตัวแทน (Agent)
ui.setTpl.keepHistoryTimes,เก็บประวัติย้อนหลัง (ครั้ง)
ui.setTpl.keepProjectKhnJson,เก็บใน project.khn.json
ui.setTpl.langLanguageCsvFind,ภาษา language แปล csv
ui.setTpl.leftGapMarginPaper,ซ้าย: ระยะจากขอบกระดาษซ้าย (นิ้ว)
ui.setTpl.leftLeft,ซ้าย (Left)
ui.setTpl.level,ระดับ
ui.setTpl.levelSound,ระดับเสียง
ui.setTpl.levelUser,ระดับผู้ใช้
ui.setTpl.libraryThesaurusWordOpposite,คลังคำพ้อง/คำตรงข้าม
ui.setTpl.liftWordSpeakBlockquote,ยกคำพูด (Blockquote)
ui.setTpl.line,ขึ้นบรรทัด
ui.setTpl.lineDialogueDialogueNext,บรรทัดถัดจากบทพูด = บทพูดต่อ
ui.setTpl.lineGapMarginPaper,เส้นบอกระยะขอบกระดาษ
ui.setTpl.lineRoundAreaPrint,เส้นประรอบพื้นที่พิมพ์ในมุมมองจัดหน้า — ครบทั้งสี่ด้านทุกแผ่น
ui.setTpl.lineUnderLineItem,เส้นหยักใต้บรรทัดที่ตัวตรวจรูปแบบทักไว้ · สลับได้จากป้ายเตือนบนแถบสถานะเหมือนกัน (ไม่มีผลกับไฟล์และการส่งออก)
ui.setTpl.minBeforeWordPage,1–60 วินาที ก่อนคำนวณหน้าใหม่ · ยิ่งสั้นยิ่งใช้ CPU มาก
ui.setTpl.moreK2historyDefault,ยิ่งมากยิ่งย้อนได้ไกล แต่กินที่ใน .k2history/ · 4–500 · ค่าเริ่มต้น 32
ui.setTpl.nameAuthorSaveAutoFind,ทั่วไป ชื่อ ผู้เขียน บันทึกอัตโนมัติ สำรอง เป้าหมาย หน้าแรก ประวัติ
ui.setTpl.nameContD,ทวนชื่อตัวละคร (cont'd)
ui.setTpl.novelDefaultUsePara,นิยายมาตรฐาน = 0 (ใช้ย่อหน้าแทนการเว้นบรรทัด)
ui.setTpl.num,ท้ายเลข
ui.setTpl.numLeftRightLine,เลขจะอยู่ทั้งซ้ายและขวาของบรรทัดหัวฉาก
ui.setTpl.numSceneSceneNumber,เลขฉาก (Scene Number)
ui.setTpl.onlyModeTypewriterSc,เฉพาะโหมดเครื่องพิมพ์ดีด ({sc:typewriter})
ui.setTpl.onlyResultTask,เฉพาะผลงานนี้
ui.setTpl.openDoneSendWord,เปิดแล้ว คำที่เลือกจะถูกส่งออกไปค้นคำพ้องทางอินเทอร์เน็ต · ปิดอยู่ = ใช้คลังไทยในตัวอย่างเดียว
ui.setTpl.openSoundPrint,เปิดเสียงขณะพิมพ์
ui.setTpl.openSystemBtnToggle,เปิดระบบปุ่มสลับ element
ui.setTpl.pageNumPageNumber,เลขหน้า (Page Number)
ui.setTpl.pageNumViewPagePaper,เลขหน้า (มุมมองหน้ากระดาษของนิยาย)
ui.setTpl.pagePaper,หน้ากระดาษ
ui.setTpl.pagePaperSizeGapFind,หน้ากระดาษ ขนาด ระยะขอบ เลขหน้า เลขฉาก ตัดหน้า
ui.setTpl.pageSceneCont,ท้ายหน้าเมื่อฉากต่อเนื่อง
ui.setTpl.pageSceneCont2,ต้นหน้าเมื่อฉากต่อเนื่อง
ui.setTpl.paraFirstChapterNot,ธรรมเนียมสากล: ย่อหน้าแรกของบทไม่ย่อ
ui.setTpl.paraFirstHeading,ย่อหน้าแรกหลังหัวข้อด้วย
ui.setTpl.paraLineFirstInch,ย่อหน้าบรรทัดแรก (นิ้ว)
ui.setTpl.phone,โทรศัพท์ (Phone)
ui.setTpl.pickBtnResultTop,เลือกว่าจะให้ปุ่มไหนโผล่บนแถบเครื่องมือบ้าง — ติ๊กแล้วเห็นผลทันที · เส้นคั่นของกลุ่มที่ปิดหมดจะหายไปเอง
ui.setTpl.pickColor,เลือกสีเอง
ui.setTpl.pickDoneFillValue,เลือกแล้วเติมค่าทั้งสี่ด้านให้ · แก้ตัวเลขเองได้ต่อ
ui.setTpl.play,เล่นเมื่อไร
ui.setTpl.printMin,รอหลังหยุดพิมพ์ (วินาที)
ui.setTpl.prosePgNumBtn,ไปที่เลขหน้า
ui.setTpl.prosePgNumMoved,"ตั้งที่หน้า ""เลขหน้าและการตัดหน้า"" — สวิตช์ตัวเดียวกับบทภาพยนตร์"
ui.setTpl.putBlockPageClose,"ใส่ให้เองเมื่อบล็อกถูกหั่นคร่อมหน้า · ปิดแล้วใช้บล็อก ""ต่อเนื่อง (ซ้าย/ขวา)"" พิมพ์เองได้"
ui.setTpl.putCONTINUEDAuto,ใส่ CONTINUED อัตโนมัติ
ui.setTpl.putNumHeadingLevel,ใส่เลขให้หัวข้อระดับ
ui.setTpl.putNumTopPage,ใส่เลขบนหน้าแรกด้วย
ui.setTpl.putPageNotHas,ใส่ได้แม้หน้านั้นไม่มีหัวฉาก
ui.setTpl.r2ItemCloseDone,ปิดแล้วปุ่ม + และเมนูของมันจะหายไปทั้งชุด
ui.setTpl.r2ItemDefaultPrev,ค่าเริ่มต้น = ดังตลอดเวลาที่พิมพ์
ui.setTpl.rangeCharFontUse,ช่วงอักขระไหน → ฟอนต์อะไร → ใช้กับโหมดไหน → ย่อ/ขยายกี่ %
ui.setTpl.rangeLine,ช่วงบรรทัด
ui.setTpl.rangeLineScreenplay,ช่วงบรรทัดบทภาพยนตร์
ui.setTpl.reset,พรีเซ็ต
ui.setTpl.restoreDefault,คืนค่าเริ่มต้น
ui.setTpl.revisionsBy,แก้ไขโดย (Revisions by)
ui.setTpl.rightGapMarginPaper,ขวา: ระยะจากขอบกระดาษขวา (นิ้ว)
ui.setTpl.rightRight,ขวา (Right)
ui.setTpl.ruleCutPageWidow,กฎการตัดหน้า (widow / orphan)
ui.setTpl.runRangeTimeSet,ทำงานหลังจากหยุดพักตามช่วงเวลาที่ตั้ง · ใช้กับบทภาพยนตร์เท่านั้น
ui.setTpl.scopeGlobal,ค่านี้ตามผู้ใช้ไปทุกผลงาน
ui.setTpl.scopeProject,ค่านี้เก็บในผลงานนี้เท่านั้น
ui.setTpl.screenplayBy,เขียนบทโดย (Screenplay By)
ui.setTpl.searchHeadingSettingsPh,ค้นหาหัวข้อตั้งค่า…
ui.setTpl.setOkImage,ชุดสำเร็จรูป
ui.setTpl.setStyleNovelDefault,ตั้งเป็นแบบนิยายมาตรฐาน
ui.setTpl.shiftTab,Shift+Tab →
ui.setTpl.showNumSceneHead,แสดงเลขฉากข้างหัวฉาก
ui.setTpl.showPageNum,แสดงเลขหน้า
ui.setTpl.size,ขนาด (เท่า)
ui.setTpl.sizeCardPageFirst,ขนาดการ์ดหน้าแรก (px)
ui.setTpl.sizeCharUI,ขนาดตัวหนังสือของเปลือก (px)
ui.setTpl.sizeFontNovelPt,ขนาดฟอนต์นิยาย (pt)
ui.setTpl.sizeFontScreenplayPt,ขนาดฟอนต์บทภาพยนตร์ (pt)
ui.setTpl.sizePaper,ขนาดกระดาษ
ui.setTpl.sizePaperGapMargin,ขนาดกระดาษและระยะขอบ — ใช้ร่วมกันทั้งโหมดนิยายและโหมดบทภาพยนตร์
ui.setTpl.sizePt,ขนาด (pt)
ui.setTpl.skipBefore,เว้นก่อน
ui.setTpl.skipBeforeEm,เว้นก่อน (em)
ui.setTpl.skipEm,เว้นหลัง (em)
ui.setTpl.soundTypewriter,เสียงเครื่องพิมพ์ดีด
ui.setTpl.sourceSendPrintSkip,ต้นฉบับส่งสำนักพิมพ์ (เว้นบรรทัดคู่)
ui.setTpl.storyNetwork,ผังความสัมพันธ์
ui.setTpl.storyNetworkColorBtnFind,story network สี ปุ่มเมาส์ ผัง
ui.setTpl.subGoals,เป้าหมายจำนวนคำ
ui.setTpl.tab,Tab →
ui.setTpl.tabAi,ผู้ช่วย AI
ui.setTpl.tabAiFind,ai ผู้ช่วย ผู้ให้บริการ คีย์ โมเดล
ui.setTpl.tableFontApp,ตารางเดียวคุมฟอนต์ทั้งโปรแกรม:
ui.setTpl.tabPageNum,เลขฉาก · เลขหน้า (บท)
ui.setTpl.tabPageNumFind,เลขหน้า เลขฉาก continued ตัดหน้า ข้อความเริ่มต้น
ui.setTpl.tabUnitCm,ซม.
ui.setTpl.tabUnitIn,นิ้ว
ui.setTpl.tabUnitSpace,ช่องว่าง
ui.setTpl.tabWidth,ความกว้างของแท็บ
ui.setTpl.tabWidthHint,กด Tab หนึ่งครั้งเว้นที่ว่างเท่าไร (มีผลทั้งบนจอและไฟล์ที่ส่งออก)
ui.setTpl.text1,เคาะ
ui.setTpl.text2,ลิขสิทธิ์
ui.setTpl.text3,เอียง
ui.setTpl.text4,"เยื้อง"""
ui.setTpl.text5,การควบคุมด้วยเมาส์
ui.setTpl.textDefault,ข้อความมาตรฐาน
ui.setTpl.themeColor,ธีมสี
ui.setTpl.timePrint,ดังตลอดเวลาที่พิมพ์
ui.setTpl.topScreen,บนจอ
ui.setTpl.topTop,บน (Top)
ui.setTpl.try,ลองฟัง
ui.setTpl.updateApp,อัปเดตโปรแกรม
ui.setTpl.useAllResultTask,ใช้ร่วมทุกผลงาน
ui.setTpl.useN,ใช้ {{n}}
ui.setTpl.wide,"กว้าง"""
ui.setTpl.wideCardTopPage,ความกว้างการ์ด 4 คอลัมน์บนหน้าแรก
ui.setTpl.wideHighInch,กว้าง × สูง (นิ้ว)
ui.setTpl.wordCountPageNew,คำนวณจำนวนหน้าใหม่หลังหยุดพิมพ์
ui.setTpl.writeFontSizeCheckFind,การเขียน ฟอนต์ ขนาด ตรวจคำผิด เลขบรรทัด โฟกัส เสียงพิมพ์ดีด ถังขยะ
ui.shortcode.dappversion,เวอร์ชันของโปรแกรม
ui.shortcode.dauthor,ชื่อผู้เขียน
ui.shortcode.dbook,ชื่อเล่ม
ui.shortcode.dchapter,ชื่อบทที่โค้ดนี้อยู่
ui.shortcode.dchapteract,องก์ของบท
ui.shortcode.dchapterdate,วันที่ของบท
ui.shortcode.dchapterflag,บทนี้เป็นบทสำคัญหรือไม่
ui.shortcode.dchapterno,ลำดับบทในเล่ม
ui.shortcode.dchapterstatus,สถานะของบท
ui.shortcode.dchars,จำนวนตัวอักษรของฉาก
ui.shortcode.dcolor,สีที่ตั้งให้ฉาก
ui.shortcode.dcommentcount,จำนวนคอมเมนต์ในไฟล์นี้
ui.shortcode.dconflict,ความขัดแย้งของฉาก
ui.shortcode.ddailygoal,เป้าหมายจำนวนคำต่อวัน
ui.shortcode.ddate,วันที่ (ใส่ fmt=iso · year · time ได้)
ui.shortcode.demotion,อารมณ์ของฉาก
ui.shortcode.dentity,ชื่อเอนทิตี้ Wiki ที่กำลังแก้อยู่
ui.shortcode.dentitycat,หมวดของเอนทิตี้ที่กำลังแก้อยู่
ui.shortcode.dentitysummary,คำบรรยายย่อของเอนทิตี้
ui.shortcode.dentitytags,แท็กของเอนทิตี้
ui.shortcode.dfield,ค่าฟิลด์ของเอนทิตี้ที่กำลังแก้อยู่ เช่น [field:อายุ]
ui.shortcode.dflag,ฉากนี้ถูกปักหมุดไว้หรือไม่
ui.shortcode.dfuturenote,โน้ตถึงตัวเองในอนาคต
ui.shortcode.dlanguage,รหัสภาษาปัจจุบันของโปรเจกต์ (th/en)
ui.shortcode.dlocked,ฉากนี้ถูกล็อกแก้ไขหรือไม่
ui.shortcode.dnote,โน้ตของฉาก
ui.shortcode.dpages,จำนวนหน้าทั้งเอกสาร
ui.shortcode.dpov,มุมมองการเล่าของฉาก
ui.shortcode.dprogress,ความคืบหน้าตามเป้าหมาย (%)
ui.shortcode.dproject,ชื่อโปรเจกต์
ui.shortcode.dprojectgoal,เป้าหมายจำนวนคำทั้งโปรเจกต์
ui.shortcode.drelation,รายชื่อที่ผูกความสัมพันธ์ด้วยบทบาทนี้ เช่น [relation:พ่อ]
ui.shortcode.dscene,ชื่อฉากที่โค้ดนี้อยู่
ui.shortcode.dsceneno,ลำดับฉากในบท
ui.shortcode.dstatus,สถานะของฉาก
ui.shortcode.dstorydate,เวลาในเรื่องของฉาก (ไม่ใช่วันที่จริง)
ui.shortcode.dsynopsis,เรื่องย่อของฉาก
ui.shortcode.dtags,แท็กของฉาก (ใส่ sep= เพื่อเปลี่ยนตัวคั่น)
ui.shortcode.dtime,เวลาปัจจุบัน (ชม:นาที)
ui.shortcode.dtitle,ชื่อเรื่อง
ui.shortcode.dtotalbooks,จำนวนเล่มรวมทั้งโปรเจกต์
ui.shortcode.dtotalchapters,จำนวนบทรวมทั้งโปรเจกต์
ui.shortcode.dtotalcharacters,จำนวนตัวละครใน Wiki
ui.shortcode.dtotallocations,จำนวนสถานที่ใน Wiki
ui.shortcode.dtotalscenes,จำนวนฉากรวมทั้งโปรเจกต์
ui.shortcode.dtotalwords,จำนวนคำรวมทั้งโปรเจกต์
ui.shortcode.dvar,ตัวแปรเดียวกับ {{...}} เช่น [var:อายุ]
ui.shortcode.dweekday,วันในสัปดาห์ปัจจุบัน
ui.shortcode.dwiki,ค่าจาก Wiki เช่น [wiki:โทระ.อายุ]
ui.shortcode.dwords,จำนวนคำของฉาก
ui.shortcode.dyear,ปีปัจจุบัน
ui.shortcode.grpNum,ตัวเลข
ui.shortcode.grpPlace,ที่ที่โค้ดนี้อยู่
ui.shortcode.grpTime,วันเวลา
ui.shortcode.grpWiki,ข้อมูลจาก Wiki
ui.shortcode.grpWork,เกี่ยวกับผลงาน
ui.shortcode.liveCtxFail,อ่านข้อมูลสำหรับโค้ดสั้นไม่สำเร็จ
ui.shortcode.needEditor,เปิดฉากหรือบทก่อนถึงจะแทรกโค้ดสั้นได้
ui.shortcode.needField,เลือก/คลิกช่องข้อความก่อนถึงจะแทรกโค้ดสั้นได้
ui.shortcode.no,ไม่ใช่
ui.shortcode.statsScanFail,นับสถิติโปรเจกต์ไม่สำเร็จ
ui.shortcode.yes,ใช่
ui.shortcutCategories.edit,แก้ไข
ui.shortcutCategories.file,ไฟล์
ui.shortcutCategories.format,รูปแบบ
ui.shortcutCategories.view,มุมมอง
ui.shortcuts.about,เกี่ยวกับโปรแกรม
ui.shortcuts.aiAssistant,ผู้ช่วย AI
ui.shortcuts.alignCenter,กึ่งกลาง
ui.shortcuts.alignLeft,ชิดซ้าย
ui.shortcuts.alignRight,ชิดขวา
ui.shortcuts.bodyText,ข้อความปกติ
ui.shortcuts.bold,ตัวหนา
ui.shortcuts.bulletList,รายการหัวข้อย่อย
ui.shortcuts.catCreate,สร้างของใหม่
ui.shortcuts.catEdit,แก้ไขและค้นหา
ui.shortcuts.catFile,ไฟล์และผลงาน
ui.shortcuts.catFormat,รูปแบบข้อความ
ui.shortcuts.catOther,อื่น ๆ
ui.shortcuts.catPanels,แผง
ui.shortcuts.catScript,บทภาพยนตร์
ui.shortcuts.catView,มุมมองและพื้นที่ทำงาน
ui.shortcuts.cheatsheet,สรุปปุ่มลัดทั้งหมด
ui.shortcuts.clearFormatting,ล้างรูปแบบ
ui.shortcuts.closeAllTabs,ปิดทุกแท็บ
ui.shortcuts.closeTab,ปิดแท็บ
ui.shortcuts.compile,ส่งออกด้วยเวิร์กโฟลว์
ui.shortcuts.deleteLine,ลบทั้งบรรทัด
ui.shortcuts.devConsole,คอนโซลนักพัฒนา
ui.shortcuts.exportBlog,ส่งออกเป็น HTML สำหรับบล็อก
ui.shortcuts.exportHub,ศูนย์รวมการส่งออก
ui.shortcuts.exportPdf,ส่งออกเป็น PDF
ui.shortcuts.find,ค้นหา
ui.shortcuts.findError,ตรวจหาข้อผิดพลาดถัดไป
ui.shortcuts.fmtbarAlign,แถบรูปแบบ: สลับชิดขอบบน/ล่าง
ui.shortcuts.fmtbarHere,เรียกแถบรูปแบบมาที่เคอร์เซอร์
ui.shortcuts.fmtbarLock,ล็อก/ปลดล็อกแถบรูปแบบ
ui.shortcuts.fmtbarOpacity,วนความจางของแถบรูปแบบ (100/50/5%)
ui.shortcuts.focusMode,โหมดโฟกัส
ui.shortcuts.format:align:left,ชิดซ้าย
ui.shortcuts.gallery,คลังรูปภาพ
ui.shortcuts.globalSearch,ค้นหาทั้งโปรเจกต์
ui.shortcuts.goto,ไปที่หน้า/ฉาก
ui.shortcuts.gotoPage,ไปที่หน้า
ui.shortcuts.gotoScene,ไปที่ฉาก
ui.shortcuts.heading1,หัวข้อ 1
ui.shortcuts.heading2,หัวข้อ 2
ui.shortcuts.heading3,หัวข้อ 3
ui.shortcuts.importScrivener,นำเข้าจาก Scrivener
ui.shortcuts.insertImage,แทรกรูป
ui.shortcuts.italic,ตัวเอียง
ui.shortcuts.justify,เต็มบรรทัด
ui.shortcuts.kanban,กระดาน Kanban
ui.shortcuts.lineNumbers,แสดงเลขบรรทัด
ui.shortcuts.nbsp,ช่องว่างไม่ตัดคำ
ui.shortcuts.newChapter,สร้างบทใหม่
ui.shortcuts.newCharacter,สร้างตัวละครใหม่
ui.shortcuts.newFromTemplate,สร้างจากเทมเพลต
ui.shortcuts.newLocation,สร้างสถานที่ใหม่
ui.shortcuts.newMemo,สร้างบันทึกช่วยจำ
ui.shortcuts.newProject,สร้างโปรเจกต์ใหม่
ui.shortcuts.newScene,สร้างฉากใหม่
ui.shortcuts.nextTab,แท็บถัดไป
ui.shortcuts.numberedList,รายการตัวเลข
ui.shortcuts.onsetToggle,ฉากมีปัญหา: สลับฉบับเดิม / ฉบับแก้ไข
ui.shortcuts.openProject,เปิดโปรเจกต์
ui.shortcuts.panelAiAnalyzer,แผง: AI วิเคราะห์
ui.shortcuts.panelAiChat,แผงผู้ช่วยเขียน (แชท AI)
ui.shortcuts.panelAiHub,แผง AI Hub
ui.shortcuts.panelBacklinks,แผงฉากที่กล่าวถึง
ui.shortcuts.panelBooks,แผง: จัดการเล่ม
ui.shortcuts.panelBranch,แผง: ผังแตกสาย
ui.shortcuts.panelCodex,แผง: สารานุกรม
ui.shortcuts.panelComments,แผง: คอมเมนต์
ui.shortcuts.panelDashboard,แผง: แดชบอร์ด
ui.shortcuts.panelDialogue,แผง: บทพูด
ui.shortcuts.panelDlgb,แผงห้องซ้อมบท
ui.shortcuts.panelFloorplan,แผง: ผังพื้นที่
ui.shortcuts.panelGalleryBoard,แผง: กระดานอารมณ์
ui.shortcuts.panelHistory,แผง: ประวัติการทำงาน
ui.shortcuts.panelLog,แผงประวัติการบันทึก
ui.shortcuts.panelMaps,แผง: แผนที่
ui.shortcuts.panelNetwork,แผง: Story Network
ui.shortcuts.panelNotes,แผงสมุดบันทึก
ui.shortcuts.panelOutline,แผงสารบัญ (Navigation)
ui.shortcuts.panelPlanner,แผง: กระดานวางแผน
ui.shortcuts.panelPlayer,แผง: ทดลองเล่น
ui.shortcuts.panelPlugins,แผง: ปลั๊กอิน
ui.shortcuts.panelProps,แผง: คุณสมบัติ
ui.shortcuts.panelRecord,แผง: บันทึกประจำวัน
ui.shortcuts.panelSearch,แผงค้นหาทั้งโปรเจกต์
ui.shortcuts.panelsHideAll,ซ่อนแผงทั้งหมด (เหลือแต่พื้นที่เขียน)
ui.shortcuts.panelsHideLeft,ซ่อนแผงฝั่งซ้าย
ui.shortcuts.panelsHideRight,ซ่อนแผงฝั่งขวา
ui.shortcuts.panelStarter,แผง Story Starter
ui.shortcuts.panelTimeline,แผง: เส้นเวลา
ui.shortcuts.panelTree,แผงโครงเรื่อง (Explorer)
ui.shortcuts.paperMode,โหมดหน้ากระดาษ
ui.shortcuts.prevTab,แท็บก่อนหน้า
ui.shortcuts.print,พิมพ์
ui.shortcuts.projectDoctor,ตรวจสุขภาพโปรเจกต์
ui.shortcuts.projectReplace,ค้นหา/แทนที่ทั้งโปรเจกต์
ui.shortcuts.quickNote,โน้ตด่วน
ui.shortcuts.quickOpen,เปิดไฟล์ด่วน
ui.shortcuts.readingMode,โหมดอ่าน
ui.shortcuts.redo,ทำซ้ำ
ui.shortcuts.reopenClosedTab,เปิดแท็บที่เพิ่งปิด
ui.shortcuts.replace,แทนที่
ui.shortcuts.revealActive,แสดงไฟล์ที่เปิดอยู่ในต้นไม้
ui.shortcuts.save,บันทึก
ui.shortcuts.saveAll,บันทึกทั้งหมด
ui.shortcuts.saveAs,บันทึกเป็น…
ui.shortcuts.selectScene,เลือกทั้งฉาก
ui.shortcuts.settings,ตั้งค่าโปรเจกต์
ui.shortcuts.spActBreak,บทหนัง: ตอน
ui.shortcuts.spDialogue,บทหนัง: บทพูด
ui.shortcuts.splitView,แยกหน้าจอ
ui.shortcuts.spNextElem,บทหนัง: element ถัดไป
ui.shortcuts.spNote,บทหนัง: โน้ต
ui.shortcuts.spParenthetical,บทหนัง: วงเล็บ
ui.shortcuts.spPrevElem,บทหนัง: element ก่อนหน้า
ui.shortcuts.sprint,จับเวลาเขียน
ui.shortcuts.spShot,บทหนัง: ช็อต
ui.shortcuts.spSwitchElem,บทหนัง: สลับชนิด element
ui.shortcuts.spTransition,บทหนัง: ทรานซิชัน
ui.shortcuts.strikethrough,ขีดฆ่า
ui.shortcuts.subscript,ตัวห้อย
ui.shortcuts.superscript,ตัวยก
ui.shortcuts.textCaseCycle,วนรูปตัวพิมพ์
ui.shortcuts.thesaurus,คลังคำพ้อง/คำตรงข้าม
ui.shortcuts.toggleFormat,สลับโหมดเอกสาร
ui.shortcuts.typewriter,โหมดเครื่องพิมพ์ดีด
ui.shortcuts.underline,ขีดเส้นใต้
ui.shortcuts.undo,เลิกทำ
ui.shortcuts.wheel,ล้อเมาส์
ui.shortcuts.workspaceMenu,เวิร์กสเปซ (ชุดการจัดวางแผง)
ui.shortcuts.zoomIn,ซูมหน้ากระดาษ: ขยาย
ui.shortcuts.zoomOut,ซูมหน้ากระดาษ: ย่อ
ui.shortcuts.zoomReset,ซูมหน้ากระดาษ: รีเซ็ต
ui.shortcuts.zoomWheel,ซูมหน้ากระดาษ
ui.smart.acceptHint,Tab = ใช้คำนี้ · ↑↓ = เลือก · Esc = ปิด · คลิกขวา = ไม่จำคำนี้
ui.spCompare.compare,เปรียบเทียบ
ui.spCompare.edition,ฉบับเก่า
ui.spCompare.editionNew,ฉบับใหม่
ui.spCompare.text,({0} เท่ากัน ·
ui.spContinued.contNotHas,ต่อเนื่อง: ไม่มี
ui.spContinued.contSceneDialogue,ต่อเนื่อง: ฉาก {0} · บทพูด {1}
ui.spFormat.a4Inch,A4 (8.27 × 11.69 นิ้ว)
ui.spFormat.define,กำหนดเอง
ui.spFormat.legalInch,Legal (8.5 × 14 นิ้ว)
ui.spFormat.letterInch,Letter (8.5 × 11 นิ้ว)
ui.spFormat.next,ต่อ
ui.spFormat.paperA5,A5 (14.8 × 21 ซม.)
ui.spFormat.paperBunko,Bunkobon / A6 (4.1 × 5.8 นิ้ว)
ui.spFormat.paperDigest,Digest (5.5 × 8.5 นิ้ว)
ui.spFormat.paperMass,Mass Market (4.25 × 6.87 นิ้ว)
ui.spFormat.paperNovella,Compact / Novella (5 × 8 นิ้ว)
ui.spFormat.paperPocket,Pocket Book (14.5 × 21 ซม.)
ui.spFormat.paperTankobon,Tankōbon (5 × 7.5 นิ้ว)
ui.spFormat.paperTrade,US Trade (6 × 9 นิ้ว)
ui.spFormatGuide.cutLineSoftWrap,ตัดบรรทัดเอง (soft wrap)
ui.spFormatGuide.endLineBlockNew,จบบรรทัดด้วยการขึ้นบล็อกใหม่ (hard)
ui.spHeaders.countPage,จำนวนหน้า
ui.spHeaders.countPageAll,จำนวนหน้าทั้งหมด
ui.spHeaders.dateSendInAct,วันที่ (ส่งเข้ามาตอนสร้าง)
ui.spHeaders.edition,ฉบับ
ui.spHeaders.headSceneFirstPage,หัวฉากแรกของหน้านั้น
ui.spHeaders.msg,ลิขสิทธิ์
ui.spHeaders.nameAuthor,ชื่อผู้เขียน
ui.spHeaders.nameDraftRoundEdit,ชื่อฉบับร่าง / รอบแก้
ui.spHeaders.pageNumCurrent,เลขหน้าปัจจุบัน
ui.spHeaders.text,ข้อความลิขสิทธิ์
ui.splash.home,กำลังเตรียมหน้าแรก…
ui.splash.language,กำลังโหลดภาษาและฟอนต์…
ui.splash.project,กำลังเปิดโปรเจกต์ล่าสุด: {0}
ui.splash.ready,พร้อมแล้ว
ui.splash.recent,กำลังอ่านรายการโปรเจกต์ล่าสุด…
ui.splash.settings,กำลังโหลดการตั้งค่า…
ui.splash.start,กำลังเริ่มโปรแกรม…
ui.splash.update,กำลังตรวจสอบรุ่นใหม่…
ui.splash.window,กำลังสร้างหน้าต่างหลัก…
ui.split.closed,ยกเลิกแยกหน้าจอแล้ว
ui.split.closePane,ปิดช่องนี้
ui.split.closePaneHint,ปิดช่องนี้ (แท็บยังเปิดอยู่)
ui.split.dragResize,ลากเพื่อปรับสัดส่วน (ดับเบิลคลิก = 50%)
ui.split.emptyPane,ช่องว่าง — ลากหัวแท็บมาวางที่นี่
ui.split.emptyPaneHint,หรือคลิกช่องนี้แล้วเลือกแท็บด้านบน
ui.split.openedEmpty,เปิดช่องว่างแล้ว — ลากหัวแท็บมาวางในช่อง หรือคลิกช่องแล้วเลือกแท็บ
ui.split.removeFromPane,เอาออกจากช่องนี้ (แท็บยังเปิดอยู่)
ui.split.statusPrefix,แยกหน้าจอ: 
ui.spReports.beforeHeadSceneFirst,(ก่อนหัวฉากแรก)
ui.spReports.graphDialoguePage,กราฟบทพูด — {0} หน้า
ui.spReports.mergeStoryActionDialogue,รวมทั้งเรื่อง: บรรยาย {0}% · บทพูด {1}% · 
ui.spReports.name,ชื่อตัวละคร
ui.spReports.nameOther,ชื่อตัวละคร {0}% · อื่น ๆ {1}%
ui.spReports.notSpecifyPlace,(ไม่ระบุสถานที่)
ui.spReports.pageDialogueAction,หน้า {0} {1} บทพูด {2}% · บรรยาย {3}%
ui.spReports.ratio,{0}{1}{2}{3}{4}สัดส่วน
ui.spReports.reportPersonLineDialogue,รายงานตัวละคร — {0} คน · {1} บรรทัดบทพูด
ui.spReports.reportPlacePlaceScene,รายงานสถานที่ — {0} สถานที่ · {1} ฉาก · {2} หน้า
ui.spReports.scenePage,   ฉาก {0} หน้า {1} {2}
ui.spReports.scenePage2,{0}  [{1}]  {2} ฉาก · ~{3} หน้า
ui.sprint.alreadyRunning,มีสปรินต์กำลังจับเวลาอยู่แล้ว
ui.sprint.dirtyLabel,สปรินต์การเขียน
ui.sprint.doneStatus,จบสปรินต์: {0} คำใน {1} นาที ({2} คำ/นาที)
ui.sprint.goal,เป้าหมาย (คำ · 0 = ไม่ตั้ง)
ui.sprint.hint,นับเฉพาะคำที่พิมพ์เพิ่มระหว่างรอบในทุกแท็บ เปิดฉากอื่นระหว่างรอบได้โดยไม่ถูกนับซ้ำ
ui.sprint.history,ที่ผ่านมา {0} รอบ · รวม {1} คำ · เฉลี่ย {2} คำ/นาที
ui.sprint.minutes,ระยะเวลา (นาที)
ui.sprint.noHistory,ยังไม่มีประวัติสปรินต์ในโปรเจกต์นี้
ui.sprint.pause,พัก
ui.sprint.resume,ทำต่อ
ui.sprint.running,สปรินต์ {0} นาทีที่กำลังจับเวลา
ui.sprint.saveFail,บันทึกสถิติสปรินต์ไม่สำเร็จ
ui.sprint.start,เริ่ม
ui.sprint.stop,จบรอบ
ui.sprint.timeUp,หมดเวลา!
ui.sprint.title,สปรินต์การเขียน
ui.sprint.wpm,{0} คำ/นาที
ui.sprint.written,{0} คำ
ui.sprint.writtenGoal,{0} / {1} คำ
ui.spTitlePages.chapter,บทโดย
ui.spTitlePages.new,สร้างจาก 
ui.spTitlePages.notNamedStory,ไม่มีชื่อเรื่อง
ui.spValidator.act,ตอน
ui.spValidator.cantCharacterDialogue,วงเล็บกำพร้า — ไม่ได้อยู่หลังตัวละคร/บทพูด
ui.spValidator.characterNotHasDialogue,ตัวละคร “{0}” ไม่มีบทสนทนาตามหลัง
ui.spValidator.dialogueNotNamedCharacter,บทพูดกำพร้า — ไม่มีชื่อตัวละครนำหน้า
ui.spValidator.error,{0} ข้อผิดพลาด
ui.spValidator.hasBodyChapterBefore,มีเนื้อบทก่อนหัวฉากแรก — ควรขึ้นหัวฉาก (INT./EXT.) ก่อน
ui.spValidator.headScene,หัวฉาก
ui.spValidator.headSceneTwoNot,หัวฉากติดกันสองอัน — “{0}” ไม่มีเนื้อฉาก
ui.spValidator.itemView,{0} ข้อควรดู
ui.spValidator.lineEmpty,{0}: บรรทัดว่าง
ui.spValidator.longChar,{0} ยาวเกิน ({1}/{2} ตัวอักษร)
ui.spValidator.msg,ทรานซิชัน
ui.spValidator.msg2,วงเล็บ
ui.spValidator.notCompletePair,วงเล็บไม่ครบคู่: {0}
ui.spValidator.notFoundError,ไม่พบข้อผิดพลาด
ui.spValidator.outline,โครง 1
ui.spValidator.outline2,โครง 2
ui.spValidator.outline3,โครง 3
ui.spValidator.shot,ช็อต
ui.starter.aiBetterWithIntro,เขียนเรื่องย่อก่อนจะได้ผลตรงกับเรื่องมากกว่า
ui.starter.aiBetterWithTags,เลือกแนวเรื่องก่อนจะได้ผลตรงใจกว่า
ui.starter.aiFail,เรียก AI ไม่สำเร็จ
ui.starter.aiHelp,ให้ AI ช่วยคิด
ui.starter.aiNoResult,AI ไม่ได้ตอบอะไรกลับมา ลองใหม่อีกครั้ง
ui.starter.aiStop,หยุด
ui.starter.aiStopHint,กดอีกครั้งเพื่อยกเลิกคำขอที่กำลังส่งอยู่
ui.starter.aiStopping,กำลังหยุด…
ui.starter.aiSuggestName,ให้ AI ตั้งชื่อให้
ui.starter.aiThinking,กำลังคิด…
ui.starter.aiWriteBlurb,ให้ AI เขียนคำโปรยให้
ui.starter.aiWriteChar,ให้ AI เขียนคำบรรยายให้
ui.starter.aiWriteDialogue,ให้ AI ร่างบทพูด
ui.starter.aiWriteIntro,ให้ AI เขียนเรื่องย่อให้
ui.starter.aiWriteIntroShort,เอาแบบย่อหน้าเดียว
ui.starter.aiWriteOpener,ให้ AI ร่างบทเปิด
ui.starter.aiWriteSynopsis,ให้ AI เขียนเรื่องย่อให้
ui.starter.autoLinkAsk,"สร้างหน้า Wiki ให้ ""{0}"" ด้วยไหม"
ui.starter.autoLinkGo,สร้างให้
ui.starter.backToList,กลับหน้ารวม
ui.starter.backToScenarios,กลับไปรายการตอน
ui.starter.bannerSizeHint,แบนเนอร์แสดงเต็มความกว้างบนหน้าเรื่อง — แนวนอนราว 3:1
ui.starter.brBtn,ส่งเข้าเส้นเวลา/แผนที่
ui.starter.brBtnHint,เอา “เมื่อไหร่” และ “ที่ไหน” ของเรื่องไปสร้างเหตุการณ์และหมุดให้
ui.starter.brDone,เส้นเวลา {0} รายการ · หมุดบนแผนที่ {1} จุด
ui.starter.brGo,ส่งเลย
ui.starter.brHint,กดครั้งต่อไปจะอัปเดตของเดิม ไม่สร้างซ้ำ
ui.starter.brNothing,ยังไม่มีข้อมูล
ui.starter.brScenarios,สร้างเหตุการณ์จากตอนทั้งหมด ({0} ตอน)
ui.starter.brTitle,ส่งเข้าเส้นเวลาและแผนที่
ui.starter.brWhen,สร้างเหตุการณ์บนเส้นเวลาจาก “เมื่อไหร่” (แทร็ก {0})
ui.starter.brWhere,ปักหมุดบนแผนที่จาก “ที่ไหน” (แผนที่ {0})
ui.starter.byAuthor,โดย 
ui.starter.castAdd,เพิ่มตัวละคร
ui.starter.castBackToList,กลับไปรายชื่อตัวละคร
ui.starter.castDelAsk,เอา “{0}” ออกจากเรื่องนี้?
ui.starter.castDelNote,เอาออกจากเรื่องนี้ไม่ได้ลบตัวละครใน Wiki — ของใน Wiki อาจถูกใช้ที่อื่นอยู่
ui.starter.castEmpty,ยังไม่มีตัวละคร — กด “เพิ่มตัวละคร” หรือดึงจาก Wiki
ui.starter.castFromWiki,ดึงจาก Wiki
ui.starter.castNeedName,ยังไม่ได้ตั้งชื่อตัวละคร
ui.starter.castNoDesc,ยังไม่มีคำบรรยาย
ui.starter.castNoName,ยังไม่ได้ตั้งชื่อ
ui.starter.castPushAll,บันทึกทั้งวงลง Wiki
ui.starter.castPushAllHint,สร้าง/อัปเดตตัวละครทุกตัวใน Wiki ของโปรเจกต์นี้
ui.starter.castPushed,บันทึกลง Wiki แล้ว {0} ตัว
ui.starter.castPushFail, · ล้มเหลว {0} ตัว
ui.starter.charLinkedFromWiki,"เชื่อม ""{0}"" กับ Wiki แล้ว"
ui.starter.charSavedWiki,บันทึกลง Wiki แล้ว
ui.starter.charToWiki,บันทึกลง Wiki
ui.starter.charUpdateWiki,อัปเดตใน Wiki
ui.starter.chatClear,ล้างบทสนทนา
ui.starter.chatClearAsk,ล้างบทสนทนาทั้งตอนนี้? ข้อมูลตอน (ชื่อ/เรื่องย่อ) ยังอยู่
ui.starter.chatEmpty,ยังไม่ได้เริ่ม — กดปุ่มด้านล่างให้ผู้เล่าเรื่องเปิดฉากให้
ui.starter.chatFail,ส่งไม่สำเร็จ — ดูรายละเอียดใน บันทึกการทำงาน
ui.starter.chatHasOpener,ฉากนี้มีบทเปิดอยู่แล้ว
ui.starter.chatPlaceholder,พิมพ์สิ่งที่คุณทำหรือพูด แล้วกด Enter
ui.starter.chatSend,ส่ง
ui.starter.chatStart,เปิดฉาก
ui.starter.choiceRuleHead,ทุกครั้งที่เล่าจบ ให้ปิดท้ายด้วยทางเลือก 2–4 ข้อสำหรับผู้เล่น ในรูปแบบนี้เป๊ะ ๆ:
ui.starter.choiceRuleSample1,1. ทางเลือกแรก
ui.starter.choiceRuleSample2,2. ทางเลือกที่สอง
ui.starter.choiceRuleSample3,3. ทางเลือกที่สาม
ui.starter.choiceRuleTail,แต่ละข้อสั้น ๆ ไม่เกินหนึ่งบรรทัด เป็นสิ่งที่ผู้เล่น “ทำ” ไม่ใช่ผลลัพธ์ · ผู้เล่นอาจไม่เลือกข้อไหนเลยแล้วพิมพ์เองก็ได้ ให้รับได้ทุกกรณี
ui.starter.chooseOrType,เลือกหนึ่งข้อ หรือพิมพ์เองก็ได้
ui.starter.continueSetup,ทำต่อ
ui.starter.coverClear,เอาปกออก
ui.starter.coverFromFile,เลือกรูปจากเครื่อง
ui.starter.coverFromGallery,เลือกจากคลังรูป
ui.starter.coverPortable,รูปถูกก๊อปเข้าโฟลเดอร์ของเรื่องนี้ — ย้ายโปรเจกต์แล้วปกไม่หาย
ui.starter.coverSizeHint,ขนาดที่เหมาะ: กว้าง 375 อัตราส่วน 3:4 แนวตั้ง — รูปไม่ถูกครอบตัด
ui.starter.created,สร้างเรื่องใหม่แล้ว — เริ่มที่ขั้นเลือกแนวเรื่อง
ui.starter.createFail,สร้างเรื่องไม่สำเร็จ
ui.starter.createNew,สร้างเรื่องใหม่
ui.starter.cvAgainHint,แปลงซ้ำได้ — จะได้ฉากใหม่ต่อท้าย ไม่ทับของเดิม
ui.starter.cvBtn,แปลงเป็นต้นฉบับ
ui.starter.cvBtnHint,เอาบทที่เล่นไปแล้วไปเขียนเป็นฉากจริงในเล่ม Story Starter
ui.starter.cvDone,แปลงเสร็จ {0} ฉาก ไปอยู่ในเล่ม {1} แล้ว
ui.starter.cvFail,แปลงไม่สำเร็จ
ui.starter.cvForkHead,## ทางแยก
ui.starter.cvFormat,เขียนออกมาเป็น
ui.starter.cvGo,แปลงเลย
ui.starter.cvNoBook,สร้างเล่มปลายทางไม่สำเร็จ
ui.starter.cvNoChapter,สร้างบทปลายทางไม่สำเร็จ
ui.starter.cvNoDraft,เล่มปลายทางยังไม่มีฉบับร่าง
ui.starter.cvNoPlayed,ยังไม่มีตอนไหนที่เล่นแล้ว — เข้าไปคุยกับผู้เล่าเรื่องก่อน
ui.starter.cvNoScene,สร้างฉากไม่สำเร็จ
ui.starter.cvNothing,ตอนนี้ยังไม่มีบทสนทนาให้แปลง
ui.starter.cvOne,แปลงตอนนี้เป็นต้นฉบับ
ui.starter.cvOpenAsk,"สร้างเสร็จ {0} ฉากใน ""{1}"" จะเปิดดูเลยไหม"
ui.starter.cvOpenNow,เปิดเลย
ui.starter.cvPartial,แปลงได้ {0} จาก {1} ช่วง — ส่วนที่ได้ถูกเก็บไว้แล้ว
ui.starter.cvPickOne,เลือกอย่างน้อยหนึ่งตอน
ui.starter.cvProse,นิยาย
ui.starter.cvSp,บทภาพยนตร์
ui.starter.cvStayHere,อยู่หน้านี้ต่อ
ui.starter.cvTitle,แปลงเป็นต้นฉบับ
ui.starter.cvWhereHint,ฉากใหม่จะไปอยู่ใน เล่ม “{0}” → บท “{1}”
ui.starter.cvWhich,ตอนที่จะแปลง
ui.starter.cvWorking,กำลังแปลง “{0}” ({1}/{2})…
ui.starter.cvWorkingChunk,กำลังแปลง “{0}” ({1}/{2}) — ช่วงที่ {3}/{4}
ui.starter.delAsk,ลบ “{0}” ทั้งเรื่อง (รวมตัวละครและตอนทั้งหมด)? ของจะไปอยู่ในถังขยะ
ui.starter.delDone,ย้ายเรื่องลงถังขยะแล้ว
ui.starter.descHead,คำบรรยายเรื่อง
ui.starter.draftProgress,ร่าง — กรอกแล้ว {0}/{1} ขั้น
ui.starter.drawFail,วาดหน้าไม่สำเร็จ — ดูรายละเอียดใน บันทึกการทำงาน
ui.starter.editStarter,แก้ไขข้อมูลเรื่อง
ui.starter.fAliases,ชื่อรอง
ui.starter.fAliasesPlaceholder,คั่นด้วยเครื่องหมายจุลภาค
ui.starter.fAuthor,ผู้แต่ง
ui.starter.fAuthorPlaceholder,ชื่อคนเขียน หรือนามปากกา
ui.starter.fBanner,แบนเนอร์ (แนวนอน)
ui.starter.fBlurb,การ์ดย่อ
ui.starter.fBlurbPlaceholder,หนึ่งบรรทัดที่ตัวละครอื่นรู้เกี่ยวกับคนนี้
ui.starter.fCharName,ชื่อตัวละคร
ui.starter.fCharNamePlaceholder,เช่น มานี
ui.starter.fCharTags,แท็กของตัวละคร
ui.starter.fCharTagsPlaceholder,"คั่นด้วยจุลภาค เช่น ตัวเอก, นักสืบ"
ui.starter.fCover,ปกเรื่อง (แนวตั้ง)
ui.starter.fDesc,คำบรรยายละเอียด
ui.starter.fDescPlaceholder,รูปร่าง นิสัย ปูมหลัง ความสัมพันธ์ เป้าหมาย — เขียนรวมในช่องเดียวได้เลย
ui.starter.fDescription,คำบรรยายเรื่อง
ui.starter.fDialogue,ตัวอย่างบทพูด
ui.starter.fDialogueHint,ยิ่งเป็นน้ำเสียงเฉพาะตัว AI ยิ่งจับสำเนียงได้แม่น
ui.starter.fDialoguePlaceholder,เขียนอย่างที่ตัวละครพูดจริง ใช้ {0} แทนคู่สนทนาได้
ui.starter.fGender,เพศ
ui.starter.fImage,รูป
ui.starter.finish,เสร็จสิ้น
ui.starter.finishBlocked,ยังกรอกไม่ครบ: 
ui.starter.finishGoFix,ไปแก้ตรงนั้น
ui.starter.fIntro,เรื่องย่อ
ui.starter.fIntroPlaceholder,เล่าคร่าว ๆ ว่าเรื่องนี้เกี่ยวกับอะไร หนึ่งย่อหน้าพอ
ui.starter.fName,ชื่อเรื่อง
ui.starter.fNamePlaceholder,เช่น ดาบแห่งรุ่งอรุณ
ui.starter.folderFixed,เก็บอยู่ในโฟลเดอร์ Starters/{0} — เปลี่ยนชื่อเรื่องแล้วชื่อโฟลเดอร์ไม่เปลี่ยนตาม
ui.starter.foreignAsk,“{0}” ดูเหมือนย้ายมาจากโปรเจกต์อื่น — ให้จับคู่ตัวละครกับ Wiki ของโปรเจกต์นี้เลยไหม
ui.starter.fPrompts,คำสั่งเฉพาะตัวละคร
ui.starter.fPromptsHint,ข้อกำหนดที่อยากให้ AI ยึดเวลาเขียนถึงตัวละครนี้
ui.starter.fPronoun,สรรพนามเรียกตัวเอง
ui.starter.fPronounPlaceholder,เช่น ข้า · ฉัน · ผม
ui.starter.fShortcode,โค้ดสั้น
ui.starter.fShortcodePlaceholder,เว้นว่าง = ใช้ชื่อตัวละคร
ui.starter.fShortcodePreview,พิมพ์ {0} ในบทสนทนาเพื่ออ้างถึงตัวละครนี้
ui.starter.fShortcodeReserved,{0} ถูกใช้ไปแล้ว เลือกคำอื่น
ui.starter.fStoryBlurb,คำโปรย (หนึ่งบรรทัด)
ui.starter.fStoryBlurbPlaceholder,ประโยคเดียวที่ทำให้คนอยากอ่านต่อ
ui.starter.genderFemale,หญิง
ui.starter.genderMale,ชาย
ui.starter.genderOther,อื่น ๆ
ui.starter.genderUnset,ไม่ระบุ
ui.starter.gm,ผู้เล่าเรื่อง
ui.starter.gmThinking,ผู้เล่าเรื่องกำลังคิด…
ui.starter.goAISettings,ไปตั้งค่า AI
ui.starter.goScenarios,ไปที่รายการตอน →
ui.starter.imgClear,เอารูปออก
ui.starter.imgCopyFail,ก๊อปรูปไม่สำเร็จ
ui.starter.imgFromFile,เลือกจากเครื่อง
ui.starter.imgFromGallery,เลือกจากคลังรูป
ui.starter.inWiki,อยู่ใน Wiki แล้ว
ui.starter.lastUpdate,แก้ไขล่าสุด 
ui.starter.linkedWiki,ผูกกับ Wiki อยู่
ui.starter.listEmpty,ยังไม่มีเรื่อง — กด “สร้างเรื่องใหม่” เพื่อเริ่ม
ui.starter.logImgFail,starter: ก๊อปรูปไม่สำเร็จ
ui.starter.logReadFail,starter: อ่านไม่ได้ 
ui.starter.logSaveFail,starter: บันทึกไม่สำเร็จ 
ui.starter.logScReadFail,starter: อ่านตอนไม่ได้ 
ui.starter.logWikiReadFail,starter: อ่าน entity ไม่ได้ 
ui.starter.logWikiWriteFail,starter: เขียน Wiki ไม่สำเร็จ 
ui.starter.makeRecap,สรุปตอนนี้
ui.starter.makeRecapHint,ให้ AI ย่อบทสนทนาทั้งตอน — ตอนถัดไปที่ต่อจากตอนนี้จะได้รับก้อนนี้
ui.starter.mentionAny,ใครก็ได้
ui.starter.mentionAnyHint,แทนตัวละครใดก็ได้ในฉาก
ui.starter.mentionChipHint,แทรกการอ้างถึง {0}
ui.starter.mentionHint,ใช้ {0} แทนตัวละครใดก็ได้ และ {1} แทนผู้เล่น
ui.starter.mentionInsert,แทรก
ui.starter.mentionNoCast,ยังไม่มีตัวละครให้อ้างถึง
ui.starter.mentionUnknown,อ้างถึงชื่อที่ไม่มีในเรื่อง: {0}
ui.starter.mentionUser,ผู้เล่น
ui.starter.mentionUserHint,แทนผู้เล่น/ผู้อ่านที่กำลังคุยอยู่
ui.starter.mgAlias,ตรงกับชื่อรอง
ui.starter.mgCreate,สร้างใหม่ใน Wiki
ui.starter.mgExact,ชื่อตรงกัน
ui.starter.mgLink,ผูกกับของเดิม
ui.starter.mgMany,ชนกันหลายตัว
ui.starter.mgNone,ยังไม่มีในโปรเจกต์นี้
ui.starter.mgSkip,ไม่ต้องทำอะไร
ui.starter.modeAdv,ขั้นสูง
ui.starter.modeAdvHint,เปิดช่องกำกับฉากครบชุด (บรรยาย · อารมณ์ · เป้าหมาย · เงื่อนไข)
ui.starter.modeBasic,พื้นฐาน
ui.starter.modeBasicHint,กรอกไม่กี่ช่องก็เริ่มเขียนได้
ui.starter.modeHint,สลับโหมดได้ตลอด ข้อมูลที่กรอกไว้ไม่หาย
ui.starter.moreFields,เพิ่มเติม (ชื่อรอง · สรรพนาม · การ์ดย่อ)
ui.starter.nameFromCaps,คำภาษาอังกฤษที่ขึ้นต้นด้วยตัวพิมพ์ใหญ่
ui.starter.nameFromMarker,ตามหลังคำนำหน้าชื่อในเรื่องย่อ
ui.starter.nameFromQuote,อยู่ในเครื่องหมายคำพูดในเรื่องย่อ
ui.starter.nameHintHits, · ถูกเอ่ยถึง {0} ครั้ง
ui.starter.nameHintLabel,ชื่อที่เจอในเรื่องย่อ —
ui.starter.needAI,ต้องตั้งค่า AI ก่อนจึงจะสร้างเรื่องได้
ui.starter.needCharName,ตั้งชื่อตัวละครก่อน
ui.starter.neverUpdated,ยังไม่เคยแก้ไข
ui.starter.nextStep,ขั้นถัดไป
ui.starter.noAuthor,ยังไม่ได้ใส่ชื่อผู้แต่ง
ui.starter.noBlurb,ยังไม่มีคำโปรย
ui.starter.noCover,ยังไม่มีปก
ui.starter.noImage,ยังไม่มีรูป
ui.starter.noMatch,ไม่พบที่ตรงกับที่ค้น
ui.starter.noRenderer,ยังไม่มีตัววาดของขั้น “{0}”
ui.starter.noTagYet,ยังไม่ได้เลือกแท็ก
ui.starter.open,เปิด
ui.starter.openFail,เปิดเรื่องนี้ไม่ได้ — ไฟล์อาจเสียหาย
ui.starter.openProjectFirst,เปิดโปรเจกต์ก่อนจึงจะใช้ Story Starter ได้
ui.starter.optional,ข้ามได้
ui.starter.packBadJson,starter.json ในไฟล์เสียหาย
ui.starter.packBusy,กำลังรวบรวมไฟล์ของเรื่องนี้…
ui.starter.packDone,ส่งออกเรียบร้อย: 
ui.starter.packExport,ส่งออกเป็นไฟล์ .zip (ย้ายไปโปรเจกต์อื่น/แจกต่อ)
ui.starter.packFail,ทำไฟล์ .zip ไม่สำเร็จ
ui.starter.packImport,นำเข้า .zip
ui.starter.packImported,นำเข้า “{0}” แล้ว ({1} ไฟล์)
ui.starter.packImportHint,เปิดไฟล์ .zip ที่ส่งออกจาก Story Starter
ui.starter.packNoDir,ไม่พบโฟลเดอร์ของเรื่องนี้
ui.starter.packNotStarter,ไฟล์นี้ไม่ใช่ Story Starter (ไม่พบ starter.json ข้างใน)
ui.starter.packReading,กำลังอ่านไฟล์ .zip…
ui.starter.packSkip,starter: ข้ามไฟล์ที่อ่านไม่ได้ 
ui.starter.packWriting,กำลังเขียนไฟล์ .zip…
ui.starter.pBlurbRule,ข้อกำหนด: ประโยคเดียว ไม่เกิน 90 ตัวอักษร กระตุ้นให้อยากอ่านต่อ ห้ามสปอยล์ตอนจบ ตอบเฉพาะประโยคนั้น
ui.starter.pBlurbTask,เขียนคำโปรยหนึ่งบรรทัดสำหรับเรื่องต่อไปนี้
ui.starter.pCastHead,ตัวละครในเรื่อง:
ui.starter.pCharDialogue,ตัวอย่างวิธีพูด:
ui.starter.pCharGender,เพศ: 
ui.starter.pCharName,ตัวละครที่ต้องเขียน: 
ui.starter.pCharNoName,(ยังไม่ได้ตั้งชื่อ)
ui.starter.pCharRule,ข้อกำหนด: เขียนเป็นร้อยแก้วต่อเนื่อง 2–4 ย่อหน้า ครอบคลุมรูปร่างหน้าตา นิสัย วิธีพูด ปูมหลัง เป้าหมาย และความสัมพันธ์กับตัวละครอื่น ห้ามใส่หัวข้อย่อยหรือรายการ ตอบเฉพาะคำบรรยาย
ui.starter.pCharSoFar,สิ่งที่เขียนไว้แล้ว: 
ui.starter.pCharTags,แท็ก: 
ui.starter.pCharTask,เขียนคำบรรยายตัวละครแบบละเอียดให้ตัวละครต่อไปนี้ ให้เข้ากับเรื่องและตัวละครอื่นที่มีอยู่
ui.starter.pCondRule,เขียนเป็นข้อสั้น ๆ ข้อละบรรทัด อ้างตัวละครด้วยรูปแบบ {0} · ใช้ {1} แทนใครก็ได้ และ {2} แทนผู้เล่น
ui.starter.pCondTask,งาน: เขียนเงื่อนไขของฉากนี้เป็นข้อ ๆ
ui.starter.pCvNoClose,ยังไม่ใช่ตอนจบ ห้ามสรุปปิดเรื่อง
ui.starter.pCvNoReopen,ห้ามเปิดเรื่องใหม่หรือแนะนำตัวละครซ้ำ — เขียนต่อจากที่ค้างไว้เลย
ui.starter.pCvPart,นี่คือช่วงที่ {0} จากทั้งหมด {1} ช่วงของตอนเดียวกัน
ui.starter.pCvRuleProse,ข้อกำหนด: เขียนเป็นร้อยแก้วนิยายภาษาไทย มีบรรยายและบทสนทนาปนกันตามธรรมชาติ ใช้สรรพนามและน้ำเสียงให้ตรงกับตัวละคร · เปลี่ยน “ผู้เล่าเรื่อง:” เป็นการบรรยาย และ “ชื่อตัวละคร:” เป็นบทพูดในเครื่องหมายคำพูด · ห้ามใส่หัวข้อ รายการ หรือคำอธิบายนอกเรื่อง ห้ามเอ่ยถึงการเล่นเกมหรือทางเลือก · ตอบเฉพาะตัวเนื้อเรื่อง
ui.starter.pCvRuleSp,"ข้อกำหนด: เขียนเป็นบทภาพยนตร์ภาษาไทย ใช้รูปแบบนี้เท่านั้น — หัวฉากขึ้นต้นด้วย ""### "" ตามด้วย INT. หรือ EXT. (เช่น ""### INT. ห้องนอน - คืน"") · ชื่อผู้พูดขึ้นต้นด้วย ""@"" อยู่บรรทัดของตัวเอง (เช่น ""@มานี"") แล้วบรรทัดถัดไปคือบทพูด · อารมณ์การพูดใส่ในวงเล็บสองชั้น ""((กระซิบ))"" ใต้ชื่อผู้พูด · บรรยายเขียนเป็นย่อหน้าเปล่า ๆ ห้ามใส่เลขฉาก ห้ามใส่คำอธิบายนอกบท · ตอบเฉพาะตัวบท"
ui.starter.pCvSource,บทสนทนาต้นทาง:
ui.starter.pCvTail,ท้ายของส่วนที่เขียนไปแล้ว (เขียนต่อจากนี้ให้เนียน ห้ามเล่าซ้ำ):
ui.starter.pCvTask,เขียนบทสนทนาเล่นตามบทบาทต่อไปนี้ใหม่ให้เป็นนิยายร้อยแก้ว
ui.starter.pCvTaskSp,เขียนบทสนทนาเล่นตามบทบาทต่อไปนี้ใหม่ให้เป็นบทภาพยนตร์
ui.starter.pDescRule,ข้อกำหนด: 2–4 ย่อหน้า เขียนแบบคำโปรยหลังปกหนังสือ — เร้าใจแต่ไม่สปอยล์ตอนจบ ตอบเป็น HTML อย่างง่ายโดยใช้เฉพาะ <p> <b> <i> <br> เท่านั้น ห้ามใส่หัวข้อหรือคำอธิบายนอกเรื่อง
ui.starter.pDescTask,เขียนคำบรรยายเรื่อง (Story Description) สำหรับหน้าปกของเรื่องต่อไปนี้
ui.starter.pDlgRule,เขียนเฉพาะคำพูด ไม่ต้องมีคำบรรยายหรือชื่อผู้พูดนำหน้า
ui.starter.pDlgTask,งาน: เขียนตัวอย่างบทพูดของตัวละครนี้ 2–3 ประโยค
ui.starter.pGmAsChar,(ผู้เล่นสวมบท {0}) {1}
ui.starter.pGmLenLong,ความยาวต่อรอบ: ยาว 4–5 ย่อหน้า
ui.starter.pGmLenMedium,ความยาวต่อรอบ: ปานกลาง 2–3 ย่อหน้า
ui.starter.pGmLenShort,ความยาวต่อรอบ: สั้น 1–2 ย่อหน้า
ui.starter.pGmOpenGiven,บทเปิดที่ผู้เขียนกำหนดไว้แล้ว:
ui.starter.pGmOpenGivenRule,ใช้บทเปิดนี้ตามเดิม อย่าเขียนใหม่ แล้วเขียนต่อจากตรงนี้
ui.starter.pGmOpenRule,พาผู้เล่นเข้าสู่สถานการณ์ทันที ไม่ต้องเกริ่นว่ากำลังจะเริ่ม จบด้วยจังหวะที่ผู้เล่นต้องตัดสินใจ
ui.starter.pGmOpenTask,เปิดฉากแรกของตอนนี้
ui.starter.pGmRole,คุณคือผู้เล่าเรื่อง (Game Master) ของเรื่องเล่นตามบทบาทเรื่องนี้ หน้าที่ของคุณคือบรรยายโลก ควบคุมตัวละครที่ผู้เล่นไม่ได้สวมบท และเปิดทางให้ผู้เล่นตัดสินใจ
ui.starter.pGmRules,กติกา: ตอบเป็นภาษาไทยเสมอ · บรรยายเป็นร้อยแก้วเหมือนนิยาย ไม่ใช่รายงาน · ห้ามตัดสินใจแทนผู้เล่น · ห้ามข้ามเวลาไปไกลโดยไม่ถาม · คงความต่อเนื่องกับสิ่งที่เกิดขึ้นแล้ว · ห้ามอธิบายว่าตัวเองเป็น AI
ui.starter.pGmUserChars,ตัวละครที่ผู้เล่นเป็นคนสวมบท: {0} — ห้ามพูดหรือตัดสินใจแทนตัวละครเหล่านี้เด็ดขาด
ui.starter.pGoalRule,บอกเป็นประโยคเดียวว่าฉากนี้ต้องพาเรื่องไปถึงจุดไหน
ui.starter.pGoalTask,งาน: เขียนเป้าหมายของฉากนี้
ui.starter.pickFromWiki,เลือกตัวละครจาก Wiki
ui.starter.pickOne,เลือกอันที่ชอบ
ui.starter.pIntroHead,เรื่องย่อ:
ui.starter.pIntroRule,ข้อกำหนด: ย่อหน้าเดียว ความยาว 4–6 ประโยค เขียนให้เห็นภาพและมีแรงดึงดูด บอกให้รู้ว่าใครเจอปัญหาอะไรและเดิมพันคืออะไร ตอบเฉพาะย่อหน้านั้น ไม่ต้องมีหัวข้อ
ui.starter.pIntroTask,เขียนเรื่องย่อหนึ่งย่อหน้าสำหรับเรื่องต่อไปนี้
ui.starter.pMoodRule,บอกเป็นคำหรือวลีสั้น ๆ ไม่เกินสองบรรทัด
ui.starter.pMoodTask,งาน: เขียนอารมณ์และโทนของฉากนี้
ui.starter.pNameRule,ตอบเป็นรายการบรรทัดละหนึ่งชื่อ ไม่ต้องใส่คำอธิบาย ไม่ต้องใส่เครื่องหมายคำพูด
ui.starter.pNameTask,เสนอชื่อเรื่องภาษาไทย 6 ชื่อสำหรับเรื่องต่อไปนี้
ui.starter.pOpenerRule,ยาวไม่เกินหนึ่งย่อหน้า จบด้วยจังหวะที่ชวนให้อ่านต่อ
ui.starter.pOpenerTask,งาน: เขียนบทเปิดของฉากนี้
ui.starter.pRecapRule,ข้อกำหนด: 1–2 ย่อหน้า เล่าว่าเกิดอะไรขึ้นบ้าง ใครทำอะไร และจบตอนไว้ที่จุดไหน เขียนให้คนที่ยังไม่ได้อ่านบทสนทนาเข้าใจได้ ตอบเฉพาะบทสรุป
ui.starter.pRecapTask,ย่อบทสนทนาต่อไปนี้ให้เป็นบทสรุปของตอน
ui.starter.prevStep,ขั้นก่อนหน้า
ui.starter.progress,กรอกแล้ว {0}/{1}
ui.starter.promptAdd,เพิ่มคำสั่ง
ui.starter.promptDel,ลบคำสั่งนี้
ui.starter.promptEmpty,ยังไม่มีคำสั่ง
ui.starter.promptKeyPlaceholder,หัวข้อ เช่น น้ำเสียง
ui.starter.promptValPlaceholder,สิ่งที่อยากให้ AI ทำหรือเลี่ยง
ui.starter.pScCond,เงื่อนไขที่ต้องทำตาม:
ui.starter.pScCondRule,ทำตามเงื่อนไขทุกข้อ ถ้าข้อไหนขัดกันให้ยึดข้อที่อยู่บนสุด
ui.starter.pScDesc,คำบรรยายฉาก:
ui.starter.pScGoal,เป้าหมายของฉากนี้:
ui.starter.pScMood,อารมณ์และโทนของฉาก:
ui.starter.pScMoodRule,ให้โทนนี้ซึมอยู่ในบรรยากาศและจังหวะ อย่าเขียนบอกอารมณ์ตรง ๆ
ui.starter.pScNameTask,เสนอชื่อตอนภาษาไทย 6 ชื่อ สำหรับตอนที่มีเรื่องย่อดังนี้
ui.starter.pScPrev,ตอนก่อนหน้า: 
ui.starter.pScRule,ข้อกำหนด: ย่อหน้าเดียว 3–5 ประโยค บอกว่าตอนนี้เริ่มที่ไหน มีอะไรเป็นเดิมพัน และค้างไว้ตรงไหน ตอบเฉพาะย่อหน้านั้น
ui.starter.pScSynopsis,เรื่องย่อของตอน:
ui.starter.pScTask,เขียนเรื่องย่อของตอนหนึ่งตอนในเรื่องต่อไปนี้
ui.starter.pScTitle,ชื่อตอน: 
ui.starter.pSelfPronoun,เรียกตัวเองว่า 
ui.starter.pTags,แนวเรื่อง: 
ui.starter.pTitle,ชื่อเรื่อง: 
ui.starter.pWHead,โครงเรื่อง:
ui.starter.pWHint,สิ่งที่ช่องนี้ต้องการ: 
ui.starter.pWRule,ข้อกำหนด: ตอบสั้น ๆ 1–3 ประโยค ให้เข้ากับสิ่งที่มีอยู่แล้ว ห้ามขัดกัน ตอบเฉพาะเนื้อหาของช่องนั้น
ui.starter.pWTask,ช่วยคิดเนื้อหาสำหรับช่อง “{0}” ของเรื่องต่อไปนี้
ui.starter.recapDone,สรุปตอนเรียบร้อย
ui.starter.reconcileDone,ผูกกับของเดิม {0} ตัว · สร้างใหม่ {1} ตัว
ui.starter.reconcileGo,จับคู่ให้
ui.starter.reconcileHint,เรื่องนี้ย้ายมาจากโปรเจกต์อื่น — เลือกว่าตัวละครแต่ละตัวควรผูกกับของเดิมหรือสร้างใหม่
ui.starter.reconcileTitle,จับคู่ตัวละครกับ Wiki ของโปรเจกต์นี้
ui.starter.rtBold,ตัวหนา
ui.starter.rtCenter,กึ่งกลาง
ui.starter.rtClear,ล้างรูปแบบ
ui.starter.rtH2,หัวข้อระดับ 2
ui.starter.rtH3,หัวข้อระดับ 3
ui.starter.rtImage,แทรกรูป (ก๊อปเข้าโฟลเดอร์ของเรื่องนี้ให้อัตโนมัติ)
ui.starter.rtItalic,ตัวเอียง
ui.starter.rtLeft,ชิดซ้าย
ui.starter.rtLink,ใส่ลิงก์
ui.starter.rtLinkAsk,ลิงก์ไปที่ไหน
ui.starter.rtLinkNeedSel,เลือกข้อความที่จะทำเป็นลิงก์ก่อน
ui.starter.rtList,รายการหัวข้อย่อย
ui.starter.rtListNum,รายการตัวเลข
ui.starter.rtPara,ย่อหน้าปกติ
ui.starter.rtQuote,คำพูดยกมา
ui.starter.rtRedo,ทำซ้ำ
ui.starter.rtRight,ชิดขวา
ui.starter.rtRule,เส้นคั่น
ui.starter.rtStrike,ขีดฆ่า
ui.starter.rtUnderline,ขีดเส้นใต้
ui.starter.rtUndo,ย้อนกลับ
ui.starter.saveFail,บันทึกไม่สำเร็จ
ui.starter.scAdd,สร้างตอนใหม่
ui.starter.scAdvBadge,ตั้งค่าขั้นสูง {0} ช่อง
ui.starter.scAdvHead,ตั้งค่าขั้นสูง
ui.starter.scAdvHint,ช่องพวกนี้ส่งตรงถึง AI — ใช้ {0} แทนใครก็ได้ และ {1} แทนผู้เล่น
ui.starter.scAfter,ต่อจาก 
ui.starter.scCond,เงื่อนไขของฉาก
ui.starter.scCondHint,AI จะยึดทุกข้อ ถ้าขัดกันให้ยึดข้อบนสุด
ui.starter.scCondPlaceholder,ข้อละบรรทัด เช่น {0} ต้องไม่เอ่ยชื่อจริง · {1} เลือกได้เองว่าจะเชื่อหรือไม่
ui.starter.scContinue,เล่นต่อ
ui.starter.scDefaultTitle,ตอนที่ {0}
ui.starter.scDelAsk,ลบตอน “{0}”?
ui.starter.scDelPlayedAsk,ลบตอน “{0}”? เล่นไปแล้ว {1} เทิร์น และจะหายทั้งหมด
ui.starter.scDesc,คำบรรยายฉาก
ui.starter.scDescPlaceholder,ที่ไหน เวลาไหน ใครอยู่ตรงนั้นบ้าง (อ้างตัวละครด้วย {0} ได้)
ui.starter.scDlgTitle,ตั้งค่าตอน
ui.starter.scEmpty,ยังไม่มีตอน — กด “สร้างตอนใหม่” เพื่อเริ่มเล่น
ui.starter.scExported, · แปลงแล้ว {0} ครั้ง
ui.starter.scGoal,เป้าหมายของฉาก
ui.starter.scGoalPlaceholder,ฉากนี้ต้องพาเรื่องไปถึงจุดไหน (อ้างตัวละครด้วย {0} ได้)
ui.starter.scMood,อารมณ์และโทน
ui.starter.scMoodHint,AI จะทำให้โทนนี้ซึมอยู่ในบรรยากาศ ไม่ใช่เขียนบอกตรง ๆ
ui.starter.scMoodPlaceholder,เช่น อึดอัด เงียบงัน มีอะไรไม่ชอบมาพากล
ui.starter.scMyChars,ตัวละครที่คุณสวมบท
ui.starter.scMyCharsHint,ตัวที่เลือกไว้ Game Master จะไม่พูดแทน — ไม่เลือกเลยก็ได้ คุณจะเล่นในฐานะตัวเอง
ui.starter.scName,ชื่อตอน
ui.starter.scNoCast,ยังไม่มีตัวละครที่ตั้งชื่อแล้ว
ui.starter.scNoMatch,ไม่พบตอนที่ตรงกับที่ค้น
ui.starter.scNotPlayed,ยังไม่ได้เริ่มเล่น
ui.starter.scOpener,บทเปิดฉาก
ui.starter.scOpenerHint,เว้นว่างไว้ให้ AI ร่างให้ก็ได้
ui.starter.scOpenerImage,ภาพประกอบบทเปิด
ui.starter.scOpenerImageHint,แสดงคู่กับบทเปิดตอนเล่น
ui.starter.scOpenerPlaceholder,ประโยคแรกที่ผู้อ่านจะเห็น (อ้างตัวละครด้วย {0} ได้)
ui.starter.scPrev,ต่อจากตอน
ui.starter.scPrevHint,ตอนถัดไปจะได้รับ “บทย่อ” ของตอนก่อนหน้า ไม่ใช่บทสนทนาทั้งหมด
ui.starter.scPrevMissing,(ตอนก่อนหน้าถูกลบไปแล้ว)
ui.starter.scPrevNone,— เริ่มใหม่ ไม่ต่อจากตอนไหน —
ui.starter.scSearch,ค้นหาตอน
ui.starter.scStart,เริ่มเล่น
ui.starter.scStats,{0} เทิร์น · {1} คำ
ui.starter.scSynopsis,เรื่องย่อของตอน
ui.starter.scSynopsisPlaceholder,ตอนนี้จะเกิดอะไรขึ้น
ui.starter.scThumb,ภาพประจำฉาก
ui.starter.scThumbHint,ใช้เป็นภาพหน้าปกของฉากในรายการ
ui.starter.scUntitled,ตอนที่ยังไม่ได้ตั้งชื่อ
ui.starter.searchName,ค้นหาจากชื่อหรือชื่อรอง
ui.starter.searchStarter,ค้นหาจากชื่อ แท็ก เรื่องย่อ หรือชื่อตัวละคร
ui.starter.speakAs,พูดในฐานะ
ui.starter.stepCast,ตัวละคร
ui.starter.stepCastDesc,เพิ่มได้ไม่จำกัด สร้างเองหรือดึงจาก Wiki ก็ได้ — ตัวที่สร้างที่นี่จะถูกบันทึกลง Wiki ให้
ui.starter.stepCover,ปกเรื่อง
ui.starter.stepCoverDesc,รูปที่จะแสดงบนการ์ดในหน้ารวม
ui.starter.stepDrawFail,วาดขั้นนี้ไม่สำเร็จ
ui.starter.stepIntro,ชื่อเรื่อง + เรื่องย่อ
ui.starter.stepIntroDesc,ตั้งชื่อเรื่องและเขียนเรื่องย่อหนึ่งย่อหน้า คิดไม่ออกให้ AI ช่วยได้
ui.starter.stepTags,แนวเรื่อง
ui.starter.stepTagsDesc,เลือกได้มากกว่าหนึ่ง หรือพิมพ์แท็กเองก็ได้ — AI ใช้ชุดนี้กำหนดโทนของทั้งเรื่อง
ui.starter.stepW,4W
ui.starter.stepWDesc,อะไร เมื่อไหร่ ที่ไหน ทำไม — กรอกเท่าที่นึกออก ข้ามได้ทั้งหมด
ui.starter.sumCast,ตัวละคร 
ui.starter.sysWriter,คุณเป็นนักเขียนนิยายมืออาชีพที่เขียนภาษาไทยได้เป็นธรรมชาติ ตอบเป็นภาษาไทยเสมอ ตอบเฉพาะเนื้อหาที่ขอ ไม่ต้องเกริ่นนำหรือสรุปท้าย
ui.starter.tagAdd,เพิ่ม
ui.starter.tagGroupGenre,แนว
ui.starter.tagGroupRating,เรตติ้ง
ui.starter.tagGroupSetting,ฉากหลัง
ui.starter.tagGroupTone,โทน
ui.starter.tagOwnPlaceholder,พิมพ์แท็กเอง แล้วกด Enter
ui.starter.tagPicked,แท็กที่เลือกไว้
ui.starter.today,วันนี้
ui.starter.tokDetail,ส่งเข้า {0} · ตอบกลับ {1}
ui.starter.tokLine,{0} โทเคน
ui.starter.tokNone,ยังไม่ใช้โทเคน
ui.starter.trGm,ผู้เล่าเรื่อง
ui.starter.trPlayer,ผู้เล่น
ui.starter.untitled,ยังไม่ได้ตั้งชื่อ
ui.starter.wAllOptional,ทุกช่องในขั้นนี้ข้ามได้ กรอกเท่าที่นึกออก
ui.starter.welcomeHint,รวมเรื่องที่ตั้งต้นไว้ทั้งหมด — แต่ละเรื่องเก็บเป็นโฟลเดอร์แยกใน Starters/ ย้ายข้ามโปรเจกต์ได้
ui.starter.wikiNoChar,Wiki ของโปรเจกต์นี้ยังไม่มีตัวละคร
ui.starter.wikiReadFail,อ่านตัวละครจาก Wiki ไม่สำเร็จ
ui.starter.wikiWriteFail,เขียนลง Wiki ไม่สำเร็จ
ui.starter.wWhat,อะไร (What)
ui.starter.wWhatHint,เหตุการณ์หลักของเรื่องคืออะไร
ui.starter.wWhen,เมื่อไหร่ (When)
ui.starter.wWhenHint,ยุคสมัย ฤดู หรือช่วงเวลาในเรื่อง
ui.starter.wWhere,ที่ไหน (Where)
ui.starter.wWhereHint,สถานที่หลักที่เรื่องเกิดขึ้น
ui.starter.wWhy,ทำไม (Why)
ui.starter.wWhyHint,แรงผลักดันหรือเหตุผลเบื้องหลัง
ui.starter.yesterday,เมื่อวาน
ui.starter.you,คุณ
ui.status.addStatus,+ เพิ่มสถานะ
ui.status.addStatusDone,เพิ่มสถานะแล้ว: 
ui.status.copied,คัดลอกแล้ว
ui.status.customStatusImportFail,custom-status: นำเข้าล้มเหลว
ui.status.default,  (มาตรฐาน)
ui.status.delStatus,"ลบสถานะ ""{0}"" ?"
ui.status.delStatus2,ลบสถานะนี้
ui.status.delStatusDone,ลบสถานะแล้ว: 
ui.status.delStatusInUse,"ลบสถานะ ""{0}"" ? — มี {1} ฉากที่ยังใช้อยู่ (ฉากเหล่านั้นเก็บค่าเดิมไว้จนกว่าจะเปลี่ยนเอง)"
ui.status.egEditSendDone,"เช่น รอแก้ไข, ส่งแล้ว"
ui.status.export,ส่งออก…
ui.status.exportSetStatusDone,ส่งออกชุดสถานะแล้ว: 
ui.status.import,นำเข้า…
ui.status.importFileStatusNot,นำเข้าไฟล์สถานะไม่สำเร็จ (ไฟล์ไม่ใช่ JSON ที่ถูกต้อง)
ui.status.importStatusNewList,นำเข้าสถานะใหม่ {0} รายการ
ui.status.loading,กำลังโหลด…
ui.status.manageStatusScene,จัดการสถานะฉาก
ui.status.nameStatusNew,ชื่อสถานะใหม่
ui.status.notHasStatusDefine,ยังไม่มีสถานะที่กำหนดเอง
ui.status.notHasStatusNew,ไม่มีสถานะใหม่ให้เพิ่ม (ซ้ำกับของเดิมทั้งหมด)
ui.status.opened,เปิดโปรเจกต์: 
ui.status.orphanOpt,{0} (ลบออกจากรายการแล้ว)
ui.status.readSetStatusFile,อ่านชุดสถานะจากไฟล์ .json (รวมกับของเดิม ไม่ลบทิ้ง)
ui.status.ready,พร้อม
ui.status.recolorStatus,เปลี่ยนสีของสถานะนี้
ui.status.saved,บันทึกแล้ว
ui.status.saveSetStatusColor,บันทึกชุดสถานะ + สี เป็นไฟล์ .json เพื่อนำไปใช้กับโปรเจกต์อื่น
ui.status.settingsSaved,บันทึกการตั้งค่าแล้ว
ui.status.uiScale,ขนาด UI
ui.status.versionRestored,กู้คืนเวอร์ชันแล้ว
ui.status.zoom,ซูม
ui.status.zoomReset,รีเซ็ตซูมแล้ว
ui.tabs.closeOthers,ปิดแท็บอื่นทั้งหมด
ui.tabs.closeRight,ปิดแท็บทางขวา
ui.tabs.copyPath,คัดลอกที่อยู่ไฟล์
ui.tabs.inBook,เล่ม {0}
ui.tabs.inBookChapter,เล่ม {0} › บท {1}
ui.tabs.overflowList,แท็บทั้งหมด
ui.tabs.pathCopied,คัดลอกที่อยู่แล้ว: {0}
ui.tabs.pin,ปักหมุดแท็บ
ui.tabs.reopenNone,ไม่มีแท็บที่ปิดไปให้เปิดคืนแล้ว
ui.tabs.revealInTree,แสดงในต้นไม้โปรเจกต์
ui.tabs.revealNone,แท็บนี้ไม่มีไฟล์ในต้นไม้โปรเจกต์
ui.tabs.revealNotFound,หาแถวของไฟล์นี้ในต้นไม้ไม่เจอ
ui.tabs.unpin,เลิกปักหมุดแท็บ
ui.tags.clickFilterExplorerShow,คลิกเพื่อกรอง Explorer → แสดงเฉพาะฉากที่มีแท็ก: 
ui.tags.delTag,ลบแท็กนี้
ui.tags.filterTagF,กรองด้วยแท็ก: {0} — Explorer แสดงเฉพาะฉากที่มีแท็กนี้
ui.tags.list,รายการ
ui.tags.manageVisualTags,จัดการ Visual Tags
ui.tags.nameTag,ชื่อแท็ก
ui.tags.notHasTagPut,ยังไม่มีแท็ก — ใส่แท็กในคุณสมบัติฉากหรือ Wiki
ui.tags.tag, แท็ก
ui.tags.tag2,แท็ก: {0} ({1})
ui.tags.tag3,เมฆแท็ก
ui.tags.tag4,แท็ก
ui.tags.tagAll,แท็กทั้งหมด
ui.tags.tagPaneReadTag,tag-pane: อ่านแท็กล้มเหลว
ui.task.jobFailedF,auto-task: งาน {0} พัง
ui.tbcfg.allOff,ปิดหมด
ui.tbcfg.allOn,เปิดหมด
ui.tbcfg.count,เปิดอยู่ {0} จาก {1} ปุ่ม
ui.tbcfg.customize,ปรับแถบเครื่องมือ…
ui.tbcfg.grpAi,AI
ui.tbcfg.grpAlign,จัดหน้า
ui.tbcfg.grpEdit,แก้ไข
ui.tbcfg.grpExt,ส่วนเสริม
ui.tbcfg.grpFind,ค้นหา
ui.tbcfg.grpInsert,แทรก
ui.tbcfg.grpLayout,ซ่อน/แสดงแผงทีละฝั่ง
ui.tbcfg.grpPanels,แผง
ui.tbcfg.grpStory,เครื่องมือเล่าเรื่อง
ui.tbcfg.grpStyle,รูปแบบข้อความ
ui.tbcfg.grpTabs,แท็บและหน้าจอ
ui.tbcfg.grpView,มุมมองและโหมด
ui.tbcfg.hidden,ซ่อนปุ่ม “{0}” แล้ว
ui.tbcfg.hideThis,ซ่อนปุ่ม “{0}”
ui.tbcfg.hint,ติ๊กเลือกว่าจะให้ปุ่มไหนโผล่บนแถบ — เห็นผลทันทีที่กด · เส้นคั่นของกลุ่มที่ปิดหมดจะหายไปเอง
ui.tbcfg.missing,(ยังไม่มีบนแถบ)
ui.tbcfg.reset,คืนค่าเริ่มต้น
ui.tbcfg.resetDone,คืนค่าแถบเครื่องมือเป็นค่าเริ่มต้นแล้ว
ui.tbcfg.showAll,แสดงปุ่มทั้งหมด
ui.tbcfg.title,ปรับแถบเครื่องมือ
ui.textCase.aLtErNaTeCAsEToggleItem,aLtErNaTe cAsE — สลับตัวเล็ก/ใหญ่
ui.textCase.capitalizeCaseAllWord,Capitalize Case — ขึ้นต้นทุกคำ
ui.textCase.iNVERSECASEBackItem,iNVERSE cASE — กลับตัวเล็ก↔ใหญ่
ui.textCase.lowerCaseItemSmall,lower case — ตัวเล็กทั้งหมด
ui.textCase.sentenceCaseSentenceItem,Sentence case — ขึ้นต้นประโยคตัวใหญ่
ui.textCase.titleCaseStyleTitle,Title Case — แบบชื่อเรื่อง
ui.textCase.uPPERCASEItemBig,UPPER CASE — ตัวใหญ่ทั้งหมด
ui.themes.claude,ดินเผา (แบบ Claude Code)
ui.themes.dva,เกมเมอร์ชมพู (แบบ D.Va)
ui.themes.excel,ตารางเขียว (แบบ Excel)
ui.themes.flower,สวนดอกไม้
ui.themes.fruit,สลัดผลไม้
ui.themes.gundam,โมบิลสูทไตรรงค์ (แบบกันดั้ม)
ui.themes.kimi,จันทร์เงา (แบบ Kimi)
ui.themes.lagoon,ลากูนแดดจ้า
ui.themes.macintosh,แพลทินัม (แบบ Macintosh คลาสสิก)
ui.themes.neonPop,นีออนป๊อป
ui.themes.opencode,เทอร์มินัลพีช (แบบ opencode)
ui.themes.plumWine,ไวน์พลัม
ui.themes.powerpoint,สไลด์ส้มอิฐ (แบบ PowerPoint)
ui.themes.rainbow,สายรุ้ง
ui.themes.sakuraMist,หมอกซากุระ
ui.themes.tropical,ทรอปิคอล
ui.themes.vscode,โค้ดมืด (แบบ VS Code)
ui.themes.word,เอกสารน้ำเงิน (แบบ Word)
ui.thes.close,ปิด
ui.thes.copied,คัดลอก: 
ui.thes.notFound,"ไม่พบคำพ้อง/คำตรงข้ามสำหรับ """
ui.thes.selectWordFirst,เลือกคำที่อยากหาคำพ้องก่อน
ui.thes.thesaurusSearchNotOk,thesaurus: ค้นไม่สำเร็จ
ui.timeline.addEvent,+ เพิ่มเหตุการณ์
ui.timeline.card,การ์ด
ui.timeline.clickOpenScene,คลิกเปิดฉากนี้
ui.timeline.eventNotHasTime,+ อีก {0} เหตุการณ์ไม่มีเวลาเป็นตัวเลข (ดูในมุมมองการ์ด)
ui.timeline.hasDotEventTime,มี {0} จุดที่เหตุการณ์เวลาตรงกัน (ไฮไลต์สีส้ม) — ตรวจว่าตั้งใจหรือไม่
ui.timeline.hasDotTimeAt,มี {0} จุดที่เวลาตรงกัน (ไฮไลต์สีส้ม)
ui.timeline.lineTime,เส้นเวลา
ui.timeline.note, โน้ต
ui.timeline.notHasEventPress,"ยังไม่มีเหตุการณ์ — กด ""＋ เพิ่มเหตุการณ์"" หรือไปตั้ง ""เวลาในเรื่อง"" ให้ฉากในคุณสมบัติฉาก"
ui.timeline.open,เปิด: 
ui.timeline.sceneSetTimeStory,"ฉากที่ตั้ง ""เวลาในเรื่อง"" จะขึ้นบนเส้นเวลาอัตโนมัติ"
ui.timeline.viewGanttMustHas,"มุมมอง Gantt ต้องมีเหตุการณ์ที่ระบุเวลาเป็นตัวเลข (เช่น ""ปีที่ 1024"") — ยังไม่มีเลย"
ui.tip.about,ดูรุ่นของโปรแกรม เครดิต และสัญญาอนุญาตของส่วนประกอบที่ใช้
ui.tip.ai-analyzer,เปิดแผงวิเคราะห์ต้นฉบับด้วย AI เช่น จังหวะเรื่อง เส้นโค้งตัวละคร และคำที่ใช้ซ้ำ
ui.tip.ai-assistant,ให้ AI ช่วยขยาย สรุป หรือเขียนใหม่ข้อความที่เลือก แล้วเลือกเองว่าจะใช้ผลลัพธ์ไหม
ui.tip.ai-chat,เปิดแผงคุยกับ AI เรื่องงานเขียนของคุณ แชทแต่ละเรื่องเก็บเป็นเซสชันไว้ในโปรเจกต์
ui.tip.ai-chat-dialog,เปิดกล่องแชทกับ AI แบบเดิม (ก่อนมีแผงแชท) ถามเรื่องในโปรเจกต์ได้เหมือนกัน
ui.tip.ai-chat-new,เริ่มเซสชันแชทกับ AI ใหม่ บทสนทนาเดิมยังเก็บไว้ในรายการเซสชัน
ui.tip.ai-chat-toggle,เปิดหรือปิดแผง AI ผู้ช่วยเขียน กดซ้ำเพื่อปิด
ui.tip.ai-consistency,ให้ AI ตรวจว่าตัวละครพูดและทำตัวสม่ำเสมอกับข้อมูลใน Wiki และฉากก่อนหน้าหรือไม่
ui.tip.ai-dialogue,ให้ AI ร่างบทสนทนาระหว่างตัวละครจากสถานการณ์ที่กำหนด แล้วนำไปแก้ต่อเอง
ui.tip.ai-menu,เปิดเมนูรวมเครื่องมือ AI ทั้งหมด: AI Hub ผู้ช่วยเขียน แชท วิเคราะห์ และ Story Starter
ui.tip.ai-plot,ให้ AI หาจุดที่เรื่องขัดกันหรือขาดเหตุผล (Plot Hole) พร้อมระบุฉากที่เกี่ยวข้อง
ui.tip.ai-settings,ตั้งค่าผู้ให้บริการ AI คีย์ โมเดล และพารามิเตอร์ที่ทุกฟีเจอร์ AI ใช้ร่วมกัน
ui.tip.ai-summary,ให้ AI สรุปเนื้อหาของทั้งโปรเจกต์ ใช้ทบทวนเรื่องหรือเตรียมเรื่องย่อ
ui.tip.ai-title,ให้ AI เสนอชื่อเรื่องจากเนื้อหา เลือกแล้วตั้งเป็นชื่อโปรเจกต์ได้ทันที
ui.tip.ai-world,ให้ AI ช่วยสร้างรายละเอียดโลกของเรื่อง เช่น ภูมิศาสตร์ วัฒนธรรม และประวัติ แล้วบันทึกเป็นหน้า Wiki ได้
ui.tip.all-notes,รวมโน้ตด่วนของทุกฉากไว้ในรายการเดียว คลิกเพื่อไปยังฉากนั้น
ui.tip.auto-sync,เปิดหรือปิดระบบงานอัตโนมัติที่คอยอัปเดตข้อมูลของโปรเจกต์ให้เองระหว่างทำงาน
ui.tip.auto-sync:false,ปิดระบบงานอัตโนมัติที่คอยอัปเดตข้อมูลของโปรเจกต์ระหว่างทำงาน
ui.tip.auto-sync:true,เปิดระบบงานอัตโนมัติที่คอยอัปเดตข้อมูลของโปรเจกต์ให้เองระหว่างทำงาน
ui.tip.backup-now,สำรองทั้งโปรเจกต์ทันทีโดยไม่ต้องรอรอบสำรองอัตโนมัติ เหมาะก่อนแก้งานครั้งใหญ่
ui.tip.blockStyle,เปลี่ยนทั้งย่อหน้าเป็นหัวข้อระดับต่าง ๆ หรือคำพูดยกมา หัวข้อคือสิ่งที่แผงนำทางและสารบัญใช้
ui.tip.books,จัดการเล่มและฉบับร่าง ตั้งปก คำโปรย สถานะ และลากสลับลำดับเล่ม
ui.tip.branch-sync,อ่านทางเลือกที่เขียนไว้ในฉากนี้ด้วยวงเล็บเหลี่ยม [ข้อความ] แล้วสร้างเป็นเส้นทางในผังแตกสาย
ui.tip.branching,เปิดผังเรื่องแตกสาย ดูว่าแต่ละฉากมีทางเลือกพาไปฉากไหน เหมาะกับนิยายภาพหรือเกมเนื้อเรื่อง
ui.tip.changelog,ดูว่าแต่ละรุ่นของโปรแกรมเพิ่มหรือแก้อะไรไปบ้าง
ui.tip.chapter,สร้างบทใหม่ในเล่มที่เลือก แล้วเปิดให้เริ่มเขียนทันที บทคือกล่องที่รวมหลายฉากไว้ด้วยกัน
ui.tip.chapters,เปิดแผงจัดการบท ตั้งปกบท ลำดับบท และดูสถิติของทุกบทในเล่ม
ui.tip.char-map,เลือกแทรกอักขระพิเศษที่ไม่มีบนแป้นพิมพ์ เช่น เครื่องหมายวรรคตอนแบบงานพิมพ์ หรือสัญลักษณ์
ui.tip.character,สร้างหน้าตัวละครใหม่ใน Wiki จากเทมเพลตของหมวดตัวละคร ไว้จดข้อมูลที่ต้องอ้างอิงระหว่างเขียน
ui.tip.cheatsheet,แสดงคีย์ลัดทั้งหมดของโปรแกรมในหน้าเดียว ตามค่าที่ตั้งไว้จริง
ui.tip.check-update,ตรวจว่ามีโปรแกรมรุ่นใหม่หรือไม่ และบอกผลทุกกรณี แม้จะเป็นรุ่นล่าสุดอยู่แล้ว
ui.tip.close-all-tabs,ปิดแท็บเอกสารทั้งหมด ถ้ามีแท็บที่ยังไม่บันทึก โปรแกรมจะถามก่อน
ui.tip.close-tab,ปิดแท็บที่เปิดอยู่ ถ้ายังไม่ได้บันทึกจะถามก่อนเสมอ
ui.tip.comments,เปิดแผงคอมเมนต์ของฉากที่เปิดอยู่ ฝากความเห็นผูกกับข้อความ ตอบกลับ และปิดเรื่องได้
ui.tip.compile,ส่งออกต้นฉบับผ่านเวิร์กโฟลว์ที่กำหนดขั้นตอนเองได้ เช่น ตัดคอมเมนต์ รวมบท ใส่หัวข้อ ก่อนแปลงเป็นไฟล์ปลายทาง
ui.tip.confirm-quit,ปิดโปรแกรม ถ้ามีงานที่ยังไม่บันทึกจะแสดงรายการให้เลือกก่อน
ui.tip.custom-status,เพิ่ม แก้ หรือลบสถานะของฉาก เช่น ร่าง แก้ไข เสร็จ ที่ใช้ร่วมกันทั้งโปรเจกต์
ui.tip.dashboard,เปิดแดชบอร์ดภาพรวมโปรเจกต์ จำนวนคำเทียบเป้า สถานะฉาก และความยาวแต่ละบท
ui.tip.delete-line,ลบทั้งบรรทัดที่เคอร์เซอร์อยู่ในครั้งเดียว ไม่ต้องลากเลือกก่อน
ui.tip.dev-console,เปิดเครื่องมือนักพัฒนาของ Chromium ใช้ตรวจหาสาเหตุเวลาโปรแกรมทำงานผิดปกติ
ui.tip.editor-redo,ทำสิ่งที่เพิ่งย้อนกลับไปใหม่อีกครั้ง ใช้คู่กับปุ่มย้อนกลับเวลาลองเทียบสองแบบ
ui.tip.editor-undo,ย้อนการแก้ไขครั้งล่าสุดกลับไปหนึ่งขั้น กดซ้ำได้เรื่อย ๆ จนถึงตอนที่เปิดฉากนี้ขึ้นมา
ui.tip.export-blog,ส่งออกเป็นไฟล์ HTML หน้าเดียวที่จัดรูปแบบพร้อมวางลงบล็อกหรือเว็บไซต์
ui.tip.export-draft,ส่งออกฉบับร่างทั้งเล่มเป็นไฟล์ Markdown ไฟล์เดียว
ui.tip.export-fdx,ส่งออกบทภาพยนตร์เป็นไฟล์ Final Draft (.fdx) เพื่อเปิดต่อในโปรแกรมเขียนบทอื่น
ui.tip.export-hub,รวมทุกทางส่งออกไว้ในกล่องเดียว เลือกปลายทาง ตั้งค่า แล้วดูตัวอย่างก่อนเซฟไฟล์
ui.tip.export-json,ส่งออกข้อมูลโปรเจกต์ทั้งหมดเป็นไฟล์ JSON ไฟล์เดียว ไว้สำรองหรือส่งต่อให้เครื่องมืออื่น
ui.tip.export-language-csv,ส่งออกข้อความของโปรแกรมเป็นตาราง CSV (คีย์ · ไทย · อังกฤษ) ให้ผู้แปลแก้ในโปรแกรมตารางคำนวณ
ui.tip.export-panel-layout,บันทึกการจัดวางแผงตอนนี้เป็นไฟล์ JSON ไว้อ้างอิงหรือแนบตอนรายงานปัญหาเรื่องแผง
ui.tip.export-pdf,เปิดศูนย์รวมการส่งออกเพื่อทำไฟล์ PDF พร้อมดูตัวอย่างก่อนเซฟ
ui.tip.export-pdf-builtin,ส่งออก PDF ด้วยตัวสร้าง PDF ในโปรแกรมโดยตรง ไม่ผ่านศูนย์รวมการส่งออก
ui.tip.export-rtf,ส่งออกบทภาพยนตร์เป็นไฟล์ RTF ที่เปิดได้ใน Word และโปรแกรมเอกสารทั่วไป
ui.tip.export-watermark,ตั้งลายน้ำที่จะพิมพ์ทับทุกหน้าของไฟล์ที่ส่งออก เช่น ชื่อผู้รับ หรือคำว่า ฉบับร่าง
ui.tip.export-zip,บีบอัดทั้งโฟลเดอร์โปรเจกต์เป็นไฟล์ ZIP ไฟล์เดียว สำหรับสำรองหรือส่งให้คนอื่น
ui.tip.find,ค้นหาและแทนที่ภายในเอกสารที่เปิดอยู่ตอนนี้เท่านั้น
ui.tip.floorplan,เปิดผังพื้นที่ของฉากที่เปิดอยู่ ปักหมุดว่าฉากนี้เกิดที่ไหนบนแผนที่
ui.tip.fmt,คำสั่งจัดรูปแบบข้อความ เช่น ตัวหนา หัวข้อ หรือรายการ ปุ่มแต่ละปุ่มระบุว่าจะจัดแบบไหน
ui.tip.fmt:align:center,จัดข้อความกึ่งกลางบรรทัด เหมาะกับชื่อเรื่อง คำอุทิศ และบทกวีสั้น ๆ ไม่เหมาะกับเนื้อความยาว
ui.tip.fmt:align:justify,ยืดข้อความให้เต็มบรรทัดทั้งซ้ายและขวา ได้ขอบตรงสวยแบบหนังสือ แต่อาจเกิดช่องว่างกว้างในบรรทัดที่มีคำยาว
ui.tip.fmt:align:left,จัดข้อความชิดขอบซ้าย เป็นค่ามาตรฐานของเนื้อความ เพราะจุดเริ่มบรรทัดอยู่ที่เดิมทุกบรรทัด สายตาจึงกลับมาหาได้เร็ว
ui.tip.fmt:align:right,จัดข้อความชิดขอบขวา มักใช้กับวันที่ ผู้เขียน หรือทรานซิชันในบทภาพยนตร์
ui.tip.fmt:bold,ทำข้อความที่เลือกเป็นตัวหนา ใช้เน้นคำสำคัญ ใช้มากเกินไปจะทำให้ไม่มีอะไรเด่นเลย
ui.tip.fmt:clear,ล้างตัวหนา ตัวเอียง ขีดเส้นใต้ และสีของข้อความที่เลือก ให้กลับเป็นข้อความธรรมดา
ui.tip.fmt:code,ทำย่อหน้าเป็นบล็อกโค้ด แสดงด้วยฟอนต์ความกว้างเท่ากันและไม่จัดรูปแบบข้างใน
ui.tip.fmt:heading:1,ทำย่อหน้านี้เป็นหัวข้อระดับ 1 ใหญ่ที่สุด มักใช้เป็นชื่อเรื่องหรือชื่อภาค ในบทภาพยนตร์คีย์เดียวกันจะเปลี่ยนเป็นหัวฉาก
ui.tip.fmt:heading:2,ทำย่อหน้านี้เป็นหัวข้อระดับ 2 มักใช้เป็นชื่อบท
ui.tip.fmt:heading:3,ทำย่อหน้านี้เป็นหัวข้อระดับ 3 มักใช้เป็นหัวข้อย่อยในบท
ui.tip.fmt:heading:4,ทำย่อหน้านี้เป็นหัวข้อระดับ 4 สำหรับหัวข้อย่อยชั้นลึกที่สุดที่ยังเข้าสารบัญ
ui.tip.fmt:hr,แทรกเส้นคั่นแนวนอน ใช้แบ่งช่วงเวลาหรือเปลี่ยนมุมมองภายในฉาก
ui.tip.fmt:italic,ทำข้อความที่เลือกเป็นตัวเอียง นิยมใช้กับความคิดในใจ ชื่อผลงาน และคำต่างประเทศ
ui.tip.fmt:ol,ทำย่อหน้าที่เลือกเป็นรายการตัวเลข ใช้กับขั้นตอนหรือลำดับที่ต้องทำตามกัน
ui.tip.fmt:paragraph,เปลี่ยนย่อหน้ากลับเป็นข้อความปกติ ใช้ถอดหัวข้อหรือคำพูดยกมาออก
ui.tip.fmt:quote,ทำย่อหน้านี้เป็นคำพูดยกมา เยื้องเข้าและมีเส้นกำกับด้านซ้าย เหมาะกับจดหมายหรือข้อความที่อ้างถึง
ui.tip.fmt:strike,ขีดฆ่าข้อความที่เลือก ใช้บอกว่าตัดทิ้งแล้วแต่ยังอยากให้เห็นของเดิม
ui.tip.fmt:sub,ทำข้อความที่เลือกเป็นตัวห้อย สำหรับสูตรเคมีและดัชนีล่าง
ui.tip.fmt:sup,ทำข้อความที่เลือกเป็นตัวยก สำหรับเลขยกกำลังและเลขอ้างอิงเชิงอรรถ
ui.tip.fmt:ul,ทำย่อหน้าที่เลือกเป็นรายการหัวข้อย่อย ใช้กับสิ่งที่ลำดับก่อนหลังไม่สำคัญ
ui.tip.fmt:underline,ขีดเส้นใต้ข้อความที่เลือก ในงานพิมพ์มักใช้เท่าที่จำเป็น เพราะอ่านยากกว่าตัวหนาหรือเอียง
ui.tip.fmtbar-align,ย้ายแถบรูปแบบลอยไปชิดขอบบนหรือขอบล่างของพื้นที่เขียน กดซ้ำเพื่อสลับ
ui.tip.fmtbar-here,เรียกแถบรูปแบบลอยมาอยู่ใกล้ตำแหน่งเมาส์ ไม่ต้องละสายตาไปหาที่มุมจอ
ui.tip.fmtbar-lock,ล็อกแถบรูปแบบลอยไว้ที่เดิม กันเผลอลากย้าย กดอีกครั้งเพื่อปลดล็อก
ui.tip.fmtbar-opacity,วนความทึบของแถบรูปแบบลอย 100% · 50% · 5% แถบที่จางจะกลับมาชัดเองเมื่อเอาเมาส์ไปชี้
ui.tip.focus-mode,ซ่อนทุกอย่างรอบพื้นที่เขียน เหลือแต่หน้ากระดาษ เพื่อเขียนต่อเนื่องโดยไม่มีอะไรกวนสายตา
ui.tip.gallery,เปิดคลังรูปของโปรเจกต์ จัดอัลบั้ม ดูว่ารูปไหนถูกใช้ที่ไหน และนำรูปไปใช้ในฉากหรือ Wiki
ui.tip.gallery-board,เปิดกระดานอารมณ์ของอัลบั้ม ลากรูปจากคลังมาวางจัดเป็นภาพรวมบรรยากาศของเรื่อง
ui.tip.gallery-dups,หารูปที่ซ้ำกันในคลังรูป ช่วยเคลียร์ไฟล์ที่นำเข้าซ้ำ
ui.tip.gallery-export-used,ส่งออกเฉพาะรูปที่ถูกใช้จริงในฉากหรือ Wiki ไปยังโฟลเดอร์ที่เลือก
ui.tip.gallery-new-album,สร้างอัลบั้มใหม่ในคลังรูป ใช้จัดรูปเป็นกลุ่ม เช่น ตามตัวละครหรือสถานที่
ui.tip.gallery-unused,แสดงรูปในคลังที่ยังไม่ถูกใช้ที่ไหนเลย
ui.tip.global-search,ค้นทุกฉาก ทุกบท และทุกหน้า Wiki ของโปรเจกต์พร้อมกัน รองรับ AND OR NOT และค้นเฉพาะช่อง
ui.tip.goto,เปิดกล่องให้พิมพ์เลขหน้าหรือเลขฉาก แล้วกระโดดไปตรงนั้นทันที เหมาะกับเอกสารยาว
ui.tip.goto-page,กระโดดไปยังหน้าที่ระบุในเอกสารที่เปิดอยู่ ตามเลขหน้าของมุมมองหน้ากระดาษ
ui.tip.goto-page:1,กระโดดกลับไปหน้าแรกของเอกสาร
ui.tip.goto-scene,กระโดดไปยังฉากที่ระบุด้วยเลขฉาก ใช้กับบทภาพยนตร์ที่มีหลายหัวฉากในไฟล์เดียว
ui.tip.goto:page,เปิดกล่องให้พิมพ์เลขหน้าที่ต้องการ แล้วกระโดดไปหน้านั้น
ui.tip.goto:scene,เปิดกล่องให้พิมพ์เลขฉาก แล้วกระโดดไปฉากนั้น
ui.tip.home,เปิดหน้าแรก ดูโปรเจกต์ล่าสุด สร้างหรือเปิดโปรเจกต์อื่น
ui.tip.import-language-csv,นำเข้าคำแปลจากไฟล์ CSV ที่แก้แล้ว รวมเข้ากับไฟล์ภาษาของโปรเจกต์และเห็นผลทันที
ui.tip.import-script,"นำเข้าบทภาพยนตร์จาก Fountain, Final Draft (FDX), Celtx, Fade In หรือ Adobe Story พร้อมดูตัวอย่างก่อนนำเข้า"
ui.tip.import-scrivener,นำเข้าโปรเจกต์จาก Scrivener (.scriv) มาเป็นโปรเจกต์ Killian พร้อมโครงบทและฉาก
ui.tip.insert-image,แทรกรูปลงในเนื้อฉากตรงตำแหน่งเคอร์เซอร์ รูปถูกคัดลอกเข้าโฟลเดอร์ Images ของโปรเจกต์ให้เอง
ui.tip.insert-shortcode,แทรกโค้ดสั้นที่จะถูกแทนด้วยค่าจริงตอนส่งออก เช่น ชื่อเรื่อง ชื่อบท หรือวันที่
ui.tip.kanban,เปิดกระดาน Kanban ที่เรียงฉากตามสถานะ ลากการ์ดข้ามคอลัมน์เพื่อเปลี่ยนสถานะได้ทันที
ui.tip.lang-fonts,ตั้งฟอนต์แยกตามช่วงอักขระ เช่น ไทยใช้ฟอนต์หนึ่ง ละตินใช้อีกฟอนต์ ใช้ได้ทั้งนิยายและบท
ui.tip.line-numbers,แสดงเลขบรรทัดที่รางซ้ายของพื้นที่เขียน ช่วยอ้างอิงตำแหน่งเวลาคุยงานหรือแก้ตามโน้ต
ui.tip.location,สร้างหน้าสถานที่ใหม่ใน Wiki จากเทมเพลตของหมวดสถานที่ ไว้จดบรรยากาศและรายละเอียดของฉากหลัง
ui.tip.maps,เปิดแผนที่ของโลกในเรื่อง ปักหมุดตัวละครและสถานที่ ซ้อนแผนที่จากระดับโลกลงถึงเมืองและห้อง
ui.tip.markdown-codes,ซ่อน/แสดงรหัสนำหน้าบรรทัดของมาร์กดาวน์ (# > . @) ซ่อนไว้จะอ่านง่าย แสดงไว้จะเห็นโครงสร้างจริงที่เก็บลงไฟล์
ui.tip.memo,สร้างบันทึกช่วยจำ (Memo) ในโปรเจกต์ ไว้จดไอเดีย ข้อมูลค้นคว้า หรือสิ่งที่ยังไม่รู้จะใส่ตรงไหน โดยไม่ปนกับต้นฉบับ
ui.tip.nbsp,แทรกช่องว่างที่ไม่ยอมให้ตัดบรรทัดตรงนั้น ใช้กันคำที่ต้องอยู่ด้วยกันแยกคนละบรรทัด เช่น ตัวเลขกับหน่วย
ui.tip.network,เปิด Story Network ผังความสัมพันธ์ของตัวละคร สถานที่ และสิ่งของ ดูได้ทั้งแบบ 2D และ 3D
ui.tip.new-entity,สร้างหน้า Wiki ใหม่ในหมวดที่เลือก จากเทมเพลตของหมวดนั้น
ui.tip.new-entity:characters,สร้างหน้าตัวละครใหม่ใน Wiki จากเทมเพลตของหมวดตัวละคร
ui.tip.new-entity:items,สร้างหน้าสิ่งของใหม่ใน Wiki เช่น อาวุธ ของวิเศษ หรือของสำคัญที่ตัวละครถือครอง
ui.tip.new-entity:locations,สร้างหน้าสถานที่ใหม่ใน Wiki จากเทมเพลตของหมวดสถานที่
ui.tip.new-entity:lore,สร้างหน้าตำนานหรือความรู้ของโลกในเรื่องใน Wiki เช่น ประวัติศาสตร์ ศาสนา หรือกฎของเวทมนตร์
ui.tip.new-from-template,สร้างโปรเจกต์ใหม่จากเทมเพลตที่วางโครงเรื่องและหมวด Wiki ไว้ให้แล้ว
ui.tip.new-project,สร้างโปรเจกต์เปล่าในโฟลเดอร์ที่เลือก ไฟล์งานทั้งหมดเป็น .md และ .json ที่เปิดแก้นอกโปรแกรมได้
ui.tip.next-tab,สลับไปแท็บถัดไปตามลำดับบนแถบแท็บ (ท้ายแถบวนกลับแท็บแรก)
ui.tip.onset-toggle,"ฉากที่ตั้งเป็น ""ฉากมีปัญหา"": สลับดูฉบับเดิม (อ่านอย่างเดียว) กับฉบับแก้ไข — แถบสี + ! หน้าบรรทัดบอกจุดที่ต่าง · พิมพ์/ส่งออกใช้ฉบับแก้ไขเสมอ"
ui.tip.open-project,เปิดโฟลเดอร์โปรเจกต์ที่มีอยู่ (โฟลเดอร์ที่มีไฟล์ project.khn.json)
ui.tip.open-project-path,เปิดโปรเจกต์จากรายการโปรเจกต์ล่าสุด
ui.tip.page-guides,แสดงเส้นประบอกระยะขอบกระดาษทั้งสี่ด้าน ช่วยดูว่าข้อความจะอยู่ตรงไหนบนหน้าจริง
ui.tip.page-headers,ตั้งหัวกระดาษที่พิมพ์ทุกหน้า เช่น ชื่อเรื่อง ชื่อผู้เขียน หรือเลขฉบับร่าง
ui.tip.page-numbers,แสดงหรือซ่อนเลขหน้ามุมขวาบนของกระดาษในบทภาพยนตร์
ui.tip.page-setup,ตั้งขนาดกระดาษ ระยะขอบ และรูปแบบของบท ซึ่งมีผลทั้งบนจอและในไฟล์ที่ส่งออก
ui.tip.pageView,เลือกวิธีแสดงหน้ากระดาษ: ปกติสำหรับเขียน · จัดหน้าเพื่อดูรอยต่อหน้าจริง · ร่างเพื่ออ่านเนื้อล้วนเร็ว ๆ
ui.tip.panel-system,เลือกแผงที่จะแสดงหรือซ่อน และดูว่าแต่ละแผงใช้ทำอะไร
ui.tip.panels-hide-all,ซ่อนแผงทั้งหมดชั่วคราว เหลือแต่พื้นที่เขียน กดอีกครั้งเพื่อคืนแผงกลับที่เดิม
ui.tip.panels-hide-left,ซ่อนแผงฝั่งซ้ายทั้งหมดชั่วคราว กดอีกครั้งเพื่อคืนกลับที่เดิม
ui.tip.panels-hide-right,ซ่อนแผงฝั่งขวาทั้งหมดชั่วคราว กดอีกครั้งเพื่อคืนกลับที่เดิม
ui.tip.panels-side-bottom,ซ่อนแผงที่ผนึกอยู่ใต้พื้นที่เขียน กดอีกครั้งเพื่อแสดงคืน
ui.tip.panels-side-left,ซ่อนแผงทั้งหมดที่ผนึกอยู่ทางซ้ายของพื้นที่เขียน กดอีกครั้งเพื่อแสดงคืนที่เดิม
ui.tip.panels-side-right,ซ่อนแผงทั้งหมดที่ผนึกอยู่ทางขวาของพื้นที่เขียน กดอีกครั้งเพื่อแสดงคืนที่เดิม
ui.tip.panels-side-top,ซ่อนแผงที่ผนึกอยู่เหนือพื้นที่เขียน กดอีกครั้งเพื่อแสดงคืน
ui.tip.pb-align-center,จัดตัวหนังสือในการ์ดให้อยู่กึ่งกลางแนวนอน
ui.tip.pb-align-left,ดันตัวหนังสือในการ์ดไปชิดซ้าย ตัวการ์ดไม่ขยับ
ui.tip.pb-align-right,ดันตัวหนังสือในการ์ดไปชิดขวา
ui.tip.pb-back,ส่งการ์ดที่เลือกลงไปอยู่ล่างสุดของกอง
ui.tip.pb-border,สีเส้นขอบการ์ด ใช้ทำเครื่องหมายการ์ดสำคัญโดยไม่ต้องเปลี่ยนสีพื้น
ui.tip.pb-connector,เปลี่ยนเป็นเครื่องมือลากเส้นเชื่อม คลิกการ์ดต้นทางแล้วคลิกปลายทาง
ui.tip.pb-delete,ลบการ์ดที่เลือกออกจากกระดาน (ย้อนกลับได้ด้วยปุ่มย้อนกลับ)
ui.tip.pb-duplicate,ทำสำเนาการ์ดที่เลือกวางเยื้องลงมาเล็กน้อย
ui.tip.pb-fill,สีพื้นของการ์ด ใช้แยกกลุ่มเรื่องด้วยสายตาได้เร็วกว่าอ่านชื่อ
ui.tip.pb-fit,ปรับซูมให้เห็นทุกอย่างบนกระดานพอดีจอในครั้งเดียว
ui.tip.pb-font-bigger,เพิ่มขนาดตัวอักษรของการ์ดที่เลือกทีละหนึ่ง
ui.tip.pb-font-smaller,ลดขนาดตัวอักษรของการ์ดที่เลือกทีละหนึ่ง
ui.tip.pb-frame,วางเฟรมสำหรับจัดกลุ่มพื้นที่ เช่นแบ่งองก์หรือแบ่งสายเรื่อง
ui.tip.pb-front,ยกการ์ดที่เลือกขึ้นมาอยู่บนสุดของกอง
ui.tip.pb-fullscreen,ขยายกระดานเต็มหน้าต่าง กด Esc เพื่อออก
ui.tip.pb-grid,เปิด/ปิดเส้นกริดบนพื้นกระดาน ไม่มีผลกับตำแหน่งของการ์ด
ui.tip.pb-image,แทรกรูปลงในการ์ดที่เลือก ไม่ได้เลือกการ์ดไว้จะสร้างการ์ดรูปใบใหม่ให้
ui.tip.pb-lock,ล็อกการ์ดไม่ให้ถูกลากหรือแก้โดยบังเอิญ กดซ้ำเพื่อปลด
ui.tip.pb-redo,ทำสิ่งที่เพิ่งย้อนกลับไปใหม่
ui.tip.pb-snap,เปิดแล้วการ์ดจะลงล็อกเข้าเส้นกริดพอดีทั้งตอนย้าย ตอนวาด และตอนยืดขอบ
ui.tip.pb-sticky,วางโพสต์อิตใบใหม่กลางจอ พิมพ์ต่อได้ทันที
ui.tip.pb-textcolor,สีตัวอักษรในการ์ด
ui.tip.pb-todo,วางการ์ดรายการสิ่งที่ต้องทำ ติ๊กได้บนการ์ดเลย
ui.tip.pb-undo,ย้อนการแก้ไขบนกระดานกลับหนึ่งขั้น กดซ้ำได้จนถึงตอนเปิดกระดาน
ui.tip.pb-valign-bottom,ดันตัวหนังสือลงไปชิดขอบล่างของการ์ด
ui.tip.pb-valign-middle,จัดตัวหนังสือให้อยู่กลางการ์ดในแนวตั้ง
ui.tip.pb-valign-top,ดันตัวหนังสือขึ้นไปชิดขอบบนของการ์ด เหมาะกับการ์ดสูง ๆ ที่มีรูปอยู่ข้างล่าง
ui.tip.planner,เปิดกระดานวางแผนแบบการ์ดอิสระ วางการ์ดฉาก โน้ต และรูป แล้วโยงเส้นความสัมพันธ์ได้
ui.tip.planner-align,จัดข้อความในการ์ดของกระดานวางแผนชิดซ้าย กึ่งกลาง หรือชิดขวา
ui.tip.planner-valign,จัดข้อความในการ์ดของกระดานวางแผนชิดบน กึ่งกลาง หรือชิดล่าง
ui.tip.planner-valign:bottom,ดันสิ่งที่เลือกลงชิดขอบล่าง ใช้ได้เฉพาะในกระดานวางแผน
ui.tip.planner-valign:middle,จัดสิ่งที่เลือกให้อยู่กึ่งกลางแนวตั้ง ใช้ได้เฉพาะในกระดานวางแผน
ui.tip.planner-valign:top,ดันสิ่งที่เลือกขึ้นชิดขอบบน ใช้ได้เฉพาะในกระดานวางแผน เลือกหลายชิ้นจะเทียบกับกรอบรวม เลือกชิ้นเดียวจะเทียบกับเฟรมที่มันอยู่
ui.tip.plAuto,เรียงการ์ดทั้งกระดานใหม่เป็นตารางอัตโนมัติ ใช้ตอนกระดานรกจนหาอะไรไม่เจอ
ui.tip.player-history,ดูลำดับทางเลือกที่ตัดสินใจไประหว่างทดลองเล่นเรื่องแตกสาย
ui.tip.player-mode,ทดลองอ่านเรื่องแตกสายแบบผู้เล่น เลือกทางเลือกทีละฉาก เพื่อเช็กว่าทุกเส้นทางเดินได้จริง
ui.tip.plBg,ตั้งพื้นกระดาน: สีพื้น หรือใส่รูปเป็นฉากหลัง พร้อมเลือกวิธีวาง ความเบลอ และความจาง
ui.tip.plFit,ปรับซูมและเลื่อนกระดานให้เห็นทุกอย่างพอดีจอในครั้งเดียว
ui.tip.plFull,ขยายกระดานให้เต็มหน้าต่าง ซ่อนแผงอื่นทั้งหมด กด Esc หรือปุ่มเดิมเพื่อออก
ui.tip.plGrid,ตั้งค่ากริด: เปิด/ปิด · ระยะห่าง · รูปแบบจุดหรือเส้น · และสแนป ซึ่งทำให้การ์ดลงล็อกพอดีทั้งตอนย้ายและตอนวาด
ui.tip.plJson,ส่งออกกระดานทั้งใบเป็นไฟล์ JSON เก็บไว้ที่ไหนก็ได้ ได้ทั้งการ์ด เส้นเชื่อม กลุ่ม และการตั้งค่า
ui.tip.plNew,เริ่มกระดานเปล่าใบใหม่ กระดานทุกใบเก็บเป็นไฟล์ JSON ในโฟลเดอร์ Planners ของโปรเจกต์
ui.tip.plOpen,สลับไปกระดานใบอื่นในโปรเจกต์นี้ ถ้ากระดานปัจจุบันยังไม่บันทึกจะถามก่อน
ui.tip.plPng,ส่งออกกระดานเป็นรูป PNG ความละเอียดสองเท่า ครอบเฉพาะบริเวณที่มีของจริง
ui.tip.plugin:k2test:hello,คำสั่งตัวอย่างของปลั๊กอินทดสอบ ใช้ยืนยันว่าระบบปลั๊กอินลงทะเบียนคำสั่งได้
ui.tip.prev-tab,สลับไปแท็บก่อนหน้าตามลำดับบนแถบแท็บ (แท็บแรกวนไปแท็บท้าย)
ui.tip.print,พิมพ์เอกสารที่เปิดอยู่ตามรูปแบบหน้ากระดาษที่ตั้งไว้ ถ้าเปิดการตรวจก่อนพิมพ์ไว้จะตรวจบทก่อน
ui.tip.project-doctor,ตรวจว่าทะเบียนฉากตรงกับไฟล์จริง หาไฟล์กำพร้า ฉากที่ใช้ไฟล์ซ้ำกัน โฟลเดอร์ผี และหัวไฟล์ที่พัง แล้วซ่อมให้
ui.tip.project-replace,แทนที่คำในเนื้อฉากและโน้ตทุกไฟล์ของโปรเจกต์ในครั้งเดียว ดูตัวอย่างก่อน และข้ามฉากที่ล็อกไว้
ui.tip.project-setup,ตั้งข้อมูลผลงาน เช่น ผู้เขียน ตัวแทน และลิขสิทธิ์ ที่ใช้บนหน้าปกและในไฟล์ที่ส่งออก
ui.tip.prose-indent,เปิดหรือปิดการย่อหน้าบรรทัดแรกอัตโนมัติของนิยาย
ui.tip.prose-setup,ตั้งรูปแบบนิยาย เช่น การย่อหน้า ช่วงบรรทัด และหน้าตาหัวข้อ มีผลทั้งบนจอและในไฟล์ที่ส่งออก
ui.tip.quick-note,จดความคิดที่เพิ่งผุดขึ้นไว้ก่อนโดยไม่ต้องออกจากฉากที่กำลังเขียน โน้ตทั้งหมดรวมอยู่ในแผงสมุดโน้ต
ui.tip.quick-open,ค้นหาไฟล์ในโปรเจกต์ด้วยการพิมพ์บางส่วนของชื่อ แล้วเปิดได้ทันทีโดยไม่ต้องไล่หาในต้นไม้
ui.tip.read-book,อ่านทั้งเล่มต่อกันเป็นเอกสารเดียวแบบอ่านอย่างเดียว เหมาะกับการอ่านทวนภาพรวม
ui.tip.reading-mode,เข้าโหมดอ่านเต็มจอ ซ่อนแถบเครื่องมือและแผงทั้งหมด เหลือแต่หน้ากระดาษ
ui.tip.remove-elements,ลบบรรทัดทุกบรรทัดของ element ที่เลือกออกจากบทในครั้งเดียว เช่น ลบโน้ตทั้งหมดก่อนส่งบท ย้อนกลับได้
ui.tip.reopen-closed-tab,เปิดเอกสารที่เพิ่งปิดไปกลับมาอีกครั้ง ย้อนได้ทีละแท็บตามลำดับที่ปิด
ui.tip.replace,เปิดแถบค้นหาโดยไปยืนที่ช่องแทนที่เลย ใช้กับเอกสารที่เปิดอยู่ตอนนี้เท่านั้น
ui.tip.reset-panels,คืนการจัดวางแผงทั้งหมดเป็นค่าเริ่มต้นของโปรแกรม ใช้เมื่อแผงหายหรือจัดจนสับสน
ui.tip.reveal-active,เลื่อนต้นไม้โปรเจกต์ไปที่ไฟล์ที่เปิดอยู่ กางบท/เล่มที่พับไว้ให้ แล้วกะพริบแถวนั้น
ui.tip.revert,ทิ้งการแก้ที่ยังไม่บันทึก แล้วโหลดเนื้อหาจากไฟล์ล่าสุดกลับมา
ui.tip.roster,สร้างหน้ารายชื่อตัวละคร (Cast of Characters) ของเล่ม จากข้อมูลตัวละครใน Wiki
ui.tip.save,บันทึกเอกสารในแท็บที่เปิดอยู่ลงไฟล์
ui.tip.save-all,บันทึกทุกอย่างที่ยังค้างในครั้งเดียว ทั้งแท็บเอกสาร กระดานวางแผน และผังแตกสาย
ui.tip.save-as,บันทึกเนื้อหาของแท็บนี้เป็นไฟล์ .md ใหม่ในที่ที่เลือก ไฟล์เดิมไม่ถูกเปลี่ยน
ui.tip.scene,สร้างฉากใหม่ในบทที่เลือก ฉากคือหน่วยเล็กที่สุดของเรื่อง แต่ละฉากเป็นไฟล์ .md ของตัวเอง
ui.tip.scene-numbers,แสดงหรือซ่อนเลขฉากทั้งสองข้างของหัวฉากในบทภาพยนตร์ ทั้งบนจอและในไฟล์ที่ส่งออก
ui.tip.scratchpad,เปิดสมุดโน้ตด่วนสำหรับจดความคิดชั่วคราว ไม่ปนกับต้นฉบับ
ui.tip.select-scene,เลือกข้อความทั้งฉากที่เคอร์เซอร์อยู่ ตั้งแต่หัวฉากจนก่อนหัวฉากถัดไป ใช้คัดลอกหรือย้ายฉากในบทภาพยนตร์
ui.tip.set-format,สลับเอกสารระหว่างโหมดนิยายกับโหมดบทภาพยนตร์
ui.tip.set-format:prose,สลับเอกสารนี้เป็นโหมดนิยาย ใช้ย่อหน้า หัวข้อ และรายการ
ui.tip.set-format:screenplay,สลับเอกสารนี้เป็นโหมดบทภาพยนตร์ ใช้หัวฉาก บรรยาย ตัวละคร และบทพูด
ui.tip.settings,เปิดกล่องตั้งค่าของโปรเจกต์และโปรแกรม ทั้งการบันทึก ฟอนต์ หน้ากระดาษ ภาษา และคีย์ลัด
ui.tip.show-log,เปิดบันทึกการทำงานของโปรแกรม ใช้ดูข้อผิดพลาดหรือแนบตอนรายงานปัญหา
ui.tip.show-panel,เปิดแผงที่ระบุ ถ้าแผงเปิดอยู่แล้วจะเลื่อนมาให้เห็น
ui.tip.smart-manage,ดูและลบคำที่ SmartType จำไว้ เช่น ชื่อตัวละครที่พิมพ์ผิดแล้วถูกจำไป
ui.tip.sp-auto-capitalize,ให้โปรแกรมเปลี่ยนตัวแรกของประโยคในบทภาพยนตร์เป็นตัวพิมพ์ใหญ่ให้เองขณะพิมพ์
ui.tip.sp-auto-correct-i,ให้โปรแกรมแก้ i ที่พิมพ์เดี่ยว ๆ เป็น I ให้เองในบทภาพยนตร์ภาษาอังกฤษ
ui.tip.sp-check-all,ตรวจรูปแบบทั้งบทแล้วแสดงรายการจุดที่ผิด คลิกแต่ละรายการเพื่อไปยังบรรทัดนั้น
ui.tip.sp-check-toggle,ตรวจรูปแบบบทก่อนพิมพ์หรือส่งออกทุกครั้ง ถ้าพบจุดผิดจะถามก่อนทำต่อ
ui.tip.sp-compare,เปรียบเทียบเอกสารสองแท็บทีละบรรทัด ดูว่าเพิ่ม ลบ หรือแก้อะไรไประหว่างสองฉบับ
ui.tip.sp-continued,ใส่ข้อความต่อเนื่อง (CONTINUED · MORE · CONT'D) ให้อัตโนมัติเมื่อฉากหรือบทพูดขาดข้ามหน้า
ui.tip.sp-element,เปลี่ยนชนิดของบรรทัดในบทภาพยนตร์ เช่น หัวฉาก บรรยาย ตัวละคร หรือบทพูด
ui.tip.sp-element-caps,เลือกชนิด element ที่จะบังคับเป็นตัวพิมพ์ใหญ่ เช่น หัวฉาก หรือชื่อตัวละคร
ui.tip.sp-element:act-break,เปลี่ยนบรรทัดนี้เป็นตัวแบ่งองก์ (Act break) ใช้คั่นช่วงใหญ่ของเรื่อง
ui.tip.sp-element:dialogue,เปลี่ยนบรรทัดนี้เป็นบทพูด วางใต้ชื่อตัวละครและจัดระยะตามรูปแบบบทมาตรฐาน
ui.tip.sp-element:note,เปลี่ยนบรรทัดนี้เป็นโน้ตของผู้เขียน ไว้เตือนตัวเอง ไม่ใช่เนื้อบทที่นักแสดงอ่าน
ui.tip.sp-element:parenthetical,เปลี่ยนบรรทัดนี้เป็นวงเล็บกำกับการพูด เช่น (กระซิบ) วางระหว่างชื่อตัวละครกับบทพูด
ui.tip.sp-element:shot,เปลี่ยนบรรทัดนี้เป็นคำกำกับช็อต เช่น CLOSE ON ใช้เมื่อจำเป็นต้องระบุมุมกล้องจริง ๆ
ui.tip.sp-element:transition,เปลี่ยนบรรทัดนี้เป็นทรานซิชัน เช่น CUT TO: วางชิดขวาตามรูปแบบบทมาตรฐาน
ui.tip.sp-extension,เติมส่วนเสริมท้ายชื่อตัวละคร เช่น (V.O.) เสียงบรรยาย หรือ (O.S.) พูดจากนอกจอ
ui.tip.sp-find-error,กระโดดไปยังจุดถัดไปในบทที่ตัวตรวจบทเห็นว่าผิดรูปแบบ
ui.tip.sp-force-case,บังคับตัวพิมพ์ใหญ่ตามรูปแบบบทมาตรฐานที่หัวฉาก ชื่อตัวละคร และทรานซิชัน ปิดไว้ถ้าต้องการพิมพ์ตามใจ
ui.tip.sp-report,เปิดรายงานของบทภาพยนตร์ เช่น รายงานตัวละคร สถานที่ หรือกราฟบทพูด
ui.tip.sp-report:character,รายงานว่าตัวละครแต่ละคนปรากฏในฉากไหนและพูดมากน้อยแค่ไหน
ui.tip.sp-report:chart,กราฟแสดงว่าแต่ละหน้ามีบทพูดของตัวละครไหนมากน้อยแค่ไหน
ui.tip.sp-report:location,รายงานว่าแต่ละสถานที่ถูกใช้ในฉากไหนบ้าง ช่วยวางแผนการถ่ายทำ
ui.tip.sp-show-format,แสดงกรอบของแต่ละ element และเครื่องหมายจบบรรทัด ช่วยดูว่าบรรทัดไหนเป็นชนิดอะไร
ui.tip.sp-thai-font,สลับการใช้ฟอนต์ไทยในบทภาพยนตร์แทนฟอนต์ความกว้างเท่ากันของบทมาตรฐาน
ui.tip.sp-view,เปลี่ยนมุมมองของเอกสาร เช่น ปกติ ร่าง จัดหน้า เรียงหน้าคู่ หรือภาพรวม
ui.tip.sp-view:draft,มุมมองร่าง แสดงเป็นข้อความล้วนไม่มีหน้ากระดาษและเลขฉาก เหมาะกับการเขียนเร็ว ๆ
ui.tip.sp-view:layout,มุมมองจัดหน้า เห็นการตัดหน้าจริงแบบเดียวกับไฟล์ที่จะส่งออก
ui.tip.sp-view:normal,มุมมองปกติ เขียนบนหน้ากระดาษต่อเนื่องโดยไม่ตัดหน้า
ui.tip.sp-view:overview1,ภาพรวมแบบย่อที่สุด ตัวอักษรละ 1px ดูรูปร่างของเรื่องและความหนาแน่นของแต่ละหน้า
ui.tip.sp-view:overview4,ภาพรวมแบบย่อ ตัวอักษรละ 4px ยังพอเห็นโครงของหน้าและหัวฉาก
ui.tip.sp-view:side,เรียงหน้าคู่ซ้าย-ขวาเหมือนหนังสือที่กางอยู่
ui.tip.spElem,ชนิดของบรรทัดในบทภาพยนตร์ (หัวฉาก · บรรยาย · ชื่อตัวละคร · บทพูด) เป็นตัวกำหนดระยะขอบและตัวพิมพ์
ui.tip.split-add,เพิ่มช่องแยกจออีกหนึ่งช่อง ซ้อนได้หลายช่องทั้งแนวนอนและแนวตั้ง
ui.tip.split-close,รวมช่องแยกจอกลับเป็นพื้นที่เขียนช่องเดียว
ui.tip.split-view,แบ่งพื้นที่เขียนเป็นสองช่อง เปิดสองเอกสารเทียบกัน หรือเปิดฉากเดียวกันคนละตำแหน่ง
ui.tip.split-view:down,แบ่งพื้นที่เขียนเป็นช่องบนและช่องล่าง
ui.tip.split-view:right,แบ่งพื้นที่เขียนเป็นช่องซ้ายและช่องขวา
ui.tip.sprint,จับเวลาเขียนแบบสปรินต์ นับคำที่เขียนได้ในรอบ ตั้งเป้าหมายได้ และเก็บสถิติไว้ในโปรเจกต์
ui.tip.story-starter,เปิด Story Starter ตั้งต้นเรื่อง ตัวละคร และฉากแรกทีละขั้น แล้วเล่นต่อเป็นตอนกับ AI
ui.tip.story-starter-toggle,เปิดหรือปิด Story Starter ตั้งต้นเรื่องทีละขั้นแล้วเล่นต่อเป็นตอนกับ AI กดซ้ำเพื่อปิด
ui.tip.sync-scene-meta,อ่านคุณสมบัติฉากจากส่วนหัวของไฟล์ .md กลับเข้าโปรแกรม ใช้หลังแก้ไฟล์ด้วยโปรแกรมอื่น
ui.tip.test-run,รันชุดทดสอบของโปรแกรม สำหรับนักพัฒนา
ui.tip.text-case,เปลี่ยนรูปตัวพิมพ์ของข้อความที่เลือกเป็นแบบที่ระบุ มีผลกับตัวอักษรละติน
ui.tip.text-case-cycle,วนเปลี่ยนรูปตัวพิมพ์ของข้อความที่เลือกทีละแบบ กดซ้ำจนได้แบบที่ต้องการ มีผลกับตัวอักษรละติน
ui.tip.text-case:aC,สลับตัวเล็กตัวใหญ่ทีละตัวอักษร ใช้ทำเอฟเฟกต์ประชดหรือเสียงแปลก ๆ
ui.tip.text-case:CC,ขึ้นต้นทุกคำด้วยตัวพิมพ์ใหญ่
ui.tip.text-case:iC,กลับตัวเล็กเป็นตัวใหญ่และตัวใหญ่เป็นตัวเล็ก ใช้แก้ข้อความที่เผลอกด Caps Lock พิมพ์
ui.tip.text-case:lc,เปลี่ยนข้อความที่เลือกเป็นตัวพิมพ์เล็กทั้งหมด
ui.tip.text-case:SC,ขึ้นต้นประโยคด้วยตัวพิมพ์ใหญ่ ที่เหลือเป็นตัวเล็ก
ui.tip.text-case:TC,ขึ้นต้นคำสำคัญด้วยตัวพิมพ์ใหญ่แบบชื่อเรื่อง คำเล็ก ๆ อย่าง of หรือ the คงเป็นตัวเล็ก
ui.tip.text-case:UC,เปลี่ยนข้อความที่เลือกเป็นตัวพิมพ์ใหญ่ทั้งหมด
ui.tip.thesaurus,หาคำพ้องความหมายและคำตรงข้ามของคำที่เลือกไว้ ช่วยเลี่ยงการใช้คำเดิมซ้ำ ๆ
ui.tip.timeline,เปิดเส้นเวลาของเรื่อง เรียงเหตุการณ์และฉากตามเวลาในเรื่อง ดูเป็นการ์ดหรือแผนภูมิ Gantt
ui.tip.title-pages,สร้างหรือแก้หน้าปกของบทและของเล่ม ที่จะใส่ไว้หน้าแรกของไฟล์ที่ส่งออก
ui.tip.toggle-fab,แสดงหรือซ่อนปุ่มลอยมุมขวาล่างที่รวมคำสั่งสร้างของใหม่ไว้
ui.tip.toggle-format,สลับไฟล์นี้ระหว่างนิยายกับบทภาพยนตร์ เนื้อหาเดิมถูกแปลงให้ตามไวยากรณ์ของอีกโหมด
ui.tip.toggle-home-always,เปิดหน้าแรกทุกครั้งที่เริ่มโปรแกรม แม้จะเคยเปิดโปรเจกต์ค้างไว้
ui.tip.toggle-open-last,เริ่มโปรแกรมแล้วเปิดโปรเจกต์ล่าสุดทันที ข้ามหน้าแรก
ui.tip.toggle-panel,เปิดหรือปิดแผงที่ระบุ
ui.tip.toggle-panel:ai-analyzer,ชุดเครื่องมือวิเคราะห์ต้นฉบับด้วย AI — จังหวะเรื่อง · ส่วนโค้งตัวละคร · คำซ้ำ · ความขัดแย้ง · ความยาวฉาก · Plot Hole · ความสอดคล้อง · คู่จิ้น · ให้คะแนน · Screentime
ui.tip.toggle-panel:ai-chat,คุยกับ AI เรื่องงานเขียนของคุณ — แยกเป็นเซสชันเหมือน opencode · เลือกโหมด (วางแผน/ช่วยเขียน) · เลือกโมเดล · กำหนดได้ว่าจะให้เห็นข้อมูลระดับไหน (ทั้งโปรเจกต์/เล่ม/บท/ฉาก)
ui.tip.toggle-panel:ai-hub,ทางเข้าเดียวของทุกความสามารถ AI · ดูได้ว่าตั้งค่าครบหรือยัง
ui.tip.toggle-panel:backlinks,ฉากทั้งหมดที่เอ่ยถึงเอนทิตี้แต่ละตัว
ui.tip.toggle-panel:books,จัดการเล่มและฉบับร่าง — ปก · คำโปรย · สถานะ · สถิติรายเล่ม · ลากสลับลำดับเล่ม
ui.tip.toggle-panel:branch,ผังเรื่องแบบแตกสาย — กล่องฉากต่อกันด้วยเส้นทางเลือก · ลากย้ายการ์ดได้ · เลือกสีการ์ด/เส้นได้ · เตือนทางตัน วงวนซ้ำ และทางเลือกที่ยังไม่ระบุปลายทาง · ส่งออกเป็น HTML/Markdown/JSON/รูปได้
ui.tip.toggle-panel:chapters,ปกบท ลำดับบท และสถิติของทุกบทในเล่ม
ui.tip.toggle-panel:codex,เอนทิตี้ Wiki ทั้งเล่มในมุมมองสารานุกรม — เรียกดูตามหมวด ค้นด้วยชื่อ/ชื่อเล่น · ส่งออกเป็นเว็บแบบ Fandom/Wikia ที่เปิดออฟไลน์ได้ทั้งชุด
ui.tip.toggle-panel:comments,เปิดแผงคอมเมนต์ รวมข้อคิดเห็นที่ฝากไว้ในเนื้อเรื่องทั้งหมดไว้ที่เดียว กดที่รายการเพื่อกระโดดไปจุดนั้น
ui.tip.toggle-panel:dashboard,ภาพรวมความคืบหน้า — จำนวนคำเทียบเป้าหมาย · สัดส่วนฉากตามสถานะ · ความยาวของแต่ละบท
ui.tip.toggle-panel:dialogue,รวมบทพูดทั้งผลงาน — กรองตามเล่ม/บท/ฉาก/ตัวละคร คลิกกระโดดไป แก้ได้ทันที
ui.tip.toggle-panel:dlgb,ให้ AI สวมบทตัวละครจาก Wiki คุยกันทีละเทิร์น แล้วหยิบบรรทัดที่ชอบไปใส่บทที่เคอร์เซอร์ — เปิดตอนคิดบทพูดไม่ออก
ui.tip.toggle-panel:docs,พื้นที่เขียนหลัก — แท็บทุกใบที่เปิดอยู่ ทั้งฉาก บทภาพยนตร์ และหน้า Wiki (ปิดไม่ได้)
ui.tip.toggle-panel:floorplan,"ฉากนี้เกิดที่ไหน — แผนที่ + หมุด ""คุณอยู่ที่นี่"" + เส้นเวลาของสถานที่นั้น + สิ่งที่เห็น/ได้ยิน/พบ ของฉากที่เปิดอยู่"
ui.tip.toggle-panel:gallery,รูปทั้งหมดในโฟลเดอร์ Images ของโปรเจกต์ — ลากลงเอกสารเพื่อแทรก หรือเลือกเป็นปก/รูปประจำตัวใน Wiki
ui.tip.toggle-panel:gallery-board,ผืนผ้าใบวางรูปอ้างอิงของแต่ละอัลบั้ม — เปิดคู่กับแผงคลังรูปแล้วลากรูปมาวางได้เลย · ย้าย/ปรับขนาด/ซูมได้อิสระ · เอาออกจากกระดานไม่ลบไฟล์
ui.tip.toggle-panel:history,ไทม์ไลน์ว่าทำอะไรกับไฟล์ในโปรเจกต์ไปบ้าง แล้วย้อนกลับไปจุดไหนก็ได้ · จำนวนครั้งที่เก็บตั้งได้ที่ ตั้งค่า → ทั่วไป (ค่าเริ่มต้น 32)
ui.tip.toggle-panel:kanban,กระดานฉากเรียงตามสถานะ — ลากการ์ดข้ามคอลัมน์เพื่อเปลี่ยนสถานะฉากนั้นทันที
ui.tip.toggle-panel:log,บันทึกการทำงานของโปรแกรม — ใช้ตอนหาสาเหตุเมื่อมีอะไรไม่เป็นอย่างที่คาด
ui.tip.toggle-panel:maps,แผนที่ของโลกในเรื่อง — ปักหมุดบนรูป เชื่อมหมุดเข้ากับฉาก/สถานที่ · หมุดประตูพาลงไปแผนที่ย่อยได้
ui.tip.toggle-panel:network,ผังความสัมพันธ์ของตัวละคร/สถานที่/สิ่งของ — ลากโหนดจัดวางเอง · สีเส้นบอกประเภทความสัมพันธ์ · ดับเบิลคลิกเปิดหน้า Wiki นั้น
ui.tip.toggle-panel:notes,ที่จดความคิดชั่วคราวโดยไม่ปนต้นฉบับ — โน้ตผูกกับฉากที่เปิดอยู่ตอนจด
ui.tip.toggle-panel:outline,"เค้าโครงหัวข้อของ ""ไฟล์ที่เปิดอยู่"" — คลิกหัวข้อเพื่อกระโดดไปตำแหน่งนั้นในเอกสาร"
ui.tip.toggle-panel:planner,กระดานวางแผนแบบการ์ดอิสระ — วางโน้ต รูป และลิงก์ไปฉากได้ทุกที่บนผืนผ้าใบ · ใช้ปะติดปะต่อโครงเรื่องก่อนลงมือเขียน
ui.tip.toggle-panel:planner-props,คุณสมบัติของการ์ดหรือเส้นเชื่อมที่เลือกบนกระดาน Planner — ชื่อ · สรุป · สี · สถานะ · แท็ก · ขนาด · สไตล์เส้น
ui.tip.toggle-panel:player,อ่านเรื่องแบบผู้เล่น — เนื้อฉากอ่านอย่างเดียว แล้วกดปุ่มทางเลือกเดินต่อไปเรื่อย ๆ · ย้อนกลับได้ · เก็บเส้นทางแต่ละรอบไว้ดูย้อนหลัง
ui.tip.toggle-panel:plugins,จัดการปลั๊กอินที่ติดตั้งไว้ — เปิด/ปิด · โหลดใหม่ · ดูคำสั่งที่เพิ่มเข้ามา
ui.tip.toggle-panel:props,คุณสมบัติของฉากที่เลือก — เรื่องย่อ · มุมมอง · อารมณ์ · ความขัดแย้ง · สถานะ · สี · แท็ก · บันทึกอัตโนมัติขณะพิมพ์
ui.tip.toggle-panel:record,จดว่าวันนี้ทำอะไรไปบ้าง — อารมณ์ จำนวนคำ เวลาที่ใช้ แท็ก · ส่งออกเป็น CSV ไปทำสรุปต่อได้
ui.tip.toggle-panel:search,ค้นข้อความทั้งโปรเจกต์ — ทุกฉาก ทุกเล่ม และหน้า Wiki · คลิกผลลัพธ์เพื่อเปิดไฟล์ที่บรรทัดนั้น
ui.tip.toggle-panel:starter,สร้างเรื่อง ตัวละคร และฉากเริ่มต้น แล้วเล่นเป็นตอน ๆ กับ AI
ui.tip.toggle-panel:statusbar,ข้อมูลย่อของงานที่เปิดอยู่ — จำนวนคำ/หน้า · ข้อผิดพลาดในบท · แถบซูมหน้ากระดาษ
ui.tip.toggle-panel:timeline,"ลำดับเหตุการณ์ตาม ""เวลาในเรื่อง"" — สลับมุมมองการ์ด/Gantt ได้ · ฉากที่ตั้ง storyDate ไว้จะขึ้นเอง"
ui.tip.toggle-panel:toolbar,ปุ่มจัดรูปแบบและสวิตช์โหมดทั้งหมด — ตัวหนา/เอียง · จัดหน้า · โหมดอ่าน/โฟกัส · เปิด-ปิดแผงอื่น
ui.tip.toggle-panel:tree,สารบัญของผลงานทั้งเล่ม — เล่ม → บท → ฉาก พร้อม Wiki คลังรูป และถังขยะ · ลากสลับลำดับได้ · ช่องค้นหาด้านบนกรองได้ทั้งชื่อ แท็ก และสถานะ
ui.tip.toggle-theme,เปลี่ยนธีมสีของโปรแกรม มีผลกับแถบ แผง และกล่อง ไม่แตะหน้ากระดาษและไฟล์ที่ส่งออก
ui.tip.toolbar-config,เลือกว่าปุ่มไหนจะแสดงบนแถบเครื่องมือ เห็นผลทันทีที่ติ๊ก
ui.tip.type-sound,เล่นเสียงเครื่องพิมพ์ดีดทุกครั้งที่กดแป้น ให้ความรู้สึกเหมือนเขียนบนเครื่องจริง
ui.tip.typewriter,ตรึงบรรทัดที่กำลังพิมพ์ไว้กลางจอ หน้ากระดาษเลื่อนขึ้นมาหาแทน สายตาจึงไม่ต้องไล่ลงไปที่ก้นจอ
ui.tip.ui-scale,ปรับขนาดของแถบเครื่องมือ แผง และกล่องโต้ตอบ ไม่เปลี่ยนขนาดหน้ากระดาษ
ui.tip.ui-scale:-1,ย่อแถบเครื่องมือ แผง และกล่องลงหนึ่งขั้น ได้พื้นที่เขียนมากขึ้น
ui.tip.ui-scale:0,คืนขนาดแถบเครื่องมือ แผง และกล่องเป็นขนาดปกติ 100%
ui.tip.ui-scale:1,ขยายแถบเครื่องมือ แผง และกล่องให้ใหญ่ขึ้นหนึ่งขั้น เหมาะกับจอความละเอียดสูง
ui.tip.ui:filter-archive-toggle,ซ่อนหรือแสดงฉากที่เก็บถาวรในต้นไม้โปรเจกต์ ฉากยังอยู่ครบ แค่ไม่รกตา
ui.tip.ui:find-close,ปิดแถบค้นหา
ui.tip.ui:find-next,ไปยังคำที่ค้นเจอถัดไป
ui.tip.ui:find-prev,ไปยังคำที่ค้นเจอก่อนหน้า
ui.tip.ui:find-rep1,แทนที่คำที่เลือกอยู่ตอนนี้ แล้วไปยังคำถัดไป
ui.tip.ui:find-repall,แทนที่ทุกคำที่ค้นเจอในเอกสารนี้ในครั้งเดียว ย้อนกลับได้
ui.tip.ui:open-btn,เปิดโปรเจกต์ที่มีอยู่
ui.tip.ui:search-all-btn,ค้นหาข้อความทั่วทั้งโปรเจกต์ ทุกฉาก ทุกเล่ม และ Wiki
ui.tip.ui:tb-case,เปลี่ยนรูปตัวพิมพ์ของข้อความที่เลือก (ตัวใหญ่ทั้งหมด · ตัวเล็กทั้งหมด · ขึ้นต้นประโยค) โดยไม่ต้องพิมพ์ใหม่
ui.tip.ui:tb-color,เปลี่ยนสีตัวอักษรของข้อความที่เลือก มีจานสีสำเร็จ วงล้อสี และสีที่เพิ่งใช้ให้หยิบซ้ำ
ui.tip.ui:tb-highlight,ระบายพื้นหลังข้อความที่เลือกด้วยสีเน้น ใช้ทำเครื่องหมายจุดที่ยังต้องกลับมาแก้ เก็บลงไฟล์ไปด้วย
ui.tip.ui:tb-indent,เปิด/ปิดการย่อหน้าอัตโนมัติของบรรทัดแรกในแต่ละย่อหน้า เป็นวิธีแบ่งย่อหน้าแบบหนังสือ แทนการเว้นบรรทัด
ui.tip.ui:tb-plug,รวมคำสั่งที่ปลั๊กอินเพิ่มเข้ามา กดเพื่อเลือกคำสั่ง
ui.tip.ui:tb-quote,ห่อย่อหน้าที่เลือกเป็นคำพูดยกมา ย่อหน้าเข้าและมีเส้นข้างบอกว่าเป็นข้อความจากที่อื่น
ui.tip.ui:tb-source,เปิดดูมาร์กดาวน์ดิบของฉากนี้ คือสิ่งที่ถูกเขียนลงไฟล์จริง ๆ แก้นอกโปรแกรมก็ได้
ui.tip.ui:tb-sp-cont,เปิด/ปิดข้อความต่อเนื่องอัตโนมัติของบทภาพยนตร์ — (CONTINUED) ท้ายหน้า และ (MORE) เมื่อบทพูดข้ามหน้า
ui.tip.ui:tb-sp-ext,ส่วนเสริมท้ายชื่อตัวละคร เช่น (V.O.) เสียงในใจ · (O.S.) อยู่นอกเฟรม · (cont'd) พูดต่อจากที่ค้างไว้
ui.tip.ui:tb-visual,เปิดสตอรีบอร์ดของฉากนี้ วางภาพต่อกันเพื่อเล่าเรื่องด้วยภาพ
ui.tip.visual-tags,จัดการแท็กสีที่ใช้ติดฉาก เช่น สีตามเส้นเรื่องหรือตัวละครหลัก
ui.tip.word-history,ตรวจหาคำที่ใช้ซ้ำบ่อยและดูสถิติการใช้คำ ช่วยจับคำติดปาก
ui.tip.workspace,สลับไปใช้ชุดการจัดวางแผงที่ระบุ
ui.tip.workspace-menu,สลับชุดการจัดวางแผงที่บันทึกไว้ หรือบันทึกการจัดวางตอนนี้เป็นชุดใหม่ เช่น ชุดเขียน ชุดวางแผน
ui.tip.zoom,ซูมหน้ากระดาษ ขยาย ย่อ รีเซ็ต หรือปรับให้พอดีความกว้าง
ui.tip.zoom:-1,ย่อหน้ากระดาษลงหนึ่งขั้น ไม่เปลี่ยนขนาดฟอนต์จริงในไฟล์
ui.tip.zoom:0,คืนการซูมหน้ากระดาษเป็น 100%
ui.tip.zoom:1,ขยายหน้ากระดาษให้ใหญ่ขึ้นหนึ่งขั้น ไม่เปลี่ยนขนาดฟอนต์จริงในไฟล์
ui.tip.zoom:fit,ปรับซูมให้หน้ากระดาษกว้างพอดีกับพื้นที่เขียน
ui.toolbar.ariaLabel,แถบเครื่องมือหลัก
ui.toolbar.blockquote,คำพูดยกมา
ui.toolbar.bold,ตัวหนา
ui.toolbar.close,ปิด
ui.toolbar.findBar,ค้นหา…
ui.toolbar.findNext,ถัดไป
ui.toolbar.findPrev,ก่อนหน้า
ui.toolbar.heading1,หัวข้อ 1
ui.toolbar.heading2,หัวข้อ 2
ui.toolbar.heading3,หัวข้อ 3
ui.toolbar.heading4,หัวข้อ 4
ui.toolbar.heading5,หัวข้อ 5
ui.toolbar.heading6,หัวข้อ 6
ui.toolbar.italic,ตัวเอียง
ui.toolbar.kanban,Kanban ตามสถานะ
ui.toolbar.normalText,ข้อความปกติ
ui.toolbar.overflowHidden,— ซ่อนไว้ —
ui.toolbar.overflowMore,— ล้นแถบ —
ui.toolbar.overflowTip,ปุ่มที่ล้นแถบเมื่อหน้าต่างแคบ และปุ่มที่ซ่อนไว้ในตั้งค่า — กดใช้ได้จากเมนูนี้ทันที
ui.toolbar.overflowTitle,ปุ่มเพิ่มเติม
ui.toolbar.paperMode,โหมดหน้ากระดาษ
ui.toolbar.plugins,คำสั่งจากปลั๊กอิน
ui.toolbar.quote,คำพูดยกมา
ui.toolbar.replace,แทนที่
ui.toolbar.replaceAll,ทั้งหมด
ui.toolbar.replaceWith,แทนที่ด้วย…
ui.toolbar.starter,Story Starter (ตั้งต้นเรื่อง · เล่นเป็นตอนกับ AI)
ui.toolbar.strike,ขีดฆ่า
ui.toolbar.underline,ขีดเส้นใต้
ui.toolsThesaurus.thesaurusSynonyms,คำพ้อง (Synonyms)
ui.toolsThesaurus.wordOppositeAntonyms,คำตรงข้าม (Antonyms)
ui.trash.clearTrashAutoList,ล้างถังขยะอัตโนมัติ {0} รายการ (เก่ากว่า {1} วัน)
ui.trash.delMoveTrashProject,ลบ “{0}” ? (ย้ายไปถังขยะของโปรเจกต์ กู้คืนได้)
ui.trash.moveTrash,ย้ายไปถังขยะ: 
ui.trash.purgeAsk,ลบถาวร {0} รายการที่อยู่ในถังขยะเกิน {1} วันเลยไหม
ui.trash.purgeGo,ลบถาวร
ui.trash.purgeKept,เก็บ {0} รายการไว้ในถังขยะเหมือนเดิม
ui.trash.recoverRestoreAlbumDone,กู้คืนอัลบั้มแล้ว
ui.trash.recoverRestoreBookDone,กู้คืนเล่มแล้ว
ui.trash.recoverRestoreDone,กู้คืนแล้ว
ui.trash.recoverRestoreImageDone,กู้คืนรูปแล้ว
ui.trash.restoredChapterRebuilt,กู้คืนฉากแล้ว — บทเดิมถูกลบไปแล้ว จึงสร้างบท “{0}” กลับมาให้
ui.trash.restoredRenamed,กู้คืนแล้ว — ชื่อเดิมมีอยู่แล้ว จึงบันทึกเป็น “{0}”
ui.trash.revealInFolder,เปิดในโฟลเดอร์
ui.tree.addSceneHere,+ ฉาก
ui.tree.clipEmpty,ยังไม่ได้คัดลอกอะไรไว้
ui.tree.confirmDeleteN,ย้าย {0} รายการที่เลือกไปถังขยะ?
ui.tree.confirmEmptyTrash,ลบของในถังขยะทั้งหมด {0} รายการถาวร? กู้คืนไม่ได้
ui.tree.copiedN,คัดลอกไว้แล้ว {0} รายการ
ui.tree.copy,คัดลอก
ui.tree.cut,ตัด
ui.tree.cutN,ตัดไว้แล้ว {0} รายการ
ui.tree.deletedN,ลบแล้ว {0} รายการ
ui.tree.deleteSelected,ลบรายการที่เลือก
ui.tree.delFail,ลบไม่สำเร็จ
ui.tree.delSkipUnsaved,ไม่ได้ลบ {0} — ยังบันทึกงานค้างไม่สำเร็จ
ui.tree.draftLabel,ฉบับร่าง
ui.tree.draftPickHint,เลือกฉบับร่างที่จะแสดงในต้นไม้โปรเจกต์
ui.tree.draftSwitched,"สลับไปฉบับร่าง ""{0}"" แล้ว"
ui.tree.duplicate,ทำซ้ำ
ui.tree.duplicatedN,ทำซ้ำแล้ว {0} รายการ
ui.tree.duplicateFail,ทำสำเนาไม่สำเร็จ
ui.tree.dupSkipUnsaved,ไม่ได้ทำสำเนา {0} — ยังบันทึกงานค้างของต้นฉบับไม่สำเร็จ
ui.tree.emptiedTrash,ล้างถังขยะแล้ว {0} รายการ
ui.tree.emptyTrashN,ล้างถังขยะ ({0})
ui.tree.failedN,ไม่สำเร็จ {0} รายการ
ui.tree.movedN,ย้ายแล้ว {0} รายการ ไปที่ {1}
ui.tree.moveFail,ย้ายไม่สำเร็จ
ui.tree.moveToChapter,ย้ายไปบท…
ui.tree.nothingSelected,ยังไม่ได้เลือกรายการไหน
ui.tree.pastedN,วางแล้ว {0} รายการ ที่ {1}
ui.tree.pasteFail,วางไม่สำเร็จ
ui.tree.pasteWhere,วางลงบทไหน
ui.tree.pickChapterFirst,เลือกบทปลายทางก่อน
ui.tree.purgeNowByDays,ล้างของเก่าตามจำนวนวันที่ตั้งไว้
ui.tree.renameInlineSceneOnly,F2 เปลี่ยนชื่อในแถวได้เฉพาะฉาก — แถวอื่นใช้เมนูคลิกขวา → เปลี่ยนชื่อ
ui.tree.secMemo,บันทึกช่วยจำ
ui.tree.secResearch,ข้อมูลค้นคว้า
ui.tree.secWiki,Wiki
ui.tree.selectedCount,เลือกไว้ {0} รายการ
ui.tree.skipCrossDraft,ข้าม {0} รายการ (ย้ายข้ามฉบับร่างไม่ได้)
ui.tree.snapCountFail,นับจำนวนเวอร์ชันไม่สำเร็จ
ui.tree.trashEmptyAlready,ถังขยะว่างอยู่แล้ว
ui.tree.trashSettings,ตั้งเวลาล้างถังขยะ (ตั้งค่าโปรเจกต์)
ui.tree.versionCount,มี {0} เวอร์ชันเก็บไว้
ui.treeAct.backNormalScene,กลับเป็นฉากปกติ
ui.treeAct.backupCancelledUnsaved,ยกเลิกการสำรอง {0} — ยังมีงานที่บันทึกไม่ได้
ui.treeAct.backupDone,สำรอง “{0}” แล้ว
ui.treeAct.backupFail,สำรองไม่สำเร็จ
ui.treeAct.boardLocked,กระดานนี้ถูกล็อกอยู่ — ปลดล็อกที่ Explorer ก่อนแก้
ui.treeAct.bookFromChapterAsk,ชื่อเล่มใหม่
ui.treeAct.bookFromChapterDone,สร้างเล่ม “{0}” จากบทนี้แล้ว
ui.treeAct.chapterFromScenesAsk,ชื่อบทใหม่
ui.treeAct.chapterFromScenesDone,สร้างบท “{0}” จาก {1} ฉากแล้ว
ui.treeAct.clearColor,ไม่มีสี
ui.treeAct.clearStatus,ไม่ระบุสถานะ
ui.treeAct.clipEmpty,ยังไม่ได้คัดลอกอะไรที่วางตรงนี้ได้
ui.treeAct.copied,คัดลอก “{0}” แล้ว — คลิกขวาตรงที่ต้องการแล้วเลือก วาง
ui.treeAct.copyCancelledUnsaved,ยกเลิกการคัดลอก — {0} ยังมีงานที่บันทึกไม่ได้
ui.treeAct.copySuffix,(สำเนา)
ui.treeAct.crossDraftSkipped,ข้าม {0} ฉากที่อยู่คนละฉบับร่าง
ui.treeAct.duplicated,ทำสำเนา “{0}” แล้ว
ui.treeAct.duplicatedBook,ทำสำเนาเล่มเป็น “{0}” แล้ว
ui.treeAct.duplicatedChapter,ทำสำเนาบทเป็น “{0}” แล้ว
ui.treeAct.fAct,องก์
ui.treeAct.fBlurb,คำโปรย
ui.treeAct.fCaption,คำบรรยายรูป
ui.treeAct.fColor,สี
ui.treeAct.fDate,วันที่
ui.treeAct.fFlag,ติดดาว
ui.treeAct.fLocked,ล็อก (แก้ไม่ได้)
ui.treeAct.fNote,โน้ต
ui.treeAct.fStatus,สถานะ
ui.treeAct.fTags,"แท็ก (คั่นด้วย ,)"
ui.treeAct.fTitle,ชื่อ
ui.treeAct.lockedBook,เล่มนี้ถูกล็อกอยู่ — ปลดล็อกที่เล่มก่อน
ui.treeAct.lockedChapter,บทนี้ถูกล็อกอยู่ — ปลดล็อกที่บทก่อน
ui.treeAct.lockedItem,ถูกล็อกอยู่ — ปลดล็อกก่อน
ui.treeAct.lockOff,ปลดล็อก “{0}” แล้ว
ui.treeAct.lockOn,ล็อก “{0}” แล้ว — แก้ไขไม่ได้จนกว่าจะปลดล็อก
ui.treeAct.memoMovedEdge,เลื่อนต่อไม่ได้แล้ว
ui.treeAct.movedChapter,ย้ายบท “{0}” ไปที่ “{1}” แล้ว
ui.treeAct.nameTaken,มีไฟล์ชื่อนี้อยู่แล้ว
ui.treeAct.noBackups,ยังไม่มีชุดสำรองของ “{0}”
ui.treeAct.noOtherBook,ยังไม่มีเล่มอื่นให้ย้ายไป
ui.treeAct.openCopy,เปิดสำเนา
ui.treeAct.pasted,วาง “{0}” แล้ว
ui.treeAct.pinMissing,(ไม่พบแล้ว)
ui.treeAct.pinOff,เอาหมุด “{0}” ออกแล้ว
ui.treeAct.pinOn,ปักหมุด “{0}” แล้ว
ui.treeAct.pinsHead,ปักหมุด ({0})
ui.treeAct.planLocked,แผนนี้ถูกล็อกอยู่ — ปลดล็อกที่ Explorer ก่อนแก้
ui.treeAct.positionAsk,ตำแหน่งที่ (1–{0})
ui.treeAct.propsTitle,คุณสมบัติ — {0}
ui.treeAct.renamedImage,เปลี่ยนชื่อรูปเป็น “{0}” แล้ว · แก้ลิงก์ {1} ไฟล์
ui.treeAct.renamedProject,เปลี่ยนชื่อโปรเจกต์เป็น “{0}” แล้ว
ui.treeAct.renameImageAsk,ชื่อไฟล์รูปใหม่
ui.treeAct.renameProjectAsk,ชื่อโปรเจกต์
ui.treeAct.reordered,จัดลำดับใหม่แล้ว
ui.treeAct.restoreBtn,กู้คืน
ui.treeAct.restoreConfirm,กู้ “{0}” จากชุดสำรองเวลา {1}? ของปัจจุบันจะถูกย้ายลงถังขยะก่อน
ui.treeAct.restoreDone,กู้คืน “{0}” แล้ว
ui.treeAct.restoreFail,กู้คืนไม่สำเร็จ
ui.treeAct.restorePick,เลือกชุดสำรองที่จะกู้คืน
ui.treeAct.saved,บันทึกคุณสมบัติแล้ว
ui.treeAct.sceneFromMemoDone,สร้างฉาก “{0}” จาก Memo แล้ว
ui.treeAct.sceneFromMemoTitle,สร้างฉากจาก Memo ไว้ที่ไหน
ui.treeAct.showInTree,แสดงในต้นไม้
ui.treeAct.starOff,เอาดาวออกจาก “{0}” แล้ว
ui.treeAct.starOn,ติดดาว “{0}” แล้ว
ui.treeAct.visualNone,บทนี้ยังไม่มีฉาก
ui.treeMenu.addAlbum,สร้างอัลบั้ม
ui.treeMenu.addBoard,สร้างกระดานใหม่
ui.treeMenu.addBook,เพิ่มเล่ม
ui.treeMenu.addChapter,สร้างบทใหม่
ui.treeMenu.addMemo,สร้าง Memo
ui.treeMenu.addPlan,สร้างแผนใหม่
ui.treeMenu.addScene,สร้างฉากใหม่
ui.treeMenu.aiSettings,ตั้งค่า AI
ui.treeMenu.backup,สำรอง (Backup)
ui.treeMenu.bookFromChapter,สร้างเล่มจากบทนี้
ui.treeMenu.branchPanel,แผงแตกสาย
ui.treeMenu.castOfCharacters,รายชื่อตัวละคร (Cast of Characters)
ui.treeMenu.chapterFromScenes,สร้างบทจากฉากที่เลือก
ui.treeMenu.collapseAll,พับทั้งหมด
ui.treeMenu.color,สี
ui.treeMenu.comment,คอมเมนต์
ui.treeMenu.compare,เทียบกับแผนอื่น…
ui.treeMenu.compareVersion,เทียบเวอร์ชัน…
ui.treeMenu.copy,คัดลอก (Copy)
ui.treeMenu.copyPath,คัดลอกที่อยู่บนดิสก์
ui.treeMenu.dashboard,แดชบอร์ด
ui.treeMenu.delete,ลบ (ย้ายลงถังขยะ)
ui.treeMenu.duplicate,ทำสำเนา (Duplicate)
ui.treeMenu.expandAll,กางทั้งหมด
ui.treeMenu.importImage,นำเข้ารูป (Import)…
ui.treeMenu.insert,แทรกในฉากที่เปิดอยู่
ui.treeMenu.journal,บันทึกประจำวัน
ui.treeMenu.kanban,Kanban
ui.treeMenu.lock,ล็อก
ui.treeMenu.lockOff,ปลดล็อก
ui.treeMenu.manageBooks,จัดการเล่ม
ui.treeMenu.manageChapters,จัดการบท
ui.treeMenu.manageScenes,จัดการฉาก
ui.treeMenu.moodBoard,กระดานอารมณ์ (Mood board)
ui.treeMenu.move,ย้ายไป
ui.treeMenu.moveDown,▼ เลื่อนลง
ui.treeMenu.moveUp,▲ เลื่อนขึ้น
ui.treeMenu.open,เปิด
ui.treeMenu.openBranchPanel,เปิดแผงแตกสาย
ui.treeMenu.openGallery,เปิดคลังรูป
ui.treeMenu.openPlannerPanel,เปิดแผงกระดานวางแผน
ui.treeMenu.paste,วาง (Paste)
ui.treeMenu.pin,ปักหมุด
ui.treeMenu.pinOff,เอาหมุดออก
ui.treeMenu.play,เล่น
ui.treeMenu.playerHistory,ประวัติการตัดสินใจ
ui.treeMenu.problem,ฉากมีปัญหา (เก็บฉบับเดิมไว้เทียบ)
ui.treeMenu.problemMenu,ฉากมีปัญหา
ui.treeMenu.problemToggle,สลับฉบับเดิม / ฉบับแก้ไข
ui.treeMenu.projectSettings,ตั้งค่าโปรเจกต์
ui.treeMenu.propsPanel,คุณสมบัติ (แผง)
ui.treeMenu.propsPopup,คุณสมบัติ (หน้าต่าง)…
ui.treeMenu.quickNote,โน้ตด่วน
ui.treeMenu.quickOpen,ค้นหาไฟล์ด่วน
ui.treeMenu.readBook,อ่านทั้งเล่ม
ui.treeMenu.readChapter,อ่านทั้งบท
ui.treeMenu.readScene,อ่านฉาก
ui.treeMenu.refresh,รีเฟรชรายการ
ui.treeMenu.refreshed,อ่านรายการจากดิสก์ใหม่แล้ว
ui.treeMenu.rename,เปลี่ยนชื่อ
ui.treeMenu.renameProject,เปลี่ยนชื่อ
ui.treeMenu.reorder,เปลี่ยนลำดับ…
ui.treeMenu.restore,กู้คืนจากชุดสำรอง…
ui.treeMenu.reveal,หาใน disk
ui.treeMenu.saveVersion,บันทึกเวอร์ชันนี้
ui.treeMenu.sceneFromMemo,สร้างฉากจาก Memo นี้…
ui.treeMenu.searchIn,ค้นหาในนี้
ui.treeMenu.searchProject,ค้นหาทั้งโปรเจกต์
ui.treeMenu.splitView,เปิดในแยกหน้าจอ (Split view)
ui.treeMenu.star,ติดดาว
ui.treeMenu.starOff,เอาดาวออก
ui.treeMenu.status,สถานะ
ui.treeMenu.switchFormat,เปลี่ยนเป็นนิยาย/บทหนัง
ui.treeMenu.titlePage,หน้าปก (Title Page)…
ui.treeMenu.toMemo,เปลี่ยนเป็น Memo
ui.treeMenu.versionHistory,ประวัติเวอร์ชัน…
ui.treeMenu.view,ดูรูปเต็ม
ui.treeMenu.viewQuickNotes,ดู Quick note
ui.treeMenu.visual,เล่าด้วยภาพ
ui.ui.hasFileCantSave,มี {0} ไฟล์ที่ยังไม่ได้บันทึก
ui.ui.notSave,ไม่บันทึก
ui.ui.savePick,บันทึกที่เลือก ({0})
ui.upd.autoHint,ปิดแล้วจะไม่ติดต่ออินเทอร์เน็ตตอนเปิดโปรแกรม · ตรวจเองได้ที่ปุ่มข้างล่าง หรือเมนู ช่วยเหลือ
ui.upd.autoLabel,ตรวจหาอัปเดตตอนเปิดโปรแกรม
ui.upd.badDigest,ไฟล์ที่ดาวน์โหลดไม่ตรงกับค่าตรวจสอบของรุ่นนี้ (อาจเสียระหว่างทาง) — ยังไม่ได้แทนที่โปรแกรม
ui.upd.badUrl,ลิงก์ดาวน์โหลดไม่ได้มาจากรีโปที่กำหนด — ยกเลิกแล้ว
ui.upd.checking,กำลังตรวจหาอัปเดต…
ui.upd.checkNow,ตรวจหาอัปเดตตอนนี้
ui.upd.current,รุ่นที่ใช้อยู่
ui.upd.download,ดาวน์โหลดรุ่นใหม่
ui.upd.downloading,กำลังดาวน์โหลด…
ui.upd.failCheck,ตรวจหาอัปเดตไม่สำเร็จ
ui.upd.failDl,ดาวน์โหลดไม่สำเร็จ: {0}
ui.upd.failInstall,แทนที่ไฟล์ไม่สำเร็จ: {0}
ui.upd.failNet,ติดต่อ GitHub ไม่ได้: {0}
ui.upd.failSource,อ่านที่มาของอัปเดตไม่ได้
ui.upd.file,ไฟล์
ui.upd.foundTitle,มีรุ่นใหม่ให้อัปเดต
ui.upd.installing,กำลังแทนที่ไฟล์โปรแกรม…
ui.upd.installOk,แทนที่เรียบร้อย — เปิดโปรแกรมใหม่เพื่อใช้รุ่นใหม่
ui.upd.lastCheck,ตรวจล่าสุด
ui.upd.later,ไว้ทีหลัง
ui.upd.latest,รุ่นล่าสุด
ui.upd.manual,ตัวโปรแกรมที่รันอยู่ไม่ใช่ไฟล์พกพา จึงแทนที่ตัวเองไม่ได้ — โหลดไฟล์ไว้ให้แล้ว เปลี่ยนเองได้เลย
ui.upd.never,ยังไม่เคยตรวจ
ui.upd.noAsset,รุ่นใหม่ยังไม่มีไฟล์สำหรับระบบนี้ — เปิดหน้ารุ่นแล้วโหลดเองได้
ui.upd.noRelease,รีโปยังไม่ได้เผยแพร่รุ่นไหนเลย
ui.upd.notes,สิ่งที่เปลี่ยนในรุ่นนี้
ui.upd.openPage,เปิดหน้ารุ่นใหม่
ui.upd.replace,แทนที่ด้วยรุ่นใหม่
ui.upd.repoNewer,รีโปไปถึงรุ่น {0} แล้ว แต่ยังไม่มีไฟล์ให้ดาวน์โหลด
ui.upd.restartNow,เปิดโปรแกรมใหม่ตอนนี้
ui.upd.reveal,เปิดโฟลเดอร์ไฟล์ที่โหลด
ui.upd.skip,ข้ามรุ่นนี้
ui.upd.skipClear,เลิกข้ามรุ่น {0}
ui.upd.skipCleared,เลิกข้ามรุ่นที่เคยข้ามแล้ว
ui.upd.skipped,ข้ามรุ่น {0} แล้ว — ตรวจเองได้ที่เมนู ช่วยเหลือ
ui.upd.skippedHint,เคยกดข้ามรุ่น {0} ไว้ · กดปุ่มด้านล่างเพื่ออัปเดตเลยก็ได้
ui.upd.skippedTitle,รุ่นนี้ถูกข้ามไว้
ui.upd.sourceHint,รับอัปเดตจากรีโปนี้ที่เดียวเท่านั้น
ui.upd.sourceLabel,แหล่งอัปเดต
ui.upd.title,อัปเดตโปรแกรม
ui.upd.upToDate,ใช้รุ่นล่าสุดอยู่แล้ว
ui.vis.addFree,แถวว่าง
ui.vis.addRow,เพิ่มจากบรรทัดในฉาก
ui.vis.addSelected,เพิ่มที่เลือก
ui.vis.allLost,บรรทัดที่ผูกไว้ถูกลบจากฉากไปแล้วทั้งหมด
ui.vis.allUsed,ทุกบรรทัดถูกใส่ในตารางแล้ว
ui.vis.boundN,ผูก {0} บรรทัด
ui.vis.changedCount,มี {0} แถวที่ต้นทางเปลี่ยนไปแล้ว
ui.vis.clearImage,เอารูปออก
ui.vis.close,ปิด
ui.vis.colAction,action
ui.vis.colComment,คอมเมนต์
ui.vis.colDragW,ลากเพื่อปรับความกว้างคอลัมน์
ui.vis.colEntities,ตัวละคร/สถานที่
ui.vis.colFrame,frame
ui.vis.colNo,ลำดับ
ui.vis.colRemark,หมายเหตุ
ui.vis.colResetW,คืนความกว้างคอลัมน์เป็นค่าเริ่มต้น
ui.vis.cols,คอลัมน์
ui.vis.colScene,ฉาก
ui.vis.delRow,ลบแถวนี้
ui.vis.delRowAsk,ลบแถวนี้ออกจากตารางเล่าด้วยภาพ?
ui.vis.down,เลื่อนลง
ui.vis.editBind,แก้บรรทัดที่ผูก
ui.vis.editBindHint,ติ๊กเพิ่มเพื่อผูกหลายบรรทัดเข้าแถวเดียว · ติ๊กออกเพื่อเลิกผูก (แถวไม่หาย)
ui.vis.empty,ยังไม่มีแถว — กดปุ่มเพิ่มจากบรรทัดในฉากเพื่อเริ่ม
ui.vis.freeRow,(แถวว่าง — ยังไม่ได้ผูกกับบรรทัดไหน)
ui.vis.lineUsed,ใช้ในแถวอื่นแล้ว
ui.vis.needScene,ยังไม่ได้เลือกฉาก
ui.vis.next,ถัดไป
ui.vis.noImage,ไม่มีรูป
ui.vis.noLines,ฉากนี้ยังไม่มีข้อความให้เลือก
ui.vis.ofTotal,{0}/{1}
ui.vis.open,เปิดตารางเล่าด้วยภาพ
ui.vis.openWiki,เปิดหน้า Wiki ของตัวนี้
ui.vis.pickImage,เลือกรูปจากคลัง หรือเพิ่มรูปใหม่
ui.vis.pickLine,เลือกบรรทัดจากฉาก
ui.vis.pickLineHint,ติ๊กบรรทัดที่อยากทำเป็นภาพ — เลือกได้หลายบรรทัด
ui.vis.prev,ก่อนหน้า
ui.vis.remarkPh,หมายเหตุ…
ui.vis.reveal,แสดงไฟล์ในโฟลเดอร์
ui.vis.rowNum,{0} แถว
ui.vis.saved,บันทึกตารางเล่าด้วยภาพแล้ว
ui.vis.selectAll,เลือกทั้งหมด
ui.vis.statusChanged,ต้นทางถูกแก้ไปแล้ว — กดเพื่ออัปเดตข้อความ
ui.vis.statusChangedTag,ต้นทางเปลี่ยน
ui.vis.syncAll,⟳ อัปเดตทั้งหมด
ui.vis.title,เล่าด้วยภาพ
ui.vis.toggleText,ซ่อน/แสดงข้อความ (H)
ui.vis.up,เลื่อนขึ้น
ui.vis.viewFull,เต็มจอ
ui.vis.viewList,รายการ
ui.vis.viewTable,ตาราง
ui.watermark.name,{{ชื่อ}}
ui.wiki.addFieldDataItem,เพิ่มช่องข้อมูลของตัวเอง
ui.wiki.addHeading,เพิ่มหัวข้อ
ui.wiki.addImageFile,เพิ่มรูปจากไฟล์…
ui.wiki.addImageFileCopy,เพิ่มรูปจากไฟล์ (คัดลอกเข้าคลังรูปโปรเจกต์)
ui.wiki.addPrompt,เพิ่มคำสั่ง
ui.wiki.addRelation,เพิ่มความสัมพันธ์
ui.wiki.aiCtxDesc,คำบรรยาย
ui.wiki.aiEmpty,AI ตอบกลับมาว่าง — ไม่ได้แก้อะไร
ui.wiki.aiFailed,เรียก AI ไม่สำเร็จ
ui.wiki.aiFilled,เติมช่อง {0} แล้ว
ui.wiki.aiFillTip,ให้ AI เติมช่องนี้ให้ (คลิกเดียว)
ui.wiki.aiKept,เก็บข้อความเดิมไว้
ui.wiki.aiNoProvider,ยังไม่ได้เลือกผู้ให้บริการ AI
ui.wiki.aiReplaceAsk,ช่อง {0} มีข้อความอยู่แล้ว จะแทนที่ด้วยข้อความนี้ไหม
ui.wiki.aiWorking,กำลังให้ AI เขียนช่อง {0}…
ui.wiki.backlinksDone,อัปเดตดัชนี “ฉากที่กล่าวถึง” แล้ว
ui.wiki.backlinksRefresh,สร้างดัชนีเชื่อมโยงใหม่ทั้งโปรเจกต์
ui.wiki.backlinksScanning,กำลังสแกนฉากทั้งโปรเจกต์…
ui.wiki.backlinksTitle,ฉากที่กล่าวถึง
ui.wiki.bindRelation,ผูกความสัมพันธ์กับใคร
ui.wiki.captionUnderImageCaption,คำบรรยายใต้รูป (Caption)
ui.wiki.catMainDelCant,หมวดหลักลบไม่ได้
ui.wiki.changeName, เปลี่ยนชื่อ
ui.wiki.changeTemplate, เปลี่ยนเทมเพลต
ui.wiki.changeTemplate2F,"เปลี่ยนเทมเพลตเป็น ""{0}"" แล้ว (ข้อมูลเดิมยังอยู่)"
ui.wiki.changeTemplate3,เปลี่ยนเทมเพลต
ui.wiki.changeTemplateAddField,เปลี่ยนเทมเพลตและเพิ่มช่องข้อมูลใหม่จากเทมเพลต (ไม่ลบข้อมูลเดิม)
ui.wiki.clickExpand,"
คลิกเพื่อขยาย"
ui.wiki.clickExpand2,คลิกเพื่อขยาย
ui.wiki.clickOpenPageWiki,คลิกเพื่อเปิดหน้า Wiki นี้
ui.wiki.clickSetImagePortrait,คลิกเพื่อตั้งรูปประจำตัว (คลิกขวา = เอารูปออก)
ui.wiki.current, (ปัจจุบัน)
ui.wiki.dataAdd,ข้อมูลเพิ่มเอง
ui.wiki.dataPrevAddOnly,ข้อมูลเดิมจะถูกรักษาไว้ เพิ่มเฉพาะช่องที่ขาดจากเทมเพลตใหม่
ui.wiki.dataTemplate,ข้อมูล (จากเทมเพลต)
ui.wiki.decision,การตัดสินใจที่เกี่ยวกับ 
ui.wiki.delCantHasList,ลบไม่ได้ — ยังมี {0} รายการในหมวดนี้
ui.wiki.delCat,ลบหมวด
ui.wiki.delCat2,ลบหมวด “{0}” ?
ui.wiki.delCatDone,ลบหมวดแล้ว
ui.wiki.delField,ลบช่องนี้
ui.wiki.delHeading,ลบหัวข้อ “{0}” ?
ui.wiki.delHeading2,ลบหัวข้อนี้
ui.wiki.delPrompt,ลบคำสั่งนี้
ui.wiki.delRelationSide,ลบความสัมพันธ์นี้ (ฝั่งนี้)
ui.wiki.editCaptionTextReplace,แก้คำบรรยาย / ข้อความแทนรูป (alt) / ชื่อกำกับ
ui.wiki.editCat,แก้ไขหมวด
ui.wiki.editCatDone,แก้ไขหมวดแล้ว
ui.wiki.eg,เช่น พี่ชาย / เพื่อน / ศัตรู
ui.wiki.egBeforeEditHistory,เช่น ก่อนแก้ประวัติ
ui.wiki.egHistory,เช่น ประวัติ / นิสัย
ui.wiki.egPortrait,เช่น อาวุธประจำตัว
ui.wiki.findDisk, หาในดิสก์
ui.wiki.hasCatNameDone,มีหมวดชื่อนี้แล้ว
ui.wiki.historyVersion, ประวัติเวอร์ชัน
ui.wiki.imageLibraryTag, รูปในคลังที่ติดแท็ก @
ui.wiki.imageOutFileLibrary,เอารูปนี้ออก (ไฟล์ยังอยู่ในคลัง)
ui.wiki.imagePortrait,รูปประจำตัวอยู่แล้ว
ui.wiki.insertShortcode,โค้ดสั้น
ui.wiki.insertShortcodeHint,แทรกโค้ดสั้น (ค่าฟิลด์ตัวเอง · ความสัมพันธ์ · ข้อมูลจาก Wiki อื่น · สถิติโปรเจกต์) ลงช่องที่โฟกัสอยู่
ui.wiki.msg,{0} เป็นอะไรกับ {1}
ui.wiki.nameFieldDataNew,ชื่อช่องข้อมูลใหม่
ui.wiki.nameHeadingNew,ชื่อหัวข้อใหม่
ui.wiki.nameNew,ชื่อใหม่
ui.wiki.nameOther,"ชื่ออื่น (คั่นด้วย , )"
ui.wiki.newCatF,สร้างหมวด “{0}” แล้ว
ui.wiki.newCatNew,สร้างหมวดใหม่
ui.wiki.notFoundPageWiki,ยังไม่พบหน้า Wiki ของ 
ui.wiki.notHasEntityOther,ยังไม่มี entity อื่นให้ผูกความสัมพันธ์
ui.wiki.notHasTemplateOther,ไม่มีเทมเพลตอื่นสำหรับหมวดนี้
ui.wiki.openFolderKeepFile,เปิดโฟลเดอร์ที่เก็บไฟล์นี้ (
ui.wiki.openPageWiki, เปิดหน้า Wiki นี้
ui.wiki.openPageWiki2,เปิดหน้า Wiki นี้
ui.wiki.pickLibraryImageProject,เลือกจากคลังรูปของโปรเจกต์
ui.wiki.promptKeyPlaceholder,หัวข้อ เช่น น้ำเสียง
ui.wiki.prompts,คำสั่งสำหรับ AI
ui.wiki.promptsHint,ข้อกำหนดที่อยากให้ AI ยึดทุกครั้งที่เขียนถึงเอนทิตี้นี้
ui.wiki.promptValPlaceholder,สิ่งที่อยากให้ AI ทำหรือเลี่ยง
ui.wiki.relation,ความสัมพันธ์
ui.wiki.saveCtrlS, บันทึก ({sc:save})
ui.wiki.saveVersion, บันทึกเวอร์ชัน
ui.wiki.saveVersionPageWiki,บันทึกเวอร์ชันหน้า Wiki แล้ว
ui.wiki.saveVersionRename,บันทึกเวอร์ชันนี้ไว้ (ตั้งชื่อได้)
ui.wiki.secTitlePh,ชื่อหัวข้อ
ui.wiki.setImagePortraitCircle,ตั้งเป็นรูปประจำตัว (วงกลมด้านบน)
ui.wiki.shortcode,โค้ดสั้น
ui.wiki.shortcodePlaceholder,เว้นว่าง = ใช้ชื่อเอนทิตี้
ui.wiki.shortcodePreview,พิมพ์ {0} ที่ไหนก็ได้เพื่ออ้างถึงเอนทิตี้นี้
ui.wiki.tags,แท็ก
ui.wiki.tagsPlaceholder,คั่นด้วยจุลภาค
ui.wiki.textReplaceImageAlt,ข้อความแทนรูป (Alt)
ui.wiki.type,ประเภท: 
ui.wiki.viewRecoverRestoreVersion,ดู/กู้คืนเวอร์ชันเก่าของหน้านี้
ui.words,คำ
ui.worldAutoLink.busyLoadIndexLink,(กำลังโหลดดัชนีเชื่อมโยง…)
ui.worldAutoLink.filterPlaceholder,กรองตามชื่อ…
ui.worldAutoLink.inNScenes,ใน {0} ฉาก
ui.worldAutoLink.noRows,ไม่มีรายการที่ตรง
ui.worldAutoLink.notHasSceneMention,(ยังไม่มีฉากที่กล่าวถึงเอนทิตี้นี้)
ui.worldAutoLink.onlyOrphan,เฉพาะตัวที่ยังไม่ถูกเอ่ยถึง
ui.worldAutoLink.panelTitle,ฉากที่กล่าวถึง
ui.worldAutoLink.rebuild,สร้างดัชนีใหม่
ui.worldAutoLink.sceneGone,ไม่พบฉากนี้แล้ว
ui.worldAutoLink.summaryN,{0} รายการ · ยังไม่ถูกเอ่ยถึง {1}
ui.worldAutoLink.zero,ยังไม่ถูกเอ่ยถึง
ui.xhub.autoKind,ตามไฟล์ต้นทาง → ตัดสินได้เป็น: {0}
ui.xhub.buildFail,สร้างผลลัพธ์ไม่สำเร็จ
ui.xhub.building,กำลังสร้างตัวอย่าง…
ui.xhub.content,เนื้อหา
ui.xhub.docKind,ชนิดเอกสาร
ui.xhub.docxHint,ใช้ขนาดกระดาษ ระยะขอบ และแบบอักษรเดียวกับหน้าจอ · หัวข้อใช้สไตล์ Heading ของ Word (สร้างสารบัญใน Word ได้)
ui.xhub.doneDocx,{0} ย่อหน้า · ฝังรูป {1} รูป
ui.xhub.doneEpub,{0} บท · ฝังรูป {1} รูป
ui.xhub.donePdf,{0} หน้า · สารบัญ {1} รายการ
ui.xhub.donePdfPages,{0} หน้า (หน้าหน้าเล่ม {1} หน้า ไม่นับเลข)
ui.xhub.ebookImgFail,อ่านรูปสำหรับอีบุ๊ก/Word ไม่ได้: 
ui.xhub.editSteps,ปรับขั้นตอน…
ui.xhub.epubHint,แยกไฟล์ในเล่มที่หัวข้อระดับ 1–2 และที่จุดขึ้นหน้าใหม่ · ชื่อหัวข้อกลายเป็นสารบัญ · รูปที่หาไฟล์ไม่เจอจะเหลือแค่คำบรรยาย
ui.xhub.exportFail,ส่งออกไม่สำเร็จ
ui.xhub.fBlog,เว็บบล็อก (ธีม)
ui.xhub.fBlogDesc,หน้าเว็บพร้อมธีมสำเร็จรูปสำหรับลงบล็อก
ui.xhub.fDocx,DOCX (Word)
ui.xhub.fDocxDesc,ไฟล์ Microsoft Word ส่งให้บรรณาธิการแก้ต่อได้ เก็บตัวหนา/เอียง/จัดหน้า/รายการ/รูป
ui.xhub.fEpub,EPUB (อีบุ๊ก)
ui.xhub.fEpubDesc,อีบุ๊กที่เปิดได้ในเครื่องอ่านทั่วไป แยกบทพร้อมสารบัญ ฝังรูปในเล่ม
ui.xhub.fFdx,Final Draft (FDX)
ui.xhub.fFdxDesc,สำหรับบทภาพยนตร์ — เปิดใน Final Draft
ui.xhub.fHtml,หน้าเว็บ (HTML)
ui.xhub.fHtmlDesc,ไฟล์เดียวจบ ฝังรูปแบบไว้ในตัว
ui.xhub.fJson,ทั้งโปรเจกต์ (.json)
ui.xhub.fJsonDesc,โครงสร้างโปรเจกต์ล้วน สำหรับเครื่องมืออื่น
ui.xhub.fMd,Markdown
ui.xhub.fMdDesc,ต้นฉบับข้อความ เปิดแก้ต่อได้ทุกโปรแกรม
ui.xhub.fPdf,PDF
ui.xhub.fPdfDesc,หน้ากระดาษจริง ฝังฟอนต์ไทย คัดลอกข้อความได้
ui.xhub.fRtf,Rich Text (RTF)
ui.xhub.fRtfDesc,เปิดใน Word ได้ พร้อมระยะขอบของบท
ui.xhub.fTxt,ข้อความล้วน
ui.xhub.fTxtDesc,ไม่มีสัญลักษณ์จัดรูปแบบใด ๆ
ui.xhub.fWm,PDF ลายน้ำรายคน
ui.xhub.fWmDesc,สร้างไฟล์แยกต่อผู้รับ พร้อมชื่อเป็นลายน้ำ
ui.xhub.fZip,ทั้งโปรเจกต์ (.zip)
ui.xhub.fZipDesc,สำรองงานทั้งชุด รวมรูปและเมทาดาทา
ui.xhub.htmlOpts,ตัวเลือก HTML
ui.xhub.htmlWysiwyg,ใช้รูปแบบหน้ากระดาษเดียวกับบนจอ
ui.xhub.kindAuto,ตามไฟล์ต้นทาง
ui.xhub.kindProse,นิยาย (ร้อยแก้ว)
ui.xhub.kindScript,บทภาพยนตร์
ui.xhub.needProject,เปิดโปรเจกต์ก่อนจึงจะส่งออกได้
ui.xhub.needScriptOnly,ปลายทางนี้ใช้ได้เฉพาะเอกสารที่เป็นบทภาพยนตร์
ui.xhub.noDraft,(ยังไม่มีฉบับร่างในโปรเจกต์นี้)
ui.xhub.noPreview,(ไม่มีตัวอย่างให้แสดง)
ui.xhub.nothingToExport,ไม่มีเนื้อหาให้ส่งออก
ui.xhub.openOwnDialog,เปิดกล่องตั้งค่าของรูปแบบนี้…
ui.xhub.pdfCover,หน้าปก
ui.xhub.pdfFrontNoNum,หน้าปกและหน้ารายชื่อไม่ถูกนับเลขหน้า — เลขหน้าเริ่มที่หน้าแรกของเนื้อเรื่อง
ui.xhub.pdfHeaders,หัวกระดาษทุกหน้า
ui.xhub.pdfNoPrinter,PDF สร้างในโปรแกรมเอง ไม่ผ่านเครื่องพิมพ์ของระบบ — ได้ตัวอักษรจริง คัดลอกและค้นหาในไฟล์ได้
ui.xhub.pdfNums,เลขหน้า
ui.xhub.pdfOpts,ตัวเลือก PDF
ui.xhub.pdfRoster,หน้ารายชื่อตัวละคร
ui.xhub.pdfSceneNums,เลขฉาก (ข้างหัวฉาก)
ui.xhub.pdfToc,สารบัญ (bookmark)
ui.xhub.pdfWm,ลายน้ำ
ui.xhub.pdfWmHint,ว่าง = ไม่ใส่ลายน้ำ
ui.xhub.previewIsPlain,ช่องตัวอย่างแสดงเป็นข้อความล้วน — ไฟล์จริงจะมีรูปแบบครบ
ui.xhub.revealFile,เปิดโฟลเดอร์
ui.xhub.rtfFontPt,ขนาดฟอนต์ (pt)
ui.xhub.rtfOpts,ตัวเลือก RTF
ui.xhub.saveCfgFail,จำค่าส่งออกไม่สำเร็จ
ui.xhub.scope,ขอบเขต
ui.xhub.scopeDraft,ฉบับร่างทั้งเล่ม
ui.xhub.scopeTab,ฉาก/บทที่เปิดอยู่
ui.xhub.title,ส่งออก
ui.xhub.untitledBook,ไม่มีชื่อเรื่อง
ui.xhub.wfAuto,เลือกให้อัตโนมัติตามรูปแบบ
ui.xname.askPresetName,ตั้งชื่อพรีเซ็ตนี้ว่าอะไร
ui.xname.ctxFail,อ่านบริบทของโค้ดสั้นสำหรับชื่อไฟล์ไม่สำเร็จ
ui.xname.delPreset,ลบพรีเซ็ต
ui.xname.delPresetAsk,ลบพรีเซ็ตชื่อไฟล์: 
ui.xname.hint,ใช้โค้ดสั้นได้ เช่น [title] [author] [book] [chapter] [date:iso] [words] · โค้ดที่พิมพ์ผิดจะโผล่ในช่องตัวอย่างให้เห็น
ui.xname.label,ชื่อไฟล์ส่งออก
ui.xname.openAfter,เปิดไฟล์เมื่อส่งออกเสร็จ
ui.xname.openFail,เปิดไฟล์ที่ส่งออกไม่สำเร็จ
ui.xname.pAuthorTitle,ผู้เขียน + ชื่อเรื่อง
ui.xname.pDraftDate,ฉบับร่าง + วันที่ + จำนวนคำ
ui.xname.presetPick,— เลือกพรีเซ็ต —
ui.xname.preview,ไฟล์ที่จะบันทึก: 
ui.xname.pTitle,ชื่อเรื่อง
ui.xname.pTitleBook,ชื่อเรื่อง + เล่ม
ui.xname.pTitleChapter,ชื่อเรื่อง + บท
ui.xname.pTitleDate,ชื่อเรื่อง + วันที่
ui.xname.savePreset,บันทึกเป็นพรีเซ็ต
ui.xname.savePresetHint,เก็บเทมเพลตนี้ไว้ใช้ซ้ำ (ชื่อซ้ำ = เขียนทับตัวเดิม)
